4-Apr,18:37:55,74.84øF,42.00%,74øF (Wall),73øF (Ambient2),Comfort
4-Apr,18:37:57,74.84øF,43.30%,74øF (Wall),73øF (Ambient2),Hot
4-Apr,18:37:59,74.84øF,43.30%,74øF (Wall),73øF (Ambient2),Hot
4-Apr,18:38:01,75.02øF,43.30%,74øF (Wall),73øF (Ambient2),Hot
4-Apr,18:38:03,74.66øF,43.10%,74øF (Wall),73øF (Ambient2),Hot
4-Apr,18:38:05,74.66øF,43.00%,74øF (Wall),73øF (Ambient2),Hot
4-Apr,18:38:07,74.84øF,43.00%,74øF (Wall),73øF (Ambient2),Hot
4-Apr,18:38:10,74.84øF,43.00%,74øF (Wall),73øF (Ambient2),Hot
4-Apr,18:38:12,74.84øF,43.00%,74øF (Wall),73øF (Ambient2),Hot
4-Apr,18:38:14,74.84øF,43.10%,74øF (Wall),73øF (Ambient2),Hot
4-Apr,18:38:16,74.84øF,43.10%,74øF (Wall),73øF (Ambient2),Hot
4-Apr,18:38:18,75.02øF,43.30%,74øF (Wall),73øF (Ambient2),Hot
4-Apr,18:38:20,74.84øF,43.20%,74øF (Wall),73øF (Ambient2),Hot
4-Apr,18:38:22,74.84øF,43.30%,74øF (Wall),73øF (Ambient2),Hot
4-Apr,18:38:24,74.84øF,43.30%,74øF (Wall),74øF (Ambient2),Hot
4-Apr,18:38:26,74.84øF,43.20%,74øF (Wall),73øF (Ambient2),Hot
4-Apr,18:38:28,75.02øF,43.30%,74øF (Wall),74øF (Ambient2),Hot
4-Apr,18:38:30,74.84øF,43.20%,74øF (Wall),74øF (Ambient2),Hot
4-Apr,18:38:32,74.84øF,43.10%,74øF (Wall),73øF (Ambient2),Hot
4-Apr,18:38:34,74.84øF,43.00%,74øF (Wall),74øF (Ambient2),Hot
4-Apr,18:38:36,74.84øF,42.90%,74øF (Wall),74øF (Ambient2),Hot
4-Apr,18:38:38,75.02øF,42.90%,74øF (Wall),74øF (Ambient2),Hot
4-Apr,18:38:40,74.84øF,42.70%,74øF (Wall),74øF (Ambient2),Hot
4-Apr,18:38:42,75.02øF,42.70%,74øF (Wall),74øF (Ambient2),Hot
4-Apr,18:38:44,74.84øF,42.50%,74øF (Wall),74øF (Ambient2),Hot
4-Apr,18:38:46,74.84øF,42.50%,74øF (Wall),74øF (Ambient2),Hot
4-Apr,18:38:48,74.84øF,42.60%,74øF (Wall),74øF (Ambient2),Hot
4-Apr,18:38:50,74.84øF,42.70%,74øF (Wall),74øF (Ambient2),Hot
4-Apr,18:38:52,75.02øF,42.90%,74øF (Wall),74øF (Ambient2),Hot
4-Apr,18:38:54,75.02øF,43.00%,74øF (Wall),74øF (Ambient2),Hot
4-Apr,18:38:56,75.02øF,43.10%,74øF (Wall),74øF (Ambient2),Hot
4-Apr,18:38:58,75.02øF,43.20%,74øF (Wall),74øF (Ambient2),Hot
4-Apr,18:39:00,75.02øF,43.20%,74øF (Wall),74øF (Ambient2),Hot
4-Apr,18:39:02,74.84øF,43.20%,74øF (Wall),74øF (Ambient2),Hot
4-Apr,18:39:04,75.02øF,43.40%,74øF (Wall),74øF (Ambient2),Hot
4-Apr,18:39:06,75.02øF,43.40%,74øF (Wall),74øF (Ambient2),Hot
4-Apr,18:39:08,75.02øF,43.40%,74øF (Wall),74øF (Ambient2),Hot
4-Apr,18:39:10,75.02øF,43.40%,74øF (Wall),74øF (Ambient2),Hot
4-Apr,18:39:13,75.02øF,43.40%,74øF (Wall),74øF (Ambient2),Hot
4-Apr,18:39:15,75.02øF,43.30%,74øF (Wall),74øF (Ambient2),Hot
4-Apr,18:39:17,75.02øF,43.30%,74øF (Wall),74øF (Ambient2),Hot
4-Apr,18:39:19,75.02øF,43.30%,74øF (Wall),74øF (Ambient2),Hot
4-Apr,18:39:21,75.20øF,43.50%,74øF (Wall),74øF (Ambient2),Hot
4-Apr,18:39:23,75.02øF,43.50%,74øF (Wall),74øF (Ambient2),Hot
4-Apr,18:39:25,75.02øF,43.50%,74øF (Wall),74øF (Ambient2),Hot
4-Apr,18:39:27,75.02øF,43.60%,74øF (Wall),74øF (Ambient2),Hot
4-Apr,18:39:29,75.02øF,43.70%,74øF (Wall),74øF (Ambient2),Hot
4-Apr,18:39:31,75.02øF,43.70%,74øF (Wall),74øF (Ambient2),Hot
4-Apr,18:39:33,75.02øF,43.80%,74øF (Wall),74øF (Ambient2),Hot
4-Apr,18:39:35,75.20øF,43.90%,74øF (Wall),74øF (Ambient2),Hot
4-Apr,18:39:37,75.02øF,43.80%,74øF (Wall),74øF (Ambient2),Hot
4-Apr,18:39:39,75.20øF,44.00%,74øF (Wall),74øF (Ambient2),Hot
4-Apr,18:39:41,75.02øF,43.90%,74øF (Wall),74øF (Ambient2),Hot
4-Apr,18:39:43,75.02øF,44.00%,74øF (Wall),74øF (Ambient2),Hot
4-Apr,18:39:45,75.02øF,44.00%,74øF (Wall),74øF (Ambient2),Hot
4-Apr,18:39:47,75.02øF,44.10%,74øF (Wall),74øF (Ambient2),Hot
4-Apr,18:39:49,75.02øF,44.10%,74øF (Wall),74øF (Ambient2),Hot
4-Apr,18:39:51,75.20øF,44.20%,74øF (Wall),74øF (Ambient2),Hot
4-Apr,18:39:53,75.02øF,44.20%,74øF (Wall),74øF (Ambient2),Hot
4-Apr,18:39:55,75.02øF,44.20%,74øF (Wall),74øF (Ambient2),Hot
4-Apr,18:39:57,75.02øF,44.20%,74øF (Wall),74øF (Ambient2),Hot
4-Apr,18:39:59,75.02øF,44.20%,74øF (Wall),74øF (Ambient2),Hot
4-Apr,18:40:01,75.02øF,44.20%,74øF (Wall),74øF (Ambient2),Hot
4-Apr,18:40:03,75.02øF,44.20%,74øF (Wall),74øF (Ambient2),Hot
4-Apr,18:40:05,75.20øF,44.30%,74øF (Wall),74øF (Ambient2),Hot
4-Apr,18:40:07,75.02øF,44.20%,74øF (Wall),74øF (Ambient2),Hot
4-Apr,18:40:09,75.02øF,44.30%,74øF (Wall),74øF (Ambient2),Hot
4-Apr,18:40:11,75.02øF,44.30%,74øF (Wall),74øF (Ambient2),Hot
4-Apr,18:40:14,75.02øF,44.30%,74øF (Wall),74øF (Ambient2),Hot
4-Apr,18:40:16,75.02øF,44.30%,74øF (Wall),74øF (Ambient2),Hot
4-Apr,18:40:18,75.02øF,44.30%,74øF (Wall),74øF (Ambient2),Hot
4-Apr,18:40:20,75.02øF,44.30%,74øF (Wall),74øF (Ambient2),Hot
4-Apr,18:40:22,75.02øF,44.30%,74øF (Wall),74øF (Ambient2),Hot
4-Apr,18:40:24,75.20øF,44.40%,74øF (Wall),74øF (Ambient2),Hot
4-Apr,18:40:26,75.20øF,44.40%,74øF (Wall),74øF (Ambient2),Hot
4-Apr,18:40:28,75.02øF,44.30%,74øF (Wall),74øF (Ambient2),Hot
4-Apr,18:40:30,75.20øF,44.30%,74øF (Wall),74øF (Ambient2),Hot
4-Apr,18:40:32,75.02øF,44.10%,74øF (Wall),74øF (Ambient2),Hot
4-Apr,18:40:34,75.20øF,44.00%,74øF (Wall),74øF (Ambient2),Hot
4-Apr,18:40:36,75.20øF,44.00%,74øF (Wall),74øF (Ambient2),Hot
4-Apr,18:40:38,75.20øF,44.00%,74øF (Wall),74øF (Ambient2),Hot
4-Apr,18:40:40,75.20øF,44.00%,74øF (Wall),74øF (Ambient2),Hot
4-Apr,18:40:42,75.20øF,44.10%,74øF (Wall),74øF (Ambient2),Hot
4-Apr,18:40:44,75.20øF,44.10%,74øF (Wall),74øF (Ambient2),Hot
4-Apr,18:40:46,75.20øF,44.10%,74øF (Wall),74øF (Ambient2),Hot
4-Apr,18:40:48,75.20øF,44.20%,74øF (Wall),74øF (Ambient2),Hot
4-Apr,18:40:50,75.02øF,44.10%,74øF (Wall),74øF (Ambient2),Hot
4-Apr,18:40:52,75.02øF,44.10%,74øF (Wall),74øF (Ambient2),Hot
4-Apr,18:40:54,75.20øF,44.20%,74øF (Wall),74øF (Ambient2),Hot
4-Apr,18:40:56,75.20øF,44.20%,74øF (Wall),74øF (Ambient2),Hot
4-Apr,18:40:58,75.02øF,44.10%,74øF (Wall),74øF (Ambient2),Hot
4-Apr,18:41:00,75.02øF,44.20%,74øF (Wall),74øF (Ambient2),Hot
4-Apr,18:41:02,75.20øF,44.30%,74øF (Wall),74øF (Ambient2),Hot
4-Apr,18:41:04,75.02øF,44.20%,74øF (Wall),74øF (Ambient2),Hot
4-Apr,18:41:06,75.20øF,44.40%,74øF (Wall),74øF (Ambient2),Hot
4-Apr,18:41:08,75.20øF,44.40%,74øF (Wall),74øF (Ambient2),Hot
4-Apr,18:41:10,75.02øF,44.30%,74øF (Wall),74øF (Ambient2),Hot
4-Apr,18:41:12,75.20øF,44.40%,74øF (Wall),74øF (Ambient2),Hot
4-Apr,18:41:15,75.20øF,44.40%,74øF (Wall),74øF (Ambient2),Hot
4-Apr,18:41:17,75.38øF,44.50%,74øF (Wall),74øF (Ambient2),Hot
4-Apr,18:41:19,75.02øF,44.30%,74øF (Wall),74øF (Ambient2),Hot
4-Apr,18:41:21,75.02øF,44.30%,74øF (Wall),74øF (Ambient2),Hot
4-Apr,18:41:23,75.20øF,44.40%,74øF (Wall),74øF (Ambient2),Hot
4-Apr,18:41:25,75.20øF,44.40%,74øF (Wall),74øF (Ambient2),Hot
4-Apr,18:41:27,75.02øF,44.40%,74øF (Wall),74øF (Ambient2),Hot
4-Apr,18:41:29,75.20øF,44.40%,74øF (Wall),74øF (Ambient2),Hot
4-Apr,18:41:31,75.20øF,44.40%,74øF (Wall),74øF (Ambient2),Hot
4-Apr,18:41:33,75.20øF,44.40%,74øF (Wall),74øF (Ambient2),Hot
4-Apr,18:41:35,75.20øF,44.40%,74øF (Wall),74øF (Ambient2),Hot
4-Apr,18:41:37,75.20øF,44.40%,74øF (Wall),74øF (Ambient2),Hot
4-Apr,18:41:39,75.20øF,44.40%,74øF (Wall),74øF (Ambient2),Hot
4-Apr,18:41:41,75.20øF,44.40%,74øF (Wall),74øF (Ambient2),Hot
4-Apr,18:41:43,75.20øF,44.40%,74øF (Wall),74øF (Ambient2),Hot
4-Apr,18:41:45,75.20øF,44.40%,74øF (Wall),74øF (Ambient2),Hot
4-Apr,18:41:47,75.20øF,44.40%,74øF (Wall),74øF (Ambient2),Hot
4-Apr,18:41:49,75.20øF,44.30%,74øF (Wall),74øF (Ambient2),Hot
4-Apr,18:41:51,75.20øF,44.30%,74øF (Wall),74øF (Ambient2),Hot
4-Apr,18:41:53,75.20øF,44.20%,74øF (Wall),74øF (Ambient2),Hot
4-Apr,18:41:55,75.20øF,44.20%,74øF (Wall),74øF (Ambient2),Hot
4-Apr,18:41:57,75.20øF,44.20%,74øF (Wall),74øF (Ambient2),Hot
4-Apr,18:41:59,75.38øF,44.30%,74øF (Wall),74øF (Ambient2),Hot
4-Apr,18:42:01,75.20øF,44.20%,74øF (Wall),74øF (Ambient2),Hot
4-Apr,18:42:03,75.20øF,44.20%,74øF (Wall),74øF (Ambient2),Hot
4-Apr,18:42:05,75.20øF,44.30%,74øF (Wall),74øF (Ambient2),Hot
4-Apr,18:42:07,75.20øF,44.30%,74øF (Wall),74øF (Ambient2),Hot
4-Apr,18:42:09,75.20øF,44.30%,74øF (Wall),74øF (Ambient2),Hot
4-Apr,18:42:11,75.20øF,44.30%,74øF (Wall),74øF (Ambient2),Hot
4-Apr,18:42:13,75.20øF,44.20%,74øF (Wall),74øF (Ambient2),Hot
4-Apr,18:42:16,75.20øF,44.20%,74øF (Wall),74øF (Ambient2),Hot
4-Apr,18:42:18,75.20øF,44.20%,74øF (Wall),74øF (Ambient2),Hot
4-Apr,18:42:20,75.20øF,44.20%,74øF (Wall),74øF (Ambient2),Hot
4-Apr,18:42:22,75.38øF,44.30%,74øF (Wall),74øF (Ambient2),Hot
4-Apr,18:42:24,75.20øF,44.30%,74øF (Wall),74øF (Ambient2),Hot
4-Apr,18:42:26,75.20øF,44.30%,74øF (Wall),74øF (Ambient2),Hot
4-Apr,18:42:28,75.20øF,44.20%,74øF (Wall),74øF (Ambient2),Hot
4-Apr,18:42:30,75.20øF,44.20%,74øF (Wall),74øF (Ambient2),Hot
4-Apr,18:42:32,75.38øF,44.30%,74øF (Wall),74øF (Ambient2),Hot
4-Apr,18:42:34,75.20øF,44.20%,74øF (Wall),74øF (Ambient2),Hot
4-Apr,18:42:36,75.38øF,44.20%,74øF (Wall),74øF (Ambient2),Hot
4-Apr,18:42:38,75.38øF,44.20%,74øF (Wall),74øF (Ambient2),Hot
4-Apr,18:42:40,75.20øF,44.10%,74øF (Wall),74øF (Ambient2),Hot
4-Apr,18:42:42,75.20øF,44.10%,74øF (Wall),74øF (Ambient2),Hot
4-Apr,18:42:44,75.20øF,44.20%,74øF (Wall),74øF (Ambient2),Hot
4-Apr,18:42:46,75.20øF,44.20%,74øF (Wall),74øF (Ambient2),Hot
4-Apr,18:42:48,75.38øF,44.20%,74øF (Wall),74øF (Ambient2),Hot
4-Apr,18:42:50,75.38øF,44.10%,74øF (Wall),74øF (Ambient2),Hot
4-Apr,18:42:52,75.38øF,44.10%,74øF (Wall),74øF (Ambient2),Hot
4-Apr,18:42:54,75.38øF,44.10%,74øF (Wall),74øF (Ambient2),Hot
4-Apr,18:42:56,75.38øF,44.00%,74øF (Wall),74øF (Ambient2),Hot
4-Apr,18:42:58,75.38øF,44.00%,74øF (Wall),74øF (Ambient2),Hot
4-Apr,18:43:00,75.38øF,44.00%,74øF (Wall),74øF (Ambient2),Hot
4-Apr,18:43:02,75.38øF,44.00%,74øF (Wall),74øF (Ambient2),Hot
4-Apr,18:43:04,75.38øF,44.00%,74øF (Wall),74øF (Ambient2),Hot
4-Apr,18:43:06,75.38øF,44.00%,74øF (Wall),74øF (Ambient2),Hot
4-Apr,18:43:08,75.20øF,43.90%,74øF (Wall),74øF (Ambient2),Hot
4-Apr,18:43:10,75.38øF,43.90%,74øF (Wall),74øF (Ambient2),Hot
4-Apr,18:43:12,75.38øF,44.00%,74øF (Wall),74øF (Ambient2),Hot
4-Apr,18:43:14,75.38øF,44.00%,74øF (Wall),74øF (Ambient2),Hot
4-Apr,18:43:17,75.38øF,44.00%,74øF (Wall),74øF (Ambient2),Hot
4-Apr,18:43:19,75.20øF,43.90%,74øF (Wall),74øF (Ambient2),Hot
4-Apr,18:43:21,75.20øF,44.00%,74øF (Wall),74øF (Ambient2),Hot
4-Apr,18:43:23,75.38øF,44.00%,74øF (Wall),75øF (Ambient2),Hot
4-Apr,18:43:25,75.20øF,44.00%,74øF (Wall),74øF (Ambient2),Hot
4-Apr,18:43:27,75.38øF,44.00%,74øF (Wall),74øF (Ambient2),Hot
4-Apr,18:43:29,75.38øF,44.00%,74øF (Wall),74øF (Ambient2),Hot
4-Apr,18:43:31,75.38øF,44.00%,74øF (Wall),74øF (Ambient2),Hot
4-Apr,18:43:33,75.38øF,44.00%,74øF (Wall),74øF (Ambient2),Hot
4-Apr,18:43:35,75.38øF,43.90%,74øF (Wall),74øF (Ambient2),Hot
4-Apr,18:43:37,75.38øF,43.90%,74øF (Wall),74øF (Ambient2),Hot
4-Apr,18:43:39,75.38øF,43.90%,74øF (Wall),74øF (Ambient2),Hot
4-Apr,18:43:41,75.38øF,43.80%,74øF (Wall),74øF (Ambient2),Hot
4-Apr,18:43:43,75.38øF,43.80%,74øF (Wall),74øF (Ambient2),Hot
4-Apr,18:43:45,75.38øF,43.80%,74øF (Wall),74øF (Ambient2),Hot
4-Apr,18:43:47,75.38øF,43.80%,74øF (Wall),74øF (Ambient2),Hot
4-Apr,18:43:49,75.38øF,43.80%,74øF (Wall),74øF (Ambient2),Hot
4-Apr,18:43:51,75.38øF,43.80%,74øF (Wall),74øF (Ambient2),Hot
4-Apr,18:43:53,75.38øF,43.80%,74øF (Wall),74øF (Ambient2),Hot
4-Apr,18:43:55,75.38øF,43.80%,74øF (Wall),75øF (Ambient2),Hot
4-Apr,18:43:57,75.38øF,43.80%,74øF (Wall),74øF (Ambient2),Hot
4-Apr,18:43:59,75.20øF,43.80%,74øF (Wall),74øF (Ambient2),Hot
4-Apr,18:44:01,75.38øF,43.80%,74øF (Wall),74øF (Ambient2),Hot
4-Apr,18:44:03,75.38øF,43.80%,74øF (Wall),75øF (Ambient2),Hot
4-Apr,18:44:05,75.20øF,43.80%,74øF (Wall),75øF (Ambient2),Hot
4-Apr,18:44:07,75.38øF,43.80%,74øF (Wall),74øF (Ambient2),Hot
4-Apr,18:44:09,75.38øF,43.80%,74øF (Wall),75øF (Ambient2),Hot
4-Apr,18:44:11,75.38øF,43.80%,74øF (Wall),74øF (Ambient2),Hot
4-Apr,18:44:13,75.38øF,43.80%,74øF (Wall),75øF (Ambient2),Hot
4-Apr,18:44:15,75.38øF,43.80%,74øF (Wall),75øF (Ambient2),Hot
4-Apr,18:44:18,75.38øF,43.80%,74øF (Wall),74øF (Ambient2),Hot
4-Apr,18:44:20,75.38øF,43.70%,74øF (Wall),74øF (Ambient2),Hot
4-Apr,18:44:22,75.38øF,43.80%,74øF (Wall),74øF (Ambient2),Hot
4-Apr,18:44:24,75.38øF,43.80%,74øF (Wall),75øF (Ambient2),Hot
4-Apr,18:44:26,75.38øF,43.70%,74øF (Wall),74øF (Ambient2),Hot
4-Apr,18:44:28,75.20øF,43.60%,74øF (Wall),75øF (Ambient2),Hot
4-Apr,18:44:30,75.38øF,43.70%,74øF (Wall),75øF (Ambient2),Hot
4-Apr,18:44:32,75.20øF,43.60%,74øF (Wall),74øF (Ambient2),Hot
4-Apr,18:44:34,75.38øF,43.70%,74øF (Wall),74øF (Ambient2),Hot
4-Apr,18:44:36,75.38øF,43.70%,74øF (Wall),74øF (Ambient2),Hot
4-Apr,18:44:38,75.38øF,43.70%,74øF (Wall),75øF (Ambient2),Hot
4-Apr,18:44:40,75.38øF,43.70%,74øF (Wall),74øF (Ambient2),Hot
4-Apr,18:44:42,75.20øF,43.50%,74øF (Wall),75øF (Ambient2),Hot
4-Apr,18:44:44,75.20øF,43.50%,74øF (Wall),74øF (Ambient2),Hot
4-Apr,18:44:46,75.38øF,43.60%,74øF (Wall),75øF (Ambient2),Hot
4-Apr,18:44:48,75.38øF,43.60%,74øF (Wall),75øF (Ambient2),Hot
4-Apr,18:44:50,75.20øF,43.50%,74øF (Wall),75øF (Ambient2),Hot
4-Apr,18:44:52,75.20øF,43.60%,74øF (Wall),75øF (Ambient2),Hot
4-Apr,18:44:54,75.38øF,43.70%,74øF (Wall),74øF (Ambient2),Hot
4-Apr,18:44:56,75.38øF,43.60%,74øF (Wall),75øF (Ambient2),Hot
4-Apr,18:44:58,75.38øF,43.70%,74øF (Wall),75øF (Ambient2),Hot
4-Apr,18:45:00,75.20øF,43.60%,74øF (Wall),75øF (Ambient2),Hot
4-Apr,18:45:02,75.38øF,43.70%,74øF (Wall),75øF (Ambient2),Hot
4-Apr,18:45:04,75.38øF,43.60%,74øF (Wall),74øF (Ambient2),Hot
4-Apr,18:45:06,75.38øF,43.60%,74øF (Wall),75øF (Ambient2),Hot
4-Apr,18:45:08,75.38øF,43.60%,74øF (Wall),75øF (Ambient2),Hot
4-Apr,18:45:10,75.38øF,43.60%,74øF (Wall),74øF (Ambient2),Hot
4-Apr,18:45:12,75.38øF,43.70%,74øF (Wall),75øF (Ambient2),Hot
4-Apr,18:45:14,75.20øF,43.40%,74øF (Wall),75øF (Ambient2),Hot
4-Apr,18:45:16,75.38øF,43.50%,74øF (Wall),75øF (Ambient2),Hot
4-Apr,18:45:19,75.20øF,43.40%,74øF (Wall),75øF (Ambient2),Hot
4-Apr,18:45:21,75.38øF,43.50%,74øF (Wall),75øF (Ambient2),Hot
4-Apr,18:45:23,75.20øF,43.30%,74øF (Wall),75øF (Ambient2),Hot
4-Apr,18:45:25,75.38øF,43.30%,74øF (Wall),75øF (Ambient2),Hot
4-Apr,18:45:27,75.38øF,43.30%,74øF (Wall),74øF (Ambient2),Hot
4-Apr,18:45:29,75.38øF,43.30%,74øF (Wall),75øF (Ambient2),Hot
4-Apr,18:45:31,75.38øF,43.20%,74øF (Wall),75øF (Ambient2),Hot
4-Apr,18:45:33,75.38øF,43.20%,74øF (Wall),75øF (Ambient2),Hot
4-Apr,18:45:35,75.38øF,43.20%,74øF (Wall),75øF (Ambient2),Hot
4-Apr,18:45:37,75.20øF,43.20%,74øF (Wall),75øF (Ambient2),Hot
4-Apr,18:45:39,75.38øF,43.30%,74øF (Wall),74øF (Ambient2),Hot
4-Apr,18:45:41,75.38øF,43.30%,74øF (Wall),75øF (Ambient2),Hot
4-Apr,18:45:43,75.38øF,43.30%,74øF (Wall),75øF (Ambient2),Hot
4-Apr,18:45:45,75.38øF,43.30%,74øF (Wall),74øF (Ambient2),Hot
4-Apr,18:45:47,75.38øF,43.30%,74øF (Wall),75øF (Ambient2),Hot
4-Apr,18:45:49,75.20øF,43.20%,74øF (Wall),75øF (Ambient2),Hot
4-Apr,18:45:51,75.38øF,43.40%,74øF (Wall),75øF (Ambient2),Hot
4-Apr,18:45:53,75.38øF,43.30%,74øF (Wall),75øF (Ambient2),Hot
4-Apr,18:45:55,75.20øF,43.20%,74øF (Wall),75øF (Ambient2),Hot
4-Apr,18:45:57,75.38øF,43.30%,74øF (Wall),75øF (Ambient2),Hot
4-Apr,18:45:59,75.38øF,43.40%,74øF (Wall),75øF (Ambient2),Hot
4-Apr,18:46:01,75.38øF,43.40%,74øF (Wall),75øF (Ambient2),Hot
4-Apr,18:46:03,75.38øF,43.40%,74øF (Wall),75øF (Ambient2),Hot
4-Apr,18:46:05,75.38øF,43.40%,74øF (Wall),74øF (Ambient2),Hot
4-Apr,18:46:07,75.38øF,43.40%,74øF (Wall),75øF (Ambient2),Hot
4-Apr,18:46:09,75.20øF,43.30%,74øF (Wall),75øF (Ambient2),Hot
4-Apr,18:46:11,75.38øF,43.30%,74øF (Wall),75øF (Ambient2),Hot
4-Apr,18:46:13,75.38øF,43.30%,74øF (Wall),75øF (Ambient2),Hot
4-Apr,18:46:15,75.38øF,43.30%,74øF (Wall),75øF (Ambient2),Hot
4-Apr,18:46:17,75.38øF,43.30%,74øF (Wall),75øF (Ambient2),Hot
4-Apr,18:46:20,75.38øF,43.30%,74øF (Wall),75øF (Ambient2),Hot
4-Apr,18:46:22,75.38øF,43.30%,74øF (Wall),75øF (Ambient2),Hot
4-Apr,18:46:24,75.38øF,43.40%,74øF (Wall),75øF (Ambient2),Hot
4-Apr,18:46:26,75.38øF,43.30%,74øF (Wall),75øF (Ambient2),Hot
4-Apr,18:46:28,75.38øF,43.20%,74øF (Wall),75øF (Ambient2),Hot
4-Apr,18:46:30,75.38øF,43.20%,74øF (Wall),75øF (Ambient2),Hot
4-Apr,18:46:32,75.20øF,43.00%,74øF (Wall),75øF (Ambient2),Hot
4-Apr,18:46:34,75.38øF,43.10%,74øF (Wall),75øF (Ambient2),Hot
4-Apr,18:46:36,75.38øF,43.20%,74øF (Wall),75øF (Ambient2),Hot
4-Apr,18:46:38,75.20øF,43.10%,74øF (Wall),75øF (Ambient2),Hot
4-Apr,18:46:40,75.38øF,43.20%,74øF (Wall),75øF (Ambient2),Hot
4-Apr,18:46:42,75.38øF,43.20%,74øF (Wall),75øF (Ambient2),Hot
4-Apr,18:46:44,75.38øF,43.20%,74øF (Wall),75øF (Ambient2),Hot
4-Apr,18:46:46,75.38øF,43.20%,74øF (Wall),75øF (Ambient2),Hot
4-Apr,18:46:48,75.38øF,43.20%,74øF (Wall),75øF (Ambient2),Hot
4-Apr,18:46:50,75.20øF,43.10%,74øF (Wall),75øF (Ambient2),Hot
4-Apr,18:46:52,75.38øF,43.20%,74øF (Wall),75øF (Ambient2),Hot
4-Apr,18:46:54,75.20øF,43.10%,74øF (Wall),75øF (Ambient2),Hot
4-Apr,18:46:56,75.20øF,43.10%,74øF (Wall),75øF (Ambient2),Hot
4-Apr,18:46:58,75.38øF,43.20%,74øF (Wall),75øF (Ambient2),Hot
4-Apr,18:47:00,75.38øF,43.20%,74øF (Wall),75øF (Ambient2),Hot
4-Apr,18:47:02,75.20øF,43.10%,74øF (Wall),75øF (Ambient2),Hot
4-Apr,18:47:04,75.38øF,43.30%,74øF (Wall),75øF (Ambient2),Hot
4-Apr,18:47:06,75.20øF,43.20%,74øF (Wall),75øF (Ambient2),Hot
4-Apr,18:47:08,75.38øF,43.30%,74øF (Wall),75øF (Ambient2),Hot
4-Apr,18:47:10,75.38øF,43.30%,74øF (Wall),75øF (Ambient2),Hot
4-Apr,18:47:12,75.38øF,43.30%,74øF (Wall),75øF (Ambient2),Hot
4-Apr,18:47:14,75.38øF,43.30%,74øF (Wall),75øF (Ambient2),Hot
4-Apr,18:47:16,75.38øF,43.30%,74øF (Wall),75øF (Ambient2),Hot
4-Apr,18:47:18,75.38øF,43.20%,74øF (Wall),75øF (Ambient2),Hot
4-Apr,18:47:21,75.38øF,43.20%,74øF (Wall),75øF (Ambient2),Hot
4-Apr,18:47:23,75.20øF,43.10%,74øF (Wall),75øF (Ambient2),Hot
4-Apr,18:47:25,75.38øF,43.10%,74øF (Wall),75øF (Ambient2),Hot
4-Apr,18:47:27,75.20øF,43.00%,74øF (Wall),75øF (Ambient2),Hot
4-Apr,18:47:29,75.38øF,43.10%,74øF (Wall),75øF (Ambient2),Hot
4-Apr,18:47:31,75.20øF,43.00%,74øF (Wall),75øF (Ambient2),Hot
4-Apr,18:47:33,75.38øF,43.10%,74øF (Wall),75øF (Ambient2),Hot
4-Apr,18:47:35,75.20øF,43.00%,74øF (Wall),75øF (Ambient2),Hot
4-Apr,18:47:37,75.38øF,43.10%,74øF (Wall),75øF (Ambient2),Hot
4-Apr,18:47:39,75.38øF,43.10%,74øF (Wall),75øF (Ambient2),Hot
4-Apr,18:47:41,75.38øF,43.00%,74øF (Wall),75øF (Ambient2),Hot
4-Apr,18:47:43,75.38øF,42.90%,74øF (Wall),75øF (Ambient2),Hot
4-Apr,18:47:45,75.38øF,42.90%,74øF (Wall),75øF (Ambient2),Hot
4-Apr,18:47:47,75.38øF,42.90%,74øF (Wall),75øF (Ambient2),Hot
4-Apr,18:47:49,75.38øF,42.90%,74øF (Wall),75øF (Ambient2),Hot
4-Apr,18:47:51,75.38øF,43.00%,74øF (Wall),75øF (Ambient2),Hot
4-Apr,18:47:53,75.38øF,43.00%,74øF (Wall),75øF (Ambient2),Hot
4-Apr,18:47:55,75.38øF,43.00%,74øF (Wall),75øF (Ambient2),Hot
4-Apr,18:47:57,75.38øF,42.90%,74øF (Wall),75øF (Ambient2),Hot
4-Apr,18:47:59,75.20øF,42.90%,74øF (Wall),75øF (Ambient2),Hot
4-Apr,18:48:01,75.38øF,42.90%,74øF (Wall),75øF (Ambient2),Hot
4-Apr,18:48:03,75.38øF,42.90%,74øF (Wall),75øF (Ambient2),Hot
4-Apr,18:48:05,75.38øF,43.00%,74øF (Wall),75øF (Ambient2),Hot
4-Apr,18:48:07,75.38øF,43.00%,74øF (Wall),75øF (Ambient2),Hot
4-Apr,18:48:09,75.20øF,42.90%,74øF (Wall),75øF (Ambient2),Hot
4-Apr,18:48:11,75.38øF,43.00%,74øF (Wall),75øF (Ambient2),Hot
4-Apr,18:48:13,75.38øF,43.00%,74øF (Wall),75øF (Ambient2),Hot
4-Apr,18:48:15,75.20øF,42.90%,74øF (Wall),75øF (Ambient2),Hot
4-Apr,18:48:17,75.38øF,42.90%,74øF (Wall),75øF (Ambient2),Hot
4-Apr,18:48:19,75.20øF,42.80%,74øF (Wall),75øF (Ambient2),Hot
4-Apr,18:48:22,75.38øF,42.80%,74øF (Wall),75øF (Ambient2),Hot
4-Apr,18:48:24,75.38øF,42.70%,74øF (Wall),75øF (Ambient2),Hot
4-Apr,18:48:26,75.38øF,42.60%,74øF (Wall),75øF (Ambient2),Hot
4-Apr,18:48:28,75.20øF,42.30%,74øF (Wall),75øF (Ambient2),Hot
4-Apr,18:48:30,75.20øF,42.20%,74øF (Wall),75øF (Ambient2),Hot
4-Apr,18:48:32,75.38øF,42.30%,74øF (Wall),75øF (Ambient2),Hot
4-Apr,18:48:34,75.38øF,42.20%,74øF (Wall),75øF (Ambient2),Hot
4-Apr,18:48:36,75.38øF,42.20%,74øF (Wall),75øF (Ambient2),Hot
4-Apr,18:48:38,75.20øF,42.10%,74øF (Wall),75øF (Ambient2),Hot
4-Apr,18:48:40,75.20øF,42.00%,74øF (Wall),75øF (Ambient2),Hot
4-Apr,18:48:42,75.38øF,42.00%,74øF (Wall),75øF (Ambient2),Hot
4-Apr,18:48:44,75.20øF,41.80%,74øF (Wall),75øF (Ambient2),Hot
4-Apr,18:48:46,75.20øF,41.80%,74øF (Wall),75øF (Ambient2),Hot
4-Apr,18:48:48,75.38øF,41.80%,74øF (Wall),75øF (Ambient2),Hot
4-Apr,18:48:50,75.38øF,41.80%,74øF (Wall),75øF (Ambient2),Hot
4-Apr,18:48:52,75.38øF,41.70%,74øF (Wall),75øF (Ambient2),Hot
4-Apr,18:48:54,75.38øF,41.70%,74øF (Wall),75øF (Ambient2),Hot
4-Apr,18:48:56,75.38øF,41.60%,74øF (Wall),75øF (Ambient2),Hot
4-Apr,18:48:58,75.20øF,41.50%,74øF (Wall),75øF (Ambient2),Hot
4-Apr,18:49:00,75.38øF,41.50%,74øF (Wall),75øF (Ambient2),Hot
4-Apr,18:49:02,75.38øF,41.50%,74øF (Wall),75øF (Ambient2),Hot
4-Apr,18:49:04,75.38øF,41.40%,74øF (Wall),75øF (Ambient2),Hot
4-Apr,18:49:06,75.38øF,41.30%,74øF (Wall),75øF (Ambient2),Hot
4-Apr,18:49:08,75.38øF,41.30%,74øF (Wall),75øF (Ambient2),Hot
4-Apr,18:49:10,75.38øF,41.30%,74øF (Wall),75øF (Ambient2),Hot
4-Apr,18:49:12,75.38øF,41.30%,74øF (Wall),75øF (Ambient2),Hot
4-Apr,18:49:14,75.38øF,41.30%,74øF (Wall),75øF (Ambient2),Hot
4-Apr,18:49:16,75.38øF,41.40%,74øF (Wall),75øF (Ambient2),Hot
4-Apr,18:49:18,75.20øF,41.30%,74øF (Wall),75øF (Ambient2),Hot
4-Apr,18:49:20,75.20øF,41.40%,74øF (Wall),75øF (Ambient2),Hot
4-Apr,18:49:22,75.38øF,41.40%,74øF (Wall),75øF (Ambient2),Hot
4-Apr,18:49:25,75.38øF,41.40%,74øF (Wall),75øF (Ambient2),Hot
4-Apr,18:49:27,75.38øF,41.40%,74øF (Wall),75øF (Ambient2),Hot
4-Apr,18:49:29,75.38øF,41.40%,74øF (Wall),75øF (Ambient2),Hot
4-Apr,18:49:31,75.38øF,41.50%,74øF (Wall),75øF (Ambient2),Hot
4-Apr,18:49:33,75.38øF,41.50%,74øF (Wall),75øF (Ambient2),Hot
4-Apr,18:49:35,75.38øF,41.50%,74øF (Wall),75øF (Ambient2),Hot
4-Apr,18:49:37,75.38øF,41.50%,74øF (Wall),75øF (Ambient2),Hot
4-Apr,18:49:39,75.38øF,41.60%,74øF (Wall),75øF (Ambient2),Hot
4-Apr,18:49:41,75.38øF,41.60%,74øF (Wall),75øF (Ambient2),Hot
4-Apr,18:49:43,75.38øF,41.60%,74øF (Wall),75øF (Ambient2),Hot
4-Apr,18:49:45,75.38øF,41.60%,74øF (Wall),75øF (Ambient2),Hot
4-Apr,18:49:47,75.38øF,41.70%,74øF (Wall),75øF (Ambient2),Hot
4-Apr,18:49:49,75.20øF,41.60%,74øF (Wall),75øF (Ambient2),Hot
4-Apr,18:49:51,75.20øF,41.60%,74øF (Wall),75øF (Ambient2),Hot
4-Apr,18:49:53,75.20øF,41.60%,74øF (Wall),75øF (Ambient2),Hot
4-Apr,18:49:55,75.20øF,41.70%,74øF (Wall),75øF (Ambient2),Hot
4-Apr,18:49:57,75.20øF,41.70%,74øF (Wall),75øF (Ambient2),Hot
4-Apr,18:49:59,75.20øF,41.70%,74øF (Wall),75øF (Ambient2),Hot
4-Apr,18:50:01,75.38øF,41.80%,74øF (Wall),75øF (Ambient2),Hot
4-Apr,18:50:03,75.20øF,41.70%,74øF (Wall),75øF (Ambient2),Hot
4-Apr,18:50:05,75.20øF,41.70%,74øF (Wall),75øF (Ambient2),Hot
4-Apr,18:50:07,75.20øF,41.70%,74øF (Wall),75øF (Ambient2),Hot
4-Apr,18:50:09,75.20øF,41.70%,74øF (Wall),75øF (Ambient2),Hot
4-Apr,18:50:11,75.20øF,41.70%,74øF (Wall),75øF (Ambient2),Hot
4-Apr,18:50:13,75.20øF,41.70%,74øF (Wall),75øF (Ambient2),Hot
4-Apr,18:50:15,75.38øF,41.80%,74øF (Wall),75øF (Ambient2),Hot
4-Apr,18:50:17,75.38øF,41.80%,74øF (Wall),75øF (Ambient2),Hot
4-Apr,18:50:19,75.20øF,41.70%,74øF (Wall),75øF (Ambient2),Hot
4-Apr,18:50:21,75.38øF,41.70%,74øF (Wall),75øF (Ambient2),Hot
4-Apr,18:50:23,75.38øF,41.70%,74øF (Wall),75øF (Ambient2),Hot
4-Apr,18:50:26,75.38øF,41.70%,74øF (Wall),75øF (Ambient2),Hot
4-Apr,18:50:28,75.38øF,41.80%,74øF (Wall),75øF (Ambient2),Hot
4-Apr,18:50:30,75.20øF,41.70%,74øF (Wall),75øF (Ambient2),Hot
4-Apr,18:50:32,75.38øF,41.80%,74øF (Wall),75øF (Ambient2),Hot
4-Apr,18:50:34,75.38øF,41.80%,74øF (Wall),75øF (Ambient2),Hot
4-Apr,18:50:36,75.20øF,41.70%,74øF (Wall),75øF (Ambient2),Hot
4-Apr,18:50:38,75.20øF,41.70%,74øF (Wall),75øF (Ambient2),Hot
4-Apr,18:50:40,75.38øF,41.80%,74øF (Wall),75øF (Ambient2),Hot
4-Apr,18:50:42,75.38øF,41.80%,74øF (Wall),75øF (Ambient2),Hot
4-Apr,18:50:44,75.38øF,41.80%,74øF (Wall),75øF (Ambient2),Hot
4-Apr,18:50:46,75.38øF,41.80%,74øF (Wall),75øF (Ambient2),Hot
4-Apr,18:50:48,75.20øF,41.80%,74øF (Wall),75øF (Ambient2),Hot
4-Apr,18:50:50,75.38øF,41.90%,74øF (Wall),75øF (Ambient2),Hot
4-Apr,18:50:52,75.20øF,41.90%,74øF (Wall),75øF (Ambient2),Hot
4-Apr,18:50:54,75.20øF,41.90%,74øF (Wall),75øF (Ambient2),Hot
4-Apr,18:50:56,75.20øF,42.00%,74øF (Wall),75øF (Ambient2),Hot
4-Apr,18:50:58,75.38øF,42.10%,74øF (Wall),75øF (Ambient2),Hot
4-Apr,18:51:00,75.20øF,42.00%,74øF (Wall),75øF (Ambient2),Hot
4-Apr,18:51:02,75.20øF,42.00%,74øF (Wall),75øF (Ambient2),Hot
4-Apr,18:51:04,75.20øF,42.00%,74øF (Wall),75øF (Ambient2),Hot
4-Apr,18:51:06,75.38øF,42.10%,74øF (Wall),75øF (Ambient2),Hot
4-Apr,18:51:08,75.20øF,42.00%,74øF (Wall),75øF (Ambient2),Hot
4-Apr,18:51:10,75.20øF,42.00%,74øF (Wall),75øF (Ambient2),Hot
4-Apr,18:51:12,75.20øF,42.00%,74øF (Wall),75øF (Ambient2),Hot
4-Apr,18:51:14,75.38øF,42.20%,74øF (Wall),75øF (Ambient2),Hot
4-Apr,18:51:16,75.38øF,42.20%,74øF (Wall),75øF (Ambient2),Hot
4-Apr,18:51:18,75.38øF,42.30%,74øF (Wall),75øF (Ambient2),Hot
4-Apr,18:51:20,75.20øF,42.10%,74øF (Wall),75øF (Ambient2),Hot
4-Apr,18:51:22,75.02øF,42.00%,74øF (Wall),75øF (Ambient2),Hot
4-Apr,18:51:24,75.20øF,42.00%,74øF (Wall),75øF (Ambient2),Hot
4-Apr,18:51:27,75.38øF,42.10%,74øF (Wall),75øF (Ambient2),Hot
4-Apr,18:51:29,75.38øF,42.10%,74øF (Wall),75øF (Ambient2),Hot
4-Apr,18:51:31,75.38øF,42.10%,74øF (Wall),75øF (Ambient2),Hot
4-Apr,18:51:33,75.20øF,42.00%,74øF (Wall),75øF (Ambient2),Hot
4-Apr,18:51:35,75.20øF,42.00%,74øF (Wall),75øF (Ambient2),Hot
4-Apr,18:51:37,75.20øF,42.10%,74øF (Wall),75øF (Ambient2),Hot
4-Apr,18:51:39,75.38øF,42.20%,74øF (Wall),75øF (Ambient2),Hot
4-Apr,18:51:41,75.20øF,42.10%,74øF (Wall),75øF (Ambient2),Hot
4-Apr,18:51:43,75.38øF,42.30%,74øF (Wall),75øF (Ambient2),Hot
4-Apr,18:51:45,75.20øF,42.20%,74øF (Wall),75øF (Ambient2),Hot
4-Apr,18:51:47,75.20øF,42.20%,74øF (Wall),75øF (Ambient2),Hot
4-Apr,18:51:49,75.02øF,42.10%,74øF (Wall),75øF (Ambient2),Hot
4-Apr,18:51:51,75.20øF,42.20%,74øF (Wall),75øF (Ambient2),Hot
4-Apr,18:51:53,75.20øF,42.20%,74øF (Wall),75øF (Ambient2),Hot
4-Apr,18:51:55,75.20øF,42.20%,74øF (Wall),75øF (Ambient2),Hot
4-Apr,18:51:57,75.20øF,42.20%,74øF (Wall),75øF (Ambient2),Hot
4-Apr,18:51:59,75.20øF,42.30%,74øF (Wall),75øF (Ambient2),Hot
4-Apr,18:52:01,75.38øF,42.30%,74øF (Wall),75øF (Ambient2),Hot
4-Apr,18:52:03,75.20øF,42.30%,74øF (Wall),75øF (Ambient2),Hot
4-Apr,18:52:05,75.38øF,42.30%,74øF (Wall),75øF (Ambient2),Hot
4-Apr,18:52:07,75.20øF,42.20%,74øF (Wall),75øF (Ambient2),Hot
4-Apr,18:52:09,75.20øF,42.20%,74øF (Wall),75øF (Ambient2),Hot
4-Apr,18:52:11,75.20øF,42.20%,74øF (Wall),75øF (Ambient2),Hot
4-Apr,18:52:13,75.20øF,42.20%,74øF (Wall),75øF (Ambient2),Hot
4-Apr,18:52:15,75.20øF,42.20%,74øF (Wall),75øF (Ambient2),Hot
4-Apr,18:52:17,75.20øF,42.20%,74øF (Wall),75øF (Ambient2),Hot
4-Apr,18:52:19,75.20øF,42.20%,74øF (Wall),75øF (Ambient2),Hot
4-Apr,18:52:21,75.20øF,42.10%,74øF (Wall),75øF (Ambient2),Hot
4-Apr,18:52:23,75.20øF,42.10%,74øF (Wall),75øF (Ambient2),Hot
4-Apr,18:52:25,75.20øF,42.10%,74øF (Wall),75øF (Ambient2),Hot
4-Apr,18:52:28,75.02øF,42.00%,74øF (Wall),75øF (Ambient2),Hot
4-Apr,18:52:30,75.20øF,42.00%,74øF (Wall),75øF (Ambient2),Hot
4-Apr,18:52:32,75.02øF,41.90%,74øF (Wall),75øF (Ambient2),Hot
4-Apr,18:52:34,75.20øF,41.90%,74øF (Wall),75øF (Ambient2),Hot
4-Apr,18:52:36,75.20øF,41.90%,74øF (Wall),75øF (Ambient2),Hot
4-Apr,18:52:38,75.20øF,41.90%,74øF (Wall),75øF (Ambient2),Hot
4-Apr,18:52:40,75.02øF,41.80%,74øF (Wall),75øF (Ambient2),Hot
4-Apr,18:52:42,75.02øF,41.80%,74øF (Wall),75øF (Ambient2),Hot
4-Apr,18:52:44,75.38øF,42.00%,74øF (Wall),75øF (Ambient2),Hot
4-Apr,18:52:46,75.20øF,41.90%,74øF (Wall),75øF (Ambient2),Hot
4-Apr,18:52:48,75.20øF,42.00%,74øF (Wall),75øF (Ambient2),Hot
4-Apr,18:52:50,75.02øF,41.90%,74øF (Wall),75øF (Ambient2),Hot
4-Apr,18:52:52,75.20øF,42.00%,74øF (Wall),75øF (Ambient2),Hot
4-Apr,18:52:54,75.20øF,42.00%,74øF (Wall),75øF (Ambient2),Hot
4-Apr,18:52:56,75.20øF,42.10%,74øF (Wall),75øF (Ambient2),Hot
4-Apr,18:52:58,75.02øF,42.10%,74øF (Wall),75øF (Ambient2),Hot
4-Apr,18:53:00,75.20øF,42.20%,74øF (Wall),75øF (Ambient2),Hot
4-Apr,18:53:02,75.20øF,42.20%,74øF (Wall),75øF (Ambient2),Hot
4-Apr,18:53:04,75.02øF,42.10%,74øF (Wall),75øF (Ambient2),Hot
4-Apr,18:53:06,75.02øF,42.10%,74øF (Wall),75øF (Ambient2),Hot
4-Apr,18:53:08,75.02øF,42.10%,74øF (Wall),75øF (Ambient2),Hot
4-Apr,18:53:10,75.20øF,42.20%,74øF (Wall),75øF (Ambient2),Hot
4-Apr,18:53:12,75.02øF,42.10%,74øF (Wall),75øF (Ambient2),Hot
4-Apr,18:53:14,75.20øF,42.20%,74øF (Wall),75øF (Ambient2),Hot
4-Apr,18:53:16,75.02øF,42.10%,74øF (Wall),75øF (Ambient2),Hot
4-Apr,18:53:18,75.20øF,42.10%,74øF (Wall),75øF (Ambient2),Hot
4-Apr,18:53:20,75.02øF,42.00%,74øF (Wall),75øF (Ambient2),Hot
4-Apr,18:53:22,75.20øF,42.10%,74øF (Wall),75øF (Ambient2),Hot
4-Apr,18:53:24,75.20øF,42.10%,74øF (Wall),75øF (Ambient2),Hot
4-Apr,18:53:26,75.02øF,42.00%,74øF (Wall),75øF (Ambient2),Hot
4-Apr,18:53:29,75.20øF,42.10%,74øF (Wall),75øF (Ambient2),Hot
4-Apr,18:53:31,75.02øF,42.00%,74øF (Wall),75øF (Ambient2),Hot
4-Apr,18:53:33,75.02øF,42.00%,74øF (Wall),75øF (Ambient2),Hot
4-Apr,18:53:35,75.02øF,41.90%,74øF (Wall),75øF (Ambient2),Hot
4-Apr,18:53:37,75.20øF,42.00%,74øF (Wall),75øF (Ambient2),Hot
4-Apr,18:53:39,75.20øF,42.00%,74øF (Wall),75øF (Ambient2),Hot
4-Apr,18:53:41,75.20øF,42.00%,74øF (Wall),75øF (Ambient2),Hot
4-Apr,18:53:43,75.02øF,42.00%,74øF (Wall),75øF (Ambient2),Hot
4-Apr,18:53:45,75.20øF,42.10%,74øF (Wall),75øF (Ambient2),Hot
4-Apr,18:53:47,75.20øF,42.10%,74øF (Wall),75øF (Ambient2),Hot
4-Apr,18:53:49,75.20øF,42.20%,74øF (Wall),75øF (Ambient2),Hot
4-Apr,18:53:51,75.02øF,42.10%,74øF (Wall),75øF (Ambient2),Hot
4-Apr,18:53:53,75.20øF,42.20%,74øF (Wall),75øF (Ambient2),Hot
4-Apr,18:53:55,75.20øF,42.20%,74øF (Wall),75øF (Ambient2),Hot
4-Apr,18:53:57,75.20øF,42.10%,74øF (Wall),75øF (Ambient2),Hot
4-Apr,18:53:59,75.20øF,42.10%,74øF (Wall),75øF (Ambient2),Hot
4-Apr,18:54:01,75.38øF,42.20%,74øF (Wall),75øF (Ambient2),Hot
4-Apr,18:54:03,75.02øF,42.00%,74øF (Wall),75øF (Ambient2),Hot
4-Apr,18:54:05,75.20øF,42.00%,74øF (Wall),75øF (Ambient2),Hot
4-Apr,18:54:07,75.20øF,41.90%,74øF (Wall),75øF (Ambient2),Hot
4-Apr,18:54:09,75.38øF,42.00%,74øF (Wall),75øF (Ambient2),Hot
4-Apr,18:54:11,75.02øF,41.80%,74øF (Wall),75øF (Ambient2),Hot
4-Apr,18:54:13,75.20øF,41.90%,74øF (Wall),75øF (Ambient2),Hot
4-Apr,18:54:15,75.38øF,42.00%,74øF (Wall),75øF (Ambient2),Hot
4-Apr,18:54:17,75.02øF,41.80%,74øF (Wall),75øF (Ambient2),Hot
4-Apr,18:54:19,75.20øF,41.90%,74øF (Wall),75øF (Ambient2),Hot
4-Apr,18:54:21,75.20øF,41.90%,74øF (Wall),75øF (Ambient2),Hot
4-Apr,18:54:24,75.20øF,41.90%,74øF (Wall),75øF (Ambient2),Hot
4-Apr,18:54:26,75.38øF,42.00%,74øF (Wall),75øF (Ambient2),Hot
4-Apr,18:54:28,75.20øF,41.80%,74øF (Wall),75øF (Ambient2),Hot
4-Apr,18:54:30,75.20øF,41.80%,74øF (Wall),75øF (Ambient2),Hot
4-Apr,18:54:32,75.20øF,41.80%,74øF (Wall),75øF (Ambient2),Hot
4-Apr,18:54:34,75.20øF,41.70%,74øF (Wall),75øF (Ambient2),Hot
4-Apr,18:54:36,75.38øF,41.80%,74øF (Wall),75øF (Ambient2),Hot
4-Apr,18:54:38,75.20øF,41.70%,74øF (Wall),75øF (Ambient2),Hot
4-Apr,18:54:40,75.02øF,41.60%,74øF (Wall),75øF (Ambient2),Hot
4-Apr,18:54:42,75.02øF,41.50%,74øF (Wall),75øF (Ambient2),Hot
4-Apr,18:54:44,75.38øF,41.70%,74øF (Wall),75øF (Ambient2),Hot
9-Apr,21:33:45,69.26øF,30.00%,64øF (Wall),68øF (Ambient2),Comfort
9-Apr,21:33:47,69.26øF,31.00%,64øF (Wall),68øF (Ambient2),Comfort
9-Apr,21:33:49,69.08øF,30.80%,64øF (Wall),68øF (Ambient2),Comfort
9-Apr,21:33:51,69.08øF,30.70%,64øF (Wall),68øF (Ambient2),Comfort
9-Apr,21:33:53,69.08øF,30.50%,64øF (Wall),68øF (Ambient2),Comfort
9-Apr,21:33:55,69.26øF,30.40%,64øF (Wall),68øF (Ambient2),Comfort
9-Apr,21:33:58,69.08øF,30.20%,64øF (Wall),68øF (Ambient2),Comfort
9-Apr,21:34:00,69.08øF,30.20%,64øF (Wall),68øF (Ambient2),Comfort
9-Apr,21:34:02,69.08øF,30.10%,64øF (Wall),68øF (Ambient2),Comfort
9-Apr,21:34:04,69.08øF,30.00%,64øF (Wall),68øF (Ambient2),Comfort
9-Apr,21:34:06,69.08øF,30.10%,64øF (Wall),68øF (Ambient2),Comfort
9-Apr,21:34:08,69.08øF,30.10%,64øF (Wall),68øF (Ambient2),Comfort
9-Apr,21:34:10,69.08øF,30.10%,64øF (Wall),68øF (Ambient2),Comfort
9-Apr,21:34:12,68.90øF,30.00%,64øF (Wall),68øF (Ambient2),Comfort
9-Apr,21:34:14,68.90øF,30.00%,64øF (Wall),68øF (Ambient2),Comfort
9-Apr,21:34:16,68.90øF,29.80%,64øF (Wall),68øF (Ambient2),Comfort
9-Apr,21:34:18,68.90øF,29.70%,64øF (Wall),67øF (Ambient2),Comfort
9-Apr,21:34:20,68.90øF,29.60%,64øF (Wall),67øF (Ambient2),Comfort
9-Apr,21:34:22,68.90øF,29.60%,65øF (Wall),67øF (Ambient2),Comfort
9-Apr,21:34:24,68.90øF,29.60%,65øF (Wall),67øF (Ambient2),Comfort
9-Apr,21:34:26,68.90øF,29.60%,65øF (Wall),67øF (Ambient2),Comfort
9-Apr,21:34:28,68.90øF,29.50%,65øF (Wall),67øF (Ambient2),Comfort
9-Apr,21:34:30,68.90øF,29.50%,65øF (Wall),67øF (Ambient2),Comfort
9-Apr,21:34:32,68.90øF,29.40%,65øF (Wall),67øF (Ambient2),Comfort
9-Apr,21:34:34,68.90øF,29.40%,65øF (Wall),67øF (Ambient2),Comfort
9-Apr,21:34:36,68.72øF,29.30%,65øF (Wall),67øF (Ambient2),Comfort
9-Apr,21:34:38,68.72øF,29.30%,65øF (Wall),67øF (Ambient2),Comfort
9-Apr,21:34:40,68.72øF,29.30%,65øF (Wall),67øF (Ambient2),Comfort
9-Apr,21:34:42,68.72øF,29.30%,65øF (Wall),67øF (Ambient2),Comfort
9-Apr,21:34:44,68.72øF,29.30%,65øF (Wall),67øF (Ambient2),Comfort
9-Apr,21:34:46,68.72øF,29.40%,65øF (Wall),67øF (Ambient2),Comfort
9-Apr,21:34:48,68.72øF,29.40%,65øF (Wall),67øF (Ambient2),Comfort
9-Apr,21:34:50,68.72øF,29.40%,65øF (Wall),67øF (Ambient2),Comfort
9-Apr,21:34:53,68.72øF,29.40%,65øF (Wall),67øF (Ambient2),Comfort
9-Apr,21:34:55,68.72øF,29.40%,65øF (Wall),67øF (Ambient2),Comfort
9-Apr,21:34:57,68.54øF,29.40%,65øF (Wall),67øF (Ambient2),Comfort
9-Apr,21:34:59,68.54øF,29.40%,65øF (Wall),67øF (Ambient2),Comfort
9-Apr,21:35:01,68.54øF,29.30%,65øF (Wall),67øF (Ambient2),Comfort
9-Apr,21:35:03,68.54øF,29.30%,65øF (Wall),67øF (Ambient2),Comfort
9-Apr,21:35:05,68.54øF,29.20%,65øF (Wall),67øF (Ambient2),Comfort
9-Apr,21:35:07,68.54øF,29.20%,65øF (Wall),67øF (Ambient2),Comfort
9-Apr,21:35:09,68.54øF,29.10%,65øF (Wall),67øF (Ambient2),Comfort
9-Apr,21:35:11,68.54øF,29.10%,65øF (Wall),67øF (Ambient2),Comfort
9-Apr,21:35:13,68.54øF,29.10%,65øF (Wall),67øF (Ambient2),Comfort
9-Apr,21:35:15,68.54øF,29.20%,65øF (Wall),67øF (Ambient2),Comfort
9-Apr,21:35:17,68.54øF,29.20%,65øF (Wall),67øF (Ambient2),Comfort
9-Apr,21:35:19,68.54øF,29.30%,65øF (Wall),67øF (Ambient2),Comfort
9-Apr,21:35:21,68.36øF,29.20%,65øF (Wall),67øF (Ambient2),Comfort
9-Apr,21:35:23,68.36øF,29.20%,65øF (Wall),67øF (Ambient2),Comfort
9-Apr,21:35:25,68.36øF,29.20%,65øF (Wall),67øF (Ambient2),Comfort
9-Apr,21:35:27,68.36øF,29.20%,65øF (Wall),67øF (Ambient2),Comfort
9-Apr,21:35:29,68.36øF,29.20%,65øF (Wall),66øF (Ambient2),Comfort
9-Apr,21:35:31,68.36øF,29.20%,65øF (Wall),66øF (Ambient2),Comfort
9-Apr,21:35:33,68.36øF,29.20%,65øF (Wall),66øF (Ambient2),Comfort
9-Apr,21:35:35,68.36øF,29.20%,65øF (Wall),66øF (Ambient2),Comfort
9-Apr,21:35:37,68.36øF,29.20%,65øF (Wall),66øF (Ambient2),Comfort
9-Apr,21:35:39,68.36øF,29.30%,65øF (Wall),66øF (Ambient2),Comfort
9-Apr,21:35:41,68.18øF,29.30%,65øF (Wall),66øF (Ambient2),Comfort
9-Apr,21:35:43,68.18øF,29.30%,65øF (Wall),66øF (Ambient2),Comfort
9-Apr,21:35:46,68.18øF,29.30%,65øF (Wall),66øF (Ambient2),Comfort
9-Apr,21:35:48,68.18øF,29.30%,65øF (Wall),66øF (Ambient2),Comfort
9-Apr,21:35:50,68.18øF,29.40%,65øF (Wall),66øF (Ambient2),Comfort
9-Apr,21:35:52,68.18øF,29.50%,65øF (Wall),66øF (Ambient2),Comfort
9-Apr,21:35:54,68.18øF,29.50%,65øF (Wall),66øF (Ambient2),Comfort
9-Apr,21:35:56,68.18øF,29.50%,65øF (Wall),66øF (Ambient2),Comfort
9-Apr,21:35:58,68.18øF,29.50%,65øF (Wall),66øF (Ambient2),Comfort
9-Apr,21:36:00,68.00øF,29.40%,64øF (Wall),66øF (Ambient2),Comfort
9-Apr,21:36:02,68.18øF,29.40%,65øF (Wall),66øF (Ambient2),Comfort
9-Apr,21:36:04,68.00øF,29.30%,65øF (Wall),66øF (Ambient2),Comfort
9-Apr,21:36:06,68.00øF,29.30%,65øF (Wall),66øF (Ambient2),Comfort
9-Apr,21:36:08,68.00øF,29.30%,65øF (Wall),66øF (Ambient2),Comfort
9-Apr,21:36:10,68.00øF,29.30%,65øF (Wall),66øF (Ambient2),Comfort
9-Apr,21:36:12,68.00øF,29.30%,65øF (Wall),66øF (Ambient2),Comfort
9-Apr,21:36:14,68.00øF,29.30%,65øF (Wall),66øF (Ambient2),Comfort
9-Apr,21:36:16,68.00øF,29.30%,65øF (Wall),66øF (Ambient2),Comfort
9-Apr,21:36:18,68.00øF,29.30%,65øF (Wall),66øF (Ambient2),Comfort
9-Apr,21:36:20,68.00øF,29.30%,65øF (Wall),66øF (Ambient2),Comfort
9-Apr,21:36:22,68.00øF,29.20%,65øF (Wall),66øF (Ambient2),Comfort
9-Apr,21:36:24,67.82øF,29.20%,65øF (Wall),66øF (Ambient2),Comfort
9-Apr,21:36:26,67.82øF,29.20%,65øF (Wall),66øF (Ambient2),Comfort
9-Apr,21:36:28,67.82øF,29.20%,64øF (Wall),66øF (Ambient2),Comfort
9-Apr,21:36:30,67.82øF,29.20%,65øF (Wall),66øF (Ambient2),Comfort
9-Apr,21:36:32,67.82øF,29.20%,65øF (Wall),66øF (Ambient2),Comfort
9-Apr,21:36:34,67.82øF,29.20%,65øF (Wall),66øF (Ambient2),Comfort
9-Apr,21:36:36,67.82øF,29.20%,65øF (Wall),66øF (Ambient2),Comfort
9-Apr,21:36:39,67.82øF,29.30%,65øF (Wall),66øF (Ambient2),Comfort
9-Apr,21:36:41,67.82øF,29.30%,64øF (Wall),66øF (Ambient2),Comfort
9-Apr,21:36:43,67.82øF,29.30%,64øF (Wall),66øF (Ambient2),Comfort
9-Apr,21:36:45,67.82øF,29.30%,64øF (Wall),66øF (Ambient2),Comfort
9-Apr,21:36:47,67.82øF,29.30%,64øF (Wall),66øF (Ambient2),Comfort
9-Apr,21:36:49,67.64øF,29.30%,64øF (Wall),66øF (Ambient2),Comfort
9-Apr,21:36:51,67.64øF,29.30%,64øF (Wall),66øF (Ambient2),Comfort
9-Apr,21:36:53,67.64øF,29.30%,64øF (Wall),66øF (Ambient2),Comfort
9-Apr,21:36:55,67.64øF,29.20%,65øF (Wall),66øF (Ambient2),Comfort
9-Apr,21:36:57,67.64øF,29.30%,64øF (Wall),66øF (Ambient2),Comfort
9-Apr,21:36:59,67.64øF,29.30%,64øF (Wall),66øF (Ambient2),Comfort
9-Apr,21:37:01,67.64øF,29.30%,64øF (Wall),66øF (Ambient2),Comfort
9-Apr,21:37:03,67.64øF,29.30%,64øF (Wall),66øF (Ambient2),Comfort
9-Apr,21:37:05,67.46øF,29.30%,64øF (Wall),66øF (Ambient2),Comfort
9-Apr,21:37:07,67.46øF,29.30%,64øF (Wall),66øF (Ambient2),Comfort
9-Apr,21:37:09,67.46øF,29.30%,64øF (Wall),66øF (Ambient2),Comfort
9-Apr,21:37:11,67.46øF,29.40%,64øF (Wall),66øF (Ambient2),Comfort
9-Apr,21:37:13,67.46øF,29.40%,64øF (Wall),66øF (Ambient2),Comfort
9-Apr,21:37:15,67.46øF,29.40%,64øF (Wall),66øF (Ambient2),Comfort
9-Apr,21:37:17,67.46øF,29.40%,64øF (Wall),66øF (Ambient2),Comfort
9-Apr,21:37:19,67.46øF,29.50%,64øF (Wall),66øF (Ambient2),Comfort
9-Apr,21:37:21,67.46øF,29.50%,64øF (Wall),66øF (Ambient2),Comfort
9-Apr,21:37:23,67.46øF,29.50%,64øF (Wall),66øF (Ambient2),Comfort
9-Apr,21:37:25,67.46øF,29.50%,64øF (Wall),66øF (Ambient2),Comfort
9-Apr,21:37:27,67.46øF,29.50%,64øF (Wall),66øF (Ambient2),Comfort
9-Apr,21:37:29,67.46øF,29.60%,64øF (Wall),66øF (Ambient2),Comfort
9-Apr,21:37:32,67.46øF,29.60%,64øF (Wall),66øF (Ambient2),Comfort
9-Apr,21:37:34,67.46øF,29.60%,64øF (Wall),66øF (Ambient2),Comfort
9-Apr,21:37:36,67.28øF,29.60%,64øF (Wall),66øF (Ambient2),Comfort
9-Apr,21:37:38,67.46øF,29.70%,64øF (Wall),66øF (Ambient2),Comfort
9-Apr,21:37:40,67.28øF,29.70%,64øF (Wall),66øF (Ambient2),Comfort
9-Apr,21:37:42,67.28øF,29.80%,64øF (Wall),66øF (Ambient2),Comfort
9-Apr,21:37:44,67.28øF,29.80%,64øF (Wall),66øF (Ambient2),Comfort
9-Apr,21:37:46,67.28øF,29.80%,64øF (Wall),66øF (Ambient2),Comfort
9-Apr,21:37:48,67.28øF,29.80%,64øF (Wall),66øF (Ambient2),Comfort
9-Apr,21:37:50,67.28øF,29.80%,64øF (Wall),66øF (Ambient2),Comfort
9-Apr,21:37:52,67.28øF,29.80%,64øF (Wall),66øF (Ambient2),Comfort
9-Apr,21:37:54,67.28øF,29.80%,64øF (Wall),66øF (Ambient2),Comfort
9-Apr,21:37:56,67.28øF,29.80%,64øF (Wall),66øF (Ambient2),Comfort
9-Apr,21:37:58,67.28øF,29.80%,64øF (Wall),66øF (Ambient2),Comfort
9-Apr,21:38:00,67.28øF,29.80%,64øF (Wall),66øF (Ambient2),Comfort
9-Apr,21:38:02,67.28øF,29.80%,64øF (Wall),66øF (Ambient2),Comfort
9-Apr,21:38:04,67.10øF,29.70%,64øF (Wall),66øF (Ambient2),Comfort
9-Apr,21:38:06,67.10øF,29.70%,64øF (Wall),66øF (Ambient2),Comfort
9-Apr,21:38:08,67.28øF,29.80%,64øF (Wall),66øF (Ambient2),Comfort
9-Apr,21:38:10,67.10øF,29.70%,64øF (Wall),66øF (Ambient2),Comfort
9-Apr,21:38:12,67.28øF,29.80%,64øF (Wall),66øF (Ambient2),Comfort
9-Apr,21:38:14,67.10øF,29.70%,64øF (Wall),66øF (Ambient2),Comfort
9-Apr,21:38:16,67.10øF,29.70%,64øF (Wall),66øF (Ambient2),Comfort
9-Apr,21:38:18,67.10øF,29.70%,64øF (Wall),66øF (Ambient2),Comfort
9-Apr,21:38:20,67.10øF,29.70%,64øF (Wall),66øF (Ambient2),Comfort
9-Apr,21:38:22,67.10øF,29.80%,64øF (Wall),66øF (Ambient2),Comfort
9-Apr,21:38:25,67.10øF,29.80%,64øF (Wall),66øF (Ambient2),Comfort
9-Apr,21:38:27,67.10øF,29.80%,64øF (Wall),66øF (Ambient2),Comfort
9-Apr,21:38:29,67.10øF,29.80%,64øF (Wall),66øF (Ambient2),Comfort
9-Apr,21:38:31,67.10øF,29.80%,64øF (Wall),66øF (Ambient2),Comfort
9-Apr,21:38:33,67.10øF,29.80%,64øF (Wall),66øF (Ambient2),Comfort
9-Apr,21:38:35,67.10øF,29.80%,64øF (Wall),66øF (Ambient2),Comfort
9-Apr,21:38:37,67.10øF,29.80%,64øF (Wall),66øF (Ambient2),Comfort
9-Apr,21:38:39,67.10øF,29.90%,64øF (Wall),66øF (Ambient2),Comfort
9-Apr,21:38:41,67.10øF,29.90%,64øF (Wall),66øF (Ambient2),Comfort
9-Apr,21:38:43,67.10øF,29.90%,64øF (Wall),66øF (Ambient2),Comfort
9-Apr,21:38:45,67.10øF,30.00%,64øF (Wall),66øF (Ambient2),Comfort
9-Apr,21:38:47,66.92øF,30.00%,64øF (Wall),66øF (Ambient2),Comfort
9-Apr,21:38:49,67.10øF,30.00%,64øF (Wall),66øF (Ambient2),Comfort
9-Apr,21:38:51,67.10øF,30.00%,64øF (Wall),66øF (Ambient2),Comfort
9-Apr,21:38:53,66.92øF,30.00%,64øF (Wall),66øF (Ambient2),Comfort
9-Apr,21:38:55,66.92øF,30.00%,64øF (Wall),66øF (Ambient2),Comfort
9-Apr,21:38:57,67.10øF,30.00%,64øF (Wall),66øF (Ambient2),Comfort
9-Apr,21:38:59,66.92øF,30.00%,64øF (Wall),66øF (Ambient2),Comfort
9-Apr,21:39:01,66.92øF,30.00%,64øF (Wall),66øF (Ambient2),Comfort
9-Apr,21:39:03,66.92øF,29.90%,64øF (Wall),66øF (Ambient2),Comfort
9-Apr,21:39:05,66.92øF,29.90%,64øF (Wall),66øF (Ambient2),Comfort
9-Apr,21:39:07,66.92øF,29.90%,64øF (Wall),66øF (Ambient2),Comfort
9-Apr,21:39:09,66.92øF,29.90%,64øF (Wall),66øF (Ambient2),Comfort
9-Apr,21:39:11,66.92øF,29.90%,64øF (Wall),66øF (Ambient2),Comfort
9-Apr,21:39:13,66.92øF,30.00%,64øF (Wall),66øF (Ambient2),Comfort
9-Apr,21:39:15,66.92øF,30.00%,64øF (Wall),66øF (Ambient2),Comfort
9-Apr,21:39:17,66.92øF,30.00%,64øF (Wall),66øF (Ambient2),Comfort
9-Apr,21:39:20,66.92øF,30.00%,64øF (Wall),66øF (Ambient2),Comfort
9-Apr,21:39:22,66.92øF,30.00%,64øF (Wall),66øF (Ambient2),Comfort
9-Apr,21:39:24,66.92øF,30.00%,64øF (Wall),66øF (Ambient2),Comfort
9-Apr,21:39:26,66.92øF,30.10%,64øF (Wall),66øF (Ambient2),Comfort
9-Apr,21:39:28,66.74øF,30.00%,64øF (Wall),66øF (Ambient2),Comfort
9-Apr,21:39:30,66.92øF,30.10%,64øF (Wall),66øF (Ambient2),Comfort
9-Apr,21:39:32,66.92øF,30.10%,64øF (Wall),66øF (Ambient2),Comfort
9-Apr,21:39:34,66.92øF,30.20%,64øF (Wall),66øF (Ambient2),Comfort
9-Apr,21:39:36,66.92øF,30.20%,64øF (Wall),66øF (Ambient2),Comfort
9-Apr,21:39:38,66.74øF,30.10%,64øF (Wall),66øF (Ambient2),Comfort
9-Apr,21:39:40,66.74øF,30.10%,64øF (Wall),66øF (Ambient2),Comfort
9-Apr,21:39:42,66.74øF,30.10%,64øF (Wall),66øF (Ambient2),Comfort
9-Apr,21:39:44,66.74øF,30.10%,64øF (Wall),66øF (Ambient2),Comfort
9-Apr,21:39:46,66.92øF,30.20%,64øF (Wall),66øF (Ambient2),Comfort
9-Apr,21:39:48,66.92øF,30.20%,64øF (Wall),66øF (Ambient2),Comfort
9-Apr,21:39:50,66.92øF,30.20%,64øF (Wall),66øF (Ambient2),Comfort
9-Apr,21:39:52,66.74øF,30.10%,64øF (Wall),66øF (Ambient2),Comfort
9-Apr,21:39:54,66.74øF,30.10%,64øF (Wall),66øF (Ambient2),Comfort
9-Apr,21:39:56,66.74øF,30.10%,64øF (Wall),66øF (Ambient2),Comfort
9-Apr,21:39:58,66.74øF,30.10%,64øF (Wall),66øF (Ambient2),Comfort
9-Apr,21:40:00,66.74øF,30.20%,64øF (Wall),66øF (Ambient2),Comfort
9-Apr,21:40:02,66.74øF,30.20%,64øF (Wall),66øF (Ambient2),Comfort
9-Apr,21:40:04,66.74øF,30.20%,64øF (Wall),66øF (Ambient2),Comfort
9-Apr,21:40:06,66.74øF,30.20%,64øF (Wall),66øF (Ambient2),Comfort
9-Apr,21:40:08,66.74øF,30.30%,64øF (Wall),66øF (Ambient2),Comfort
9-Apr,21:40:10,66.74øF,30.30%,64øF (Wall),66øF (Ambient2),Comfort
9-Apr,21:40:13,66.74øF,30.30%,64øF (Wall),66øF (Ambient2),Comfort
9-Apr,21:40:15,66.74øF,30.40%,64øF (Wall),66øF (Ambient2),Comfort
9-Apr,21:40:17,66.74øF,30.40%,64øF (Wall),66øF (Ambient2),Comfort
9-Apr,21:40:19,66.74øF,30.50%,64øF (Wall),66øF (Ambient2),Comfort
9-Apr,21:40:21,66.74øF,30.50%,64øF (Wall),66øF (Ambient2),Comfort
9-Apr,21:40:23,66.74øF,30.50%,64øF (Wall),66øF (Ambient2),Comfort
9-Apr,21:40:25,66.74øF,30.50%,64øF (Wall),66øF (Ambient2),Comfort
9-Apr,21:40:27,66.74øF,30.40%,64øF (Wall),66øF (Ambient2),Comfort
9-Apr,21:40:29,66.74øF,30.50%,64øF (Wall),66øF (Ambient2),Comfort
9-Apr,21:40:31,66.74øF,30.50%,64øF (Wall),66øF (Ambient2),Comfort
9-Apr,21:40:33,66.74øF,30.50%,64øF (Wall),66øF (Ambient2),Comfort
9-Apr,21:40:35,66.74øF,30.50%,64øF (Wall),66øF (Ambient2),Comfort
9-Apr,21:40:37,66.74øF,30.50%,64øF (Wall),66øF (Ambient2),Comfort
9-Apr,21:40:39,66.74øF,30.50%,64øF (Wall),66øF (Ambient2),Comfort
9-Apr,21:40:41,66.74øF,30.60%,64øF (Wall),66øF (Ambient2),Comfort
9-Apr,21:40:43,66.74øF,30.60%,64øF (Wall),66øF (Ambient2),Comfort
9-Apr,21:40:45,66.74øF,30.60%,64øF (Wall),66øF (Ambient2),Comfort
9-Apr,21:40:47,66.74øF,30.60%,64øF (Wall),66øF (Ambient2),Comfort
9-Apr,21:40:49,66.74øF,30.70%,64øF (Wall),66øF (Ambient2),Comfort
9-Apr,21:40:51,66.74øF,30.70%,64øF (Wall),66øF (Ambient2),Comfort
9-Apr,21:40:53,66.74øF,30.70%,64øF (Wall),66øF (Ambient2),Comfort
9-Apr,21:40:55,66.74øF,30.70%,64øF (Wall),66øF (Ambient2),Comfort
9-Apr,21:40:57,66.74øF,30.70%,64øF (Wall),66øF (Ambient2),Comfort
9-Apr,21:40:59,66.74øF,30.70%,64øF (Wall),66øF (Ambient2),Comfort
9-Apr,21:41:01,66.74øF,30.70%,64øF (Wall),66øF (Ambient2),Comfort
9-Apr,21:41:03,66.74øF,30.70%,64øF (Wall),66øF (Ambient2),Comfort
9-Apr,21:41:06,66.74øF,30.70%,64øF (Wall),66øF (Ambient2),Comfort
9-Apr,21:41:08,66.74øF,30.80%,64øF (Wall),66øF (Ambient2),Comfort
9-Apr,21:41:10,66.74øF,30.80%,64øF (Wall),66øF (Ambient2),Comfort
9-Apr,21:41:12,66.74øF,30.80%,64øF (Wall),66øF (Ambient2),Comfort
9-Apr,21:41:14,66.74øF,30.90%,64øF (Wall),66øF (Ambient2),Comfort
9-Apr,21:41:16,66.74øF,30.90%,64øF (Wall),66øF (Ambient2),Comfort
9-Apr,21:41:18,66.74øF,30.90%,64øF (Wall),66øF (Ambient2),Comfort
9-Apr,21:41:20,66.74øF,30.80%,64øF (Wall),66øF (Ambient2),Comfort
9-Apr,21:41:22,66.56øF,30.60%,64øF (Wall),66øF (Ambient2),Comfort
9-Apr,21:41:24,66.74øF,30.70%,64øF (Wall),66øF (Ambient2),Comfort
9-Apr,21:41:26,66.74øF,30.70%,64øF (Wall),66øF (Ambient2),Comfort
9-Apr,21:41:28,66.74øF,30.70%,64øF (Wall),66øF (Ambient2),Comfort
9-Apr,21:41:30,66.74øF,30.80%,64øF (Wall),66øF (Ambient2),Comfort
9-Apr,21:41:32,66.74øF,30.80%,64øF (Wall),66øF (Ambient2),Comfort
9-Apr,21:41:34,66.56øF,30.80%,64øF (Wall),66øF (Ambient2),Comfort
9-Apr,21:41:36,66.56øF,30.80%,64øF (Wall),66øF (Ambient2),Comfort
9-Apr,21:41:38,66.56øF,30.90%,64øF (Wall),66øF (Ambient2),Comfort
9-Apr,21:41:40,66.56øF,30.90%,64øF (Wall),66øF (Ambient2),Comfort
9-Apr,21:41:42,66.56øF,30.90%,64øF (Wall),66øF (Ambient2),Comfort
9-Apr,21:41:44,66.56øF,31.00%,64øF (Wall),66øF (Ambient2),Comfort
9-Apr,21:41:46,66.56øF,31.00%,64øF (Wall),66øF (Ambient2),Comfort
9-Apr,21:41:48,66.56øF,31.10%,64øF (Wall),66øF (Ambient2),Comfort
9-Apr,21:41:50,66.56øF,31.20%,64øF (Wall),66øF (Ambient2),Comfort
9-Apr,21:41:52,66.74øF,31.30%,64øF (Wall),66øF (Ambient2),Comfort
9-Apr,21:41:54,66.56øF,31.30%,64øF (Wall),66øF (Ambient2),Comfort
9-Apr,21:41:56,66.56øF,31.30%,64øF (Wall),66øF (Ambient2),Comfort
9-Apr,21:41:59,66.56øF,31.40%,64øF (Wall),66øF (Ambient2),Comfort
9-Apr,21:42:01,66.56øF,31.40%,64øF (Wall),66øF (Ambient2),Comfort
9-Apr,21:42:03,66.56øF,31.50%,64øF (Wall),66øF (Ambient2),Comfort
9-Apr,21:42:05,66.56øF,31.40%,64øF (Wall),66øF (Ambient2),Comfort
9-Apr,21:42:07,66.56øF,31.30%,64øF (Wall),66øF (Ambient2),Comfort
9-Apr,21:42:09,66.56øF,31.20%,64øF (Wall),66øF (Ambient2),Comfort
9-Apr,21:42:11,66.56øF,31.10%,64øF (Wall),66øF (Ambient2),Comfort
9-Apr,21:42:13,66.56øF,31.10%,64øF (Wall),66øF (Ambient2),Comfort
9-Apr,21:42:15,66.56øF,31.10%,64øF (Wall),66øF (Ambient2),Comfort
9-Apr,21:42:17,66.56øF,31.10%,64øF (Wall),66øF (Ambient2),Comfort
9-Apr,21:42:19,66.56øF,31.10%,64øF (Wall),66øF (Ambient2),Comfort
9-Apr,21:42:21,66.56øF,31.10%,64øF (Wall),66øF (Ambient2),Comfort
9-Apr,21:42:23,66.56øF,31.10%,64øF (Wall),66øF (Ambient2),Comfort
9-Apr,21:42:25,66.56øF,31.10%,64øF (Wall),66øF (Ambient2),Comfort
9-Apr,21:42:27,66.56øF,31.10%,64øF (Wall),66øF (Ambient2),Comfort
9-Apr,21:42:29,66.56øF,31.20%,64øF (Wall),66øF (Ambient2),Comfort
9-Apr,21:42:31,66.56øF,31.20%,64øF (Wall),66øF (Ambient2),Comfort
9-Apr,21:42:33,66.56øF,31.20%,64øF (Wall),66øF (Ambient2),Comfort
9-Apr,21:42:35,66.56øF,31.30%,64øF (Wall),66øF (Ambient2),Comfort
9-Apr,21:42:37,66.56øF,31.30%,64øF (Wall),66øF (Ambient2),Comfort
9-Apr,21:42:39,66.56øF,31.20%,64øF (Wall),66øF (Ambient2),Comfort
9-Apr,21:42:41,66.56øF,31.10%,64øF (Wall),66øF (Ambient2),Comfort
9-Apr,21:42:43,66.56øF,31.00%,64øF (Wall),66øF (Ambient2),Comfort
9-Apr,21:42:45,66.56øF,31.00%,64øF (Wall),66øF (Ambient2),Comfort
9-Apr,21:42:47,66.56øF,31.00%,64øF (Wall),66øF (Ambient2),Comfort
9-Apr,21:42:49,66.56øF,31.00%,64øF (Wall),66øF (Ambient2),Comfort
9-Apr,21:42:52,66.56øF,30.90%,64øF (Wall),66øF (Ambient2),Comfort
9-Apr,21:42:54,66.56øF,30.80%,64øF (Wall),66øF (Ambient2),Comfort
9-Apr,21:42:56,66.56øF,30.80%,64øF (Wall),66øF (Ambient2),Comfort
9-Apr,21:42:58,66.38øF,30.70%,64øF (Wall),66øF (Ambient2),Comfort
9-Apr,21:43:00,66.56øF,30.80%,64øF (Wall),66øF (Ambient2),Comfort
9-Apr,21:43:02,66.38øF,30.70%,64øF (Wall),66øF (Ambient2),Comfort
9-Apr,21:43:04,66.56øF,30.90%,64øF (Wall),66øF (Ambient2),Comfort
9-Apr,21:43:06,66.38øF,30.80%,64øF (Wall),66øF (Ambient2),Comfort
9-Apr,21:43:08,66.38øF,30.80%,64øF (Wall),66øF (Ambient2),Comfort
9-Apr,21:43:10,66.38øF,30.80%,64øF (Wall),66øF (Ambient2),Comfort
9-Apr,21:43:12,66.38øF,30.70%,64øF (Wall),66øF (Ambient2),Comfort
9-Apr,21:43:14,66.38øF,30.70%,64øF (Wall),66øF (Ambient2),Comfort
9-Apr,21:43:16,66.38øF,30.60%,64øF (Wall),66øF (Ambient2),Comfort
9-Apr,21:43:18,66.38øF,30.60%,64øF (Wall),66øF (Ambient2),Comfort
9-Apr,21:43:20,66.38øF,30.60%,64øF (Wall),66øF (Ambient2),Comfort
9-Apr,21:43:22,66.38øF,30.70%,64øF (Wall),66øF (Ambient2),Comfort
9-Apr,21:43:24,66.38øF,30.70%,64øF (Wall),66øF (Ambient2),Comfort
9-Apr,21:43:26,66.38øF,30.80%,64øF (Wall),66øF (Ambient2),Comfort
9-Apr,21:43:28,66.38øF,30.80%,64øF (Wall),66øF (Ambient2),Comfort
9-Apr,21:43:30,66.38øF,30.80%,64øF (Wall),65øF (Ambient2),Comfort
9-Apr,21:43:32,66.38øF,30.80%,64øF (Wall),66øF (Ambient2),Comfort
9-Apr,21:43:34,66.38øF,30.70%,64øF (Wall),65øF (Ambient2),Comfort
9-Apr,21:43:36,66.38øF,30.70%,64øF (Wall),66øF (Ambient2),Comfort
9-Apr,21:43:38,66.38øF,30.70%,64øF (Wall),65øF (Ambient2),Comfort
9-Apr,21:43:40,66.38øF,30.60%,64øF (Wall),66øF (Ambient2),Comfort
9-Apr,21:43:42,66.38øF,30.50%,64øF (Wall),66øF (Ambient2),Comfort
9-Apr,21:43:45,66.38øF,30.50%,64øF (Wall),65øF (Ambient2),Comfort
9-Apr,21:43:47,66.38øF,30.50%,64øF (Wall),65øF (Ambient2),Comfort
9-Apr,21:43:49,66.38øF,30.50%,64øF (Wall),65øF (Ambient2),Comfort
9-Apr,21:43:51,66.38øF,30.50%,64øF (Wall),65øF (Ambient2),Comfort
9-Apr,21:43:53,66.38øF,30.60%,64øF (Wall),65øF (Ambient2),Comfort
9-Apr,21:43:55,66.38øF,30.60%,64øF (Wall),65øF (Ambient2),Comfort
9-Apr,21:43:57,66.38øF,30.70%,64øF (Wall),65øF (Ambient2),Comfort
9-Apr,21:43:59,66.38øF,30.70%,64øF (Wall),65øF (Ambient2),Comfort
9-Apr,21:44:01,66.38øF,30.70%,64øF (Wall),65øF (Ambient2),Comfort
9-Apr,21:44:03,66.38øF,30.80%,64øF (Wall),65øF (Ambient2),Comfort
9-Apr,21:44:05,66.38øF,30.90%,64øF (Wall),65øF (Ambient2),Comfort
9-Apr,21:44:07,66.38øF,31.00%,64øF (Wall),65øF (Ambient2),Comfort
9-Apr,21:44:09,66.38øF,31.00%,64øF (Wall),65øF (Ambient2),Comfort
9-Apr,21:44:11,66.38øF,31.10%,64øF (Wall),65øF (Ambient2),Comfort
9-Apr,21:44:13,66.38øF,31.10%,64øF (Wall),65øF (Ambient2),Comfort
9-Apr,21:44:15,66.38øF,31.20%,64øF (Wall),65øF (Ambient2),Comfort
9-Apr,21:44:17,66.38øF,31.20%,64øF (Wall),65øF (Ambient2),Comfort
9-Apr,21:44:19,66.38øF,31.30%,64øF (Wall),65øF (Ambient2),Comfort
9-Apr,21:44:21,66.38øF,31.30%,64øF (Wall),65øF (Ambient2),Comfort
9-Apr,21:44:23,66.38øF,31.30%,64øF (Wall),65øF (Ambient2),Comfort
9-Apr,21:44:25,66.38øF,31.20%,64øF (Wall),65øF (Ambient2),Comfort
9-Apr,21:44:27,66.38øF,31.10%,64øF (Wall),65øF (Ambient2),Comfort
9-Apr,21:44:29,66.38øF,31.00%,64øF (Wall),65øF (Ambient2),Comfort
9-Apr,21:44:31,66.38øF,30.90%,64øF (Wall),65øF (Ambient2),Comfort
9-Apr,21:44:33,66.38øF,30.80%,64øF (Wall),65øF (Ambient2),Comfort
9-Apr,21:44:35,66.38øF,30.80%,64øF (Wall),65øF (Ambient2),Comfort
9-Apr,21:44:38,66.38øF,30.70%,64øF (Wall),65øF (Ambient2),Comfort
9-Apr,21:44:40,66.38øF,30.70%,64øF (Wall),65øF (Ambient2),Comfort
9-Apr,21:44:42,66.20øF,30.60%,64øF (Wall),65øF (Ambient2),Comfort
9-Apr,21:44:44,66.20øF,30.60%,64øF (Wall),65øF (Ambient2),Comfort
9-Apr,21:44:46,66.20øF,30.60%,64øF (Wall),65øF (Ambient2),Comfort
9-Apr,21:44:48,66.20øF,30.60%,64øF (Wall),65øF (Ambient2),Comfort
9-Apr,21:44:50,66.20øF,30.60%,64øF (Wall),65øF (Ambient2),Comfort
9-Apr,21:44:52,66.20øF,30.60%,64øF (Wall),65øF (Ambient2),Comfort
9-Apr,21:44:54,66.20øF,30.60%,64øF (Wall),65øF (Ambient2),Comfort
9-Apr,21:44:56,66.20øF,30.70%,64øF (Wall),65øF (Ambient2),Comfort
9-Apr,21:44:58,66.20øF,30.70%,64øF (Wall),65øF (Ambient2),Comfort
9-Apr,21:45:00,66.20øF,30.70%,64øF (Wall),65øF (Ambient2),Comfort
9-Apr,21:45:02,66.20øF,30.80%,64øF (Wall),65øF (Ambient2),Comfort
9-Apr,21:45:04,66.20øF,30.80%,64øF (Wall),65øF (Ambient2),Comfort
9-Apr,21:45:06,66.20øF,30.70%,64øF (Wall),65øF (Ambient2),Comfort
9-Apr,21:45:08,66.20øF,30.70%,64øF (Wall),65øF (Ambient2),Comfort
9-Apr,21:45:10,66.20øF,30.70%,64øF (Wall),65øF (Ambient2),Comfort
9-Apr,21:45:12,66.20øF,30.80%,64øF (Wall),65øF (Ambient2),Comfort
9-Apr,21:45:14,66.20øF,30.80%,64øF (Wall),65øF (Ambient2),Comfort
9-Apr,21:45:16,66.20øF,30.90%,64øF (Wall),65øF (Ambient2),Comfort
9-Apr,21:45:18,66.20øF,30.90%,64øF (Wall),65øF (Ambient2),Comfort
9-Apr,21:45:20,66.20øF,31.00%,64øF (Wall),65øF (Ambient2),Comfort
9-Apr,21:45:22,66.20øF,31.00%,64øF (Wall),65øF (Ambient2),Comfort
9-Apr,21:45:25,66.20øF,31.10%,64øF (Wall),65øF (Ambient2),Comfort
9-Apr,21:45:27,66.20øF,31.10%,64øF (Wall),65øF (Ambient2),Comfort
9-Apr,21:45:29,66.20øF,31.20%,64øF (Wall),65øF (Ambient2),Comfort
9-Apr,21:45:31,66.20øF,31.30%,64øF (Wall),65øF (Ambient2),Comfort
9-Apr,21:45:33,66.20øF,31.30%,64øF (Wall),65øF (Ambient2),Comfort
9-Apr,21:45:35,66.20øF,31.40%,64øF (Wall),65øF (Ambient2),Comfort
9-Apr,21:45:37,66.20øF,31.50%,64øF (Wall),65øF (Ambient2),Comfort
9-Apr,21:45:39,66.20øF,31.50%,64øF (Wall),65øF (Ambient2),Comfort
9-Apr,21:45:41,66.20øF,31.50%,64øF (Wall),65øF (Ambient2),Comfort
9-Apr,21:45:43,66.20øF,31.50%,64øF (Wall),65øF (Ambient2),Comfort
9-Apr,21:45:45,66.20øF,31.50%,64øF (Wall),65øF (Ambient2),Comfort
9-Apr,21:45:47,66.20øF,31.50%,64øF (Wall),65øF (Ambient2),Comfort
9-Apr,21:45:49,66.20øF,31.50%,64øF (Wall),65øF (Ambient2),Comfort
9-Apr,21:45:51,66.20øF,31.60%,64øF (Wall),65øF (Ambient2),Comfort
9-Apr,21:45:53,66.20øF,31.60%,64øF (Wall),65øF (Ambient2),Comfort
9-Apr,21:45:55,66.20øF,31.60%,64øF (Wall),65øF (Ambient2),Comfort
9-Apr,21:45:57,66.20øF,31.60%,64øF (Wall),65øF (Ambient2),Comfort
9-Apr,21:45:59,66.20øF,31.60%,64øF (Wall),65øF (Ambient2),Comfort
9-Apr,21:46:01,66.20øF,31.60%,64øF (Wall),65øF (Ambient2),Comfort
9-Apr,21:46:03,66.20øF,31.60%,64øF (Wall),65øF (Ambient2),Comfort
9-Apr,21:46:05,66.20øF,31.60%,64øF (Wall),65øF (Ambient2),Comfort
9-Apr,21:46:07,66.20øF,31.60%,64øF (Wall),65øF (Ambient2),Comfort
9-Apr,21:46:09,66.20øF,31.60%,64øF (Wall),65øF (Ambient2),Comfort
9-Apr,21:46:11,66.20øF,31.70%,64øF (Wall),65øF (Ambient2),Comfort
9-Apr,21:46:13,66.20øF,31.70%,64øF (Wall),65øF (Ambient2),Comfort
9-Apr,21:46:15,66.20øF,31.70%,64øF (Wall),65øF (Ambient2),Comfort
9-Apr,21:46:17,66.20øF,31.70%,64øF (Wall),65øF (Ambient2),Comfort
9-Apr,21:46:20,66.20øF,31.70%,64øF (Wall),65øF (Ambient2),Comfort
9-Apr,21:46:22,66.02øF,31.70%,64øF (Wall),65øF (Ambient2),Comfort
9-Apr,21:46:24,66.02øF,31.70%,64øF (Wall),65øF (Ambient2),Comfort
9-Apr,21:46:26,66.20øF,31.70%,64øF (Wall),65øF (Ambient2),Comfort
9-Apr,21:46:28,66.02øF,31.70%,64øF (Wall),65øF (Ambient2),Comfort
9-Apr,21:46:30,66.02øF,31.70%,64øF (Wall),65øF (Ambient2),Comfort
9-Apr,21:46:32,66.02øF,31.70%,64øF (Wall),65øF (Ambient2),Comfort
9-Apr,21:46:34,66.02øF,31.70%,64øF (Wall),65øF (Ambient2),Comfort
9-Apr,21:46:36,66.02øF,31.80%,64øF (Wall),65øF (Ambient2),Comfort
9-Apr,21:46:38,66.02øF,31.80%,64øF (Wall),65øF (Ambient2),Comfort
9-Apr,21:46:40,66.02øF,31.90%,64øF (Wall),65øF (Ambient2),Comfort
9-Apr,21:46:42,66.02øF,31.90%,64øF (Wall),65øF (Ambient2),Comfort
9-Apr,21:46:44,66.02øF,31.90%,64øF (Wall),65øF (Ambient2),Comfort
9-Apr,21:46:46,66.02øF,31.90%,64øF (Wall),65øF (Ambient2),Comfort
9-Apr,21:46:48,66.02øF,31.90%,64øF (Wall),65øF (Ambient2),Comfort
9-Apr,21:46:50,66.02øF,31.90%,64øF (Wall),65øF (Ambient2),Comfort
9-Apr,21:46:52,66.02øF,31.90%,64øF (Wall),65øF (Ambient2),Comfort
9-Apr,21:46:54,66.02øF,31.90%,64øF (Wall),65øF (Ambient2),Comfort
9-Apr,21:46:56,66.02øF,32.00%,64øF (Wall),65øF (Ambient2),Comfort
9-Apr,21:46:58,66.02øF,32.00%,64øF (Wall),65øF (Ambient2),Comfort
9-Apr,21:47:00,66.02øF,32.00%,64øF (Wall),65øF (Ambient2),Comfort
9-Apr,21:47:02,66.02øF,32.00%,64øF (Wall),65øF (Ambient2),Comfort
9-Apr,21:47:04,66.02øF,32.00%,64øF (Wall),65øF (Ambient2),Comfort
9-Apr,21:47:06,66.02øF,32.10%,64øF (Wall),65øF (Ambient2),Comfort
9-Apr,21:47:08,66.02øF,32.10%,64øF (Wall),65øF (Ambient2),Comfort
9-Apr,21:47:10,66.02øF,32.20%,64øF (Wall),65øF (Ambient2),Comfort
9-Apr,21:47:13,66.02øF,32.20%,64øF (Wall),65øF (Ambient2),Comfort
9-Apr,21:47:15,66.02øF,32.20%,64øF (Wall),65øF (Ambient2),Comfort
9-Apr,21:47:17,66.02øF,32.10%,64øF (Wall),65øF (Ambient2),Comfort
9-Apr,21:47:19,66.02øF,32.00%,64øF (Wall),65øF (Ambient2),Comfort
9-Apr,21:47:21,66.02øF,32.00%,64øF (Wall),65øF (Ambient2),Comfort
9-Apr,21:47:23,66.02øF,32.00%,64øF (Wall),65øF (Ambient2),Comfort
9-Apr,21:47:25,66.02øF,32.00%,64øF (Wall),65øF (Ambient2),Comfort
9-Apr,21:47:27,66.02øF,32.00%,64øF (Wall),65øF (Ambient2),Comfort
9-Apr,21:47:29,66.02øF,32.00%,64øF (Wall),65øF (Ambient2),Comfort
9-Apr,21:47:31,66.02øF,32.00%,64øF (Wall),65øF (Ambient2),Comfort
9-Apr,21:47:33,66.02øF,32.10%,64øF (Wall),65øF (Ambient2),Comfort
9-Apr,21:47:35,66.02øF,32.10%,64øF (Wall),65øF (Ambient2),Comfort
9-Apr,21:47:37,66.02øF,32.10%,64øF (Wall),65øF (Ambient2),Comfort
9-Apr,21:47:39,66.02øF,32.10%,64øF (Wall),65øF (Ambient2),Comfort
9-Apr,21:47:41,66.02øF,32.10%,64øF (Wall),65øF (Ambient2),Comfort
9-Apr,21:47:43,66.02øF,32.20%,64øF (Wall),65øF (Ambient2),Comfort
9-Apr,21:47:45,66.02øF,32.20%,64øF (Wall),65øF (Ambient2),Comfort
9-Apr,21:47:47,66.02øF,32.20%,64øF (Wall),65øF (Ambient2),Comfort
9-Apr,21:47:49,66.02øF,32.30%,64øF (Wall),65øF (Ambient2),Comfort
9-Apr,21:47:51,66.02øF,32.30%,64øF (Wall),65øF (Ambient2),Comfort
9-Apr,21:47:53,66.02øF,32.30%,64øF (Wall),65øF (Ambient2),Comfort
9-Apr,21:47:55,66.02øF,32.30%,64øF (Wall),65øF (Ambient2),Comfort
9-Apr,21:47:57,66.02øF,32.30%,64øF (Wall),65øF (Ambient2),Comfort
9-Apr,21:47:59,66.02øF,32.40%,64øF (Wall),65øF (Ambient2),Comfort
9-Apr,21:48:01,66.02øF,32.40%,64øF (Wall),65øF (Ambient2),Comfort
9-Apr,21:48:03,66.02øF,32.40%,64øF (Wall),65øF (Ambient2),Comfort
9-Apr,21:48:06,66.02øF,32.50%,64øF (Wall),65øF (Ambient2),Comfort
9-Apr,21:48:08,66.02øF,32.50%,64øF (Wall),65øF (Ambient2),Comfort
9-Apr,21:48:10,66.02øF,32.40%,64øF (Wall),65øF (Ambient2),Comfort
9-Apr,21:48:12,66.02øF,32.30%,64øF (Wall),65øF (Ambient2),Comfort
9-Apr,21:48:14,66.02øF,32.30%,64øF (Wall),65øF (Ambient2),Comfort
9-Apr,21:48:16,66.02øF,32.40%,64øF (Wall),65øF (Ambient2),Comfort
9-Apr,21:48:18,66.02øF,32.40%,64øF (Wall),65øF (Ambient2),Comfort
9-Apr,21:48:20,65.84øF,32.40%,64øF (Wall),65øF (Ambient2),Comfort
9-Apr,21:48:22,66.02øF,32.50%,64øF (Wall),65øF (Ambient2),Comfort
9-Apr,21:48:24,66.02øF,32.60%,64øF (Wall),65øF (Ambient2),Comfort
9-Apr,21:48:26,66.02øF,32.60%,64øF (Wall),65øF (Ambient2),Comfort
9-Apr,21:48:28,66.02øF,32.70%,64øF (Wall),65øF (Ambient2),Comfort
9-Apr,21:48:30,66.02øF,32.70%,64øF (Wall),65øF (Ambient2),Comfort
9-Apr,21:48:32,66.02øF,32.70%,64øF (Wall),65øF (Ambient2),Comfort
9-Apr,21:48:34,66.02øF,32.70%,64øF (Wall),65øF (Ambient2),Comfort
9-Apr,21:48:36,66.02øF,32.70%,64øF (Wall),65øF (Ambient2),Comfort
9-Apr,21:48:38,66.02øF,32.70%,64øF (Wall),65øF (Ambient2),Comfort
9-Apr,21:48:40,65.84øF,32.50%,64øF (Wall),65øF (Ambient2),Comfort
9-Apr,21:48:42,66.02øF,32.50%,64øF (Wall),65øF (Ambient2),Comfort
9-Apr,21:48:44,66.02øF,32.50%,64øF (Wall),65øF (Ambient2),Comfort
9-Apr,21:48:46,65.84øF,32.50%,64øF (Wall),65øF (Ambient2),Comfort
9-Apr,21:48:48,66.02øF,32.50%,64øF (Wall),65øF (Ambient2),Comfort
9-Apr,21:48:50,65.84øF,32.50%,64øF (Wall),65øF (Ambient2),Comfort
9-Apr,21:48:52,65.84øF,32.50%,64øF (Wall),65øF (Ambient2),Comfort
9-Apr,21:48:54,65.84øF,32.50%,64øF (Wall),65øF (Ambient2),Comfort
9-Apr,21:48:56,65.84øF,32.50%,64øF (Wall),65øF (Ambient2),Comfort
9-Apr,21:48:59,65.84øF,32.50%,64øF (Wall),65øF (Ambient2),Comfort
9-Apr,21:49:01,65.84øF,32.50%,64øF (Wall),65øF (Ambient2),Comfort
9-Apr,21:49:03,65.84øF,32.50%,64øF (Wall),65øF (Ambient2),Comfort
9-Apr,21:49:05,65.84øF,32.60%,64øF (Wall),65øF (Ambient2),Comfort
9-Apr,21:49:07,65.84øF,32.60%,64øF (Wall),65øF (Ambient2),Comfort
9-Apr,21:49:09,65.84øF,32.50%,64øF (Wall),65øF (Ambient2),Comfort
9-Apr,21:49:11,65.84øF,32.50%,64øF (Wall),65øF (Ambient2),Comfort
9-Apr,21:49:13,65.84øF,32.50%,64øF (Wall),65øF (Ambient2),Comfort
9-Apr,21:49:15,65.84øF,32.40%,64øF (Wall),65øF (Ambient2),Comfort
9-Apr,21:49:17,65.84øF,32.30%,64øF (Wall),65øF (Ambient2),Comfort
9-Apr,21:49:19,65.84øF,32.30%,64øF (Wall),65øF (Ambient2),Comfort
9-Apr,21:49:21,65.84øF,32.30%,64øF (Wall),65øF (Ambient2),Comfort
9-Apr,21:49:23,65.84øF,32.30%,64øF (Wall),65øF (Ambient2),Comfort
9-Apr,21:49:25,65.84øF,32.30%,64øF (Wall),65øF (Ambient2),Comfort
9-Apr,21:49:27,65.84øF,32.30%,64øF (Wall),65øF (Ambient2),Comfort
9-Apr,21:49:29,65.84øF,32.30%,64øF (Wall),65øF (Ambient2),Comfort
9-Apr,21:49:31,65.84øF,32.30%,64øF (Wall),65øF (Ambient2),Comfort
9-Apr,21:49:33,65.84øF,32.40%,64øF (Wall),65øF (Ambient2),Comfort
9-Apr,21:49:35,65.84øF,32.40%,64øF (Wall),65øF (Ambient2),Comfort
9-Apr,21:49:37,65.84øF,32.50%,64øF (Wall),65øF (Ambient2),Comfort
9-Apr,21:49:39,65.84øF,32.50%,64øF (Wall),65øF (Ambient2),Comfort
9-Apr,21:49:41,65.84øF,32.50%,64øF (Wall),65øF (Ambient2),Comfort
9-Apr,21:49:43,65.84øF,32.60%,64øF (Wall),65øF (Ambient2),Comfort
9-Apr,21:49:45,65.84øF,32.60%,64øF (Wall),65øF (Ambient2),Comfort
9-Apr,21:49:47,65.84øF,32.60%,64øF (Wall),65øF (Ambient2),Comfort
9-Apr,21:49:49,65.84øF,32.70%,64øF (Wall),65øF (Ambient2),Comfort
9-Apr,21:49:52,65.84øF,32.70%,64øF (Wall),65øF (Ambient2),Comfort
9-Apr,21:49:54,65.84øF,32.70%,64øF (Wall),65øF (Ambient2),Comfort
9-Apr,21:49:56,65.84øF,32.80%,64øF (Wall),65øF (Ambient2),Comfort
9-Apr,21:49:58,65.84øF,32.80%,64øF (Wall),65øF (Ambient2),Comfort
9-Apr,21:50:00,65.84øF,32.80%,64øF (Wall),65øF (Ambient2),Comfort
9-Apr,21:50:02,65.84øF,32.80%,64øF (Wall),65øF (Ambient2),Comfort
9-Apr,21:50:04,65.84øF,32.80%,64øF (Wall),65øF (Ambient2),Comfort
9-Apr,21:50:06,65.84øF,32.80%,64øF (Wall),65øF (Ambient2),Comfort
9-Apr,21:50:08,65.84øF,32.80%,64øF (Wall),65øF (Ambient2),Comfort
9-Apr,21:50:10,65.84øF,32.80%,64øF (Wall),65øF (Ambient2),Comfort
9-Apr,21:50:12,65.84øF,32.80%,64øF (Wall),65øF (Ambient2),Comfort
9-Apr,21:50:14,65.84øF,32.90%,64øF (Wall),65øF (Ambient2),Comfort
9-Apr,21:50:16,65.84øF,32.90%,64øF (Wall),65øF (Ambient2),Comfort
9-Apr,21:50:18,65.84øF,32.90%,64øF (Wall),65øF (Ambient2),Comfort
9-Apr,21:50:20,65.84øF,33.00%,64øF (Wall),65øF (Ambient2),Comfort
9-Apr,21:50:22,65.84øF,33.00%,64øF (Wall),65øF (Ambient2),Comfort
9-Apr,21:50:24,65.84øF,33.00%,64øF (Wall),65øF (Ambient2),Comfort
9-Apr,21:50:26,65.84øF,33.00%,64øF (Wall),65øF (Ambient2),Comfort
9-Apr,21:50:28,65.84øF,33.00%,64øF (Wall),65øF (Ambient2),Comfort
9-Apr,21:50:30,65.84øF,33.10%,64øF (Wall),65øF (Ambient2),Comfort
9-Apr,21:50:32,65.84øF,33.10%,64øF (Wall),65øF (Ambient2),Comfort
9-Apr,21:50:34,65.84øF,33.10%,64øF (Wall),65øF (Ambient2),Comfort
9-Apr,21:50:36,65.84øF,33.20%,64øF (Wall),65øF (Ambient2),Comfort
9-Apr,21:50:38,65.84øF,33.20%,64øF (Wall),65øF (Ambient2),Comfort
9-Apr,21:50:40,65.84øF,33.20%,64øF (Wall),65øF (Ambient2),Comfort
9-Apr,21:50:42,65.84øF,33.20%,64øF (Wall),65øF (Ambient2),Comfort
9-Apr,21:50:45,65.84øF,33.20%,64øF (Wall),65øF (Ambient2),Comfort
9-Apr,21:50:47,65.84øF,33.20%,64øF (Wall),65øF (Ambient2),Comfort
9-Apr,21:50:49,65.84øF,33.20%,64øF (Wall),65øF (Ambient2),Comfort
9-Apr,21:50:51,65.84øF,33.20%,64øF (Wall),65øF (Ambient2),Comfort
9-Apr,21:50:53,65.84øF,33.20%,64øF (Wall),65øF (Ambient2),Comfort
9-Apr,21:50:55,65.84øF,33.20%,64øF (Wall),65øF (Ambient2),Comfort
9-Apr,21:50:57,65.84øF,33.20%,64øF (Wall),65øF (Ambient2),Comfort
9-Apr,21:50:59,65.84øF,33.20%,64øF (Wall),65øF (Ambient2),Comfort
9-Apr,21:51:01,65.84øF,33.20%,64øF (Wall),65øF (Ambient2),Comfort
9-Apr,21:51:03,65.66øF,33.20%,64øF (Wall),65øF (Ambient2),Comfort
9-Apr,21:51:05,65.66øF,33.20%,64øF (Wall),65øF (Ambient2),Comfort
9-Apr,21:51:07,65.66øF,33.20%,64øF (Wall),65øF (Ambient2),Comfort
9-Apr,21:51:09,65.66øF,33.20%,64øF (Wall),65øF (Ambient2),Comfort
9-Apr,21:51:11,65.66øF,33.20%,64øF (Wall),65øF (Ambient2),Comfort
9-Apr,21:51:13,65.66øF,33.30%,64øF (Wall),65øF (Ambient2),Comfort
9-Apr,21:51:15,65.66øF,33.30%,64øF (Wall),65øF (Ambient2),Comfort
9-Apr,21:51:17,65.66øF,33.30%,64øF (Wall),65øF (Ambient2),Comfort
9-Apr,21:51:19,65.66øF,33.40%,64øF (Wall),65øF (Ambient2),Comfort
9-Apr,21:51:21,65.66øF,33.40%,64øF (Wall),65øF (Ambient2),Comfort
9-Apr,21:51:23,65.66øF,33.40%,64øF (Wall),65øF (Ambient2),Comfort
9-Apr,21:51:25,65.66øF,33.30%,64øF (Wall),65øF (Ambient2),Comfort
9-Apr,21:51:27,65.66øF,33.30%,64øF (Wall),65øF (Ambient2),Comfort
9-Apr,21:51:29,65.66øF,33.20%,64øF (Wall),65øF (Ambient2),Comfort
9-Apr,21:51:31,65.66øF,33.20%,64øF (Wall),65øF (Ambient2),Comfort
9-Apr,21:51:33,65.66øF,33.20%,64øF (Wall),65øF (Ambient2),Comfort
9-Apr,21:51:35,65.66øF,33.20%,64øF (Wall),65øF (Ambient2),Comfort
9-Apr,21:51:38,65.66øF,33.20%,64øF (Wall),65øF (Ambient2),Comfort
9-Apr,21:51:40,65.66øF,33.20%,64øF (Wall),65øF (Ambient2),Comfort
9-Apr,21:51:42,65.66øF,33.20%,64øF (Wall),65øF (Ambient2),Comfort
9-Apr,21:51:44,65.66øF,33.30%,64øF (Wall),65øF (Ambient2),Comfort
9-Apr,21:51:46,65.66øF,33.30%,64øF (Wall),65øF (Ambient2),Comfort
9-Apr,21:51:48,65.66øF,33.30%,64øF (Wall),65øF (Ambient2),Comfort
9-Apr,21:51:50,65.66øF,33.30%,64øF (Wall),65øF (Ambient2),Comfort
9-Apr,21:51:52,65.66øF,33.30%,64øF (Wall),65øF (Ambient2),Comfort
9-Apr,21:51:54,65.66øF,33.20%,64øF (Wall),65øF (Ambient2),Comfort
9-Apr,21:51:56,65.66øF,33.20%,65øF (Wall),65øF (Ambient2),Comfort
9-Apr,21:51:58,65.66øF,33.20%,64øF (Wall),65øF (Ambient2),Comfort
9-Apr,21:52:00,65.66øF,33.20%,64øF (Wall),65øF (Ambient2),Comfort
9-Apr,21:52:02,65.66øF,33.20%,64øF (Wall),65øF (Ambient2),Comfort
9-Apr,21:52:04,65.66øF,33.20%,64øF (Wall),65øF (Ambient2),Comfort
9-Apr,21:52:06,65.66øF,33.20%,64øF (Wall),65øF (Ambient2),Comfort
9-Apr,21:52:08,65.66øF,33.20%,64øF (Wall),65øF (Ambient2),Comfort
9-Apr,21:52:10,65.66øF,33.20%,64øF (Wall),65øF (Ambient2),Comfort
9-Apr,21:52:12,65.66øF,33.20%,64øF (Wall),65øF (Ambient2),Comfort
9-Apr,21:52:14,65.66øF,33.20%,64øF (Wall),65øF (Ambient2),Comfort
9-Apr,21:52:16,65.66øF,33.20%,64øF (Wall),65øF (Ambient2),Comfort
9-Apr,21:52:18,65.66øF,33.20%,64øF (Wall),65øF (Ambient2),Comfort
9-Apr,21:52:20,65.66øF,33.30%,64øF (Wall),65øF (Ambient2),Comfort
9-Apr,21:52:22,65.66øF,33.30%,64øF (Wall),65øF (Ambient2),Comfort
9-Apr,21:52:24,65.66øF,33.30%,64øF (Wall),65øF (Ambient2),Comfort
9-Apr,21:52:26,65.66øF,33.30%,64øF (Wall),65øF (Ambient2),Comfort
9-Apr,21:52:28,65.66øF,33.40%,64øF (Wall),65øF (Ambient2),Comfort
9-Apr,21:52:30,65.66øF,33.40%,64øF (Wall),65øF (Ambient2),Comfort
9-Apr,21:52:33,65.66øF,33.40%,64øF (Wall),65øF (Ambient2),Comfort
9-Apr,21:52:35,65.66øF,33.40%,64øF (Wall),65øF (Ambient2),Comfort
9-Apr,21:52:37,65.66øF,33.50%,64øF (Wall),65øF (Ambient2),Comfort
9-Apr,21:52:39,65.66øF,33.50%,64øF (Wall),65øF (Ambient2),Comfort
9-Apr,21:52:41,65.66øF,33.50%,64øF (Wall),65øF (Ambient2),Comfort
9-Apr,21:52:43,65.66øF,33.50%,64øF (Wall),65øF (Ambient2),Comfort
9-Apr,21:52:45,65.66øF,33.50%,64øF (Wall),65øF (Ambient2),Comfort
9-Apr,21:52:47,65.66øF,33.50%,64øF (Wall),65øF (Ambient2),Comfort
9-Apr,21:52:49,65.66øF,33.50%,64øF (Wall),65øF (Ambient2),Comfort
9-Apr,21:52:51,65.66øF,33.40%,64øF (Wall),65øF (Ambient2),Comfort
9-Apr,21:52:53,65.66øF,33.40%,64øF (Wall),65øF (Ambient2),Comfort
9-Apr,21:52:55,65.66øF,33.40%,64øF (Wall),65øF (Ambient2),Comfort
9-Apr,21:52:57,65.66øF,33.30%,64øF (Wall),65øF (Ambient2),Comfort
9-Apr,21:52:59,65.66øF,33.30%,64øF (Wall),65øF (Ambient2),Comfort
9-Apr,21:53:01,65.66øF,33.30%,64øF (Wall),65øF (Ambient2),Comfort
9-Apr,21:53:03,65.66øF,33.30%,64øF (Wall),65øF (Ambient2),Comfort
9-Apr,21:53:05,65.66øF,33.40%,64øF (Wall),65øF (Ambient2),Comfort
9-Apr,21:53:07,65.66øF,33.40%,64øF (Wall),65øF (Ambient2),Comfort
9-Apr,21:53:09,65.66øF,33.40%,64øF (Wall),65øF (Ambient2),Comfort
9-Apr,21:53:11,65.66øF,33.50%,64øF (Wall),65øF (Ambient2),Comfort
9-Apr,21:53:13,65.66øF,33.50%,64øF (Wall),65øF (Ambient2),Comfort
9-Apr,21:53:15,65.66øF,33.50%,64øF (Wall),65øF (Ambient2),Comfort
9-Apr,21:53:17,65.66øF,33.60%,64øF (Wall),65øF (Ambient2),Comfort
9-Apr,21:53:19,65.66øF,33.60%,64øF (Wall),65øF (Ambient2),Comfort
9-Apr,21:53:21,65.66øF,33.60%,64øF (Wall),65øF (Ambient2),Comfort
9-Apr,21:53:23,65.66øF,33.60%,64øF (Wall),65øF (Ambient2),Comfort
9-Apr,21:53:26,65.66øF,33.60%,64øF (Wall),65øF (Ambient2),Comfort
9-Apr,21:53:28,65.66øF,33.60%,64øF (Wall),65øF (Ambient2),Comfort
9-Apr,21:53:30,65.66øF,33.50%,64øF (Wall),65øF (Ambient2),Comfort
9-Apr,21:53:32,65.66øF,33.60%,64øF (Wall),65øF (Ambient2),Comfort
9-Apr,21:53:34,65.66øF,33.50%,64øF (Wall),65øF (Ambient2),Comfort
9-Apr,21:53:36,65.66øF,33.50%,64øF (Wall),65øF (Ambient2),Comfort
9-Apr,21:53:38,65.66øF,33.50%,64øF (Wall),65øF (Ambient2),Comfort
9-Apr,21:53:40,65.66øF,33.50%,64øF (Wall),65øF (Ambient2),Comfort
9-Apr,21:53:42,65.66øF,33.50%,64øF (Wall),65øF (Ambient2),Comfort
9-Apr,21:53:44,65.66øF,33.50%,64øF (Wall),65øF (Ambient2),Comfort
9-Apr,21:53:46,65.66øF,33.40%,64øF (Wall),65øF (Ambient2),Comfort
9-Apr,21:53:48,65.66øF,33.40%,64øF (Wall),65øF (Ambient2),Comfort
9-Apr,21:53:50,65.66øF,33.50%,64øF (Wall),65øF (Ambient2),Comfort
9-Apr,21:53:52,65.66øF,33.50%,64øF (Wall),65øF (Ambient2),Comfort
9-Apr,21:53:54,65.66øF,33.50%,64øF (Wall),65øF (Ambient2),Comfort
9-Apr,21:53:56,65.66øF,33.50%,64øF (Wall),65øF (Ambient2),Comfort
9-Apr,21:53:58,65.66øF,33.50%,64øF (Wall),65øF (Ambient2),Comfort
9-Apr,21:54:00,65.66øF,33.50%,64øF (Wall),65øF (Ambient2),Comfort
9-Apr,21:54:02,65.66øF,33.60%,64øF (Wall),65øF (Ambient2),Comfort
9-Apr,21:54:04,65.66øF,33.60%,64øF (Wall),65øF (Ambient2),Comfort
9-Apr,21:54:06,65.66øF,33.60%,64øF (Wall),65øF (Ambient2),Comfort
9-Apr,21:54:08,65.66øF,33.60%,64øF (Wall),65øF (Ambient2),Comfort
9-Apr,21:54:10,65.66øF,33.60%,64øF (Wall),65øF (Ambient2),Comfort
9-Apr,21:54:12,65.66øF,33.60%,64øF (Wall),65øF (Ambient2),Comfort
9-Apr,21:54:14,65.66øF,33.70%,64øF (Wall),65øF (Ambient2),Comfort
9-Apr,21:54:16,65.66øF,33.70%,64øF (Wall),65øF (Ambient2),Comfort
9-Apr,21:54:19,65.66øF,33.70%,64øF (Wall),65øF (Ambient2),Comfort
9-Apr,21:54:21,65.66øF,33.60%,64øF (Wall),65øF (Ambient2),Comfort
9-Apr,21:54:23,65.66øF,33.60%,64øF (Wall),65øF (Ambient2),Comfort
9-Apr,21:54:25,65.66øF,33.50%,64øF (Wall),65øF (Ambient2),Comfort
9-Apr,21:54:27,65.66øF,33.40%,64øF (Wall),65øF (Ambient2),Comfort
9-Apr,21:54:29,65.66øF,33.30%,64øF (Wall),65øF (Ambient2),Comfort
9-Apr,21:54:31,65.66øF,33.30%,64øF (Wall),65øF (Ambient2),Comfort
9-Apr,21:54:33,65.66øF,33.40%,64øF (Wall),65øF (Ambient2),Comfort
9-Apr,21:54:35,65.66øF,33.40%,64øF (Wall),65øF (Ambient2),Comfort
9-Apr,21:54:37,65.66øF,33.40%,64øF (Wall),65øF (Ambient2),Comfort
9-Apr,21:54:39,65.66øF,33.40%,64øF (Wall),65øF (Ambient2),Comfort
9-Apr,21:54:41,65.48øF,33.30%,64øF (Wall),65øF (Ambient2),Comfort
9-Apr,21:54:43,65.66øF,33.30%,64øF (Wall),65øF (Ambient2),Comfort
9-Apr,21:54:45,65.66øF,33.30%,64øF (Wall),65øF (Ambient2),Comfort
9-Apr,21:54:47,65.66øF,33.30%,64øF (Wall),65øF (Ambient2),Comfort
9-Apr,21:54:49,65.66øF,33.30%,64øF (Wall),65øF (Ambient2),Comfort
9-Apr,21:54:51,65.48øF,33.20%,64øF (Wall),65øF (Ambient2),Comfort
9-Apr,21:54:53,65.66øF,33.30%,64øF (Wall),65øF (Ambient2),Comfort
9-Apr,21:54:55,65.66øF,33.40%,64øF (Wall),65øF (Ambient2),Comfort
9-Apr,21:54:57,65.66øF,33.40%,64øF (Wall),65øF (Ambient2),Comfort
9-Apr,21:54:59,65.48øF,33.30%,64øF (Wall),65øF (Ambient2),Comfort
9-Apr,21:55:01,65.66øF,33.30%,64øF (Wall),65øF (Ambient2),Comfort
9-Apr,21:55:03,65.66øF,33.30%,64øF (Wall),65øF (Ambient2),Comfort
9-Apr,21:55:05,65.66øF,33.30%,64øF (Wall),65øF (Ambient2),Comfort
9-Apr,21:55:07,65.48øF,33.30%,64øF (Wall),65øF (Ambient2),Comfort
9-Apr,21:55:09,65.66øF,33.40%,64øF (Wall),65øF (Ambient2),Comfort
9-Apr,21:55:12,65.66øF,33.40%,64øF (Wall),65øF (Ambient2),Comfort
9-Apr,21:55:14,65.48øF,33.40%,64øF (Wall),65øF (Ambient2),Comfort
9-Apr,21:55:16,65.66øF,33.50%,64øF (Wall),65øF (Ambient2),Comfort
9-Apr,21:55:18,65.66øF,33.50%,64øF (Wall),65øF (Ambient2),Comfort
9-Apr,21:55:20,65.48øF,33.40%,64øF (Wall),65øF (Ambient2),Comfort
9-Apr,21:55:22,65.66øF,33.50%,64øF (Wall),65øF (Ambient2),Comfort
9-Apr,21:55:24,65.48øF,33.40%,64øF (Wall),65øF (Ambient2),Comfort
9-Apr,21:55:26,65.66øF,33.40%,64øF (Wall),65øF (Ambient2),Comfort
9-Apr,21:55:28,65.66øF,33.30%,64øF (Wall),65øF (Ambient2),Comfort
9-Apr,21:55:30,65.48øF,33.20%,64øF (Wall),65øF (Ambient2),Comfort
9-Apr,21:55:32,65.66øF,33.20%,64øF (Wall),65øF (Ambient2),Comfort
9-Apr,21:55:34,65.48øF,33.00%,64øF (Wall),65øF (Ambient2),Comfort
9-Apr,21:55:36,65.48øF,32.90%,64øF (Wall),65øF (Ambient2),Comfort
9-Apr,21:55:38,65.48øF,32.90%,64øF (Wall),65øF (Ambient2),Comfort
9-Apr,21:55:40,65.48øF,32.80%,64øF (Wall),65øF (Ambient2),Comfort
9-Apr,21:55:42,65.48øF,32.80%,64øF (Wall),65øF (Ambient2),Comfort
9-Apr,21:55:44,65.48øF,32.70%,64øF (Wall),65øF (Ambient2),Comfort
9-Apr,21:55:46,65.48øF,32.70%,64øF (Wall),65øF (Ambient2),Comfort
9-Apr,21:55:48,65.48øF,32.70%,64øF (Wall),65øF (Ambient2),Comfort
9-Apr,21:55:50,65.48øF,32.70%,64øF (Wall),65øF (Ambient2),Comfort
9-Apr,21:55:52,65.48øF,32.70%,64øF (Wall),65øF (Ambient2),Comfort
9-Apr,21:55:54,65.48øF,32.70%,64øF (Wall),65øF (Ambient2),Comfort
9-Apr,21:55:56,65.48øF,32.70%,64øF (Wall),65øF (Ambient2),Comfort
9-Apr,21:55:58,65.48øF,32.70%,64øF (Wall),65øF (Ambient2),Comfort
9-Apr,21:56:00,65.48øF,32.70%,64øF (Wall),65øF (Ambient2),Comfort
9-Apr,21:56:02,65.48øF,32.70%,64øF (Wall),65øF (Ambient2),Comfort
9-Apr,21:56:05,65.48øF,32.80%,64øF (Wall),65øF (Ambient2),Comfort
9-Apr,21:56:07,65.48øF,32.80%,64øF (Wall),65øF (Ambient2),Comfort
9-Apr,21:56:09,65.48øF,32.90%,64øF (Wall),65øF (Ambient2),Comfort
9-Apr,21:56:11,65.48øF,32.90%,64øF (Wall),65øF (Ambient2),Comfort
9-Apr,21:56:13,65.48øF,32.90%,64øF (Wall),65øF (Ambient2),Comfort
9-Apr,21:56:15,65.48øF,32.90%,64øF (Wall),65øF (Ambient2),Comfort
9-Apr,21:56:17,65.48øF,32.90%,64øF (Wall),65øF (Ambient2),Comfort
9-Apr,21:56:19,65.48øF,33.00%,64øF (Wall),65øF (Ambient2),Comfort
9-Apr,21:56:21,65.48øF,33.00%,64øF (Wall),65øF (Ambient2),Comfort
9-Apr,21:56:23,65.48øF,33.00%,64øF (Wall),65øF (Ambient2),Comfort
9-Apr,21:56:25,65.48øF,33.00%,64øF (Wall),65øF (Ambient2),Comfort
9-Apr,21:56:27,65.48øF,33.00%,64øF (Wall),65øF (Ambient2),Comfort
9-Apr,21:56:29,65.48øF,33.00%,64øF (Wall),65øF (Ambient2),Comfort
9-Apr,21:56:31,65.48øF,33.00%,64øF (Wall),65øF (Ambient2),Comfort
9-Apr,21:56:33,65.48øF,32.90%,64øF (Wall),65øF (Ambient2),Comfort
9-Apr,21:56:35,65.48øF,32.80%,64øF (Wall),65øF (Ambient2),Comfort
9-Apr,21:56:37,65.48øF,32.70%,64øF (Wall),65øF (Ambient2),Comfort
9-Apr,21:56:39,65.48øF,32.60%,64øF (Wall),65øF (Ambient2),Comfort
9-Apr,21:56:41,65.48øF,32.60%,64øF (Wall),65øF (Ambient2),Comfort
9-Apr,21:56:43,65.48øF,32.60%,64øF (Wall),65øF (Ambient2),Comfort
9-Apr,21:56:45,65.48øF,32.60%,64øF (Wall),65øF (Ambient2),Comfort
9-Apr,21:56:47,65.48øF,32.70%,64øF (Wall),65øF (Ambient2),Comfort
9-Apr,21:56:49,65.48øF,32.70%,64øF (Wall),65øF (Ambient2),Comfort
9-Apr,21:56:51,65.48øF,32.70%,64øF (Wall),65øF (Ambient2),Comfort
9-Apr,21:56:53,65.48øF,32.70%,64øF (Wall),65øF (Ambient2),Comfort
9-Apr,21:56:55,65.48øF,32.60%,64øF (Wall),65øF (Ambient2),Comfort
9-Apr,21:56:58,65.48øF,32.60%,64øF (Wall),65øF (Ambient2),Comfort
9-Apr,21:57:00,65.48øF,32.60%,64øF (Wall),65øF (Ambient2),Comfort
9-Apr,21:57:02,65.48øF,32.60%,64øF (Wall),65øF (Ambient2),Comfort
9-Apr,21:57:04,65.48øF,32.60%,64øF (Wall),65øF (Ambient2),Comfort
9-Apr,21:57:06,65.48øF,32.60%,64øF (Wall),65øF (Ambient2),Comfort
9-Apr,21:57:08,65.48øF,32.60%,64øF (Wall),65øF (Ambient2),Comfort
9-Apr,21:57:10,65.48øF,32.60%,64øF (Wall),65øF (Ambient2),Comfort
9-Apr,21:57:12,65.48øF,32.60%,64øF (Wall),65øF (Ambient2),Comfort
9-Apr,21:57:14,65.48øF,32.70%,64øF (Wall),65øF (Ambient2),Comfort
9-Apr,21:57:16,65.48øF,32.70%,64øF (Wall),65øF (Ambient2),Comfort
9-Apr,21:57:18,65.48øF,32.70%,64øF (Wall),65øF (Ambient2),Comfort
9-Apr,21:57:20,65.48øF,32.70%,64øF (Wall),65øF (Ambient2),Comfort
9-Apr,21:57:22,65.48øF,32.80%,64øF (Wall),65øF (Ambient2),Comfort
9-Apr,21:57:24,65.48øF,32.80%,64øF (Wall),65øF (Ambient2),Comfort
9-Apr,21:57:26,65.48øF,32.90%,64øF (Wall),65øF (Ambient2),Comfort
9-Apr,21:57:28,65.48øF,32.90%,64øF (Wall),65øF (Ambient2),Comfort
9-Apr,21:57:30,65.48øF,32.90%,64øF (Wall),65øF (Ambient2),Comfort
9-Apr,21:57:32,65.48øF,32.90%,64øF (Wall),65øF (Ambient2),Comfort
9-Apr,21:57:34,65.48øF,32.90%,64øF (Wall),65øF (Ambient2),Comfort
9-Apr,21:57:36,65.48øF,32.90%,64øF (Wall),65øF (Ambient2),Comfort
9-Apr,21:57:38,65.48øF,32.90%,64øF (Wall),65øF (Ambient2),Comfort
9-Apr,21:57:40,65.48øF,33.00%,64øF (Wall),65øF (Ambient2),Comfort
9-Apr,21:57:42,65.48øF,33.00%,64øF (Wall),65øF (Ambient2),Comfort
9-Apr,21:57:44,65.48øF,33.00%,64øF (Wall),65øF (Ambient2),Comfort
9-Apr,21:57:46,65.30øF,32.90%,64øF (Wall),65øF (Ambient2),Comfort
9-Apr,21:57:48,65.48øF,33.00%,64øF (Wall),65øF (Ambient2),Comfort
9-Apr,21:57:50,65.48øF,32.90%,64øF (Wall),65øF (Ambient2),Comfort
9-Apr,21:57:53,65.48øF,32.90%,64øF (Wall),65øF (Ambient2),Comfort
9-Apr,21:57:55,65.30øF,32.80%,64øF (Wall),65øF (Ambient2),Comfort
9-Apr,21:57:57,65.48øF,33.00%,64øF (Wall),65øF (Ambient2),Comfort
9-Apr,21:57:59,65.30øF,32.90%,64øF (Wall),65øF (Ambient2),Comfort
9-Apr,21:58:01,65.48øF,33.00%,64øF (Wall),65øF (Ambient2),Comfort
9-Apr,21:58:03,65.48øF,33.00%,64øF (Wall),65øF (Ambient2),Comfort
9-Apr,21:58:05,65.48øF,33.00%,64øF (Wall),65øF (Ambient2),Comfort
9-Apr,21:58:07,65.48øF,33.00%,64øF (Wall),65øF (Ambient2),Comfort
9-Apr,21:58:09,65.48øF,33.00%,64øF (Wall),65øF (Ambient2),Comfort
9-Apr,21:58:11,65.30øF,32.80%,64øF (Wall),65øF (Ambient2),Comfort
9-Apr,21:58:13,65.48øF,32.90%,64øF (Wall),65øF (Ambient2),Comfort
9-Apr,21:58:15,65.48øF,33.00%,64øF (Wall),65øF (Ambient2),Comfort
9-Apr,21:58:17,65.48øF,33.00%,64øF (Wall),65øF (Ambient2),Comfort
9-Apr,21:58:19,65.48øF,33.00%,64øF (Wall),65øF (Ambient2),Comfort
9-Apr,21:58:21,65.48øF,33.00%,64øF (Wall),65øF (Ambient2),Comfort
9-Apr,21:58:23,65.48øF,33.00%,64øF (Wall),65øF (Ambient2),Comfort
9-Apr,21:58:25,65.48øF,33.00%,64øF (Wall),65øF (Ambient2),Comfort
9-Apr,21:58:27,65.48øF,33.00%,64øF (Wall),65øF (Ambient2),Comfort
9-Apr,21:58:29,65.48øF,32.90%,64øF (Wall),65øF (Ambient2),Comfort
9-Apr,21:58:31,65.48øF,32.90%,64øF (Wall),65øF (Ambient2),Comfort
9-Apr,21:58:33,65.48øF,32.90%,64øF (Wall),65øF (Ambient2),Comfort
9-Apr,21:58:35,65.48øF,32.90%,64øF (Wall),65øF (Ambient2),Comfort
9-Apr,21:58:37,65.30øF,32.80%,64øF (Wall),65øF (Ambient2),Comfort
9-Apr,21:58:39,65.48øF,32.90%,64øF (Wall),65øF (Ambient2),Comfort
9-Apr,21:58:41,65.48øF,32.90%,64øF (Wall),65øF (Ambient2),Comfort
9-Apr,21:58:43,65.48øF,32.80%,64øF (Wall),65øF (Ambient2),Comfort
9-Apr,21:58:46,65.30øF,32.70%,64øF (Wall),65øF (Ambient2),Comfort
9-Apr,21:58:48,65.30øF,32.80%,64øF (Wall),65øF (Ambient2),Comfort
9-Apr,21:58:50,65.30øF,32.70%,64øF (Wall),65øF (Ambient2),Comfort
9-Apr,21:58:52,65.30øF,32.70%,64øF (Wall),65øF (Ambient2),Comfort
9-Apr,21:58:54,65.30øF,32.70%,64øF (Wall),65øF (Ambient2),Comfort
9-Apr,21:58:56,65.30øF,32.60%,64øF (Wall),65øF (Ambient2),Comfort
9-Apr,21:58:58,65.30øF,32.60%,64øF (Wall),65øF (Ambient2),Comfort
9-Apr,21:59:00,65.30øF,32.60%,64øF (Wall),65øF (Ambient2),Comfort
9-Apr,21:59:02,65.30øF,32.60%,64øF (Wall),65øF (Ambient2),Comfort
9-Apr,21:59:04,65.30øF,32.60%,64øF (Wall),65øF (Ambient2),Comfort
9-Apr,21:59:06,65.30øF,32.60%,64øF (Wall),65øF (Ambient2),Comfort
9-Apr,21:59:08,65.30øF,32.60%,64øF (Wall),65øF (Ambient2),Comfort
9-Apr,21:59:10,65.30øF,32.50%,64øF (Wall),65øF (Ambient2),Comfort
9-Apr,21:59:12,65.30øF,32.60%,64øF (Wall),65øF (Ambient2),Comfort
9-Apr,21:59:14,65.30øF,32.60%,64øF (Wall),65øF (Ambient2),Comfort
9-Apr,21:59:16,65.30øF,32.60%,64øF (Wall),65øF (Ambient2),Comfort
9-Apr,21:59:18,65.30øF,32.60%,64øF (Wall),65øF (Ambient2),Comfort
9-Apr,21:59:20,65.30øF,32.50%,64øF (Wall),65øF (Ambient2),Comfort
9-Apr,21:59:22,65.30øF,32.50%,64øF (Wall),65øF (Ambient2),Comfort
9-Apr,21:59:24,65.30øF,32.50%,64øF (Wall),65øF (Ambient2),Comfort
9-Apr,21:59:26,65.30øF,32.60%,64øF (Wall),65øF (Ambient2),Comfort
9-Apr,21:59:28,65.30øF,32.60%,64øF (Wall),65øF (Ambient2),Comfort
9-Apr,21:59:30,65.30øF,32.60%,64øF (Wall),65øF (Ambient2),Comfort
9-Apr,21:59:32,65.30øF,32.50%,64øF (Wall),65øF (Ambient2),Comfort
9-Apr,21:59:34,65.30øF,32.50%,64øF (Wall),65øF (Ambient2),Comfort
9-Apr,21:59:36,65.30øF,32.60%,64øF (Wall),65øF (Ambient2),Comfort
9-Apr,21:59:39,65.30øF,32.60%,64øF (Wall),65øF (Ambient2),Comfort
9-Apr,21:59:41,65.30øF,32.60%,64øF (Wall),65øF (Ambient2),Comfort
9-Apr,21:59:43,65.30øF,32.60%,64øF (Wall),65øF (Ambient2),Comfort
9-Apr,21:59:45,65.30øF,32.60%,64øF (Wall),65øF (Ambient2),Comfort
9-Apr,21:59:47,65.30øF,32.50%,64øF (Wall),65øF (Ambient2),Comfort
9-Apr,21:59:49,65.30øF,32.50%,64øF (Wall),65øF (Ambient2),Comfort
9-Apr,21:59:51,65.30øF,32.40%,64øF (Wall),65øF (Ambient2),Comfort
9-Apr,21:59:53,65.30øF,32.40%,64øF (Wall),65øF (Ambient2),Comfort
9-Apr,21:59:55,65.30øF,32.50%,64øF (Wall),65øF (Ambient2),Comfort
9-Apr,21:59:57,65.30øF,32.50%,64øF (Wall),65øF (Ambient2),Comfort
9-Apr,21:59:59,65.48øF,32.70%,64øF (Wall),65øF (Ambient2),Comfort
9-Apr,22:00:01,65.48øF,32.70%,64øF (Wall),65øF (Ambient2),Comfort
9-Apr,22:00:03,65.30øF,32.60%,64øF (Wall),65øF (Ambient2),Comfort
9-Apr,22:00:05,65.30øF,32.60%,64øF (Wall),65øF (Ambient2),Comfort
9-Apr,22:00:07,65.30øF,32.60%,64øF (Wall),65øF (Ambient2),Comfort
9-Apr,22:00:09,65.30øF,32.60%,64øF (Wall),65øF (Ambient2),Comfort
9-Apr,22:00:11,65.48øF,32.60%,64øF (Wall),65øF (Ambient2),Comfort
9-Apr,22:00:13,65.30øF,32.50%,64øF (Wall),65øF (Ambient2),Comfort
9-Apr,22:00:15,65.30øF,32.50%,64øF (Wall),65øF (Ambient2),Comfort
9-Apr,22:00:17,65.30øF,32.50%,64øF (Wall),65øF (Ambient2),Comfort
9-Apr,22:00:19,65.48øF,32.50%,64øF (Wall),65øF (Ambient2),Comfort
9-Apr,22:00:21,65.48øF,32.50%,64øF (Wall),65øF (Ambient2),Comfort
9-Apr,22:00:23,65.48øF,32.50%,64øF (Wall),65øF (Ambient2),Comfort
9-Apr,22:00:25,65.30øF,32.40%,64øF (Wall),65øF (Ambient2),Comfort
9-Apr,22:00:27,65.48øF,32.50%,64øF (Wall),65øF (Ambient2),Comfort
9-Apr,22:00:29,65.48øF,32.60%,64øF (Wall),65øF (Ambient2),Comfort
9-Apr,22:00:31,65.30øF,32.40%,64øF (Wall),65øF (Ambient2),Comfort
9-Apr,22:00:34,65.48øF,32.50%,64øF (Wall),65øF (Ambient2),Comfort
9-Apr,22:00:36,65.30øF,32.50%,64øF (Wall),65øF (Ambient2),Comfort
9-Apr,22:00:38,65.30øF,32.50%,64øF (Wall),65øF (Ambient2),Comfort
9-Apr,22:00:40,65.30øF,32.40%,64øF (Wall),65øF (Ambient2),Comfort
9-Apr,22:00:42,65.48øF,32.50%,64øF (Wall),65øF (Ambient2),Comfort
9-Apr,22:00:44,65.30øF,32.40%,64øF (Wall),65øF (Ambient2),Comfort
9-Apr,22:00:46,65.30øF,32.40%,64øF (Wall),65øF (Ambient2),Comfort
9-Apr,22:00:48,65.48øF,32.50%,64øF (Wall),65øF (Ambient2),Comfort
9-Apr,22:00:50,65.48øF,32.50%,64øF (Wall),65øF (Ambient2),Comfort
9-Apr,22:00:52,65.48øF,32.60%,64øF (Wall),65øF (Ambient2),Comfort
9-Apr,22:00:54,65.30øF,32.40%,64øF (Wall),65øF (Ambient2),Comfort
9-Apr,22:00:56,65.48øF,32.50%,64øF (Wall),65øF (Ambient2),Comfort
9-Apr,22:00:58,65.48øF,32.50%,64øF (Wall),65øF (Ambient2),Comfort
9-Apr,22:01:00,65.48øF,32.50%,64øF (Wall),65øF (Ambient2),Comfort
9-Apr,22:01:02,65.30øF,32.30%,64øF (Wall),65øF (Ambient2),Comfort
9-Apr,22:01:04,65.48øF,32.30%,64øF (Wall),65øF (Ambient2),Comfort
9-Apr,22:01:06,65.48øF,32.40%,64øF (Wall),65øF (Ambient2),Comfort
9-Apr,22:01:08,65.30øF,32.20%,64øF (Wall),65øF (Ambient2),Comfort
9-Apr,22:01:10,65.30øF,32.20%,64øF (Wall),65øF (Ambient2),Comfort
9-Apr,22:01:12,65.30øF,32.20%,64øF (Wall),65øF (Ambient2),Comfort
9-Apr,22:01:14,65.48øF,32.40%,64øF (Wall),65øF (Ambient2),Comfort
9-Apr,22:01:16,65.30øF,32.30%,64øF (Wall),65øF (Ambient2),Comfort
9-Apr,22:01:18,65.30øF,32.40%,64øF (Wall),65øF (Ambient2),Comfort
9-Apr,22:01:20,65.30øF,32.50%,64øF (Wall),65øF (Ambient2),Comfort
9-Apr,22:01:22,65.48øF,32.50%,64øF (Wall),65øF (Ambient2),Comfort
9-Apr,22:01:24,65.30øF,32.40%,64øF (Wall),65øF (Ambient2),Comfort
9-Apr,22:01:26,65.30øF,32.40%,64øF (Wall),65øF (Ambient2),Comfort
9-Apr,22:01:29,65.48øF,32.50%,64øF (Wall),65øF (Ambient2),Comfort
9-Apr,22:01:31,65.48øF,32.40%,64øF (Wall),65øF (Ambient2),Comfort
9-Apr,22:01:33,65.48øF,32.30%,64øF (Wall),65øF (Ambient2),Comfort
9-Apr,22:01:35,65.30øF,32.20%,64øF (Wall),65øF (Ambient2),Comfort
9-Apr,22:01:37,65.48øF,32.30%,64øF (Wall),65øF (Ambient2),Comfort
9-Apr,22:01:39,65.30øF,32.30%,64øF (Wall),65øF (Ambient2),Comfort
9-Apr,22:01:41,65.48øF,32.40%,64øF (Wall),65øF (Ambient2),Comfort
9-Apr,22:01:43,65.30øF,32.40%,64øF (Wall),65øF (Ambient2),Comfort
9-Apr,22:01:45,65.48øF,32.50%,64øF (Wall),65øF (Ambient2),Comfort
9-Apr,22:01:47,65.48øF,32.60%,64øF (Wall),65øF (Ambient2),Comfort
9-Apr,22:01:49,65.48øF,32.60%,64øF (Wall),65øF (Ambient2),Comfort
9-Apr,22:01:51,65.30øF,32.50%,64øF (Wall),65øF (Ambient2),Comfort
9-Apr,22:01:53,65.48øF,32.50%,64øF (Wall),65øF (Ambient2),Comfort
9-Apr,22:01:55,65.48øF,32.50%,64øF (Wall),65øF (Ambient2),Comfort
9-Apr,22:01:57,65.30øF,32.40%,64øF (Wall),65øF (Ambient2),Comfort
9-Apr,22:01:59,65.48øF,32.50%,64øF (Wall),65øF (Ambient2),Comfort
9-Apr,22:02:01,65.30øF,32.40%,64øF (Wall),65øF (Ambient2),Comfort
9-Apr,22:02:03,65.48øF,32.50%,64øF (Wall),65øF (Ambient2),Comfort
9-Apr,22:02:05,65.48øF,32.50%,64øF (Wall),65øF (Ambient2),Comfort
9-Apr,22:02:07,65.48øF,32.50%,64øF (Wall),65øF (Ambient2),Comfort
9-Apr,22:02:09,65.30øF,32.40%,64øF (Wall),65øF (Ambient2),Comfort
9-Apr,22:02:11,65.48øF,32.50%,64øF (Wall),65øF (Ambient2),Comfort
9-Apr,22:02:13,65.48øF,32.50%,64øF (Wall),65øF (Ambient2),Comfort
9-Apr,22:02:15,65.48øF,32.50%,64øF (Wall),65øF (Ambient2),Comfort
9-Apr,22:02:17,65.30øF,32.40%,64øF (Wall),65øF (Ambient2),Comfort
9-Apr,22:02:19,65.30øF,32.30%,64øF (Wall),65øF (Ambient2),Comfort
9-Apr,22:02:21,65.48øF,32.40%,64øF (Wall),65øF (Ambient2),Comfort
9-Apr,22:02:24,65.30øF,32.30%,64øF (Wall),65øF (Ambient2),Comfort
9-Apr,22:02:26,65.48øF,32.40%,64øF (Wall),65øF (Ambient2),Comfort
9-Apr,22:02:28,65.48øF,32.50%,64øF (Wall),65øF (Ambient2),Comfort
9-Apr,22:02:30,65.48øF,32.50%,64øF (Wall),65øF (Ambient2),Comfort
9-Apr,22:02:32,65.48øF,32.50%,64øF (Wall),65øF (Ambient2),Comfort
9-Apr,22:02:34,65.30øF,32.40%,64øF (Wall),65øF (Ambient2),Comfort
9-Apr,22:02:36,65.48øF,32.50%,64øF (Wall),65øF (Ambient2),Comfort
9-Apr,22:02:38,65.30øF,32.40%,64øF (Wall),65øF (Ambient2),Comfort
9-Apr,22:02:40,65.30øF,32.40%,64øF (Wall),65øF (Ambient2),Comfort
9-Apr,22:02:42,65.48øF,32.50%,64øF (Wall),65øF (Ambient2),Comfort
9-Apr,22:02:44,65.48øF,32.50%,64øF (Wall),65øF (Ambient2),Comfort
9-Apr,22:02:46,65.48øF,32.40%,64øF (Wall),65øF (Ambient2),Comfort
9-Apr,22:02:48,65.48øF,32.30%,64øF (Wall),65øF (Ambient2),Comfort
9-Apr,22:02:50,65.48øF,32.30%,64øF (Wall),65øF (Ambient2),Comfort
9-Apr,22:02:52,65.48øF,32.20%,64øF (Wall),65øF (Ambient2),Comfort
9-Apr,22:02:54,65.48øF,32.30%,64øF (Wall),65øF (Ambient2),Comfort
9-Apr,22:02:56,65.48øF,32.30%,64øF (Wall),65øF (Ambient2),Comfort
9-Apr,22:02:58,65.48øF,32.30%,64øF (Wall),65øF (Ambient2),Comfort
9-Apr,22:03:00,65.30øF,32.30%,64øF (Wall),66øF (Ambient2),Comfort
9-Apr,22:03:02,65.30øF,32.20%,64øF (Wall),65øF (Ambient2),Comfort
9-Apr,22:03:04,65.30øF,32.30%,64øF (Wall),65øF (Ambient2),Comfort
9-Apr,22:03:06,65.48øF,32.30%,64øF (Wall),65øF (Ambient2),Comfort
9-Apr,22:03:08,65.48øF,32.30%,64øF (Wall),65øF (Ambient2),Comfort
9-Apr,22:03:10,65.30øF,32.20%,64øF (Wall),65øF (Ambient2),Comfort
9-Apr,22:03:12,65.48øF,32.30%,64øF (Wall),65øF (Ambient2),Comfort
9-Apr,22:03:14,65.48øF,32.20%,64øF (Wall),65øF (Ambient2),Comfort
9-Apr,22:03:16,65.30øF,32.10%,64øF (Wall),65øF (Ambient2),Comfort
9-Apr,22:03:19,65.48øF,32.10%,64øF (Wall),65øF (Ambient2),Comfort
9-Apr,22:03:21,65.30øF,32.00%,64øF (Wall),66øF (Ambient2),Comfort
9-Apr,22:03:23,65.30øF,32.00%,64øF (Wall),65øF (Ambient2),Comfort
9-Apr,22:03:25,65.48øF,32.10%,64øF (Wall),65øF (Ambient2),Comfort
9-Apr,22:03:27,65.30øF,32.10%,64øF (Wall),65øF (Ambient2),Comfort
9-Apr,22:03:29,65.48øF,32.20%,64øF (Wall),65øF (Ambient2),Comfort
9-Apr,22:03:31,65.48øF,32.20%,64øF (Wall),65øF (Ambient2),Comfort
9-Apr,22:03:33,65.48øF,32.20%,64øF (Wall),65øF (Ambient2),Comfort
9-Apr,22:03:35,65.48øF,32.10%,64øF (Wall),65øF (Ambient2),Comfort
9-Apr,22:03:37,65.30øF,32.00%,64øF (Wall),65øF (Ambient2),Comfort
9-Apr,22:03:39,65.48øF,32.20%,64øF (Wall),65øF (Ambient2),Comfort
9-Apr,22:03:41,65.30øF,32.10%,64øF (Wall),65øF (Ambient2),Comfort
9-Apr,22:03:43,65.30øF,32.10%,64øF (Wall),65øF (Ambient2),Comfort
9-Apr,22:03:45,65.30øF,32.10%,64øF (Wall),65øF (Ambient2),Comfort
9-Apr,22:03:47,65.48øF,32.10%,64øF (Wall),65øF (Ambient2),Comfort
9-Apr,22:03:49,65.30øF,32.00%,64øF (Wall),65øF (Ambient2),Comfort
9-Apr,22:03:51,65.30øF,32.10%,64øF (Wall),65øF (Ambient2),Comfort
9-Apr,22:03:53,65.30øF,32.10%,64øF (Wall),65øF (Ambient2),Comfort
9-Apr,22:03:55,65.48øF,32.20%,64øF (Wall),65øF (Ambient2),Comfort
9-Apr,22:03:57,65.30øF,32.10%,64øF (Wall),66øF (Ambient2),Comfort
9-Apr,22:03:59,65.48øF,32.20%,64øF (Wall),65øF (Ambient2),Comfort
9-Apr,22:04:01,65.48øF,32.20%,64øF (Wall),65øF (Ambient2),Comfort
9-Apr,22:04:03,65.30øF,32.10%,64øF (Wall),66øF (Ambient2),Comfort
9-Apr,22:04:05,65.48øF,32.20%,64øF (Wall),65øF (Ambient2),Comfort
9-Apr,22:04:07,65.30øF,32.00%,64øF (Wall),65øF (Ambient2),Comfort
9-Apr,22:04:09,65.48øF,32.10%,64øF (Wall),66øF (Ambient2),Comfort
9-Apr,22:04:11,65.48øF,32.10%,64øF (Wall),65øF (Ambient2),Comfort
9-Apr,22:04:14,65.30øF,32.00%,64øF (Wall),65øF (Ambient2),Comfort
9-Apr,22:04:16,65.30øF,32.00%,64øF (Wall),65øF (Ambient2),Comfort
9-Apr,22:04:18,65.30øF,32.00%,64øF (Wall),66øF (Ambient2),Comfort
9-Apr,22:04:20,65.30øF,32.10%,64øF (Wall),65øF (Ambient2),Comfort
9-Apr,22:04:22,65.30øF,32.20%,64øF (Wall),65øF (Ambient2),Comfort
9-Apr,22:04:24,65.48øF,32.30%,64øF (Wall),65øF (Ambient2),Comfort
9-Apr,22:04:26,65.30øF,32.20%,64øF (Wall),65øF (Ambient2),Comfort
9-Apr,22:04:28,65.48øF,32.30%,64øF (Wall),65øF (Ambient2),Comfort
9-Apr,22:04:30,65.48øF,32.30%,64øF (Wall),65øF (Ambient2),Comfort
9-Apr,22:04:32,65.48øF,32.30%,64øF (Wall),65øF (Ambient2),Comfort
9-Apr,22:04:34,65.48øF,32.30%,64øF (Wall),65øF (Ambient2),Comfort
9-Apr,22:04:36,65.48øF,32.20%,64øF (Wall),65øF (Ambient2),Comfort
9-Apr,22:04:38,65.48øF,32.20%,64øF (Wall),65øF (Ambient2),Comfort
9-Apr,22:04:40,65.48øF,32.10%,64øF (Wall),65øF (Ambient2),Comfort
9-Apr,22:04:42,65.48øF,32.10%,64øF (Wall),65øF (Ambient2),Comfort
9-Apr,22:04:44,65.48øF,32.20%,64øF (Wall),65øF (Ambient2),Comfort
9-Apr,22:04:46,65.48øF,32.20%,64øF (Wall),65øF (Ambient2),Comfort
9-Apr,22:04:48,65.48øF,32.20%,64øF (Wall),65øF (Ambient2),Comfort
9-Apr,22:04:50,65.30øF,32.20%,64øF (Wall),65øF (Ambient2),Comfort
9-Apr,22:04:52,65.48øF,32.30%,64øF (Wall),65øF (Ambient2),Comfort
9-Apr,22:04:54,65.30øF,32.20%,64øF (Wall),65øF (Ambient2),Comfort
9-Apr,22:04:56,65.48øF,32.30%,64øF (Wall),65øF (Ambient2),Comfort
9-Apr,22:04:58,65.30øF,32.20%,64øF (Wall),65øF (Ambient2),Comfort
9-Apr,22:05:00,65.48øF,32.40%,64øF (Wall),65øF (Ambient2),Comfort
9-Apr,22:05:02,65.48øF,32.40%,64øF (Wall),65øF (Ambient2),Comfort
9-Apr,22:05:04,65.30øF,32.30%,64øF (Wall),65øF (Ambient2),Comfort
9-Apr,22:05:06,65.48øF,32.40%,64øF (Wall),65øF (Ambient2),Comfort
9-Apr,22:05:09,65.48øF,32.40%,64øF (Wall),65øF (Ambient2),Comfort
9-Apr,22:05:11,65.48øF,32.20%,64øF (Wall),65øF (Ambient2),Comfort
9-Apr,22:05:13,65.48øF,32.00%,64øF (Wall),65øF (Ambient2),Comfort
9-Apr,22:05:15,65.48øF,31.90%,64øF (Wall),65øF (Ambient2),Comfort
9-Apr,22:05:17,65.30øF,31.80%,64øF (Wall),65øF (Ambient2),Comfort
9-Apr,22:05:19,65.30øF,31.70%,64øF (Wall),65øF (Ambient2),Comfort
9-Apr,22:05:21,65.48øF,31.80%,64øF (Wall),65øF (Ambient2),Comfort
9-Apr,22:05:23,65.48øF,31.80%,64øF (Wall),65øF (Ambient2),Comfort
9-Apr,22:05:25,65.48øF,31.80%,64øF (Wall),65øF (Ambient2),Comfort
9-Apr,22:05:27,65.30øF,31.70%,64øF (Wall),65øF (Ambient2),Comfort
9-Apr,22:05:29,65.30øF,31.70%,64øF (Wall),65øF (Ambient2),Comfort
9-Apr,22:05:31,65.30øF,31.60%,64øF (Wall),65øF (Ambient2),Comfort
9-Apr,22:05:33,65.30øF,31.50%,64øF (Wall),65øF (Ambient2),Comfort
9-Apr,22:05:35,65.48øF,31.50%,64øF (Wall),65øF (Ambient2),Comfort
9-Apr,22:05:37,65.30øF,31.30%,64øF (Wall),65øF (Ambient2),Comfort
9-Apr,22:05:39,65.48øF,31.40%,64øF (Wall),65øF (Ambient2),Comfort
9-Apr,22:05:41,65.48øF,31.40%,64øF (Wall),65øF (Ambient2),Comfort
9-Apr,22:05:43,65.30øF,31.20%,64øF (Wall),65øF (Ambient2),Comfort
9-Apr,22:05:45,65.48øF,31.30%,64øF (Wall),65øF (Ambient2),Comfort
9-Apr,22:05:47,65.30øF,31.10%,64øF (Wall),65øF (Ambient2),Comfort
9-Apr,22:05:49,65.30øF,31.10%,64øF (Wall),65øF (Ambient2),Comfort
9-Apr,22:05:51,65.30øF,31.10%,64øF (Wall),65øF (Ambient2),Comfort
9-Apr,22:05:53,65.30øF,31.10%,64øF (Wall),65øF (Ambient2),Comfort
9-Apr,22:05:55,65.30øF,31.20%,64øF (Wall),65øF (Ambient2),Comfort
9-Apr,22:05:57,65.48øF,31.40%,64øF (Wall),65øF (Ambient2),Comfort
9-Apr,22:05:59,65.30øF,31.30%,64øF (Wall),65øF (Ambient2),Comfort
9-Apr,22:06:01,65.48øF,31.40%,64øF (Wall),65øF (Ambient2),Comfort
9-Apr,22:06:04,65.30øF,31.40%,64øF (Wall),65øF (Ambient2),Comfort
9-Apr,22:06:06,65.48øF,31.50%,64øF (Wall),65øF (Ambient2),Comfort
9-Apr,22:06:08,65.48øF,31.50%,64øF (Wall),65øF (Ambient2),Comfort
9-Apr,22:06:10,65.48øF,31.60%,64øF (Wall),65øF (Ambient2),Comfort
9-Apr,22:06:12,65.30øF,31.50%,64øF (Wall),65øF (Ambient2),Comfort
9-Apr,22:06:14,65.48øF,31.70%,64øF (Wall),65øF (Ambient2),Comfort
9-Apr,22:06:16,65.48øF,31.60%,64øF (Wall),65øF (Ambient2),Comfort
9-Apr,22:06:18,65.48øF,31.60%,64øF (Wall),65øF (Ambient2),Comfort
9-Apr,22:06:20,65.30øF,31.40%,64øF (Wall),65øF (Ambient2),Comfort
9-Apr,22:06:22,65.48øF,31.50%,64øF (Wall),65øF (Ambient2),Comfort
9-Apr,22:06:24,65.30øF,31.30%,64øF (Wall),65øF (Ambient2),Comfort
9-Apr,22:06:26,65.30øF,31.30%,64øF (Wall),65øF (Ambient2),Comfort
9-Apr,22:06:28,65.30øF,31.30%,64øF (Wall),65øF (Ambient2),Comfort
9-Apr,22:06:30,65.30øF,31.40%,64øF (Wall),65øF (Ambient2),Comfort
9-Apr,22:06:32,65.30øF,31.30%,64øF (Wall),65øF (Ambient2),Comfort
9-Apr,22:06:34,65.30øF,31.20%,64øF (Wall),65øF (Ambient2),Comfort
9-Apr,22:06:36,65.48øF,31.20%,64øF (Wall),65øF (Ambient2),Comfort
9-Apr,22:06:38,65.30øF,31.00%,64øF (Wall),65øF (Ambient2),Comfort
9-Apr,22:06:40,65.30øF,30.90%,64øF (Wall),65øF (Ambient2),Comfort
9-Apr,22:06:42,65.30øF,30.80%,64øF (Wall),65øF (Ambient2),Comfort
9-Apr,22:06:44,65.48øF,30.90%,64øF (Wall),65øF (Ambient2),Comfort
9-Apr,22:06:46,65.30øF,30.70%,64øF (Wall),65øF (Ambient2),Comfort
9-Apr,22:06:48,65.30øF,30.70%,64øF (Wall),65øF (Ambient2),Comfort
9-Apr,22:06:50,65.48øF,30.80%,64øF (Wall),65øF (Ambient2),Comfort
9-Apr,22:06:52,65.30øF,30.70%,64øF (Wall),65øF (Ambient2),Comfort
9-Apr,22:06:54,65.30øF,30.70%,64øF (Wall),65øF (Ambient2),Comfort
9-Apr,22:06:57,65.30øF,30.80%,64øF (Wall),65øF (Ambient2),Comfort
9-Apr,22:06:59,65.30øF,31.00%,64øF (Wall),65øF (Ambient2),Comfort
9-Apr,22:07:01,65.30øF,31.10%,64øF (Wall),65øF (Ambient2),Comfort
9-Apr,22:07:03,65.30øF,31.10%,64øF (Wall),65øF (Ambient2),Comfort
9-Apr,22:07:05,65.30øF,31.20%,64øF (Wall),65øF (Ambient2),Comfort
9-Apr,22:07:07,65.30øF,31.30%,64øF (Wall),65øF (Ambient2),Comfort
9-Apr,22:07:09,65.30øF,31.40%,64øF (Wall),65øF (Ambient2),Comfort
9-Apr,22:07:11,65.30øF,31.50%,64øF (Wall),65øF (Ambient2),Comfort
9-Apr,22:07:13,65.30øF,31.60%,64øF (Wall),65øF (Ambient2),Comfort
9-Apr,22:07:15,65.30øF,31.60%,64øF (Wall),65øF (Ambient2),Comfort
9-Apr,22:07:17,65.30øF,31.70%,64øF (Wall),65øF (Ambient2),Comfort
9-Apr,22:07:19,65.30øF,31.80%,64øF (Wall),65øF (Ambient2),Comfort
9-Apr,22:07:21,65.30øF,31.90%,64øF (Wall),65øF (Ambient2),Comfort
9-Apr,22:07:23,65.30øF,31.90%,64øF (Wall),65øF (Ambient2),Comfort
9-Apr,22:07:25,65.30øF,32.00%,64øF (Wall),65øF (Ambient2),Comfort
9-Apr,22:07:27,65.30øF,32.00%,64øF (Wall),65øF (Ambient2),Comfort
9-Apr,22:07:29,65.30øF,32.00%,64øF (Wall),65øF (Ambient2),Comfort
9-Apr,22:07:31,65.30øF,32.00%,64øF (Wall),65øF (Ambient2),Comfort
9-Apr,22:07:33,65.30øF,31.90%,64øF (Wall),65øF (Ambient2),Comfort
9-Apr,22:07:35,65.30øF,31.80%,64øF (Wall),65øF (Ambient2),Comfort
9-Apr,22:07:37,65.30øF,31.70%,64øF (Wall),65øF (Ambient2),Comfort
9-Apr,22:07:39,65.30øF,31.60%,64øF (Wall),65øF (Ambient2),Comfort
9-Apr,22:07:41,65.30øF,31.60%,64øF (Wall),65øF (Ambient2),Comfort
9-Apr,22:07:43,65.30øF,31.50%,64øF (Wall),65øF (Ambient2),Comfort
9-Apr,22:07:45,65.30øF,31.50%,64øF (Wall),65øF (Ambient2),Comfort
9-Apr,22:07:47,65.30øF,31.50%,64øF (Wall),65øF (Ambient2),Comfort
9-Apr,22:07:49,65.30øF,31.50%,64øF (Wall),65øF (Ambient2),Comfort
9-Apr,22:07:52,65.30øF,31.40%,64øF (Wall),65øF (Ambient2),Comfort
9-Apr,22:07:54,65.30øF,31.30%,64øF (Wall),65øF (Ambient2),Comfort
9-Apr,22:07:56,65.30øF,31.20%,64øF (Wall),65øF (Ambient2),Comfort
9-Apr,22:07:58,65.30øF,31.10%,64øF (Wall),65øF (Ambient2),Comfort
9-Apr,22:08:00,65.30øF,31.00%,64øF (Wall),65øF (Ambient2),Comfort
9-Apr,22:08:02,65.30øF,30.90%,64øF (Wall),65øF (Ambient2),Comfort
9-Apr,22:08:04,65.30øF,30.80%,64øF (Wall),65øF (Ambient2),Comfort
9-Apr,22:08:06,65.30øF,30.80%,64øF (Wall),65øF (Ambient2),Comfort
9-Apr,22:08:08,65.30øF,30.70%,64øF (Wall),65øF (Ambient2),Comfort
9-Apr,22:08:10,65.30øF,30.70%,64øF (Wall),65øF (Ambient2),Comfort
9-Apr,22:08:12,65.30øF,30.70%,64øF (Wall),65øF (Ambient2),Comfort
9-Apr,22:08:14,65.30øF,30.70%,64øF (Wall),65øF (Ambient2),Comfort
9-Apr,22:08:16,65.30øF,30.70%,64øF (Wall),65øF (Ambient2),Comfort
9-Apr,22:08:18,65.30øF,30.70%,64øF (Wall),65øF (Ambient2),Comfort
9-Apr,22:08:20,65.30øF,30.70%,64øF (Wall),65øF (Ambient2),Comfort
9-Apr,22:08:22,65.30øF,30.80%,64øF (Wall),65øF (Ambient2),Comfort
9-Apr,22:08:24,65.30øF,30.80%,64øF (Wall),65øF (Ambient2),Comfort
9-Apr,22:08:26,65.30øF,30.80%,64øF (Wall),65øF (Ambient2),Comfort
9-Apr,22:08:28,65.30øF,30.90%,64øF (Wall),65øF (Ambient2),Comfort
9-Apr,22:08:30,65.30øF,31.00%,64øF (Wall),65øF (Ambient2),Comfort
9-Apr,22:08:32,65.30øF,31.00%,64øF (Wall),65øF (Ambient2),Comfort
9-Apr,22:08:34,65.30øF,31.10%,64øF (Wall),65øF (Ambient2),Comfort
9-Apr,22:08:36,65.30øF,31.20%,64øF (Wall),65øF (Ambient2),Comfort
9-Apr,22:08:38,65.30øF,31.20%,64øF (Wall),65øF (Ambient2),Comfort
9-Apr,22:08:40,65.30øF,31.20%,64øF (Wall),65øF (Ambient2),Comfort
9-Apr,22:08:42,65.12øF,31.20%,64øF (Wall),65øF (Ambient2),Comfort
9-Apr,22:08:44,65.30øF,31.30%,64øF (Wall),65øF (Ambient2),Comfort
9-Apr,22:08:47,65.30øF,31.30%,64øF (Wall),65øF (Ambient2),Comfort
9-Apr,22:08:49,65.30øF,31.40%,64øF (Wall),65øF (Ambient2),Comfort
9-Apr,22:08:51,65.30øF,31.50%,64øF (Wall),65øF (Ambient2),Comfort
9-Apr,22:08:53,65.30øF,31.50%,64øF (Wall),65øF (Ambient2),Comfort
9-Apr,22:08:55,65.30øF,31.60%,64øF (Wall),65øF (Ambient2),Comfort
9-Apr,22:08:57,65.30øF,31.60%,64øF (Wall),65øF (Ambient2),Comfort
9-Apr,22:08:59,65.30øF,31.70%,64øF (Wall),65øF (Ambient2),Comfort
9-Apr,22:09:01,65.30øF,31.70%,64øF (Wall),65øF (Ambient2),Comfort
9-Apr,22:09:03,65.30øF,31.70%,64øF (Wall),65øF (Ambient2),Comfort
9-Apr,22:09:05,65.30øF,31.70%,64øF (Wall),65øF (Ambient2),Comfort
9-Apr,22:09:07,65.30øF,31.70%,64øF (Wall),65øF (Ambient2),Comfort
9-Apr,22:09:09,65.30øF,31.70%,64øF (Wall),65øF (Ambient2),Comfort
9-Apr,22:09:11,65.30øF,31.70%,64øF (Wall),65øF (Ambient2),Comfort
9-Apr,22:09:13,65.30øF,31.70%,64øF (Wall),65øF (Ambient2),Comfort
9-Apr,22:09:15,65.30øF,31.70%,64øF (Wall),65øF (Ambient2),Comfort
9-Apr,22:09:17,65.30øF,31.70%,64øF (Wall),65øF (Ambient2),Comfort
9-Apr,22:09:19,65.30øF,31.70%,64øF (Wall),65øF (Ambient2),Comfort
9-Apr,22:09:21,65.30øF,31.80%,64øF (Wall),65øF (Ambient2),Comfort
9-Apr,22:09:23,65.30øF,31.90%,64øF (Wall),65øF (Ambient2),Comfort
9-Apr,22:09:25,65.12øF,31.90%,64øF (Wall),65øF (Ambient2),Comfort
9-Apr,22:09:27,65.30øF,32.20%,64øF (Wall),65øF (Ambient2),Comfort
9-Apr,22:09:29,65.30øF,32.40%,64øF (Wall),65øF (Ambient2),Comfort
9-Apr,22:09:31,65.30øF,32.50%,64øF (Wall),65øF (Ambient2),Comfort
9-Apr,22:09:33,65.30øF,32.50%,64øF (Wall),65øF (Ambient2),Comfort
9-Apr,22:09:35,65.30øF,32.50%,64øF (Wall),65øF (Ambient2),Comfort
9-Apr,22:09:37,65.30øF,32.60%,64øF (Wall),65øF (Ambient2),Comfort
9-Apr,22:09:39,65.30øF,32.60%,64øF (Wall),65øF (Ambient2),Comfort
9-Apr,22:09:42,65.30øF,32.70%,64øF (Wall),65øF (Ambient2),Comfort
9-Apr,22:09:44,65.30øF,32.80%,64øF (Wall),65øF (Ambient2),Comfort
9-Apr,22:09:46,65.30øF,32.90%,64øF (Wall),65øF (Ambient2),Comfort
9-Apr,22:09:48,65.30øF,32.90%,64øF (Wall),65øF (Ambient2),Comfort
9-Apr,22:09:50,65.30øF,33.00%,64øF (Wall),65øF (Ambient2),Comfort
9-Apr,22:09:52,65.30øF,33.00%,64øF (Wall),65øF (Ambient2),Comfort
9-Apr,22:09:54,65.30øF,33.00%,64øF (Wall),65øF (Ambient2),Comfort
9-Apr,22:09:56,65.30øF,33.00%,64øF (Wall),65øF (Ambient2),Comfort
9-Apr,22:09:58,65.30øF,33.00%,64øF (Wall),65øF (Ambient2),Comfort
9-Apr,22:10:00,65.30øF,33.00%,64øF (Wall),65øF (Ambient2),Comfort
9-Apr,22:10:02,65.30øF,33.10%,64øF (Wall),65øF (Ambient2),Comfort
9-Apr,22:10:04,65.48øF,33.30%,64øF (Wall),65øF (Ambient2),Comfort
9-Apr,22:10:06,65.30øF,33.20%,64øF (Wall),65øF (Ambient2),Comfort
9-Apr,22:10:08,65.30øF,33.20%,64øF (Wall),65øF (Ambient2),Comfort
9-Apr,22:10:10,65.30øF,33.30%,64øF (Wall),65øF (Ambient2),Comfort
9-Apr,22:10:12,65.30øF,33.30%,64øF (Wall),65øF (Ambient2),Comfort
9-Apr,22:10:14,65.30øF,33.30%,64øF (Wall),65øF (Ambient2),Comfort
9-Apr,22:10:16,65.30øF,33.40%,64øF (Wall),65øF (Ambient2),Comfort
9-Apr,22:10:18,65.30øF,33.50%,64øF (Wall),65øF (Ambient2),Comfort
9-Apr,22:10:20,65.48øF,33.60%,64øF (Wall),65øF (Ambient2),Comfort
9-Apr,22:10:22,65.30øF,33.60%,64øF (Wall),65øF (Ambient2),Comfort
9-Apr,22:10:24,65.30øF,33.60%,64øF (Wall),65øF (Ambient2),Comfort
9-Apr,22:10:26,65.30øF,33.70%,64øF (Wall),65øF (Ambient2),Comfort
9-Apr,22:10:28,65.30øF,33.70%,64øF (Wall),65øF (Ambient2),Comfort
9-Apr,22:10:30,65.30øF,33.70%,64øF (Wall),65øF (Ambient2),Comfort
9-Apr,22:10:32,65.48øF,33.70%,64øF (Wall),65øF (Ambient2),Comfort
9-Apr,22:10:35,65.30øF,33.60%,64øF (Wall),65øF (Ambient2),Comfort
9-Apr,22:10:37,65.30øF,33.60%,64øF (Wall),65øF (Ambient2),Comfort
9-Apr,22:10:39,65.30øF,33.60%,64øF (Wall),65øF (Ambient2),Comfort
9-Apr,22:10:41,65.30øF,33.60%,64øF (Wall),65øF (Ambient2),Comfort
9-Apr,22:10:43,65.30øF,33.60%,64øF (Wall),65øF (Ambient2),Comfort
9-Apr,22:10:45,65.30øF,33.60%,64øF (Wall),65øF (Ambient2),Comfort
9-Apr,22:10:47,65.30øF,33.60%,64øF (Wall),65øF (Ambient2),Comfort
9-Apr,22:10:49,65.30øF,33.70%,64øF (Wall),65øF (Ambient2),Comfort
9-Apr,22:10:51,65.30øF,33.80%,64øF (Wall),65øF (Ambient2),Comfort
9-Apr,22:10:53,65.30øF,33.80%,64øF (Wall),65øF (Ambient2),Comfort
9-Apr,22:10:55,65.30øF,33.90%,64øF (Wall),65øF (Ambient2),Comfort
9-Apr,22:10:57,65.30øF,33.90%,64øF (Wall),65øF (Ambient2),Comfort
9-Apr,22:10:59,65.30øF,33.90%,64øF (Wall),65øF (Ambient2),Comfort
9-Apr,22:11:01,65.30øF,33.90%,64øF (Wall),65øF (Ambient2),Comfort
9-Apr,22:11:03,65.30øF,33.90%,64øF (Wall),65øF (Ambient2),Comfort
9-Apr,22:11:05,65.30øF,33.90%,64øF (Wall),65øF (Ambient2),Comfort
9-Apr,22:11:07,65.30øF,34.00%,64øF (Wall),65øF (Ambient2),Comfort
9-Apr,22:11:09,65.30øF,34.00%,64øF (Wall),65øF (Ambient2),Comfort
9-Apr,22:11:11,65.30øF,34.10%,64øF (Wall),65øF (Ambient2),Comfort
9-Apr,22:11:13,65.30øF,34.10%,64øF (Wall),65øF (Ambient2),Comfort
9-Apr,22:11:15,65.30øF,34.10%,64øF (Wall),65øF (Ambient2),Comfort
9-Apr,22:11:17,65.30øF,34.10%,64øF (Wall),65øF (Ambient2),Comfort
9-Apr,22:11:19,65.30øF,34.00%,64øF (Wall),65øF (Ambient2),Comfort
9-Apr,22:11:21,65.48øF,34.10%,64øF (Wall),65øF (Ambient2),Comfort
9-Apr,22:11:23,65.30øF,34.00%,64øF (Wall),65øF (Ambient2),Comfort
9-Apr,22:11:25,65.30øF,33.90%,64øF (Wall),65øF (Ambient2),Comfort
9-Apr,22:11:28,65.48øF,34.00%,64øF (Wall),65øF (Ambient2),Comfort
9-Apr,22:11:30,65.30øF,33.80%,64øF (Wall),65øF (Ambient2),Comfort
9-Apr,22:11:32,65.30øF,33.60%,64øF (Wall),65øF (Ambient2),Comfort
9-Apr,22:11:34,65.48øF,33.60%,64øF (Wall),65øF (Ambient2),Comfort
9-Apr,22:11:36,65.30øF,33.40%,64øF (Wall),65øF (Ambient2),Comfort
9-Apr,22:11:38,65.30øF,33.40%,64øF (Wall),65øF (Ambient2),Comfort
9-Apr,22:11:40,65.48øF,33.50%,64øF (Wall),65øF (Ambient2),Comfort
9-Apr,22:11:42,65.30øF,33.30%,64øF (Wall),65øF (Ambient2),Comfort
9-Apr,22:11:44,65.30øF,33.30%,64øF (Wall),65øF (Ambient2),Comfort
9-Apr,22:11:46,65.30øF,33.10%,64øF (Wall),65øF (Ambient2),Comfort
9-Apr,22:11:48,65.30øF,33.00%,64øF (Wall),65øF (Ambient2),Comfort
9-Apr,22:11:50,65.30øF,33.00%,64øF (Wall),65øF (Ambient2),Comfort
9-Apr,22:11:52,65.30øF,32.90%,64øF (Wall),65øF (Ambient2),Comfort
9-Apr,22:11:54,65.30øF,32.80%,64øF (Wall),65øF (Ambient2),Comfort
9-Apr,22:11:56,65.30øF,32.80%,64øF (Wall),65øF (Ambient2),Comfort
9-Apr,22:11:58,65.30øF,32.80%,64øF (Wall),65øF (Ambient2),Comfort
9-Apr,22:12:00,65.30øF,32.90%,64øF (Wall),65øF (Ambient2),Comfort
9-Apr,22:12:02,65.30øF,32.90%,64øF (Wall),65øF (Ambient2),Comfort
9-Apr,22:12:04,65.30øF,32.90%,64øF (Wall),65øF (Ambient2),Comfort
9-Apr,22:12:06,65.30øF,32.90%,64øF (Wall),65øF (Ambient2),Comfort
9-Apr,22:12:08,65.30øF,32.90%,64øF (Wall),65øF (Ambient2),Comfort
9-Apr,22:12:10,65.30øF,32.90%,64øF (Wall),65øF (Ambient2),Comfort
9-Apr,22:12:12,65.30øF,32.80%,64øF (Wall),65øF (Ambient2),Comfort
9-Apr,22:12:14,65.30øF,32.90%,64øF (Wall),65øF (Ambient2),Comfort
9-Apr,22:12:16,65.30øF,32.90%,64øF (Wall),65øF (Ambient2),Comfort
9-Apr,22:12:18,65.30øF,32.90%,64øF (Wall),65øF (Ambient2),Comfort
9-Apr,22:12:20,65.30øF,32.80%,64øF (Wall),65øF (Ambient2),Comfort
9-Apr,22:12:23,65.30øF,32.80%,64øF (Wall),65øF (Ambient2),Comfort
9-Apr,22:12:25,65.30øF,32.90%,64øF (Wall),65øF (Ambient2),Comfort
9-Apr,22:12:27,65.30øF,32.90%,64øF (Wall),65øF (Ambient2),Comfort
9-Apr,22:12:29,65.30øF,32.90%,64øF (Wall),65øF (Ambient2),Comfort
9-Apr,22:12:31,65.30øF,33.00%,64øF (Wall),65øF (Ambient2),Comfort
9-Apr,22:12:33,65.30øF,33.00%,64øF (Wall),65øF (Ambient2),Comfort
9-Apr,22:12:35,65.30øF,33.00%,64øF (Wall),65øF (Ambient2),Comfort
9-Apr,22:12:37,65.30øF,33.10%,64øF (Wall),65øF (Ambient2),Comfort
9-Apr,22:12:39,65.30øF,33.10%,64øF (Wall),65øF (Ambient2),Comfort
9-Apr,22:12:41,65.30øF,33.10%,64øF (Wall),65øF (Ambient2),Comfort
9-Apr,22:12:43,65.30øF,33.20%,64øF (Wall),65øF (Ambient2),Comfort
9-Apr,22:12:45,65.30øF,33.30%,64øF (Wall),65øF (Ambient2),Comfort
9-Apr,22:12:47,65.30øF,33.30%,64øF (Wall),65øF (Ambient2),Comfort
9-Apr,22:12:49,65.30øF,33.30%,64øF (Wall),65øF (Ambient2),Comfort
9-Apr,22:12:51,65.30øF,33.40%,64øF (Wall),65øF (Ambient2),Comfort
9-Apr,22:12:53,65.30øF,33.50%,64øF (Wall),65øF (Ambient2),Comfort
9-Apr,22:12:55,65.30øF,33.60%,64øF (Wall),65øF (Ambient2),Comfort
9-Apr,22:12:57,65.30øF,33.70%,64øF (Wall),65øF (Ambient2),Comfort
9-Apr,22:12:59,65.30øF,33.80%,64øF (Wall),65øF (Ambient2),Comfort
9-Apr,22:13:01,65.30øF,33.90%,64øF (Wall),65øF (Ambient2),Comfort
9-Apr,22:13:03,65.30øF,34.00%,64øF (Wall),65øF (Ambient2),Comfort
9-Apr,22:13:05,65.30øF,34.20%,64øF (Wall),65øF (Ambient2),Comfort
9-Apr,22:13:07,65.30øF,34.20%,64øF (Wall),65øF (Ambient2),Comfort
9-Apr,22:13:09,65.30øF,34.30%,64øF (Wall),65øF (Ambient2),Comfort
9-Apr,22:13:11,65.30øF,34.40%,64øF (Wall),65øF (Ambient2),Comfort
9-Apr,22:13:13,65.30øF,34.40%,64øF (Wall),65øF (Ambient2),Comfort
9-Apr,22:13:16,65.30øF,34.40%,64øF (Wall),65øF (Ambient2),Comfort
9-Apr,22:13:18,65.30øF,34.40%,64øF (Wall),65øF (Ambient2),Comfort
9-Apr,22:13:20,65.30øF,34.40%,64øF (Wall),65øF (Ambient2),Comfort
9-Apr,22:13:22,65.30øF,34.50%,64øF (Wall),65øF (Ambient2),Comfort
9-Apr,22:13:24,65.30øF,34.50%,64øF (Wall),65øF (Ambient2),Comfort
9-Apr,22:13:26,65.30øF,34.50%,64øF (Wall),65øF (Ambient2),Comfort
9-Apr,22:13:28,65.30øF,34.50%,64øF (Wall),65øF (Ambient2),Comfort
9-Apr,22:13:30,65.30øF,34.60%,64øF (Wall),65øF (Ambient2),Comfort
9-Apr,22:13:32,65.30øF,34.60%,64øF (Wall),65øF (Ambient2),Comfort
9-Apr,22:13:34,65.30øF,34.60%,64øF (Wall),65øF (Ambient2),Comfort
9-Apr,22:13:36,65.30øF,34.60%,64øF (Wall),65øF (Ambient2),Comfort
9-Apr,22:13:38,65.30øF,34.50%,64øF (Wall),65øF (Ambient2),Comfort
9-Apr,22:13:40,65.30øF,34.40%,64øF (Wall),65øF (Ambient2),Comfort
9-Apr,22:13:42,65.48øF,34.40%,64øF (Wall),65øF (Ambient2),Comfort
9-Apr,22:13:44,65.30øF,34.20%,64øF (Wall),65øF (Ambient2),Comfort
9-Apr,22:13:46,65.30øF,34.10%,64øF (Wall),65øF (Ambient2),Comfort
9-Apr,22:13:48,65.30øF,33.90%,64øF (Wall),65øF (Ambient2),Comfort
9-Apr,22:13:50,65.30øF,33.70%,64øF (Wall),65øF (Ambient2),Comfort
9-Apr,22:13:52,65.30øF,33.60%,64øF (Wall),65øF (Ambient2),Comfort
9-Apr,22:13:54,65.30øF,33.60%,64øF (Wall),65øF (Ambient2),Comfort
9-Apr,22:13:56,65.48øF,33.70%,64øF (Wall),65øF (Ambient2),Comfort
9-Apr,22:13:58,65.30øF,33.60%,64øF (Wall),65øF (Ambient2),Comfort
9-Apr,22:14:00,65.30øF,33.60%,64øF (Wall),65øF (Ambient2),Comfort
9-Apr,22:14:03,65.30øF,33.60%,64øF (Wall),65øF (Ambient2),Comfort
9-Apr,22:14:05,65.30øF,33.70%,64øF (Wall),65øF (Ambient2),Comfort
9-Apr,22:14:07,65.30øF,33.70%,64øF (Wall),65øF (Ambient2),Comfort
9-Apr,22:14:09,65.30øF,33.70%,64øF (Wall),65øF (Ambient2),Comfort
9-Apr,22:14:11,65.30øF,33.70%,64øF (Wall),65øF (Ambient2),Comfort
9-Apr,22:14:13,65.48øF,33.80%,64øF (Wall),65øF (Ambient2),Comfort
9-Apr,22:14:15,65.48øF,33.80%,64øF (Wall),65øF (Ambient2),Comfort
9-Apr,22:14:17,65.30øF,33.70%,64øF (Wall),65øF (Ambient2),Comfort
9-Apr,22:14:19,65.30øF,33.70%,64øF (Wall),65øF (Ambient2),Comfort
9-Apr,22:14:21,65.30øF,33.80%,64øF (Wall),65øF (Ambient2),Comfort
9-Apr,22:14:23,65.30øF,33.90%,64øF (Wall),65øF (Ambient2),Comfort
9-Apr,22:14:25,65.30øF,34.00%,64øF (Wall),65øF (Ambient2),Comfort
9-Apr,22:14:27,65.30øF,34.20%,64øF (Wall),65øF (Ambient2),Comfort
9-Apr,22:14:29,65.30øF,34.30%,64øF (Wall),65øF (Ambient2),Comfort
9-Apr,22:14:31,65.30øF,34.40%,64øF (Wall),65øF (Ambient2),Comfort
9-Apr,22:14:33,65.30øF,34.50%,64øF (Wall),65øF (Ambient2),Comfort
9-Apr,22:14:35,65.30øF,34.60%,64øF (Wall),65øF (Ambient2),Comfort
9-Apr,22:14:37,65.30øF,34.80%,64øF (Wall),65øF (Ambient2),Comfort
9-Apr,22:14:39,65.30øF,34.90%,64øF (Wall),65øF (Ambient2),Comfort
9-Apr,22:14:41,65.30øF,35.00%,64øF (Wall),65øF (Ambient2),Comfort
9-Apr,22:14:43,65.30øF,35.00%,64øF (Wall),65øF (Ambient2),Comfort
9-Apr,22:14:45,65.30øF,35.10%,64øF (Wall),65øF (Ambient2),Comfort
9-Apr,22:14:47,65.30øF,35.20%,64øF (Wall),65øF (Ambient2),Comfort
9-Apr,22:14:49,65.30øF,35.30%,64øF (Wall),65øF (Ambient2),Comfort
9-Apr,22:14:51,65.30øF,35.30%,64øF (Wall),65øF (Ambient2),Comfort
9-Apr,22:14:53,65.30øF,35.50%,64øF (Wall),65øF (Ambient2),Comfort
9-Apr,22:14:56,65.48øF,35.60%,64øF (Wall),65øF (Ambient2),Comfort
9-Apr,22:14:58,65.30øF,35.60%,64øF (Wall),65øF (Ambient2),Comfort
9-Apr,22:15:00,65.30øF,35.70%,64øF (Wall),65øF (Ambient2),Comfort
9-Apr,22:15:02,65.30øF,35.70%,64øF (Wall),65øF (Ambient2),Comfort
9-Apr,22:15:04,65.30øF,35.80%,64øF (Wall),65øF (Ambient2),Comfort
9-Apr,22:15:06,65.30øF,35.70%,64øF (Wall),65øF (Ambient2),Comfort
9-Apr,22:15:08,65.30øF,35.80%,64øF (Wall),65øF (Ambient2),Comfort
9-Apr,22:15:10,65.30øF,35.90%,64øF (Wall),65øF (Ambient2),Comfort
9-Apr,22:15:12,65.30øF,36.00%,64øF (Wall),65øF (Ambient2),Comfort
9-Apr,22:15:14,65.30øF,36.10%,64øF (Wall),65øF (Ambient2),Comfort
9-Apr,22:15:16,65.30øF,36.20%,64øF (Wall),65øF (Ambient2),Comfort
9-Apr,22:15:18,65.30øF,36.30%,64øF (Wall),65øF (Ambient2),Comfort
9-Apr,22:15:20,65.30øF,36.40%,64øF (Wall),65øF (Ambient2),Comfort
9-Apr,22:15:22,65.30øF,36.40%,64øF (Wall),65øF (Ambient2),Comfort
9-Apr,22:15:24,65.30øF,36.50%,64øF (Wall),65øF (Ambient2),Comfort
9-Apr,22:15:26,65.30øF,36.60%,64øF (Wall),65øF (Ambient2),Comfort
9-Apr,22:15:28,65.48øF,36.70%,64øF (Wall),65øF (Ambient2),Comfort
9-Apr,22:15:30,65.48øF,36.70%,64øF (Wall),65øF (Ambient2),Comfort
9-Apr,22:15:32,65.30øF,36.50%,64øF (Wall),65øF (Ambient2),Comfort
9-Apr,22:15:34,65.30øF,36.50%,64øF (Wall),65øF (Ambient2),Comfort
9-Apr,22:15:36,65.30øF,36.70%,64øF (Wall),65øF (Ambient2),Comfort
9-Apr,22:15:38,65.30øF,37.00%,64øF (Wall),65øF (Ambient2),Comfort
9-Apr,22:15:40,65.30øF,37.20%,64øF (Wall),65øF (Ambient2),Comfort
9-Apr,22:15:42,65.30øF,37.30%,64øF (Wall),65øF (Ambient2),Comfort
9-Apr,22:15:44,65.30øF,37.50%,64øF (Wall),65øF (Ambient2),Comfort
9-Apr,22:15:46,65.48øF,37.60%,64øF (Wall),65øF (Ambient2),Comfort
9-Apr,22:15:49,65.30øF,37.60%,64øF (Wall),65øF (Ambient2),Comfort
9-Apr,22:15:51,65.30øF,37.70%,64øF (Wall),65øF (Ambient2),Comfort
9-Apr,22:15:53,65.30øF,37.70%,64øF (Wall),65øF (Ambient2),Comfort
9-Apr,22:15:55,65.30øF,37.80%,64øF (Wall),65øF (Ambient2),Comfort
9-Apr,22:15:57,65.30øF,37.80%,64øF (Wall),65øF (Ambient2),Comfort
9-Apr,22:15:59,65.30øF,37.80%,64øF (Wall),65øF (Ambient2),Comfort
9-Apr,22:16:01,65.48øF,37.90%,64øF (Wall),65øF (Ambient2),Comfort
9-Apr,22:16:03,65.30øF,37.90%,64øF (Wall),65øF (Ambient2),Comfort
9-Apr,22:16:05,65.48øF,38.00%,64øF (Wall),65øF (Ambient2),Comfort
9-Apr,22:16:07,65.48øF,37.90%,64øF (Wall),65øF (Ambient2),Comfort
9-Apr,22:16:09,65.48øF,38.00%,64øF (Wall),65øF (Ambient2),Comfort
9-Apr,22:16:11,65.30øF,37.90%,64øF (Wall),65øF (Ambient2),Comfort
9-Apr,22:16:13,65.48øF,38.00%,64øF (Wall),65øF (Ambient2),Comfort
9-Apr,22:16:15,65.48øF,38.00%,64øF (Wall),65øF (Ambient2),Comfort
9-Apr,22:16:17,65.48øF,38.10%,64øF (Wall),65øF (Ambient2),Comfort
9-Apr,22:16:19,65.48øF,38.10%,64øF (Wall),65øF (Ambient2),Comfort
9-Apr,22:16:21,65.48øF,38.10%,64øF (Wall),65øF (Ambient2),Comfort
9-Apr,22:16:23,65.48øF,38.20%,64øF (Wall),65øF (Ambient2),Comfort
9-Apr,22:16:25,65.48øF,38.20%,64øF (Wall),65øF (Ambient2),Comfort
9-Apr,22:16:27,65.48øF,38.30%,64øF (Wall),65øF (Ambient2),Comfort
9-Apr,22:16:29,65.48øF,38.30%,64øF (Wall),65øF (Ambient2),Comfort
9-Apr,22:16:31,65.48øF,38.30%,64øF (Wall),65øF (Ambient2),Comfort
9-Apr,22:16:33,65.48øF,38.20%,64øF (Wall),65øF (Ambient2),Comfort
9-Apr,22:16:35,65.48øF,38.20%,64øF (Wall),65øF (Ambient2),Comfort
9-Apr,22:16:37,65.48øF,38.30%,64øF (Wall),65øF (Ambient2),Comfort
9-Apr,22:16:39,65.48øF,38.40%,64øF (Wall),65øF (Ambient2),Comfort
9-Apr,22:16:42,65.48øF,38.40%,64øF (Wall),65øF (Ambient2),Comfort
9-Apr,22:16:44,65.48øF,38.40%,64øF (Wall),65øF (Ambient2),Comfort
9-Apr,22:16:46,65.48øF,38.50%,64øF (Wall),65øF (Ambient2),Comfort
9-Apr,22:16:48,65.48øF,38.50%,64øF (Wall),65øF (Ambient2),Comfort
9-Apr,22:16:50,65.48øF,38.70%,64øF (Wall),65øF (Ambient2),Comfort
9-Apr,22:16:52,65.48øF,38.80%,64øF (Wall),65øF (Ambient2),Comfort
9-Apr,22:16:54,65.48øF,38.90%,64øF (Wall),65øF (Ambient2),Comfort
9-Apr,22:16:56,65.30øF,38.90%,64øF (Wall),65øF (Ambient2),Comfort
9-Apr,22:16:58,65.48øF,39.10%,64øF (Wall),65øF (Ambient2),Comfort
9-Apr,22:17:00,65.48øF,39.10%,64øF (Wall),65øF (Ambient2),Comfort
9-Apr,22:17:02,65.48øF,39.10%,64øF (Wall),65øF (Ambient2),Comfort
9-Apr,22:17:04,65.48øF,39.10%,64øF (Wall),65øF (Ambient2),Comfort
9-Apr,22:17:06,65.48øF,39.20%,64øF (Wall),65øF (Ambient2),Comfort
9-Apr,22:17:08,65.30øF,39.10%,64øF (Wall),65øF (Ambient2),Comfort
9-Apr,22:17:10,65.30øF,39.10%,64øF (Wall),65øF (Ambient2),Comfort
9-Apr,22:17:12,65.30øF,39.20%,64øF (Wall),65øF (Ambient2),Comfort
9-Apr,22:17:14,65.48øF,39.30%,64øF (Wall),65øF (Ambient2),Comfort
9-Apr,22:17:16,65.30øF,39.30%,64øF (Wall),65øF (Ambient2),Comfort
9-Apr,22:17:18,65.30øF,39.50%,64øF (Wall),65øF (Ambient2),Comfort
9-Apr,22:17:20,65.48øF,39.80%,64øF (Wall),65øF (Ambient2),Comfort
9-Apr,22:17:22,65.48øF,40.00%,64øF (Wall),65øF (Ambient2),Comfort
9-Apr,22:17:24,65.30øF,40.00%,64øF (Wall),65øF (Ambient2),Comfort
9-Apr,22:17:26,65.30øF,40.10%,64øF (Wall),65øF (Ambient2),Comfort
9-Apr,22:17:28,65.30øF,40.10%,64øF (Wall),65øF (Ambient2),Comfort
9-Apr,22:17:30,65.30øF,40.20%,64øF (Wall),65øF (Ambient2),Comfort
9-Apr,22:17:32,65.30øF,40.20%,64øF (Wall),65øF (Ambient2),Comfort
9-Apr,22:17:35,65.30øF,40.20%,64øF (Wall),65øF (Ambient2),Comfort
9-Apr,22:17:37,65.30øF,40.30%,64øF (Wall),65øF (Ambient2),Comfort
9-Apr,22:17:39,65.30øF,40.40%,64øF (Wall),65øF (Ambient2),Comfort
9-Apr,22:17:41,65.30øF,40.70%,64øF (Wall),65øF (Ambient2),Comfort
9-Apr,22:17:43,65.30øF,40.90%,64øF (Wall),65øF (Ambient2),Comfort
9-Apr,22:17:45,65.30øF,41.20%,64øF (Wall),65øF (Ambient2),Comfort
9-Apr,22:17:47,65.30øF,41.40%,64øF (Wall),65øF (Ambient2),Comfort
9-Apr,22:17:49,65.30øF,41.50%,64øF (Wall),65øF (Ambient2),Comfort
9-Apr,22:17:51,65.30øF,41.70%,64øF (Wall),65øF (Ambient2),Comfort
9-Apr,22:17:53,65.30øF,41.80%,64øF (Wall),65øF (Ambient2),Comfort
9-Apr,22:17:55,65.30øF,42.00%,64øF (Wall),65øF (Ambient2),Comfort
9-Apr,22:17:57,65.30øF,42.20%,64øF (Wall),65øF (Ambient2),Comfort
9-Apr,22:17:59,65.30øF,42.40%,64øF (Wall),65øF (Ambient2),Comfort
9-Apr,22:18:01,65.48øF,42.60%,64øF (Wall),65øF (Ambient2),Comfort
9-Apr,22:18:03,65.48øF,42.70%,64øF (Wall),65øF (Ambient2),Comfort
9-Apr,22:18:05,65.48øF,42.80%,64øF (Wall),65øF (Ambient2),Comfort
9-Apr,22:18:07,65.48øF,42.80%,64øF (Wall),65øF (Ambient2),Comfort
9-Apr,22:18:09,65.48øF,42.90%,64øF (Wall),65øF (Ambient2),Comfort
9-Apr,22:18:11,65.48øF,42.80%,64øF (Wall),65øF (Ambient2),Comfort
9-Apr,22:18:13,65.48øF,42.80%,64øF (Wall),65øF (Ambient2),Comfort
9-Apr,22:18:15,65.48øF,42.80%,64øF (Wall),65øF (Ambient2),Comfort
9-Apr,22:18:17,65.48øF,42.80%,64øF (Wall),65øF (Ambient2),Comfort
9-Apr,22:18:19,65.48øF,42.80%,64øF (Wall),65øF (Ambient2),Comfort
9-Apr,22:18:21,65.48øF,42.70%,64øF (Wall),65øF (Ambient2),Comfort
9-Apr,22:18:23,65.48øF,42.60%,64øF (Wall),65øF (Ambient2),Comfort
9-Apr,22:18:25,65.48øF,42.50%,64øF (Wall),65øF (Ambient2),Comfort
9-Apr,22:18:28,65.48øF,42.40%,64øF (Wall),65øF (Ambient2),Comfort
9-Apr,22:18:30,65.48øF,42.30%,64øF (Wall),65øF (Ambient2),Comfort
9-Apr,22:18:32,65.48øF,42.00%,64øF (Wall),65øF (Ambient2),Comfort
9-Apr,22:18:34,65.48øF,41.60%,64øF (Wall),65øF (Ambient2),Comfort
9-Apr,22:18:36,65.48øF,41.30%,64øF (Wall),65øF (Ambient2),Comfort
9-Apr,22:18:38,65.48øF,41.20%,64øF (Wall),65øF (Ambient2),Comfort
9-Apr,22:18:40,65.48øF,41.10%,64øF (Wall),65øF (Ambient2),Comfort
9-Apr,22:18:42,65.48øF,41.00%,64øF (Wall),65øF (Ambient2),Comfort
9-Apr,22:18:44,65.48øF,40.80%,64øF (Wall),65øF (Ambient2),Comfort
9-Apr,22:18:46,65.48øF,40.80%,64øF (Wall),65øF (Ambient2),Comfort
9-Apr,22:18:48,65.48øF,40.80%,64øF (Wall),65øF (Ambient2),Comfort
9-Apr,22:18:50,65.48øF,40.80%,64øF (Wall),65øF (Ambient2),Comfort
9-Apr,22:18:52,65.48øF,40.80%,64øF (Wall),65øF (Ambient2),Comfort
9-Apr,22:18:54,65.48øF,40.80%,64øF (Wall),65øF (Ambient2),Comfort
9-Apr,22:18:56,65.48øF,40.80%,64øF (Wall),65øF (Ambient2),Comfort
9-Apr,22:18:58,65.48øF,40.70%,64øF (Wall),65øF (Ambient2),Comfort
9-Apr,22:19:00,65.48øF,40.70%,64øF (Wall),65øF (Ambient2),Comfort
9-Apr,22:19:02,65.48øF,40.70%,64øF (Wall),65øF (Ambient2),Comfort
9-Apr,22:19:04,65.48øF,40.50%,64øF (Wall),65øF (Ambient2),Comfort
9-Apr,22:19:06,65.48øF,40.40%,64øF (Wall),65øF (Ambient2),Comfort
9-Apr,22:19:08,65.48øF,40.60%,64øF (Wall),65øF (Ambient2),Comfort
9-Apr,22:19:10,65.48øF,40.60%,64øF (Wall),65øF (Ambient2),Comfort
9-Apr,22:19:12,65.48øF,40.50%,64øF (Wall),65øF (Ambient2),Comfort
9-Apr,22:19:14,65.48øF,40.50%,64øF (Wall),65øF (Ambient2),Comfort
9-Apr,22:19:16,65.48øF,40.60%,64øF (Wall),65øF (Ambient2),Comfort
9-Apr,22:19:18,65.48øF,40.80%,64øF (Wall),65øF (Ambient2),Comfort
9-Apr,22:19:21,65.48øF,40.90%,64øF (Wall),65øF (Ambient2),Comfort
9-Apr,22:19:23,65.48øF,41.00%,64øF (Wall),65øF (Ambient2),Comfort
9-Apr,22:19:25,65.48øF,40.90%,64øF (Wall),65øF (Ambient2),Comfort
9-Apr,22:19:27,65.48øF,40.70%,64øF (Wall),65øF (Ambient2),Comfort
9-Apr,22:19:29,65.48øF,40.60%,64øF (Wall),65øF (Ambient2),Comfort
9-Apr,22:19:31,65.48øF,40.50%,64øF (Wall),65øF (Ambient2),Comfort
9-Apr,22:19:33,65.48øF,40.40%,64øF (Wall),65øF (Ambient2),Comfort
9-Apr,22:19:35,65.48øF,40.30%,64øF (Wall),65øF (Ambient2),Comfort
9-Apr,22:19:37,65.48øF,40.30%,64øF (Wall),65øF (Ambient2),Comfort
9-Apr,22:19:39,65.48øF,40.50%,64øF (Wall),65øF (Ambient2),Comfort
9-Apr,22:19:41,65.48øF,40.60%,64øF (Wall),65øF (Ambient2),Comfort
9-Apr,22:19:43,65.48øF,40.70%,64øF (Wall),65øF (Ambient2),Comfort
9-Apr,22:19:45,65.48øF,40.60%,64øF (Wall),65øF (Ambient2),Comfort
9-Apr,22:19:47,65.48øF,40.60%,64øF (Wall),65øF (Ambient2),Comfort
9-Apr,22:19:49,65.48øF,40.60%,64øF (Wall),65øF (Ambient2),Comfort
9-Apr,22:19:51,65.48øF,40.60%,64øF (Wall),65øF (Ambient2),Comfort
9-Apr,22:19:53,65.48øF,40.50%,64øF (Wall),65øF (Ambient2),Comfort
9-Apr,22:19:55,65.48øF,40.40%,64øF (Wall),65øF (Ambient2),Comfort
9-Apr,22:19:57,65.48øF,40.20%,64øF (Wall),65øF (Ambient2),Comfort
9-Apr,22:19:59,65.48øF,40.00%,64øF (Wall),65øF (Ambient2),Comfort
9-Apr,22:20:01,65.48øF,40.00%,64øF (Wall),65øF (Ambient2),Comfort
9-Apr,22:20:03,65.48øF,39.90%,64øF (Wall),65øF (Ambient2),Comfort
9-Apr,22:20:05,65.48øF,39.90%,64øF (Wall),65øF (Ambient2),Comfort
9-Apr,22:20:07,65.48øF,39.90%,64øF (Wall),65øF (Ambient2),Comfort
9-Apr,22:20:09,65.48øF,39.90%,64øF (Wall),65øF (Ambient2),Comfort
9-Apr,22:20:11,65.48øF,39.90%,64øF (Wall),65øF (Ambient2),Comfort
9-Apr,22:20:13,65.48øF,39.80%,64øF (Wall),65øF (Ambient2),Comfort
9-Apr,22:20:16,65.48øF,39.80%,64øF (Wall),65øF (Ambient2),Comfort
9-Apr,22:20:18,65.48øF,39.70%,64øF (Wall),65øF (Ambient2),Comfort
9-Apr,22:20:20,65.48øF,39.60%,64øF (Wall),65øF (Ambient2),Comfort
9-Apr,22:20:22,65.48øF,39.50%,64øF (Wall),65øF (Ambient2),Comfort
9-Apr,22:20:24,65.48øF,39.40%,64øF (Wall),65øF (Ambient2),Comfort
9-Apr,22:20:26,65.48øF,39.40%,64øF (Wall),65øF (Ambient2),Comfort
9-Apr,22:20:28,65.48øF,39.50%,64øF (Wall),65øF (Ambient2),Comfort
9-Apr,22:20:30,65.48øF,39.60%,64øF (Wall),65øF (Ambient2),Comfort
9-Apr,22:20:32,65.48øF,39.60%,64øF (Wall),65øF (Ambient2),Comfort
9-Apr,22:20:34,65.48øF,39.60%,64øF (Wall),65øF (Ambient2),Comfort
9-Apr,22:20:36,65.48øF,39.60%,64øF (Wall),65øF (Ambient2),Comfort
9-Apr,22:20:38,65.48øF,39.60%,64øF (Wall),65øF (Ambient2),Comfort
9-Apr,22:20:40,65.48øF,39.60%,64øF (Wall),65øF (Ambient2),Comfort
9-Apr,22:20:42,65.48øF,39.60%,64øF (Wall),65øF (Ambient2),Comfort
9-Apr,22:20:44,65.48øF,39.60%,64øF (Wall),65øF (Ambient2),Comfort
9-Apr,22:20:46,65.48øF,39.60%,64øF (Wall),65øF (Ambient2),Comfort
9-Apr,22:20:48,65.48øF,39.50%,64øF (Wall),65øF (Ambient2),Comfort
9-Apr,22:20:50,65.48øF,39.50%,64øF (Wall),65øF (Ambient2),Comfort
9-Apr,22:20:52,65.48øF,39.40%,64øF (Wall),65øF (Ambient2),Comfort
9-Apr,22:20:54,65.48øF,39.30%,64øF (Wall),65øF (Ambient2),Comfort
9-Apr,22:20:56,65.48øF,39.20%,64øF (Wall),65øF (Ambient2),Comfort
9-Apr,22:20:58,65.48øF,39.20%,64øF (Wall),65øF (Ambient2),Comfort
9-Apr,22:21:00,65.48øF,39.30%,64øF (Wall),65øF (Ambient2),Comfort
9-Apr,22:21:02,65.48øF,39.30%,64øF (Wall),65øF (Ambient2),Comfort
9-Apr,22:21:04,65.48øF,39.50%,64øF (Wall),65øF (Ambient2),Comfort
9-Apr,22:21:06,65.48øF,39.70%,64øF (Wall),65øF (Ambient2),Comfort
9-Apr,22:21:09,65.48øF,39.80%,64øF (Wall),65øF (Ambient2),Comfort
9-Apr,22:21:11,65.48øF,39.90%,64øF (Wall),65øF (Ambient2),Comfort
9-Apr,22:21:13,65.48øF,40.00%,64øF (Wall),65øF (Ambient2),Comfort
9-Apr,22:21:15,65.48øF,40.10%,64øF (Wall),65øF (Ambient2),Comfort
9-Apr,22:21:17,65.48øF,40.10%,64øF (Wall),65øF (Ambient2),Comfort
9-Apr,22:21:19,65.48øF,40.00%,64øF (Wall),65øF (Ambient2),Comfort
9-Apr,22:21:21,65.48øF,40.00%,64øF (Wall),65øF (Ambient2),Comfort
9-Apr,22:21:23,65.48øF,39.90%,64øF (Wall),65øF (Ambient2),Comfort
9-Apr,22:21:25,65.48øF,39.90%,64øF (Wall),65øF (Ambient2),Comfort
9-Apr,22:21:27,65.66øF,39.90%,64øF (Wall),65øF (Ambient2),Comfort
9-Apr,22:21:29,65.66øF,39.70%,64øF (Wall),65øF (Ambient2),Comfort
9-Apr,22:21:31,65.66øF,39.70%,64øF (Wall),65øF (Ambient2),Comfort
9-Apr,22:21:33,65.66øF,39.70%,64øF (Wall),65øF (Ambient2),Comfort
9-Apr,22:21:35,65.66øF,39.60%,64øF (Wall),65øF (Ambient2),Comfort
9-Apr,22:21:37,65.66øF,39.60%,64øF (Wall),65øF (Ambient2),Comfort
9-Apr,22:21:39,65.66øF,39.50%,64øF (Wall),65øF (Ambient2),Comfort
9-Apr,22:21:41,65.66øF,39.50%,64øF (Wall),65øF (Ambient2),Comfort
9-Apr,22:21:43,65.66øF,39.60%,64øF (Wall),65øF (Ambient2),Comfort
9-Apr,22:21:45,65.66øF,39.70%,64øF (Wall),65øF (Ambient2),Comfort
9-Apr,22:21:47,65.66øF,39.80%,64øF (Wall),65øF (Ambient2),Comfort
9-Apr,22:21:49,65.66øF,39.90%,64øF (Wall),65øF (Ambient2),Comfort
9-Apr,22:21:51,65.66øF,40.00%,64øF (Wall),65øF (Ambient2),Comfort
9-Apr,22:21:53,65.66øF,40.00%,64øF (Wall),65øF (Ambient2),Comfort
9-Apr,22:21:55,65.66øF,39.90%,64øF (Wall),65øF (Ambient2),Comfort
9-Apr,22:21:57,65.66øF,39.50%,64øF (Wall),65øF (Ambient2),Comfort
9-Apr,22:21:59,65.66øF,39.30%,64øF (Wall),65øF (Ambient2),Comfort
9-Apr,22:22:02,65.66øF,39.00%,64øF (Wall),65øF (Ambient2),Comfort
9-Apr,22:22:04,65.66øF,38.60%,64øF (Wall),65øF (Ambient2),Comfort
9-Apr,22:22:06,65.66øF,38.30%,64øF (Wall),65øF (Ambient2),Comfort
9-Apr,22:22:08,65.66øF,37.90%,64øF (Wall),65øF (Ambient2),Comfort
9-Apr,22:22:10,65.66øF,37.60%,64øF (Wall),65øF (Ambient2),Comfort
9-Apr,22:22:12,65.66øF,37.30%,64øF (Wall),65øF (Ambient2),Comfort
9-Apr,22:22:14,65.66øF,37.10%,64øF (Wall),65øF (Ambient2),Comfort
9-Apr,22:22:16,65.66øF,37.00%,64øF (Wall),65øF (Ambient2),Comfort
9-Apr,22:22:18,65.66øF,36.90%,64øF (Wall),65øF (Ambient2),Comfort
9-Apr,22:22:20,65.48øF,36.70%,64øF (Wall),65øF (Ambient2),Comfort
9-Apr,22:22:22,65.48øF,36.60%,64øF (Wall),65øF (Ambient2),Comfort
9-Apr,22:22:24,65.48øF,36.60%,64øF (Wall),65øF (Ambient2),Comfort
9-Apr,22:22:26,65.48øF,36.50%,64øF (Wall),65øF (Ambient2),Comfort
9-Apr,22:22:28,65.48øF,36.40%,64øF (Wall),65øF (Ambient2),Comfort
9-Apr,22:22:30,65.48øF,36.30%,64øF (Wall),65øF (Ambient2),Comfort
9-Apr,22:22:32,65.48øF,36.30%,64øF (Wall),65øF (Ambient2),Comfort
9-Apr,22:22:34,65.48øF,36.20%,64øF (Wall),65øF (Ambient2),Comfort
9-Apr,22:22:36,65.48øF,36.10%,64øF (Wall),65øF (Ambient2),Comfort
9-Apr,22:22:38,65.48øF,36.10%,64øF (Wall),65øF (Ambient2),Comfort
9-Apr,22:22:40,65.48øF,36.10%,64øF (Wall),65øF (Ambient2),Comfort
9-Apr,22:22:42,65.48øF,36.00%,64øF (Wall),65øF (Ambient2),Comfort
9-Apr,22:22:44,65.48øF,36.00%,64øF (Wall),65øF (Ambient2),Comfort
9-Apr,22:22:46,65.30øF,36.00%,64øF (Wall),65øF (Ambient2),Comfort
9-Apr,22:22:48,65.30øF,35.90%,64øF (Wall),65øF (Ambient2),Comfort
9-Apr,22:22:50,65.30øF,35.90%,64øF (Wall),65øF (Ambient2),Comfort
9-Apr,22:22:52,65.30øF,35.90%,64øF (Wall),65øF (Ambient2),Comfort
9-Apr,22:22:55,65.30øF,36.00%,64øF (Wall),65øF (Ambient2),Comfort
9-Apr,22:22:57,65.30øF,36.10%,64øF (Wall),65øF (Ambient2),Comfort
9-Apr,22:22:59,65.30øF,36.10%,64øF (Wall),65øF (Ambient2),Comfort
9-Apr,22:23:01,65.30øF,36.30%,64øF (Wall),65øF (Ambient2),Comfort
9-Apr,22:23:03,65.30øF,36.50%,64øF (Wall),65øF (Ambient2),Comfort
9-Apr,22:23:05,65.30øF,36.70%,64øF (Wall),65øF (Ambient2),Comfort
9-Apr,22:23:07,65.30øF,36.90%,64øF (Wall),65øF (Ambient2),Comfort
9-Apr,22:23:09,65.30øF,37.10%,64øF (Wall),65øF (Ambient2),Comfort
9-Apr,22:23:11,65.30øF,37.20%,64øF (Wall),65øF (Ambient2),Comfort
9-Apr,22:23:13,65.30øF,37.40%,64øF (Wall),65øF (Ambient2),Comfort
9-Apr,22:23:15,65.30øF,37.50%,64øF (Wall),65øF (Ambient2),Comfort
9-Apr,22:23:17,65.30øF,37.60%,64øF (Wall),65øF (Ambient2),Comfort
9-Apr,22:23:19,65.30øF,37.70%,64øF (Wall),65øF (Ambient2),Comfort
9-Apr,22:23:21,65.30øF,37.80%,64øF (Wall),65øF (Ambient2),Comfort
9-Apr,22:23:23,65.30øF,37.90%,64øF (Wall),65øF (Ambient2),Comfort
9-Apr,22:23:25,65.48øF,38.10%,64øF (Wall),65øF (Ambient2),Comfort
9-Apr,22:23:27,65.48øF,38.20%,64øF (Wall),65øF (Ambient2),Comfort
9-Apr,22:23:29,65.30øF,38.00%,64øF (Wall),65øF (Ambient2),Comfort
9-Apr,22:23:31,65.30øF,38.00%,64øF (Wall),65øF (Ambient2),Comfort
9-Apr,22:23:33,65.30øF,37.90%,64øF (Wall),65øF (Ambient2),Comfort
9-Apr,22:23:35,65.30øF,37.60%,64øF (Wall),65øF (Ambient2),Comfort
9-Apr,22:23:37,65.30øF,37.50%,64øF (Wall),65øF (Ambient2),Comfort
9-Apr,22:23:39,65.30øF,37.30%,64øF (Wall),65øF (Ambient2),Comfort
9-Apr,22:23:41,65.30øF,37.30%,64øF (Wall),65øF (Ambient2),Comfort
9-Apr,22:23:43,65.30øF,37.20%,64øF (Wall),65øF (Ambient2),Comfort
9-Apr,22:23:45,65.30øF,37.30%,64øF (Wall),65øF (Ambient2),Comfort
9-Apr,22:23:48,65.30øF,37.30%,64øF (Wall),65øF (Ambient2),Comfort
9-Apr,22:23:50,65.30øF,37.20%,64øF (Wall),65øF (Ambient2),Comfort
9-Apr,22:23:52,65.30øF,37.10%,64øF (Wall),65øF (Ambient2),Comfort
9-Apr,22:23:54,65.30øF,37.00%,64øF (Wall),65øF (Ambient2),Comfort
9-Apr,22:23:56,65.30øF,36.90%,64øF (Wall),65øF (Ambient2),Comfort
9-Apr,22:23:58,65.30øF,36.90%,64øF (Wall),65øF (Ambient2),Comfort
9-Apr,22:24:00,65.30øF,36.90%,64øF (Wall),65øF (Ambient2),Comfort
9-Apr,22:24:02,65.30øF,37.00%,64øF (Wall),65øF (Ambient2),Comfort
9-Apr,22:24:04,65.30øF,37.20%,64øF (Wall),65øF (Ambient2),Comfort
9-Apr,22:24:06,65.30øF,37.30%,64øF (Wall),65øF (Ambient2),Comfort
9-Apr,22:24:08,65.30øF,37.40%,64øF (Wall),65øF (Ambient2),Comfort
9-Apr,22:24:10,65.30øF,37.60%,64øF (Wall),65øF (Ambient2),Comfort
9-Apr,22:24:12,65.30øF,37.60%,64øF (Wall),65øF (Ambient2),Comfort
9-Apr,22:24:14,65.30øF,37.60%,64øF (Wall),65øF (Ambient2),Comfort
9-Apr,22:24:16,65.30øF,37.60%,64øF (Wall),65øF (Ambient2),Comfort
9-Apr,22:24:18,65.30øF,37.70%,64øF (Wall),65øF (Ambient2),Comfort
9-Apr,22:24:20,65.30øF,37.80%,64øF (Wall),65øF (Ambient2),Comfort
9-Apr,22:24:22,65.30øF,37.80%,64øF (Wall),65øF (Ambient2),Comfort
9-Apr,22:24:24,65.30øF,37.90%,64øF (Wall),65øF (Ambient2),Comfort
9-Apr,22:24:26,65.30øF,37.90%,64øF (Wall),65øF (Ambient2),Comfort
9-Apr,22:24:28,65.30øF,38.00%,64øF (Wall),65øF (Ambient2),Comfort
9-Apr,22:24:30,65.30øF,38.10%,64øF (Wall),65øF (Ambient2),Comfort
9-Apr,22:24:32,65.48øF,38.10%,64øF (Wall),65øF (Ambient2),Comfort
9-Apr,22:24:34,65.30øF,37.90%,64øF (Wall),65øF (Ambient2),Comfort
9-Apr,22:24:36,65.30øF,37.90%,64øF (Wall),65øF (Ambient2),Comfort
9-Apr,22:24:38,65.30øF,37.90%,64øF (Wall),65øF (Ambient2),Comfort
9-Apr,22:24:41,65.30øF,38.00%,64øF (Wall),65øF (Ambient2),Comfort
9-Apr,22:24:43,65.30øF,37.90%,64øF (Wall),65øF (Ambient2),Comfort
9-Apr,22:24:45,65.30øF,37.90%,64øF (Wall),65øF (Ambient2),Comfort
9-Apr,22:24:47,65.30øF,37.80%,64øF (Wall),65øF (Ambient2),Comfort
9-Apr,22:24:49,65.30øF,37.80%,64øF (Wall),65øF (Ambient2),Comfort
9-Apr,22:24:51,65.30øF,37.80%,64øF (Wall),65øF (Ambient2),Comfort
9-Apr,22:24:53,65.30øF,37.80%,64øF (Wall),65øF (Ambient2),Comfort
9-Apr,22:24:55,65.30øF,37.90%,64øF (Wall),65øF (Ambient2),Comfort
9-Apr,22:24:57,65.30øF,37.80%,64øF (Wall),65øF (Ambient2),Comfort
9-Apr,22:24:59,65.30øF,37.80%,64øF (Wall),65øF (Ambient2),Comfort
9-Apr,22:25:01,65.48øF,38.00%,64øF (Wall),65øF (Ambient2),Comfort
9-Apr,22:25:03,65.30øF,37.90%,64øF (Wall),65øF (Ambient2),Comfort
9-Apr,22:25:05,65.30øF,37.80%,64øF (Wall),65øF (Ambient2),Comfort
9-Apr,22:25:07,65.30øF,37.80%,64øF (Wall),65øF (Ambient2),Comfort
9-Apr,22:25:09,65.30øF,37.80%,64øF (Wall),65øF (Ambient2),Comfort
9-Apr,22:25:11,65.30øF,37.80%,64øF (Wall),65øF (Ambient2),Comfort
9-Apr,22:25:13,65.30øF,37.70%,64øF (Wall),65øF (Ambient2),Comfort
9-Apr,22:25:15,65.30øF,37.60%,64øF (Wall),65øF (Ambient2),Comfort
9-Apr,22:25:17,65.30øF,37.50%,64øF (Wall),65øF (Ambient2),Comfort
9-Apr,22:25:19,65.30øF,37.40%,64øF (Wall),65øF (Ambient2),Comfort
9-Apr,22:25:21,65.30øF,37.40%,64øF (Wall),65øF (Ambient2),Comfort
9-Apr,22:25:23,65.30øF,37.40%,64øF (Wall),65øF (Ambient2),Comfort
9-Apr,22:25:25,65.30øF,37.40%,64øF (Wall),65øF (Ambient2),Comfort
9-Apr,22:25:27,65.30øF,37.40%,64øF (Wall),65øF (Ambient2),Comfort
9-Apr,22:25:29,65.30øF,37.40%,64øF (Wall),65øF (Ambient2),Comfort
9-Apr,22:25:31,65.30øF,37.40%,64øF (Wall),65øF (Ambient2),Comfort
9-Apr,22:25:34,65.30øF,37.40%,64øF (Wall),65øF (Ambient2),Comfort
9-Apr,22:25:36,65.30øF,37.40%,64øF (Wall),65øF (Ambient2),Comfort
9-Apr,22:25:38,65.30øF,37.30%,64øF (Wall),65øF (Ambient2),Comfort
9-Apr,22:25:40,65.30øF,37.20%,64øF (Wall),65øF (Ambient2),Comfort
9-Apr,22:25:42,65.30øF,37.20%,64øF (Wall),65øF (Ambient2),Comfort
9-Apr,22:25:44,65.30øF,37.10%,64øF (Wall),65øF (Ambient2),Comfort
9-Apr,22:25:46,65.30øF,37.10%,64øF (Wall),65øF (Ambient2),Comfort
9-Apr,22:25:48,65.30øF,37.10%,64øF (Wall),65øF (Ambient2),Comfort
9-Apr,22:25:50,65.30øF,37.10%,64øF (Wall),65øF (Ambient2),Comfort
9-Apr,22:25:52,65.30øF,37.10%,64øF (Wall),65øF (Ambient2),Comfort
9-Apr,22:25:54,65.30øF,37.20%,64øF (Wall),65øF (Ambient2),Comfort
9-Apr,22:25:56,65.30øF,37.30%,64øF (Wall),65øF (Ambient2),Comfort
9-Apr,22:25:58,65.30øF,37.30%,64øF (Wall),65øF (Ambient2),Comfort
9-Apr,22:26:00,65.30øF,37.20%,64øF (Wall),65øF (Ambient2),Comfort
9-Apr,22:26:02,65.30øF,37.30%,64øF (Wall),65øF (Ambient2),Comfort
9-Apr,22:26:04,65.30øF,37.30%,64øF (Wall),65øF (Ambient2),Comfort
9-Apr,22:26:06,65.30øF,37.40%,64øF (Wall),65øF (Ambient2),Comfort
9-Apr,22:26:08,65.48øF,37.60%,64øF (Wall),65øF (Ambient2),Comfort
9-Apr,22:26:10,65.48øF,37.50%,64øF (Wall),65øF (Ambient2),Comfort
9-Apr,22:26:12,65.48øF,37.50%,64øF (Wall),65øF (Ambient2),Comfort
9-Apr,22:26:14,65.48øF,37.50%,64øF (Wall),65øF (Ambient2),Comfort
9-Apr,22:26:16,65.30øF,37.40%,64øF (Wall),65øF (Ambient2),Comfort
9-Apr,22:26:18,65.48øF,37.50%,64øF (Wall),65øF (Ambient2),Comfort
9-Apr,22:26:21,65.48øF,37.50%,64øF (Wall),65øF (Ambient2),Comfort
9-Apr,22:26:23,65.48øF,37.60%,64øF (Wall),65øF (Ambient2),Comfort
9-Apr,22:26:25,65.48øF,37.60%,64øF (Wall),65øF (Ambient2),Comfort
9-Apr,22:26:27,65.48øF,37.60%,64øF (Wall),65øF (Ambient2),Comfort
9-Apr,22:26:29,65.48øF,37.70%,64øF (Wall),65øF (Ambient2),Comfort
9-Apr,22:26:31,65.48øF,37.60%,64øF (Wall),65øF (Ambient2),Comfort
9-Apr,22:26:33,65.48øF,37.60%,64øF (Wall),65øF (Ambient2),Comfort
9-Apr,22:26:35,65.48øF,37.60%,64øF (Wall),65øF (Ambient2),Comfort
9-Apr,22:26:37,65.48øF,37.50%,64øF (Wall),65øF (Ambient2),Comfort
9-Apr,22:26:39,65.48øF,37.50%,64øF (Wall),65øF (Ambient2),Comfort
9-Apr,22:26:41,65.48øF,37.50%,64øF (Wall),65øF (Ambient2),Comfort
9-Apr,22:26:43,65.66øF,37.50%,64øF (Wall),65øF (Ambient2),Comfort
9-Apr,22:26:45,65.48øF,37.30%,64øF (Wall),65øF (Ambient2),Comfort
9-Apr,22:26:47,65.66øF,37.30%,64øF (Wall),65øF (Ambient2),Comfort
9-Apr,22:26:49,65.66øF,37.20%,64øF (Wall),65øF (Ambient2),Comfort
9-Apr,22:26:51,65.66øF,37.10%,64øF (Wall),65øF (Ambient2),Comfort
9-Apr,22:26:53,65.66øF,37.20%,64øF (Wall),65øF (Ambient2),Comfort
9-Apr,22:26:55,65.66øF,37.30%,64øF (Wall),65øF (Ambient2),Comfort
9-Apr,22:26:57,65.66øF,37.30%,64øF (Wall),65øF (Ambient2),Comfort
9-Apr,22:26:59,65.48øF,37.20%,64øF (Wall),65øF (Ambient2),Comfort
9-Apr,22:27:01,65.66øF,37.30%,64øF (Wall),65øF (Ambient2),Comfort
9-Apr,22:27:03,65.66øF,37.20%,64øF (Wall),65øF (Ambient2),Comfort
9-Apr,22:27:05,65.66øF,37.10%,64øF (Wall),65øF (Ambient2),Comfort
9-Apr,22:27:07,65.66øF,37.00%,64øF (Wall),65øF (Ambient2),Comfort
9-Apr,22:27:09,65.66øF,36.90%,64øF (Wall),65øF (Ambient2),Comfort
9-Apr,22:27:11,65.66øF,36.80%,64øF (Wall),65øF (Ambient2),Comfort
9-Apr,22:27:14,65.66øF,36.80%,64øF (Wall),65øF (Ambient2),Comfort
9-Apr,22:27:16,65.66øF,36.80%,64øF (Wall),65øF (Ambient2),Comfort
9-Apr,22:27:18,65.66øF,36.70%,64øF (Wall),65øF (Ambient2),Comfort
9-Apr,22:27:20,65.66øF,36.70%,64øF (Wall),65øF (Ambient2),Comfort
9-Apr,22:27:22,65.66øF,36.70%,64øF (Wall),66øF (Ambient2),Comfort
9-Apr,22:27:24,65.66øF,36.70%,64øF (Wall),66øF (Ambient2),Comfort
9-Apr,22:27:26,65.48øF,36.60%,64øF (Wall),65øF (Ambient2),Comfort
9-Apr,22:27:28,65.48øF,36.60%,64øF (Wall),66øF (Ambient2),Comfort
9-Apr,22:27:30,65.66øF,36.70%,64øF (Wall),65øF (Ambient2),Comfort
9-Apr,22:27:32,65.66øF,36.70%,64øF (Wall),65øF (Ambient2),Comfort
9-Apr,22:27:34,65.66øF,36.70%,64øF (Wall),66øF (Ambient2),Comfort
9-Apr,22:27:36,65.66øF,36.70%,64øF (Wall),65øF (Ambient2),Comfort
9-Apr,22:27:38,65.48øF,36.60%,64øF (Wall),65øF (Ambient2),Comfort
9-Apr,22:27:40,65.48øF,36.40%,64øF (Wall),65øF (Ambient2),Comfort
9-Apr,22:27:42,65.48øF,36.30%,64øF (Wall),66øF (Ambient2),Comfort
9-Apr,22:27:44,65.66øF,36.30%,64øF (Wall),65øF (Ambient2),Comfort
9-Apr,22:27:46,65.48øF,36.10%,64øF (Wall),66øF (Ambient2),Comfort
9-Apr,22:27:48,65.48øF,36.00%,64øF (Wall),65øF (Ambient2),Comfort
9-Apr,22:27:50,65.48øF,35.90%,64øF (Wall),65øF (Ambient2),Comfort
9-Apr,22:27:52,65.48øF,35.80%,64øF (Wall),65øF (Ambient2),Comfort
9-Apr,22:27:54,65.48øF,35.70%,64øF (Wall),65øF (Ambient2),Comfort
9-Apr,22:27:56,65.48øF,35.70%,64øF (Wall),65øF (Ambient2),Comfort
9-Apr,22:27:58,65.48øF,35.60%,64øF (Wall),65øF (Ambient2),Comfort
9-Apr,22:28:00,65.48øF,35.60%,64øF (Wall),65øF (Ambient2),Comfort
9-Apr,22:28:02,65.48øF,35.60%,64øF (Wall),65øF (Ambient2),Comfort
9-Apr,22:28:04,65.48øF,35.60%,64øF (Wall),65øF (Ambient2),Comfort
9-Apr,22:28:07,65.48øF,35.60%,64øF (Wall),65øF (Ambient2),Comfort
9-Apr,22:28:09,65.48øF,35.70%,64øF (Wall),65øF (Ambient2),Comfort
9-Apr,22:28:11,65.48øF,35.60%,64øF (Wall),65øF (Ambient2),Comfort
9-Apr,22:28:13,65.48øF,35.50%,64øF (Wall),65øF (Ambient2),Comfort
9-Apr,22:28:15,65.48øF,35.40%,64øF (Wall),65øF (Ambient2),Comfort
9-Apr,22:28:17,65.48øF,35.30%,64øF (Wall),65øF (Ambient2),Comfort
9-Apr,22:28:19,65.48øF,35.20%,64øF (Wall),65øF (Ambient2),Comfort
9-Apr,22:28:21,65.48øF,35.10%,64øF (Wall),65øF (Ambient2),Comfort
9-Apr,22:28:23,65.48øF,35.00%,64øF (Wall),65øF (Ambient2),Comfort
9-Apr,22:28:25,65.48øF,34.90%,64øF (Wall),65øF (Ambient2),Comfort
9-Apr,22:28:27,65.48øF,34.90%,64øF (Wall),65øF (Ambient2),Comfort
9-Apr,22:28:29,65.48øF,34.80%,64øF (Wall),65øF (Ambient2),Comfort
9-Apr,22:28:31,65.48øF,34.70%,64øF (Wall),65øF (Ambient2),Comfort
9-Apr,22:28:33,65.48øF,34.60%,64øF (Wall),65øF (Ambient2),Comfort
9-Apr,22:28:35,65.48øF,34.50%,64øF (Wall),65øF (Ambient2),Comfort
9-Apr,22:28:37,65.48øF,34.40%,64øF (Wall),65øF (Ambient2),Comfort
9-Apr,22:28:39,65.48øF,34.40%,64øF (Wall),65øF (Ambient2),Comfort
9-Apr,22:28:41,65.48øF,34.30%,64øF (Wall),65øF (Ambient2),Comfort
9-Apr,22:28:43,65.48øF,34.30%,64øF (Wall),65øF (Ambient2),Comfort
9-Apr,22:28:45,65.48øF,34.20%,64øF (Wall),65øF (Ambient2),Comfort
9-Apr,22:28:47,65.48øF,34.10%,64øF (Wall),65øF (Ambient2),Comfort
9-Apr,22:28:49,65.48øF,34.10%,64øF (Wall),65øF (Ambient2),Comfort
9-Apr,22:28:51,65.48øF,34.30%,64øF (Wall),65øF (Ambient2),Comfort
9-Apr,22:28:53,65.48øF,34.40%,64øF (Wall),65øF (Ambient2),Comfort
9-Apr,22:28:55,65.48øF,34.60%,64øF (Wall),65øF (Ambient2),Comfort
9-Apr,22:28:57,65.48øF,34.70%,64øF (Wall),65øF (Ambient2),Comfort
9-Apr,22:29:00,65.48øF,34.80%,64øF (Wall),65øF (Ambient2),Comfort
9-Apr,22:29:02,65.48øF,35.00%,64øF (Wall),65øF (Ambient2),Comfort
9-Apr,22:29:04,65.48øF,35.20%,64øF (Wall),65øF (Ambient2),Comfort
9-Apr,22:29:06,65.48øF,35.30%,64øF (Wall),65øF (Ambient2),Comfort
9-Apr,22:29:08,65.48øF,35.40%,64øF (Wall),65øF (Ambient2),Comfort
9-Apr,22:29:10,65.48øF,35.40%,64øF (Wall),65øF (Ambient2),Comfort
9-Apr,22:29:12,65.48øF,35.50%,64øF (Wall),65øF (Ambient2),Comfort
9-Apr,22:29:14,65.48øF,35.70%,64øF (Wall),65øF (Ambient2),Comfort
9-Apr,22:29:16,65.48øF,35.80%,64øF (Wall),65øF (Ambient2),Comfort
9-Apr,22:29:18,65.48øF,35.80%,64øF (Wall),65øF (Ambient2),Comfort
9-Apr,22:29:20,65.48øF,35.80%,64øF (Wall),65øF (Ambient2),Comfort
9-Apr,22:29:22,65.48øF,35.80%,64øF (Wall),65øF (Ambient2),Comfort
9-Apr,22:29:24,65.48øF,35.90%,64øF (Wall),66øF (Ambient2),Comfort
9-Apr,22:29:26,65.48øF,35.90%,64øF (Wall),65øF (Ambient2),Comfort
9-Apr,22:29:28,65.48øF,36.00%,64øF (Wall),65øF (Ambient2),Comfort
9-Apr,22:29:30,65.48øF,36.10%,64øF (Wall),65øF (Ambient2),Comfort
9-Apr,22:29:32,65.48øF,36.10%,64øF (Wall),66øF (Ambient2),Comfort
9-Apr,22:29:34,65.48øF,36.10%,64øF (Wall),65øF (Ambient2),Comfort
9-Apr,22:29:36,65.48øF,36.10%,64øF (Wall),65øF (Ambient2),Comfort
9-Apr,22:29:38,65.48øF,36.10%,64øF (Wall),65øF (Ambient2),Comfort
9-Apr,22:29:40,65.48øF,36.10%,64øF (Wall),65øF (Ambient2),Comfort
9-Apr,22:29:42,65.48øF,36.10%,64øF (Wall),65øF (Ambient2),Comfort
9-Apr,22:29:44,65.48øF,36.10%,64øF (Wall),65øF (Ambient2),Comfort
9-Apr,22:29:46,65.48øF,36.00%,64øF (Wall),65øF (Ambient2),Comfort
9-Apr,22:29:48,65.48øF,36.00%,64øF (Wall),65øF (Ambient2),Comfort
9-Apr,22:29:50,65.48øF,35.90%,64øF (Wall),65øF (Ambient2),Comfort
9-Apr,22:29:52,65.48øF,35.90%,64øF (Wall),65øF (Ambient2),Comfort
9-Apr,22:29:55,65.48øF,35.80%,64øF (Wall),65øF (Ambient2),Comfort
9-Apr,22:29:57,65.48øF,35.80%,64øF (Wall),65øF (Ambient2),Comfort
9-Apr,22:29:59,65.48øF,35.80%,64øF (Wall),65øF (Ambient2),Comfort
9-Apr,22:30:01,65.48øF,35.80%,64øF (Wall),65øF (Ambient2),Comfort
9-Apr,22:30:03,65.48øF,35.80%,64øF (Wall),65øF (Ambient2),Comfort
9-Apr,22:30:05,65.48øF,35.80%,64øF (Wall),65øF (Ambient2),Comfort
9-Apr,22:30:07,65.48øF,35.70%,64øF (Wall),65øF (Ambient2),Comfort
9-Apr,22:30:09,65.48øF,35.70%,64øF (Wall),65øF (Ambient2),Comfort
9-Apr,22:30:11,65.48øF,35.80%,64øF (Wall),65øF (Ambient2),Comfort
9-Apr,22:30:13,65.48øF,35.90%,64øF (Wall),65øF (Ambient2),Comfort
9-Apr,22:30:15,65.48øF,36.00%,64øF (Wall),65øF (Ambient2),Comfort
9-Apr,22:30:17,65.48øF,36.00%,64øF (Wall),65øF (Ambient2),Comfort
9-Apr,22:30:19,65.48øF,36.10%,64øF (Wall),65øF (Ambient2),Comfort
9-Apr,22:30:21,65.48øF,36.10%,64øF (Wall),65øF (Ambient2),Comfort
9-Apr,22:30:23,65.48øF,36.00%,64øF (Wall),65øF (Ambient2),Comfort
9-Apr,22:30:25,65.48øF,36.00%,64øF (Wall),65øF (Ambient2),Comfort
9-Apr,22:30:27,65.48øF,36.00%,64øF (Wall),65øF (Ambient2),Comfort
9-Apr,22:30:29,65.48øF,36.00%,64øF (Wall),65øF (Ambient2),Comfort
9-Apr,22:30:31,65.48øF,36.00%,64øF (Wall),65øF (Ambient2),Comfort
9-Apr,22:30:33,65.48øF,36.10%,64øF (Wall),65øF (Ambient2),Comfort
9-Apr,22:30:35,65.48øF,36.10%,64øF (Wall),65øF (Ambient2),Comfort
9-Apr,22:30:37,65.48øF,36.20%,64øF (Wall),65øF (Ambient2),Comfort
9-Apr,22:30:39,65.48øF,36.20%,64øF (Wall),65øF (Ambient2),Comfort
9-Apr,22:30:42,65.48øF,36.20%,64øF (Wall),65øF (Ambient2),Comfort
9-Apr,22:30:44,65.48øF,36.20%,64øF (Wall),65øF (Ambient2),Comfort
9-Apr,22:30:46,65.48øF,36.20%,64øF (Wall),65øF (Ambient2),Comfort
9-Apr,22:30:48,65.48øF,36.20%,64øF (Wall),65øF (Ambient2),Comfort
9-Apr,22:30:50,65.48øF,36.10%,64øF (Wall),65øF (Ambient2),Comfort
9-Apr,22:30:52,65.48øF,36.10%,64øF (Wall),65øF (Ambient2),Comfort
9-Apr,22:30:54,65.48øF,36.10%,64øF (Wall),65øF (Ambient2),Comfort
9-Apr,22:30:56,65.48øF,36.10%,64øF (Wall),65øF (Ambient2),Comfort
9-Apr,22:30:58,65.48øF,36.00%,64øF (Wall),65øF (Ambient2),Comfort
9-Apr,22:31:00,65.48øF,35.90%,64øF (Wall),65øF (Ambient2),Comfort
9-Apr,22:31:02,65.48øF,35.80%,64øF (Wall),65øF (Ambient2),Comfort
9-Apr,22:31:04,65.48øF,35.70%,64øF (Wall),65øF (Ambient2),Comfort
9-Apr,22:31:06,65.48øF,35.60%,64øF (Wall),65øF (Ambient2),Comfort
9-Apr,22:31:08,65.48øF,35.40%,64øF (Wall),65øF (Ambient2),Comfort
9-Apr,22:31:10,65.48øF,35.20%,64øF (Wall),65øF (Ambient2),Comfort
9-Apr,22:31:12,65.48øF,35.00%,64øF (Wall),65øF (Ambient2),Comfort
9-Apr,22:31:14,65.48øF,35.00%,64øF (Wall),65øF (Ambient2),Comfort
9-Apr,22:31:16,65.48øF,35.10%,64øF (Wall),65øF (Ambient2),Comfort
9-Apr,22:31:18,65.48øF,35.20%,64øF (Wall),65øF (Ambient2),Comfort
9-Apr,22:31:20,65.48øF,35.30%,64øF (Wall),65øF (Ambient2),Comfort
9-Apr,22:31:22,65.48øF,35.40%,64øF (Wall),65øF (Ambient2),Comfort
9-Apr,22:31:24,65.48øF,35.40%,64øF (Wall),65øF (Ambient2),Comfort
9-Apr,22:31:26,65.48øF,35.40%,64øF (Wall),65øF (Ambient2),Comfort
9-Apr,22:31:28,65.48øF,35.50%,64øF (Wall),65øF (Ambient2),Comfort
9-Apr,22:31:30,65.48øF,35.50%,64øF (Wall),65øF (Ambient2),Comfort
9-Apr,22:31:32,65.48øF,35.50%,64øF (Wall),65øF (Ambient2),Comfort
9-Apr,22:31:35,65.48øF,35.60%,64øF (Wall),65øF (Ambient2),Comfort
9-Apr,22:31:37,65.48øF,35.70%,64øF (Wall),65øF (Ambient2),Comfort
9-Apr,22:31:39,65.48øF,35.80%,64øF (Wall),65øF (Ambient2),Comfort
9-Apr,22:31:41,65.48øF,35.90%,64øF (Wall),65øF (Ambient2),Comfort
9-Apr,22:31:43,65.48øF,36.00%,64øF (Wall),65øF (Ambient2),Comfort
9-Apr,22:31:45,65.48øF,36.00%,64øF (Wall),65øF (Ambient2),Comfort
9-Apr,22:31:47,65.48øF,36.10%,64øF (Wall),65øF (Ambient2),Comfort
9-Apr,22:31:49,65.48øF,36.20%,64øF (Wall),65øF (Ambient2),Comfort
9-Apr,22:31:51,65.48øF,36.30%,64øF (Wall),65øF (Ambient2),Comfort
9-Apr,22:31:53,65.48øF,36.30%,64øF (Wall),65øF (Ambient2),Comfort
9-Apr,22:31:55,65.48øF,36.40%,64øF (Wall),65øF (Ambient2),Comfort
9-Apr,22:31:57,65.48øF,36.40%,64øF (Wall),65øF (Ambient2),Comfort
9-Apr,22:31:59,65.48øF,36.40%,64øF (Wall),65øF (Ambient2),Comfort
9-Apr,22:32:01,65.48øF,36.40%,64øF (Wall),65øF (Ambient2),Comfort
9-Apr,22:32:03,65.48øF,36.40%,64øF (Wall),65øF (Ambient2),Comfort
9-Apr,22:32:05,65.48øF,36.50%,64øF (Wall),65øF (Ambient2),Comfort
9-Apr,22:32:07,65.48øF,36.50%,64øF (Wall),65øF (Ambient2),Comfort
9-Apr,22:32:09,65.66øF,36.60%,64øF (Wall),65øF (Ambient2),Comfort
9-Apr,22:32:11,65.48øF,36.50%,64øF (Wall),65øF (Ambient2),Comfort
9-Apr,22:32:13,65.48øF,36.40%,64øF (Wall),65øF (Ambient2),Comfort
9-Apr,22:32:15,65.48øF,36.30%,64øF (Wall),65øF (Ambient2),Comfort
9-Apr,22:32:17,65.66øF,36.40%,64øF (Wall),65øF (Ambient2),Comfort
9-Apr,22:32:19,65.66øF,36.50%,64øF (Wall),65øF (Ambient2),Comfort
9-Apr,22:32:21,65.48øF,36.40%,64øF (Wall),65øF (Ambient2),Comfort
9-Apr,22:32:23,65.48øF,36.40%,64øF (Wall),65øF (Ambient2),Comfort
9-Apr,22:32:25,65.66øF,36.50%,64øF (Wall),65øF (Ambient2),Comfort
9-Apr,22:32:28,65.66øF,36.50%,64øF (Wall),65øF (Ambient2),Comfort
9-Apr,22:32:30,65.66øF,36.50%,64øF (Wall),65øF (Ambient2),Comfort
9-Apr,22:32:32,65.66øF,36.40%,64øF (Wall),65øF (Ambient2),Comfort
9-Apr,22:32:34,65.66øF,36.30%,64øF (Wall),65øF (Ambient2),Comfort
9-Apr,22:32:36,65.66øF,36.10%,64øF (Wall),65øF (Ambient2),Comfort
9-Apr,22:32:38,65.66øF,36.00%,64øF (Wall),65øF (Ambient2),Comfort
9-Apr,22:32:40,65.66øF,36.00%,64øF (Wall),65øF (Ambient2),Comfort
9-Apr,22:32:42,65.66øF,35.90%,64øF (Wall),65øF (Ambient2),Comfort
9-Apr,22:32:44,65.66øF,35.90%,64øF (Wall),65øF (Ambient2),Comfort
9-Apr,22:32:46,65.66øF,35.80%,64øF (Wall),65øF (Ambient2),Comfort
9-Apr,22:32:48,65.66øF,35.60%,64øF (Wall),65øF (Ambient2),Comfort
9-Apr,22:32:50,65.66øF,35.40%,64øF (Wall),65øF (Ambient2),Comfort
9-Apr,22:32:52,65.66øF,35.30%,64øF (Wall),65øF (Ambient2),Comfort
9-Apr,22:32:54,65.66øF,35.10%,64øF (Wall),65øF (Ambient2),Comfort
9-Apr,22:32:56,65.66øF,35.00%,64øF (Wall),65øF (Ambient2),Comfort
9-Apr,22:32:58,65.66øF,34.90%,64øF (Wall),65øF (Ambient2),Comfort
9-Apr,22:33:00,65.66øF,34.80%,64øF (Wall),65øF (Ambient2),Comfort
9-Apr,22:33:02,65.66øF,34.80%,64øF (Wall),65øF (Ambient2),Comfort
9-Apr,22:33:04,65.66øF,34.80%,64øF (Wall),65øF (Ambient2),Comfort
9-Apr,22:33:06,65.48øF,34.70%,64øF (Wall),65øF (Ambient2),Comfort
9-Apr,22:33:08,65.66øF,34.80%,64øF (Wall),65øF (Ambient2),Comfort
9-Apr,22:33:10,65.66øF,34.80%,64øF (Wall),65øF (Ambient2),Comfort
9-Apr,22:33:12,65.66øF,34.80%,64øF (Wall),65øF (Ambient2),Comfort
9-Apr,22:33:14,65.66øF,34.70%,64øF (Wall),65øF (Ambient2),Comfort
9-Apr,22:33:16,65.66øF,34.70%,64øF (Wall),65øF (Ambient2),Comfort
9-Apr,22:33:18,65.66øF,34.60%,64øF (Wall),65øF (Ambient2),Comfort
9-Apr,22:33:21,65.48øF,34.50%,64øF (Wall),65øF (Ambient2),Comfort
9-Apr,22:33:23,65.66øF,34.50%,64øF (Wall),65øF (Ambient2),Comfort
9-Apr,22:33:25,65.66øF,34.40%,64øF (Wall),65øF (Ambient2),Comfort
9-Apr,22:33:27,65.66øF,34.50%,64øF (Wall),65øF (Ambient2),Comfort
9-Apr,22:33:29,65.48øF,34.40%,64øF (Wall),65øF (Ambient2),Comfort
9-Apr,22:33:31,65.66øF,34.40%,64øF (Wall),65øF (Ambient2),Comfort
9-Apr,22:33:33,65.48øF,34.30%,64øF (Wall),65øF (Ambient2),Comfort
9-Apr,22:33:35,65.48øF,34.20%,64øF (Wall),65øF (Ambient2),Comfort
9-Apr,22:33:37,65.48øF,34.20%,64øF (Wall),65øF (Ambient2),Comfort
9-Apr,22:33:39,65.48øF,34.10%,64øF (Wall),65øF (Ambient2),Comfort
9-Apr,22:33:41,65.48øF,34.10%,64øF (Wall),65øF (Ambient2),Comfort
9-Apr,22:33:43,65.48øF,34.00%,64øF (Wall),65øF (Ambient2),Comfort
9-Apr,22:33:45,65.48øF,34.00%,64øF (Wall),65øF (Ambient2),Comfort
9-Apr,22:33:47,65.48øF,34.00%,64øF (Wall),65øF (Ambient2),Comfort
9-Apr,22:33:49,65.48øF,34.10%,64øF (Wall),65øF (Ambient2),Comfort
9-Apr,22:33:51,65.48øF,34.20%,64øF (Wall),65øF (Ambient2),Comfort
9-Apr,22:33:53,65.48øF,34.30%,64øF (Wall),65øF (Ambient2),Comfort
9-Apr,22:33:55,65.48øF,34.30%,64øF (Wall),65øF (Ambient2),Comfort
9-Apr,22:33:57,65.48øF,34.30%,64øF (Wall),65øF (Ambient2),Comfort
9-Apr,22:33:59,65.48øF,34.30%,64øF (Wall),65øF (Ambient2),Comfort
9-Apr,22:34:01,65.48øF,34.30%,64øF (Wall),65øF (Ambient2),Comfort
9-Apr,22:34:03,65.48øF,34.20%,64øF (Wall),65øF (Ambient2),Comfort
9-Apr,22:34:05,65.48øF,34.20%,64øF (Wall),65øF (Ambient2),Comfort
9-Apr,22:34:07,65.48øF,34.20%,64øF (Wall),65øF (Ambient2),Comfort
9-Apr,22:34:09,65.48øF,34.20%,64øF (Wall),65øF (Ambient2),Comfort
9-Apr,22:34:11,65.48øF,34.20%,64øF (Wall),65øF (Ambient2),Comfort
9-Apr,22:34:13,65.48øF,34.30%,64øF (Wall),65øF (Ambient2),Comfort
9-Apr,22:34:16,65.48øF,34.30%,64øF (Wall),65øF (Ambient2),Comfort
9-Apr,22:34:18,65.48øF,34.40%,64øF (Wall),65øF (Ambient2),Comfort
9-Apr,22:34:20,65.48øF,34.50%,64øF (Wall),65øF (Ambient2),Comfort
9-Apr,22:34:22,65.48øF,34.50%,64øF (Wall),65øF (Ambient2),Comfort
9-Apr,22:34:24,65.48øF,34.40%,64øF (Wall),65øF (Ambient2),Comfort
9-Apr,22:34:26,65.48øF,34.40%,64øF (Wall),65øF (Ambient2),Comfort
9-Apr,22:34:28,65.48øF,34.40%,64øF (Wall),65øF (Ambient2),Comfort
9-Apr,22:34:30,65.48øF,34.50%,64øF (Wall),65øF (Ambient2),Comfort
9-Apr,22:34:32,65.48øF,34.40%,64øF (Wall),65øF (Ambient2),Comfort
9-Apr,22:34:34,65.48øF,34.30%,64øF (Wall),65øF (Ambient2),Comfort
9-Apr,22:34:36,65.48øF,34.30%,64øF (Wall),65øF (Ambient2),Comfort
9-Apr,22:34:38,65.48øF,34.30%,64øF (Wall),65øF (Ambient2),Comfort
9-Apr,22:34:40,65.48øF,34.30%,64øF (Wall),65øF (Ambient2),Comfort
9-Apr,22:34:42,65.48øF,34.20%,64øF (Wall),65øF (Ambient2),Comfort
9-Apr,22:34:44,65.48øF,34.10%,64øF (Wall),65øF (Ambient2),Comfort
9-Apr,22:34:46,65.48øF,34.10%,64øF (Wall),65øF (Ambient2),Comfort
9-Apr,22:34:48,65.48øF,34.00%,64øF (Wall),65øF (Ambient2),Comfort
9-Apr,22:34:50,65.48øF,33.90%,64øF (Wall),65øF (Ambient2),Comfort
9-Apr,22:34:52,65.48øF,33.90%,64øF (Wall),65øF (Ambient2),Comfort
9-Apr,22:34:54,65.48øF,33.90%,64øF (Wall),65øF (Ambient2),Comfort
9-Apr,22:34:56,65.48øF,33.90%,64øF (Wall),65øF (Ambient2),Comfort
9-Apr,22:34:58,65.48øF,34.00%,64øF (Wall),65øF (Ambient2),Comfort
9-Apr,22:35:00,65.48øF,34.00%,64øF (Wall),65øF (Ambient2),Comfort
9-Apr,22:35:02,65.48øF,34.00%,64øF (Wall),65øF (Ambient2),Comfort
9-Apr,22:35:04,65.48øF,34.00%,64øF (Wall),65øF (Ambient2),Comfort
9-Apr,22:35:07,65.48øF,33.90%,64øF (Wall),65øF (Ambient2),Comfort
9-Apr,22:35:09,65.48øF,33.80%,64øF (Wall),65øF (Ambient2),Comfort
9-Apr,22:35:11,65.48øF,33.70%,64øF (Wall),65øF (Ambient2),Comfort
9-Apr,22:35:13,65.30øF,33.60%,64øF (Wall),65øF (Ambient2),Comfort
9-Apr,22:35:15,65.30øF,33.60%,64øF (Wall),65øF (Ambient2),Comfort
9-Apr,22:35:17,65.48øF,33.60%,64øF (Wall),65øF (Ambient2),Comfort
9-Apr,22:35:19,65.30øF,33.50%,64øF (Wall),65øF (Ambient2),Comfort
9-Apr,22:35:21,65.30øF,33.40%,64øF (Wall),65øF (Ambient2),Comfort
9-Apr,22:35:23,65.30øF,33.30%,64øF (Wall),65øF (Ambient2),Comfort
9-Apr,22:35:25,65.30øF,33.20%,64øF (Wall),65øF (Ambient2),Comfort
9-Apr,22:35:27,65.30øF,33.10%,64øF (Wall),65øF (Ambient2),Comfort
9-Apr,22:35:29,65.30øF,33.00%,64øF (Wall),65øF (Ambient2),Comfort
9-Apr,22:35:31,65.30øF,32.90%,64øF (Wall),65øF (Ambient2),Comfort
9-Apr,22:35:33,65.30øF,32.80%,64øF (Wall),65øF (Ambient2),Comfort
9-Apr,22:35:35,65.30øF,32.80%,64øF (Wall),65øF (Ambient2),Comfort
9-Apr,22:35:37,65.30øF,32.70%,64øF (Wall),65øF (Ambient2),Comfort
9-Apr,22:35:39,65.30øF,32.70%,64øF (Wall),65øF (Ambient2),Comfort
9-Apr,22:35:41,65.30øF,32.70%,64øF (Wall),65øF (Ambient2),Comfort
9-Apr,22:35:43,65.30øF,32.60%,64øF (Wall),65øF (Ambient2),Comfort
9-Apr,22:35:45,65.30øF,32.60%,64øF (Wall),65øF (Ambient2),Comfort
9-Apr,22:35:47,65.30øF,32.60%,64øF (Wall),65øF (Ambient2),Comfort
9-Apr,22:35:49,65.30øF,32.50%,64øF (Wall),65øF (Ambient2),Comfort
9-Apr,22:35:51,65.30øF,32.50%,64øF (Wall),65øF (Ambient2),Comfort
9-Apr,22:35:53,65.30øF,32.40%,64øF (Wall),65øF (Ambient2),Comfort
9-Apr,22:35:55,65.30øF,32.40%,64øF (Wall),65øF (Ambient2),Comfort
9-Apr,22:35:57,65.30øF,32.40%,64øF (Wall),65øF (Ambient2),Comfort
9-Apr,22:35:59,65.30øF,32.30%,64øF (Wall),65øF (Ambient2),Comfort
9-Apr,22:36:02,65.30øF,32.30%,64øF (Wall),65øF (Ambient2),Comfort
9-Apr,22:36:04,65.30øF,32.30%,64øF (Wall),65øF (Ambient2),Comfort
9-Apr,22:36:06,65.30øF,32.30%,64øF (Wall),65øF (Ambient2),Comfort
9-Apr,22:36:08,65.30øF,32.20%,64øF (Wall),65øF (Ambient2),Comfort
9-Apr,22:36:10,65.30øF,32.20%,64øF (Wall),65øF (Ambient2),Comfort
9-Apr,22:36:12,65.30øF,32.20%,64øF (Wall),65øF (Ambient2),Comfort
9-Apr,22:36:14,65.30øF,32.20%,64øF (Wall),65øF (Ambient2),Comfort
9-Apr,22:36:16,65.30øF,32.10%,64øF (Wall),65øF (Ambient2),Comfort
9-Apr,22:36:18,65.30øF,32.10%,64øF (Wall),65øF (Ambient2),Comfort
9-Apr,22:36:20,65.30øF,32.10%,64øF (Wall),65øF (Ambient2),Comfort
9-Apr,22:36:22,65.30øF,32.10%,64øF (Wall),65øF (Ambient2),Comfort
9-Apr,22:36:24,65.30øF,32.10%,64øF (Wall),65øF (Ambient2),Comfort
9-Apr,22:36:26,65.30øF,32.10%,64øF (Wall),65øF (Ambient2),Comfort
9-Apr,22:36:28,65.30øF,32.10%,64øF (Wall),65øF (Ambient2),Comfort
9-Apr,22:36:30,65.30øF,32.10%,64øF (Wall),65øF (Ambient2),Comfort
9-Apr,22:36:32,65.30øF,32.10%,64øF (Wall),65øF (Ambient2),Comfort
9-Apr,22:36:34,65.30øF,32.10%,64øF (Wall),65øF (Ambient2),Comfort
9-Apr,22:36:36,65.30øF,32.10%,64øF (Wall),65øF (Ambient2),Comfort
9-Apr,22:36:38,65.30øF,32.10%,64øF (Wall),65øF (Ambient2),Comfort
9-Apr,22:36:40,65.30øF,32.10%,64øF (Wall),65øF (Ambient2),Comfort
9-Apr,22:36:42,65.30øF,32.10%,64øF (Wall),65øF (Ambient2),Comfort
9-Apr,22:36:44,65.30øF,32.10%,64øF (Wall),65øF (Ambient2),Comfort
9-Apr,22:36:46,65.30øF,32.20%,64øF (Wall),65øF (Ambient2),Comfort
9-Apr,22:36:48,65.30øF,32.20%,64øF (Wall),65øF (Ambient2),Comfort
9-Apr,22:36:50,65.30øF,32.10%,64øF (Wall),65øF (Ambient2),Comfort
9-Apr,22:36:52,65.30øF,32.10%,64øF (Wall),65øF (Ambient2),Comfort
9-Apr,22:36:55,65.30øF,32.00%,64øF (Wall),65øF (Ambient2),Comfort
9-Apr,22:36:57,65.30øF,32.00%,64øF (Wall),65øF (Ambient2),Comfort
9-Apr,22:36:59,65.30øF,32.00%,64øF (Wall),65øF (Ambient2),Comfort
9-Apr,22:37:01,65.30øF,32.00%,64øF (Wall),65øF (Ambient2),Comfort
9-Apr,22:37:03,65.30øF,32.00%,64øF (Wall),65øF (Ambient2),Comfort
9-Apr,22:37:05,65.30øF,32.00%,64øF (Wall),65øF (Ambient2),Comfort
9-Apr,22:37:07,65.30øF,32.00%,64øF (Wall),65øF (Ambient2),Comfort
9-Apr,22:37:09,65.30øF,32.10%,64øF (Wall),65øF (Ambient2),Comfort
9-Apr,22:37:11,65.30øF,32.10%,64øF (Wall),65øF (Ambient2),Comfort
9-Apr,22:37:13,65.30øF,32.10%,64øF (Wall),65øF (Ambient2),Comfort
9-Apr,22:37:15,65.30øF,32.10%,64øF (Wall),65øF (Ambient2),Comfort
9-Apr,22:37:17,65.30øF,32.10%,64øF (Wall),65øF (Ambient2),Comfort
9-Apr,22:37:19,65.30øF,32.20%,64øF (Wall),65øF (Ambient2),Comfort
9-Apr,22:37:21,65.30øF,32.20%,64øF (Wall),65øF (Ambient2),Comfort
9-Apr,22:37:23,65.30øF,32.30%,64øF (Wall),65øF (Ambient2),Comfort
9-Apr,22:37:25,65.30øF,32.40%,64øF (Wall),65øF (Ambient2),Comfort
9-Apr,22:37:27,65.30øF,32.50%,64øF (Wall),65øF (Ambient2),Comfort
9-Apr,22:37:29,65.30øF,32.60%,64øF (Wall),65øF (Ambient2),Comfort
9-Apr,22:37:31,65.30øF,32.70%,64øF (Wall),65øF (Ambient2),Comfort
9-Apr,22:37:33,65.30øF,32.70%,64øF (Wall),65øF (Ambient2),Comfort
9-Apr,22:37:35,65.12øF,32.60%,64øF (Wall),65øF (Ambient2),Comfort
9-Apr,22:37:37,65.30øF,32.70%,64øF (Wall),65øF (Ambient2),Comfort
9-Apr,22:37:39,65.30øF,32.70%,64øF (Wall),65øF (Ambient2),Comfort
9-Apr,22:37:41,65.12øF,32.50%,64øF (Wall),65øF (Ambient2),Comfort
9-Apr,22:37:43,65.12øF,32.50%,64øF (Wall),65øF (Ambient2),Comfort
9-Apr,22:37:45,65.12øF,32.50%,64øF (Wall),65øF (Ambient2),Comfort
9-Apr,22:37:48,65.12øF,32.50%,64øF (Wall),65øF (Ambient2),Comfort
9-Apr,22:37:50,65.30øF,32.50%,64øF (Wall),65øF (Ambient2),Comfort
9-Apr,22:37:52,65.12øF,32.30%,64øF (Wall),65øF (Ambient2),Comfort
9-Apr,22:37:54,65.12øF,32.30%,64øF (Wall),65øF (Ambient2),Comfort
9-Apr,22:37:56,65.12øF,32.30%,64øF (Wall),65øF (Ambient2),Comfort
9-Apr,22:37:58,65.12øF,32.30%,64øF (Wall),65øF (Ambient2),Comfort
9-Apr,22:38:00,65.12øF,32.30%,64øF (Wall),65øF (Ambient2),Comfort
9-Apr,22:38:02,65.12øF,32.40%,64øF (Wall),65øF (Ambient2),Comfort
9-Apr,22:38:04,65.12øF,32.30%,64øF (Wall),65øF (Ambient2),Comfort
9-Apr,22:38:06,65.12øF,32.30%,64øF (Wall),65øF (Ambient2),Comfort
9-Apr,22:38:08,65.12øF,32.30%,64øF (Wall),65øF (Ambient2),Comfort
9-Apr,22:38:10,65.12øF,32.30%,64øF (Wall),65øF (Ambient2),Comfort
9-Apr,22:38:12,65.12øF,32.30%,64øF (Wall),65øF (Ambient2),Comfort
9-Apr,22:38:14,65.12øF,32.30%,64øF (Wall),65øF (Ambient2),Comfort
9-Apr,22:38:16,65.12øF,32.30%,64øF (Wall),65øF (Ambient2),Comfort
9-Apr,22:38:18,65.12øF,32.40%,64øF (Wall),65øF (Ambient2),Comfort
9-Apr,22:38:20,65.12øF,32.40%,64øF (Wall),65øF (Ambient2),Comfort
9-Apr,22:38:22,65.12øF,32.50%,64øF (Wall),65øF (Ambient2),Comfort
9-Apr,22:38:24,65.12øF,32.50%,64øF (Wall),65øF (Ambient2),Comfort
9-Apr,22:38:26,65.12øF,32.60%,64øF (Wall),65øF (Ambient2),Comfort
9-Apr,22:38:28,65.12øF,32.60%,64øF (Wall),65øF (Ambient2),Comfort
9-Apr,22:38:30,65.12øF,32.60%,64øF (Wall),65øF (Ambient2),Comfort
9-Apr,22:38:32,65.12øF,32.60%,64øF (Wall),65øF (Ambient2),Comfort
9-Apr,22:38:35,65.12øF,32.60%,64øF (Wall),65øF (Ambient2),Comfort
9-Apr,22:38:37,65.12øF,32.60%,64øF (Wall),65øF (Ambient2),Comfort
9-Apr,22:38:39,65.12øF,32.70%,64øF (Wall),65øF (Ambient2),Comfort
9-Apr,22:38:41,65.12øF,32.70%,64øF (Wall),65øF (Ambient2),Comfort
9-Apr,22:38:43,65.12øF,32.70%,64øF (Wall),65øF (Ambient2),Comfort
9-Apr,22:38:45,65.12øF,32.80%,64øF (Wall),65øF (Ambient2),Comfort
9-Apr,22:38:47,65.12øF,32.80%,64øF (Wall),65øF (Ambient2),Comfort
9-Apr,22:38:49,65.12øF,32.90%,64øF (Wall),65øF (Ambient2),Comfort
9-Apr,22:38:51,65.12øF,33.10%,64øF (Wall),65øF (Ambient2),Comfort
9-Apr,22:38:53,65.12øF,33.20%,64øF (Wall),65øF (Ambient2),Comfort
9-Apr,22:38:55,65.12øF,33.10%,64øF (Wall),65øF (Ambient2),Comfort
9-Apr,22:38:57,65.12øF,33.00%,64øF (Wall),65øF (Ambient2),Comfort
9-Apr,22:38:59,65.12øF,33.00%,64øF (Wall),65øF (Ambient2),Comfort
9-Apr,22:39:01,65.12øF,32.90%,64øF (Wall),65øF (Ambient2),Comfort
9-Apr,22:39:03,65.12øF,33.00%,64øF (Wall),65øF (Ambient2),Comfort
9-Apr,22:39:05,65.12øF,33.00%,64øF (Wall),65øF (Ambient2),Comfort
9-Apr,22:39:07,65.12øF,33.10%,64øF (Wall),65øF (Ambient2),Comfort
9-Apr,22:39:09,65.12øF,33.10%,64øF (Wall),65øF (Ambient2),Comfort
9-Apr,22:39:11,65.12øF,33.30%,64øF (Wall),65øF (Ambient2),Comfort
9-Apr,22:39:13,65.12øF,33.40%,64øF (Wall),65øF (Ambient2),Comfort
9-Apr,22:39:15,65.12øF,33.50%,64øF (Wall),65øF (Ambient2),Comfort
9-Apr,22:39:17,65.12øF,33.60%,64øF (Wall),65øF (Ambient2),Comfort
9-Apr,22:39:19,65.12øF,33.70%,64øF (Wall),65øF (Ambient2),Comfort
9-Apr,22:39:21,65.12øF,33.80%,64øF (Wall),65øF (Ambient2),Comfort
9-Apr,22:39:23,65.12øF,33.90%,64øF (Wall),65øF (Ambient2),Comfort
9-Apr,22:39:25,65.12øF,34.00%,64øF (Wall),65øF (Ambient2),Comfort
9-Apr,22:39:28,65.12øF,34.10%,64øF (Wall),65øF (Ambient2),Comfort
9-Apr,22:39:30,65.12øF,34.10%,64øF (Wall),65øF (Ambient2),Comfort
9-Apr,22:39:32,65.12øF,34.10%,64øF (Wall),65øF (Ambient2),Comfort
9-Apr,22:39:34,65.12øF,34.00%,64øF (Wall),65øF (Ambient2),Comfort
9-Apr,22:39:36,65.12øF,34.00%,64øF (Wall),65øF (Ambient2),Comfort
9-Apr,22:39:38,65.12øF,33.90%,64øF (Wall),65øF (Ambient2),Comfort
9-Apr,22:39:40,65.12øF,33.80%,64øF (Wall),65øF (Ambient2),Comfort
9-Apr,22:39:42,65.12øF,33.80%,64øF (Wall),65øF (Ambient2),Comfort
9-Apr,22:39:44,65.12øF,33.60%,64øF (Wall),65øF (Ambient2),Comfort
9-Apr,22:39:46,65.12øF,33.50%,64øF (Wall),65øF (Ambient2),Comfort
9-Apr,22:39:48,65.12øF,33.40%,64øF (Wall),65øF (Ambient2),Comfort
9-Apr,22:39:50,65.12øF,33.40%,64øF (Wall),65øF (Ambient2),Comfort
9-Apr,22:39:52,65.12øF,33.30%,64øF (Wall),65øF (Ambient2),Comfort
9-Apr,22:39:54,65.12øF,33.30%,64øF (Wall),65øF (Ambient2),Comfort
9-Apr,22:39:56,65.12øF,33.30%,64øF (Wall),65øF (Ambient2),Comfort
9-Apr,22:39:58,65.12øF,33.20%,64øF (Wall),65øF (Ambient2),Comfort
9-Apr,22:40:00,65.12øF,33.20%,64øF (Wall),65øF (Ambient2),Comfort
9-Apr,22:40:02,65.12øF,33.20%,64øF (Wall),65øF (Ambient2),Comfort
9-Apr,22:40:04,65.12øF,33.10%,64øF (Wall),65øF (Ambient2),Comfort
9-Apr,22:40:06,65.12øF,33.10%,64øF (Wall),65øF (Ambient2),Comfort
9-Apr,22:40:08,65.12øF,33.10%,64øF (Wall),65øF (Ambient2),Comfort
9-Apr,22:40:10,65.12øF,33.10%,64øF (Wall),65øF (Ambient2),Comfort
9-Apr,22:40:12,65.12øF,33.20%,64øF (Wall),65øF (Ambient2),Comfort
9-Apr,22:40:14,65.12øF,33.20%,64øF (Wall),65øF (Ambient2),Comfort
9-Apr,22:40:16,65.12øF,33.20%,64øF (Wall),65øF (Ambient2),Comfort
9-Apr,22:40:18,65.12øF,33.20%,64øF (Wall),65øF (Ambient2),Comfort
9-Apr,22:40:21,65.12øF,33.20%,64øF (Wall),65øF (Ambient2),Comfort
9-Apr,22:40:23,65.12øF,33.30%,64øF (Wall),65øF (Ambient2),Comfort
9-Apr,22:40:25,65.12øF,33.30%,64øF (Wall),65øF (Ambient2),Comfort
9-Apr,22:40:27,65.12øF,33.30%,64øF (Wall),65øF (Ambient2),Comfort
9-Apr,22:40:29,65.12øF,33.40%,64øF (Wall),65øF (Ambient2),Comfort
9-Apr,22:40:31,65.12øF,33.60%,64øF (Wall),65øF (Ambient2),Comfort
9-Apr,22:40:33,65.12øF,33.80%,64øF (Wall),65øF (Ambient2),Comfort
9-Apr,22:40:35,65.12øF,33.90%,64øF (Wall),65øF (Ambient2),Comfort
9-Apr,22:40:37,65.12øF,34.10%,64øF (Wall),65øF (Ambient2),Comfort
9-Apr,22:40:39,65.12øF,34.20%,64øF (Wall),65øF (Ambient2),Comfort
9-Apr,22:40:41,65.12øF,34.40%,64øF (Wall),65øF (Ambient2),Comfort
9-Apr,22:40:43,65.12øF,34.50%,64øF (Wall),65øF (Ambient2),Comfort
9-Apr,22:40:45,65.12øF,34.70%,64øF (Wall),65øF (Ambient2),Comfort
9-Apr,22:40:47,65.12øF,34.80%,64øF (Wall),65øF (Ambient2),Comfort
9-Apr,22:40:49,65.12øF,34.90%,64øF (Wall),65øF (Ambient2),Comfort
9-Apr,22:40:51,65.12øF,35.00%,64øF (Wall),65øF (Ambient2),Comfort
9-Apr,22:40:53,65.12øF,35.10%,64øF (Wall),65øF (Ambient2),Comfort
9-Apr,22:40:55,65.12øF,35.20%,64øF (Wall),65øF (Ambient2),Comfort
9-Apr,22:40:57,65.12øF,35.30%,64øF (Wall),65øF (Ambient2),Comfort
9-Apr,22:40:59,65.12øF,35.30%,64øF (Wall),65øF (Ambient2),Comfort
9-Apr,22:41:01,65.12øF,35.40%,64øF (Wall),65øF (Ambient2),Comfort
9-Apr,22:41:03,65.12øF,35.50%,64øF (Wall),65øF (Ambient2),Comfort
9-Apr,22:41:05,65.12øF,35.40%,64øF (Wall),65øF (Ambient2),Comfort
9-Apr,22:41:07,65.12øF,35.40%,64øF (Wall),65øF (Ambient2),Comfort
9-Apr,22:41:09,65.12øF,35.30%,64øF (Wall),65øF (Ambient2),Comfort
9-Apr,22:41:11,65.12øF,35.30%,64øF (Wall),65øF (Ambient2),Comfort
9-Apr,22:41:13,65.12øF,35.20%,64øF (Wall),65øF (Ambient2),Comfort
9-Apr,22:41:16,65.12øF,35.00%,64øF (Wall),65øF (Ambient2),Comfort
9-Apr,22:41:18,65.12øF,34.70%,64øF (Wall),65øF (Ambient2),Comfort
9-Apr,22:41:20,65.12øF,34.50%,64øF (Wall),65øF (Ambient2),Comfort
9-Apr,22:41:22,65.12øF,34.30%,64øF (Wall),65øF (Ambient2),Comfort
9-Apr,22:41:24,65.12øF,34.10%,64øF (Wall),65øF (Ambient2),Comfort
9-Apr,22:41:26,65.30øF,34.10%,64øF (Wall),65øF (Ambient2),Comfort
9-Apr,22:41:28,65.12øF,34.10%,64øF (Wall),65øF (Ambient2),Comfort
9-Apr,22:41:30,65.12øF,34.30%,64øF (Wall),65øF (Ambient2),Comfort
9-Apr,22:41:32,65.12øF,34.30%,64øF (Wall),65øF (Ambient2),Comfort
9-Apr,22:41:34,65.12øF,34.40%,64øF (Wall),65øF (Ambient2),Comfort
9-Apr,22:41:36,65.12øF,34.40%,64øF (Wall),65øF (Ambient2),Comfort
9-Apr,22:41:38,65.12øF,34.40%,64øF (Wall),65øF (Ambient2),Comfort
9-Apr,22:41:40,65.12øF,34.40%,64øF (Wall),65øF (Ambient2),Comfort
9-Apr,22:41:42,65.12øF,34.50%,64øF (Wall),65øF (Ambient2),Comfort
9-Apr,22:41:44,65.12øF,34.50%,64øF (Wall),65øF (Ambient2),Comfort
9-Apr,22:41:46,65.12øF,34.50%,64øF (Wall),65øF (Ambient2),Comfort
9-Apr,22:41:48,65.12øF,34.60%,64øF (Wall),65øF (Ambient2),Comfort
9-Apr,22:41:50,65.12øF,34.60%,64øF (Wall),65øF (Ambient2),Comfort
9-Apr,22:41:52,65.12øF,34.70%,64øF (Wall),65øF (Ambient2),Comfort
9-Apr,22:41:54,65.12øF,34.70%,64øF (Wall),65øF (Ambient2),Comfort
9-Apr,22:41:56,65.12øF,34.70%,64øF (Wall),65øF (Ambient2),Comfort
9-Apr,22:41:58,65.12øF,34.60%,64øF (Wall),65øF (Ambient2),Comfort
9-Apr,22:42:00,65.12øF,34.60%,64øF (Wall),65øF (Ambient2),Comfort
9-Apr,22:42:02,65.12øF,34.50%,64øF (Wall),65øF (Ambient2),Comfort
9-Apr,22:42:04,65.12øF,34.40%,64øF (Wall),65øF (Ambient2),Comfort
9-Apr,22:42:06,65.12øF,34.40%,64øF (Wall),65øF (Ambient2),Comfort
9-Apr,22:42:09,65.12øF,34.40%,64øF (Wall),65øF (Ambient2),Comfort
9-Apr,22:42:11,65.12øF,34.40%,64øF (Wall),65øF (Ambient2),Comfort
9-Apr,22:42:13,65.30øF,34.60%,64øF (Wall),65øF (Ambient2),Comfort
9-Apr,22:42:15,65.12øF,34.50%,64øF (Wall),65øF (Ambient2),Comfort
9-Apr,22:42:17,65.12øF,34.60%,64øF (Wall),65øF (Ambient2),Comfort
9-Apr,22:42:19,65.12øF,34.80%,64øF (Wall),65øF (Ambient2),Comfort
9-Apr,22:42:21,65.12øF,34.90%,64øF (Wall),65øF (Ambient2),Comfort
9-Apr,22:42:23,65.12øF,35.00%,64øF (Wall),65øF (Ambient2),Comfort
9-Apr,22:42:25,65.12øF,35.00%,64øF (Wall),65øF (Ambient2),Comfort
9-Apr,22:42:27,65.12øF,35.00%,64øF (Wall),65øF (Ambient2),Comfort
9-Apr,22:42:29,65.12øF,35.00%,64øF (Wall),65øF (Ambient2),Comfort
9-Apr,22:42:31,65.12øF,35.00%,64øF (Wall),65øF (Ambient2),Comfort
9-Apr,22:42:33,65.12øF,35.00%,64øF (Wall),65øF (Ambient2),Comfort
9-Apr,22:42:35,65.12øF,34.90%,64øF (Wall),65øF (Ambient2),Comfort
9-Apr,22:42:37,65.12øF,34.80%,64øF (Wall),65øF (Ambient2),Comfort
9-Apr,22:42:39,65.12øF,34.70%,64øF (Wall),65øF (Ambient2),Comfort
9-Apr,22:42:41,65.12øF,34.60%,64øF (Wall),65øF (Ambient2),Comfort
9-Apr,22:42:43,65.12øF,34.50%,64øF (Wall),65øF (Ambient2),Comfort
9-Apr,22:42:45,65.12øF,34.40%,64øF (Wall),65øF (Ambient2),Comfort
9-Apr,22:42:47,65.12øF,34.30%,64øF (Wall),65øF (Ambient2),Comfort
9-Apr,22:42:49,65.12øF,34.20%,64øF (Wall),65øF (Ambient2),Comfort
9-Apr,22:42:51,65.12øF,34.20%,64øF (Wall),65øF (Ambient2),Comfort
9-Apr,22:42:53,65.12øF,34.10%,64øF (Wall),65øF (Ambient2),Comfort
9-Apr,22:42:55,65.12øF,34.10%,64øF (Wall),65øF (Ambient2),Comfort
9-Apr,22:42:57,65.12øF,34.20%,64øF (Wall),65øF (Ambient2),Comfort
9-Apr,22:42:59,65.12øF,34.20%,64øF (Wall),65øF (Ambient2),Comfort
9-Apr,22:43:02,65.12øF,34.20%,64øF (Wall),65øF (Ambient2),Comfort
9-Apr,22:43:04,65.12øF,34.20%,64øF (Wall),65øF (Ambient2),Comfort
9-Apr,22:43:06,65.12øF,34.20%,64øF (Wall),65øF (Ambient2),Comfort
9-Apr,22:43:08,65.12øF,34.10%,64øF (Wall),65øF (Ambient2),Comfort
9-Apr,22:43:10,65.12øF,34.00%,64øF (Wall),65øF (Ambient2),Comfort
9-Apr,22:43:12,65.12øF,34.00%,64øF (Wall),65øF (Ambient2),Comfort
9-Apr,22:43:14,65.12øF,34.00%,64øF (Wall),65øF (Ambient2),Comfort
9-Apr,22:43:16,65.12øF,33.90%,64øF (Wall),65øF (Ambient2),Comfort
9-Apr,22:43:18,65.12øF,33.80%,64øF (Wall),65øF (Ambient2),Comfort
9-Apr,22:43:20,65.12øF,33.70%,64øF (Wall),65øF (Ambient2),Comfort
9-Apr,22:43:22,65.12øF,33.60%,64øF (Wall),65øF (Ambient2),Comfort
9-Apr,22:43:24,65.12øF,33.60%,64øF (Wall),65øF (Ambient2),Comfort
9-Apr,22:43:26,65.12øF,33.50%,64øF (Wall),65øF (Ambient2),Comfort
9-Apr,22:43:28,65.12øF,33.50%,64øF (Wall),65øF (Ambient2),Comfort
9-Apr,22:43:30,65.12øF,33.40%,64øF (Wall),65øF (Ambient2),Comfort
9-Apr,22:43:32,65.12øF,33.40%,64øF (Wall),65øF (Ambient2),Comfort
9-Apr,22:43:34,65.12øF,33.30%,64øF (Wall),65øF (Ambient2),Comfort
9-Apr,22:43:36,65.12øF,33.30%,64øF (Wall),65øF (Ambient2),Comfort
9-Apr,22:43:38,65.12øF,33.20%,64øF (Wall),65øF (Ambient2),Comfort
9-Apr,22:43:40,65.12øF,33.20%,64øF (Wall),65øF (Ambient2),Comfort
9-Apr,22:43:42,65.12øF,33.10%,64øF (Wall),65øF (Ambient2),Comfort
9-Apr,22:43:44,65.12øF,33.00%,64øF (Wall),65øF (Ambient2),Comfort
9-Apr,22:43:46,65.12øF,32.90%,64øF (Wall),65øF (Ambient2),Comfort
9-Apr,22:43:48,65.12øF,32.90%,64øF (Wall),65øF (Ambient2),Comfort
9-Apr,22:43:50,65.12øF,32.80%,64øF (Wall),65øF (Ambient2),Comfort
9-Apr,22:43:52,65.12øF,32.80%,64øF (Wall),65øF (Ambient2),Comfort
9-Apr,22:43:55,65.12øF,32.80%,64øF (Wall),65øF (Ambient2),Comfort
9-Apr,22:43:57,65.12øF,32.80%,64øF (Wall),65øF (Ambient2),Comfort
9-Apr,22:43:59,65.12øF,32.80%,64øF (Wall),65øF (Ambient2),Comfort
9-Apr,22:44:01,65.12øF,32.80%,64øF (Wall),65øF (Ambient2),Comfort
9-Apr,22:44:03,65.12øF,32.80%,64øF (Wall),65øF (Ambient2),Comfort
9-Apr,22:44:05,65.12øF,32.80%,64øF (Wall),65øF (Ambient2),Comfort
9-Apr,22:44:07,65.12øF,32.80%,64øF (Wall),65øF (Ambient2),Comfort
9-Apr,22:44:09,65.12øF,32.70%,64øF (Wall),65øF (Ambient2),Comfort
9-Apr,22:44:11,65.12øF,32.60%,64øF (Wall),65øF (Ambient2),Comfort
9-Apr,22:44:13,65.12øF,32.50%,64øF (Wall),65øF (Ambient2),Comfort
9-Apr,22:44:15,65.12øF,32.50%,64øF (Wall),65øF (Ambient2),Comfort
9-Apr,22:44:17,65.12øF,32.50%,64øF (Wall),65øF (Ambient2),Comfort
9-Apr,22:44:19,65.12øF,32.60%,64øF (Wall),65øF (Ambient2),Comfort
9-Apr,22:44:21,65.12øF,32.60%,64øF (Wall),65øF (Ambient2),Comfort
9-Apr,22:44:23,65.12øF,32.60%,64øF (Wall),65øF (Ambient2),Comfort
9-Apr,22:44:25,65.12øF,32.60%,64øF (Wall),65øF (Ambient2),Comfort
9-Apr,22:44:27,65.12øF,32.70%,64øF (Wall),65øF (Ambient2),Comfort
9-Apr,22:44:29,65.12øF,32.70%,64øF (Wall),65øF (Ambient2),Comfort
9-Apr,22:44:31,65.12øF,32.80%,64øF (Wall),65øF (Ambient2),Comfort
9-Apr,22:44:33,65.12øF,32.80%,64øF (Wall),65øF (Ambient2),Comfort
9-Apr,22:44:35,65.12øF,32.70%,64øF (Wall),65øF (Ambient2),Comfort
9-Apr,22:44:37,65.12øF,32.70%,64øF (Wall),65øF (Ambient2),Comfort
9-Apr,22:44:39,65.12øF,32.60%,64øF (Wall),65øF (Ambient2),Comfort
9-Apr,22:44:41,65.12øF,32.60%,64øF (Wall),65øF (Ambient2),Comfort
9-Apr,22:44:43,65.12øF,32.50%,64øF (Wall),65øF (Ambient2),Comfort
9-Apr,22:44:45,65.12øF,32.50%,64øF (Wall),65øF (Ambient2),Comfort
9-Apr,22:44:48,65.12øF,32.40%,64øF (Wall),65øF (Ambient2),Comfort
9-Apr,22:44:50,65.12øF,32.40%,64øF (Wall),65øF (Ambient2),Comfort
9-Apr,22:44:52,65.12øF,32.40%,64øF (Wall),65øF (Ambient2),Comfort
9-Apr,22:44:54,65.12øF,32.40%,64øF (Wall),65øF (Ambient2),Comfort
9-Apr,22:44:56,65.12øF,32.40%,64øF (Wall),65øF (Ambient2),Comfort
9-Apr,22:44:58,65.12øF,32.30%,64øF (Wall),65øF (Ambient2),Comfort
9-Apr,22:45:00,64.94øF,32.20%,64øF (Wall),65øF (Ambient2),Comfort
9-Apr,22:45:02,65.12øF,32.20%,64øF (Wall),65øF (Ambient2),Comfort
9-Apr,22:45:04,65.12øF,32.20%,64øF (Wall),65øF (Ambient2),Comfort
9-Apr,22:45:06,65.12øF,32.10%,64øF (Wall),65øF (Ambient2),Comfort
9-Apr,22:45:08,65.12øF,32.10%,64øF (Wall),65øF (Ambient2),Comfort
9-Apr,22:45:10,65.12øF,32.10%,64øF (Wall),65øF (Ambient2),Comfort
9-Apr,22:45:12,65.12øF,32.10%,64øF (Wall),65øF (Ambient2),Comfort
9-Apr,22:45:14,65.12øF,32.20%,64øF (Wall),64øF (Ambient2),Comfort
9-Apr,22:45:16,65.12øF,32.20%,64øF (Wall),65øF (Ambient2),Comfort
9-Apr,22:45:18,65.12øF,32.30%,64øF (Wall),65øF (Ambient2),Comfort
9-Apr,22:45:20,65.12øF,32.30%,64øF (Wall),65øF (Ambient2),Comfort
9-Apr,22:45:22,65.12øF,32.40%,64øF (Wall),65øF (Ambient2),Comfort
9-Apr,22:45:24,64.94øF,32.40%,64øF (Wall),65øF (Ambient2),Comfort
9-Apr,22:45:26,65.12øF,32.60%,64øF (Wall),65øF (Ambient2),Comfort
9-Apr,22:45:28,65.12øF,32.60%,64øF (Wall),64øF (Ambient2),Comfort
9-Apr,22:45:30,65.12øF,32.70%,64øF (Wall),65øF (Ambient2),Comfort
9-Apr,22:45:32,65.12øF,32.70%,64øF (Wall),65øF (Ambient2),Comfort
9-Apr,22:45:34,65.12øF,32.60%,64øF (Wall),65øF (Ambient2),Comfort
9-Apr,22:45:36,64.94øF,32.40%,64øF (Wall),65øF (Ambient2),Comfort
9-Apr,22:45:38,65.12øF,32.50%,64øF (Wall),65øF (Ambient2),Comfort
9-Apr,22:45:41,64.94øF,32.40%,64øF (Wall),65øF (Ambient2),Comfort
9-Apr,22:45:43,65.12øF,32.40%,64øF (Wall),65øF (Ambient2),Comfort
9-Apr,22:45:45,64.94øF,32.40%,64øF (Wall),65øF (Ambient2),Comfort
9-Apr,22:45:47,65.12øF,32.40%,64øF (Wall),65øF (Ambient2),Comfort
9-Apr,22:45:49,64.94øF,32.40%,64øF (Wall),65øF (Ambient2),Comfort
9-Apr,22:45:51,65.12øF,32.50%,64øF (Wall),64øF (Ambient2),Comfort
9-Apr,22:45:53,64.94øF,32.50%,64øF (Wall),65øF (Ambient2),Comfort
9-Apr,22:45:55,65.12øF,32.60%,64øF (Wall),64øF (Ambient2),Comfort
9-Apr,22:45:57,64.94øF,32.60%,64øF (Wall),65øF (Ambient2),Comfort
9-Apr,22:45:59,65.12øF,32.70%,64øF (Wall),65øF (Ambient2),Comfort
9-Apr,22:46:01,65.12øF,32.80%,64øF (Wall),65øF (Ambient2),Comfort
9-Apr,22:46:03,65.12øF,32.90%,64øF (Wall),65øF (Ambient2),Comfort
9-Apr,22:46:05,64.94øF,32.90%,64øF (Wall),65øF (Ambient2),Comfort
9-Apr,22:46:07,65.12øF,33.00%,64øF (Wall),65øF (Ambient2),Comfort
9-Apr,22:46:09,64.94øF,32.80%,64øF (Wall),65øF (Ambient2),Comfort
9-Apr,22:46:11,64.94øF,32.80%,64øF (Wall),64øF (Ambient2),Comfort
9-Apr,22:46:13,64.94øF,32.70%,64øF (Wall),65øF (Ambient2),Comfort
9-Apr,22:46:15,64.94øF,32.70%,64øF (Wall),64øF (Ambient2),Comfort
9-Apr,22:46:17,64.94øF,32.70%,64øF (Wall),64øF (Ambient2),Comfort
9-Apr,22:46:19,64.94øF,32.70%,64øF (Wall),64øF (Ambient2),Comfort
9-Apr,22:46:21,64.94øF,32.80%,64øF (Wall),65øF (Ambient2),Comfort
9-Apr,22:46:23,64.94øF,32.80%,64øF (Wall),64øF (Ambient2),Comfort
9-Apr,22:46:25,64.94øF,32.80%,64øF (Wall),64øF (Ambient2),Comfort
9-Apr,22:46:27,64.94øF,32.70%,64øF (Wall),64øF (Ambient2),Comfort
9-Apr,22:46:29,64.94øF,32.70%,64øF (Wall),64øF (Ambient2),Comfort
9-Apr,22:46:31,64.94øF,32.80%,64øF (Wall),64øF (Ambient2),Comfort
9-Apr,22:46:33,64.94øF,32.80%,64øF (Wall),65øF (Ambient2),Comfort
9-Apr,22:46:36,64.94øF,32.90%,64øF (Wall),65øF (Ambient2),Comfort
9-Apr,22:46:38,64.94øF,32.90%,64øF (Wall),65øF (Ambient2),Comfort
9-Apr,22:46:40,64.94øF,32.90%,64øF (Wall),64øF (Ambient2),Comfort
9-Apr,22:46:42,64.94øF,32.90%,64øF (Wall),64øF (Ambient2),Comfort
9-Apr,22:46:44,64.94øF,32.80%,64øF (Wall),65øF (Ambient2),Comfort
9-Apr,22:46:46,64.94øF,32.80%,64øF (Wall),65øF (Ambient2),Comfort
9-Apr,22:46:48,64.94øF,32.80%,64øF (Wall),64øF (Ambient2),Comfort
9-Apr,22:46:50,64.94øF,32.80%,64øF (Wall),64øF (Ambient2),Comfort
9-Apr,22:46:52,64.94øF,32.80%,64øF (Wall),64øF (Ambient2),Comfort
9-Apr,22:46:54,64.94øF,32.80%,64øF (Wall),65øF (Ambient2),Comfort
9-Apr,22:46:56,64.94øF,32.80%,64øF (Wall),64øF (Ambient2),Comfort
9-Apr,22:46:58,64.94øF,32.70%,64øF (Wall),64øF (Ambient2),Comfort
9-Apr,22:47:00,64.94øF,32.70%,64øF (Wall),65øF (Ambient2),Comfort
9-Apr,22:47:02,64.94øF,32.60%,64øF (Wall),64øF (Ambient2),Comfort
9-Apr,22:47:04,64.94øF,32.50%,63øF (Wall),65øF (Ambient2),Comfort
9-Apr,22:47:06,64.94øF,32.50%,64øF (Wall),64øF (Ambient2),Comfort
9-Apr,22:47:08,64.94øF,32.50%,64øF (Wall),65øF (Ambient2),Comfort
9-Apr,22:47:10,64.94øF,32.50%,64øF (Wall),64øF (Ambient2),Comfort
9-Apr,22:47:12,64.94øF,32.50%,64øF (Wall),64øF (Ambient2),Comfort
9-Apr,22:47:14,64.94øF,32.50%,64øF (Wall),64øF (Ambient2),Comfort
9-Apr,22:47:16,64.94øF,32.50%,64øF (Wall),64øF (Ambient2),Comfort
9-Apr,22:47:18,64.94øF,32.60%,64øF (Wall),65øF (Ambient2),Comfort
9-Apr,22:47:20,64.94øF,32.60%,64øF (Wall),64øF (Ambient2),Comfort
9-Apr,22:47:22,64.94øF,32.60%,64øF (Wall),64øF (Ambient2),Comfort
9-Apr,22:47:24,64.94øF,32.70%,64øF (Wall),64øF (Ambient2),Comfort
9-Apr,22:47:26,64.94øF,32.70%,64øF (Wall),64øF (Ambient2),Comfort
9-Apr,22:47:29,64.94øF,32.70%,63øF (Wall),64øF (Ambient2),Comfort
9-Apr,22:47:31,64.94øF,32.70%,64øF (Wall),64øF (Ambient2),Comfort
9-Apr,22:47:33,64.94øF,32.60%,64øF (Wall),64øF (Ambient2),Comfort
9-Apr,22:47:35,64.94øF,32.60%,64øF (Wall),64øF (Ambient2),Comfort
9-Apr,22:47:37,64.94øF,32.60%,63øF (Wall),64øF (Ambient2),Comfort
9-Apr,22:47:39,64.94øF,32.70%,63øF (Wall),64øF (Ambient2),Comfort
9-Apr,22:47:41,64.94øF,32.70%,64øF (Wall),64øF (Ambient2),Comfort
9-Apr,22:47:43,64.94øF,32.80%,64øF (Wall),64øF (Ambient2),Comfort
9-Apr,22:47:45,64.94øF,32.80%,64øF (Wall),64øF (Ambient2),Comfort
9-Apr,22:47:47,64.94øF,32.80%,64øF (Wall),64øF (Ambient2),Comfort
9-Apr,22:47:49,64.94øF,32.80%,64øF (Wall),64øF (Ambient2),Comfort
9-Apr,22:47:51,64.94øF,32.70%,64øF (Wall),64øF (Ambient2),Comfort
9-Apr,22:47:53,64.94øF,32.70%,64øF (Wall),64øF (Ambient2),Comfort
9-Apr,22:47:55,64.94øF,32.60%,64øF (Wall),64øF (Ambient2),Comfort
9-Apr,22:47:57,64.94øF,32.60%,64øF (Wall),64øF (Ambient2),Comfort
9-Apr,22:47:59,64.94øF,32.60%,63øF (Wall),64øF (Ambient2),Comfort
9-Apr,22:48:01,64.94øF,32.50%,64øF (Wall),64øF (Ambient2),Comfort
9-Apr,22:48:03,64.94øF,32.50%,64øF (Wall),64øF (Ambient2),Comfort
9-Apr,22:48:05,64.94øF,32.50%,64øF (Wall),64øF (Ambient2),Comfort
9-Apr,22:48:07,64.94øF,32.40%,64øF (Wall),64øF (Ambient2),Comfort
9-Apr,22:48:09,64.94øF,32.40%,64øF (Wall),64øF (Ambient2),Comfort
9-Apr,22:48:11,64.94øF,32.40%,64øF (Wall),64øF (Ambient2),Comfort
9-Apr,22:48:13,64.94øF,32.30%,64øF (Wall),64øF (Ambient2),Comfort
9-Apr,22:48:15,64.94øF,32.30%,63øF (Wall),64øF (Ambient2),Comfort
9-Apr,22:48:17,64.94øF,32.20%,64øF (Wall),64øF (Ambient2),Comfort
9-Apr,22:48:19,64.94øF,32.20%,64øF (Wall),64øF (Ambient2),Comfort
9-Apr,22:48:22,64.94øF,32.20%,64øF (Wall),64øF (Ambient2),Comfort
9-Apr,22:48:24,64.94øF,32.20%,64øF (Wall),64øF (Ambient2),Comfort
9-Apr,22:48:26,64.94øF,32.20%,64øF (Wall),64øF (Ambient2),Comfort
9-Apr,22:48:28,64.94øF,32.20%,64øF (Wall),64øF (Ambient2),Comfort
9-Apr,22:48:30,64.94øF,32.20%,64øF (Wall),64øF (Ambient2),Comfort
9-Apr,22:48:32,64.94øF,32.20%,64øF (Wall),64øF (Ambient2),Comfort
9-Apr,22:48:34,64.94øF,32.20%,64øF (Wall),64øF (Ambient2),Comfort
9-Apr,22:48:36,64.94øF,32.30%,64øF (Wall),64øF (Ambient2),Comfort
9-Apr,22:48:38,64.94øF,32.30%,64øF (Wall),64øF (Ambient2),Comfort
9-Apr,22:48:40,64.94øF,32.30%,64øF (Wall),64øF (Ambient2),Comfort
9-Apr,22:48:42,64.94øF,32.30%,64øF (Wall),64øF (Ambient2),Comfort
9-Apr,22:48:44,64.94øF,32.30%,63øF (Wall),64øF (Ambient2),Comfort
9-Apr,22:48:46,64.94øF,32.30%,64øF (Wall),64øF (Ambient2),Comfort
9-Apr,22:48:48,64.94øF,32.30%,64øF (Wall),64øF (Ambient2),Comfort
9-Apr,22:48:50,64.94øF,32.40%,64øF (Wall),64øF (Ambient2),Comfort
9-Apr,22:48:52,64.94øF,32.50%,64øF (Wall),64øF (Ambient2),Comfort
9-Apr,22:48:54,64.94øF,32.60%,63øF (Wall),64øF (Ambient2),Comfort
9-Apr,22:48:56,64.94øF,32.70%,63øF (Wall),64øF (Ambient2),Comfort
9-Apr,22:48:58,64.94øF,32.70%,64øF (Wall),64øF (Ambient2),Comfort
9-Apr,22:49:00,64.94øF,32.70%,64øF (Wall),64øF (Ambient2),Comfort
9-Apr,22:49:02,64.94øF,32.70%,64øF (Wall),64øF (Ambient2),Comfort
9-Apr,22:49:04,64.94øF,32.70%,64øF (Wall),64øF (Ambient2),Comfort
9-Apr,22:49:06,64.94øF,32.70%,64øF (Wall),64øF (Ambient2),Comfort
9-Apr,22:49:08,64.94øF,32.70%,64øF (Wall),64øF (Ambient2),Comfort
9-Apr,22:49:10,64.94øF,32.70%,64øF (Wall),64øF (Ambient2),Comfort
9-Apr,22:49:12,64.94øF,32.60%,64øF (Wall),64øF (Ambient2),Comfort
9-Apr,22:49:15,64.94øF,32.50%,64øF (Wall),64øF (Ambient2),Comfort
9-Apr,22:49:17,64.94øF,32.50%,64øF (Wall),64øF (Ambient2),Comfort
9-Apr,22:49:19,64.94øF,32.50%,64øF (Wall),64øF (Ambient2),Comfort
9-Apr,22:49:21,64.94øF,32.40%,64øF (Wall),64øF (Ambient2),Comfort
9-Apr,22:49:23,64.94øF,32.30%,63øF (Wall),64øF (Ambient2),Comfort
9-Apr,22:49:25,64.94øF,32.30%,64øF (Wall),64øF (Ambient2),Comfort
9-Apr,22:49:27,64.94øF,32.30%,64øF (Wall),64øF (Ambient2),Comfort
9-Apr,22:49:29,64.94øF,32.30%,64øF (Wall),64øF (Ambient2),Comfort
9-Apr,22:49:31,64.94øF,32.40%,64øF (Wall),64øF (Ambient2),Comfort
9-Apr,22:49:33,64.94øF,32.40%,64øF (Wall),64øF (Ambient2),Comfort
9-Apr,22:49:35,64.94øF,32.50%,64øF (Wall),64øF (Ambient2),Comfort
9-Apr,22:49:37,64.94øF,32.50%,63øF (Wall),64øF (Ambient2),Comfort
9-Apr,22:49:39,64.94øF,32.60%,64øF (Wall),64øF (Ambient2),Comfort
9-Apr,22:49:41,64.94øF,32.60%,63øF (Wall),64øF (Ambient2),Comfort
9-Apr,22:49:43,64.94øF,32.70%,64øF (Wall),64øF (Ambient2),Comfort
9-Apr,22:49:45,64.76øF,32.60%,63øF (Wall),64øF (Ambient2),Comfort
9-Apr,22:49:47,64.94øF,32.80%,64øF (Wall),64øF (Ambient2),Comfort
9-Apr,22:49:49,64.94øF,32.80%,64øF (Wall),64øF (Ambient2),Comfort
9-Apr,22:49:51,64.94øF,32.80%,63øF (Wall),64øF (Ambient2),Comfort
9-Apr,22:49:53,64.94øF,32.80%,63øF (Wall),64øF (Ambient2),Comfort
9-Apr,22:49:55,64.94øF,32.80%,63øF (Wall),64øF (Ambient2),Comfort
9-Apr,22:49:57,64.94øF,32.80%,64øF (Wall),64øF (Ambient2),Comfort
9-Apr,22:49:59,64.94øF,32.80%,64øF (Wall),64øF (Ambient2),Comfort
9-Apr,22:50:01,64.94øF,32.80%,63øF (Wall),64øF (Ambient2),Comfort
9-Apr,22:50:03,64.94øF,32.70%,64øF (Wall),64øF (Ambient2),Comfort
9-Apr,22:50:05,64.94øF,32.70%,63øF (Wall),64øF (Ambient2),Comfort
9-Apr,22:50:08,64.94øF,32.60%,64øF (Wall),64øF (Ambient2),Comfort
9-Apr,22:50:10,64.94øF,32.50%,63øF (Wall),64øF (Ambient2),Comfort
9-Apr,22:50:12,64.94øF,32.50%,63øF (Wall),64øF (Ambient2),Comfort
9-Apr,22:50:14,64.94øF,32.40%,63øF (Wall),64øF (Ambient2),Comfort
9-Apr,22:50:16,64.94øF,32.30%,63øF (Wall),64øF (Ambient2),Comfort
9-Apr,22:50:18,64.94øF,32.30%,63øF (Wall),64øF (Ambient2),Comfort
9-Apr,22:50:20,64.94øF,32.20%,64øF (Wall),64øF (Ambient2),Comfort
9-Apr,22:50:22,64.94øF,32.20%,64øF (Wall),64øF (Ambient2),Comfort
9-Apr,22:50:24,64.94øF,32.20%,64øF (Wall),64øF (Ambient2),Comfort
9-Apr,22:50:26,64.94øF,32.20%,63øF (Wall),64øF (Ambient2),Comfort
9-Apr,22:50:28,64.94øF,32.20%,63øF (Wall),64øF (Ambient2),Comfort
9-Apr,22:50:30,64.94øF,32.20%,63øF (Wall),64øF (Ambient2),Comfort
9-Apr,22:50:32,64.94øF,32.20%,63øF (Wall),64øF (Ambient2),Comfort
9-Apr,22:50:34,64.94øF,32.30%,63øF (Wall),64øF (Ambient2),Comfort
9-Apr,22:50:36,64.94øF,32.30%,63øF (Wall),64øF (Ambient2),Comfort
9-Apr,22:50:38,64.94øF,32.40%,63øF (Wall),64øF (Ambient2),Comfort
9-Apr,22:50:40,64.94øF,32.30%,63øF (Wall),64øF (Ambient2),Comfort
9-Apr,22:50:42,64.94øF,32.30%,64øF (Wall),64øF (Ambient2),Comfort
9-Apr,22:50:44,64.94øF,32.20%,64øF (Wall),64øF (Ambient2),Comfort
9-Apr,22:50:46,64.94øF,32.20%,63øF (Wall),64øF (Ambient2),Comfort
9-Apr,22:50:48,64.94øF,32.30%,63øF (Wall),64øF (Ambient2),Comfort
9-Apr,22:50:50,64.94øF,32.30%,63øF (Wall),64øF (Ambient2),Comfort
9-Apr,22:50:52,64.76øF,32.30%,63øF (Wall),64øF (Ambient2),Comfort
9-Apr,22:50:55,64.94øF,32.50%,63øF (Wall),64øF (Ambient2),Comfort
9-Apr,22:50:57,64.94øF,32.50%,63øF (Wall),64øF (Ambient2),Comfort
9-Apr,22:50:59,64.76øF,32.40%,63øF (Wall),64øF (Ambient2),Comfort
9-Apr,22:51:01,64.76øF,32.40%,63øF (Wall),64øF (Ambient2),Comfort
9-Apr,22:51:03,64.76øF,32.30%,63øF (Wall),64øF (Ambient2),Comfort
9-Apr,22:51:05,64.94øF,32.50%,63øF (Wall),64øF (Ambient2),Comfort
9-Apr,22:51:07,64.76øF,32.40%,64øF (Wall),64øF (Ambient2),Comfort
9-Apr,22:51:09,64.76øF,32.50%,63øF (Wall),64øF (Ambient2),Comfort
9-Apr,22:51:11,64.94øF,32.70%,64øF (Wall),64øF (Ambient2),Comfort
9-Apr,22:51:13,64.76øF,32.70%,63øF (Wall),64øF (Ambient2),Comfort
9-Apr,22:51:15,64.94øF,32.90%,63øF (Wall),64øF (Ambient2),Comfort
9-Apr,22:51:17,64.76øF,32.80%,63øF (Wall),64øF (Ambient2),Comfort
9-Apr,22:51:19,64.94øF,32.90%,64øF (Wall),64øF (Ambient2),Comfort
9-Apr,22:51:21,64.76øF,32.90%,63øF (Wall),64øF (Ambient2),Comfort
9-Apr,22:51:23,64.76øF,32.90%,63øF (Wall),64øF (Ambient2),Comfort
9-Apr,22:51:25,64.94øF,33.00%,63øF (Wall),64øF (Ambient2),Comfort
9-Apr,22:51:27,64.76øF,32.90%,63øF (Wall),64øF (Ambient2),Comfort
9-Apr,22:51:29,64.76øF,32.80%,64øF (Wall),64øF (Ambient2),Comfort
9-Apr,22:51:31,64.76øF,32.80%,63øF (Wall),64øF (Ambient2),Comfort
9-Apr,22:51:33,64.76øF,32.80%,64øF (Wall),64øF (Ambient2),Comfort
9-Apr,22:51:35,64.76øF,32.80%,63øF (Wall),64øF (Ambient2),Comfort
9-Apr,22:51:37,64.94øF,32.90%,63øF (Wall),64øF (Ambient2),Comfort
9-Apr,22:51:39,64.76øF,32.80%,63øF (Wall),64øF (Ambient2),Comfort
9-Apr,22:51:41,64.94øF,32.80%,63øF (Wall),64øF (Ambient2),Comfort
9-Apr,22:51:43,64.76øF,32.70%,63øF (Wall),64øF (Ambient2),Comfort
9-Apr,22:51:45,64.94øF,32.70%,63øF (Wall),64øF (Ambient2),Comfort
9-Apr,22:51:48,64.94øF,32.70%,63øF (Wall),65øF (Ambient2),Comfort
9-Apr,22:51:50,64.94øF,32.80%,63øF (Wall),65øF (Ambient2),Comfort
9-Apr,22:51:52,64.94øF,32.90%,63øF (Wall),65øF (Ambient2),Comfort
9-Apr,22:51:54,64.94øF,32.90%,63øF (Wall),64øF (Ambient2),Comfort
9-Apr,22:51:56,64.94øF,32.90%,63øF (Wall),65øF (Ambient2),Comfort
9-Apr,22:51:58,64.94øF,33.00%,63øF (Wall),65øF (Ambient2),Comfort
9-Apr,22:52:00,64.94øF,33.00%,63øF (Wall),65øF (Ambient2),Comfort
9-Apr,22:52:02,64.94øF,33.00%,63øF (Wall),65øF (Ambient2),Comfort
9-Apr,22:52:04,64.76øF,32.90%,63øF (Wall),65øF (Ambient2),Comfort
9-Apr,22:52:06,64.94øF,32.90%,63øF (Wall),65øF (Ambient2),Comfort
9-Apr,22:52:08,64.94øF,32.90%,63øF (Wall),65øF (Ambient2),Comfort
9-Apr,22:52:10,64.94øF,32.90%,63øF (Wall),65øF (Ambient2),Comfort
9-Apr,22:52:12,64.94øF,32.90%,63øF (Wall),65øF (Ambient2),Comfort
9-Apr,22:52:14,64.94øF,33.00%,63øF (Wall),65øF (Ambient2),Comfort
9-Apr,22:52:16,64.94øF,33.00%,63øF (Wall),65øF (Ambient2),Comfort
9-Apr,22:52:18,64.94øF,33.00%,63øF (Wall),65øF (Ambient2),Comfort
9-Apr,22:52:20,64.76øF,33.00%,63øF (Wall),65øF (Ambient2),Comfort
9-Apr,22:52:22,64.94øF,33.10%,63øF (Wall),65øF (Ambient2),Comfort
9-Apr,22:52:24,64.94øF,33.20%,63øF (Wall),65øF (Ambient2),Comfort
9-Apr,22:52:26,64.94øF,33.30%,63øF (Wall),65øF (Ambient2),Comfort
9-Apr,22:52:28,64.94øF,33.30%,63øF (Wall),65øF (Ambient2),Comfort
9-Apr,22:52:30,64.94øF,33.30%,63øF (Wall),65øF (Ambient2),Comfort
9-Apr,22:52:32,64.94øF,33.30%,63øF (Wall),65øF (Ambient2),Comfort
9-Apr,22:52:34,64.94øF,33.30%,63øF (Wall),65øF (Ambient2),Comfort
9-Apr,22:52:36,64.94øF,33.30%,63øF (Wall),65øF (Ambient2),Comfort
9-Apr,22:52:38,64.94øF,33.30%,63øF (Wall),65øF (Ambient2),Comfort
9-Apr,22:52:41,64.94øF,33.30%,63øF (Wall),65øF (Ambient2),Comfort
9-Apr,22:52:43,64.94øF,33.40%,64øF (Wall),65øF (Ambient2),Comfort
9-Apr,22:52:45,64.94øF,33.40%,63øF (Wall),65øF (Ambient2),Comfort
9-Apr,22:52:47,64.94øF,33.40%,63øF (Wall),65øF (Ambient2),Comfort
9-Apr,22:52:49,64.94øF,33.50%,63øF (Wall),65øF (Ambient2),Comfort
9-Apr,22:52:51,64.94øF,33.50%,63øF (Wall),65øF (Ambient2),Comfort
9-Apr,22:52:53,64.94øF,33.40%,63øF (Wall),65øF (Ambient2),Comfort
9-Apr,22:52:55,64.94øF,33.40%,63øF (Wall),65øF (Ambient2),Comfort
9-Apr,22:52:57,64.94øF,33.20%,63øF (Wall),65øF (Ambient2),Comfort
9-Apr,22:52:59,64.94øF,33.10%,64øF (Wall),65øF (Ambient2),Comfort
9-Apr,22:53:01,64.94øF,33.00%,63øF (Wall),65øF (Ambient2),Comfort
9-Apr,22:53:03,64.94øF,32.90%,63øF (Wall),65øF (Ambient2),Comfort
9-Apr,22:53:05,64.94øF,32.80%,63øF (Wall),65øF (Ambient2),Comfort
9-Apr,22:53:07,64.94øF,32.70%,63øF (Wall),65øF (Ambient2),Comfort
9-Apr,22:53:09,64.94øF,32.60%,64øF (Wall),65øF (Ambient2),Comfort
9-Apr,22:53:11,64.94øF,32.50%,63øF (Wall),65øF (Ambient2),Comfort
9-Apr,22:53:13,64.94øF,32.50%,63øF (Wall),65øF (Ambient2),Comfort
9-Apr,22:53:15,64.94øF,32.40%,64øF (Wall),65øF (Ambient2),Comfort
9-Apr,22:53:17,64.94øF,32.40%,64øF (Wall),65øF (Ambient2),Comfort
9-Apr,22:53:19,64.94øF,32.40%,64øF (Wall),65øF (Ambient2),Comfort
9-Apr,22:53:21,64.94øF,32.40%,64øF (Wall),65øF (Ambient2),Comfort
9-Apr,22:53:23,64.94øF,32.40%,63øF (Wall),65øF (Ambient2),Comfort
9-Apr,22:53:25,64.94øF,32.30%,64øF (Wall),65øF (Ambient2),Comfort
9-Apr,22:53:27,64.94øF,32.20%,64øF (Wall),65øF (Ambient2),Comfort
9-Apr,22:53:29,64.94øF,32.20%,63øF (Wall),65øF (Ambient2),Comfort
9-Apr,22:53:31,64.94øF,32.20%,63øF (Wall),65øF (Ambient2),Comfort
9-Apr,22:53:34,64.94øF,32.30%,63øF (Wall),65øF (Ambient2),Comfort
9-Apr,22:53:36,64.94øF,32.30%,64øF (Wall),65øF (Ambient2),Comfort
9-Apr,22:53:38,64.94øF,32.30%,64øF (Wall),65øF (Ambient2),Comfort
9-Apr,22:53:40,64.94øF,32.50%,64øF (Wall),65øF (Ambient2),Comfort
9-Apr,22:53:42,64.94øF,32.50%,64øF (Wall),65øF (Ambient2),Comfort
9-Apr,22:53:44,64.94øF,32.50%,64øF (Wall),65øF (Ambient2),Comfort
9-Apr,22:53:46,64.94øF,32.50%,64øF (Wall),65øF (Ambient2),Comfort
9-Apr,22:53:48,64.94øF,32.40%,64øF (Wall),65øF (Ambient2),Comfort
9-Apr,22:53:50,64.94øF,32.40%,64øF (Wall),65øF (Ambient2),Comfort
9-Apr,22:53:52,64.94øF,32.40%,64øF (Wall),65øF (Ambient2),Comfort
9-Apr,22:53:54,64.94øF,32.50%,64øF (Wall),65øF (Ambient2),Comfort
9-Apr,22:53:56,64.94øF,32.50%,64øF (Wall),65øF (Ambient2),Comfort
9-Apr,22:53:58,64.94øF,32.50%,64øF (Wall),65øF (Ambient2),Comfort
9-Apr,22:54:00,64.94øF,32.50%,64øF (Wall),65øF (Ambient2),Comfort
9-Apr,22:54:02,64.94øF,32.50%,64øF (Wall),65øF (Ambient2),Comfort
9-Apr,22:54:04,64.94øF,32.50%,64øF (Wall),65øF (Ambient2),Comfort
9-Apr,22:54:06,64.94øF,32.50%,64øF (Wall),65øF (Ambient2),Comfort
9-Apr,22:54:08,64.94øF,32.40%,64øF (Wall),65øF (Ambient2),Comfort
9-Apr,22:54:10,64.94øF,32.40%,64øF (Wall),65øF (Ambient2),Comfort
9-Apr,22:54:12,64.94øF,32.40%,64øF (Wall),65øF (Ambient2),Comfort
9-Apr,22:54:14,64.94øF,32.40%,64øF (Wall),65øF (Ambient2),Comfort
9-Apr,22:54:16,64.94øF,32.50%,64øF (Wall),65øF (Ambient2),Comfort
9-Apr,22:54:18,64.94øF,32.50%,64øF (Wall),65øF (Ambient2),Comfort
9-Apr,22:54:20,64.94øF,32.50%,64øF (Wall),65øF (Ambient2),Comfort
9-Apr,22:54:22,64.94øF,32.50%,64øF (Wall),65øF (Ambient2),Comfort
9-Apr,22:54:24,64.94øF,32.50%,64øF (Wall),65øF (Ambient2),Comfort
9-Apr,22:54:27,64.94øF,32.50%,64øF (Wall),65øF (Ambient2),Comfort
9-Apr,22:54:29,64.94øF,32.60%,64øF (Wall),65øF (Ambient2),Comfort
9-Apr,22:54:31,64.94øF,32.60%,64øF (Wall),65øF (Ambient2),Comfort
9-Apr,22:54:33,64.94øF,32.60%,64øF (Wall),65øF (Ambient2),Comfort
9-Apr,22:54:35,64.94øF,32.70%,64øF (Wall),65øF (Ambient2),Comfort
9-Apr,22:54:37,64.94øF,32.70%,64øF (Wall),65øF (Ambient2),Comfort
9-Apr,22:54:39,64.94øF,32.70%,64øF (Wall),65øF (Ambient2),Comfort
9-Apr,22:54:41,64.94øF,32.70%,64øF (Wall),65øF (Ambient2),Comfort
9-Apr,22:54:43,64.94øF,32.80%,64øF (Wall),65øF (Ambient2),Comfort
9-Apr,22:54:45,64.94øF,32.80%,64øF (Wall),65øF (Ambient2),Comfort
9-Apr,22:54:47,64.94øF,32.80%,64øF (Wall),65øF (Ambient2),Comfort
9-Apr,22:54:49,64.94øF,32.70%,64øF (Wall),65øF (Ambient2),Comfort
9-Apr,22:54:51,65.12øF,32.70%,64øF (Wall),65øF (Ambient2),Comfort
9-Apr,22:54:53,64.94øF,32.50%,64øF (Wall),65øF (Ambient2),Comfort
9-Apr,22:54:55,64.94øF,32.40%,64øF (Wall),65øF (Ambient2),Comfort
9-Apr,22:54:57,64.94øF,32.30%,64øF (Wall),65øF (Ambient2),Comfort
9-Apr,22:54:59,64.94øF,32.30%,64øF (Wall),65øF (Ambient2),Comfort
9-Apr,22:55:01,64.94øF,32.30%,64øF (Wall),65øF (Ambient2),Comfort
9-Apr,22:55:03,65.12øF,32.40%,64øF (Wall),65øF (Ambient2),Comfort
9-Apr,22:55:05,64.94øF,32.40%,64øF (Wall),65øF (Ambient2),Comfort
9-Apr,22:55:07,64.94øF,32.50%,64øF (Wall),65øF (Ambient2),Comfort
9-Apr,22:55:09,64.94øF,32.70%,64øF (Wall),65øF (Ambient2),Comfort
9-Apr,22:55:11,64.94øF,32.80%,64øF (Wall),65øF (Ambient2),Comfort
9-Apr,22:55:13,64.94øF,32.90%,64øF (Wall),65øF (Ambient2),Comfort
9-Apr,22:55:15,64.94øF,33.00%,64øF (Wall),65øF (Ambient2),Comfort
9-Apr,22:55:17,64.94øF,33.10%,64øF (Wall),65øF (Ambient2),Comfort
9-Apr,22:55:20,64.94øF,33.20%,64øF (Wall),65øF (Ambient2),Comfort
9-Apr,22:55:22,65.12øF,33.40%,64øF (Wall),65øF (Ambient2),Comfort
9-Apr,22:55:24,65.12øF,33.50%,64øF (Wall),65øF (Ambient2),Comfort
9-Apr,22:55:26,65.12øF,33.60%,64øF (Wall),65øF (Ambient2),Comfort
9-Apr,22:55:28,64.94øF,33.60%,64øF (Wall),65øF (Ambient2),Comfort
9-Apr,22:55:30,65.12øF,33.80%,63øF (Wall),65øF (Ambient2),Comfort
9-Apr,22:55:32,64.94øF,33.70%,64øF (Wall),65øF (Ambient2),Comfort
9-Apr,22:55:34,65.12øF,33.70%,64øF (Wall),65øF (Ambient2),Comfort
9-Apr,22:55:36,65.12øF,33.70%,64øF (Wall),65øF (Ambient2),Comfort
9-Apr,22:55:38,65.12øF,33.60%,64øF (Wall),65øF (Ambient2),Comfort
9-Apr,22:55:40,65.12øF,33.50%,64øF (Wall),65øF (Ambient2),Comfort
9-Apr,22:55:42,65.12øF,33.40%,64øF (Wall),65øF (Ambient2),Comfort
9-Apr,22:55:44,65.12øF,33.30%,64øF (Wall),65øF (Ambient2),Comfort
9-Apr,22:55:46,65.12øF,33.20%,64øF (Wall),65øF (Ambient2),Comfort
9-Apr,22:55:48,65.12øF,33.20%,64øF (Wall),65øF (Ambient2),Comfort
9-Apr,22:55:50,65.12øF,33.20%,64øF (Wall),65øF (Ambient2),Comfort
9-Apr,22:55:52,65.12øF,33.20%,64øF (Wall),65øF (Ambient2),Comfort
9-Apr,22:55:54,65.12øF,33.10%,64øF (Wall),65øF (Ambient2),Comfort
9-Apr,22:55:56,65.12øF,32.90%,64øF (Wall),65øF (Ambient2),Comfort
9-Apr,22:55:58,65.12øF,32.80%,64øF (Wall),65øF (Ambient2),Comfort
9-Apr,22:56:00,65.12øF,32.70%,64øF (Wall),65øF (Ambient2),Comfort
9-Apr,22:56:02,65.12øF,32.50%,64øF (Wall),65øF (Ambient2),Comfort
9-Apr,22:56:04,65.12øF,32.40%,64øF (Wall),65øF (Ambient2),Comfort
9-Apr,22:56:06,65.12øF,32.30%,64øF (Wall),65øF (Ambient2),Comfort
9-Apr,22:56:08,65.12øF,32.30%,64øF (Wall),65øF (Ambient2),Comfort
9-Apr,22:56:10,65.12øF,32.20%,64øF (Wall),65øF (Ambient2),Comfort
9-Apr,22:56:12,65.12øF,32.20%,64øF (Wall),65øF (Ambient2),Comfort
9-Apr,22:56:15,65.12øF,32.10%,64øF (Wall),65øF (Ambient2),Comfort
9-Apr,22:56:17,65.12øF,32.10%,64øF (Wall),65øF (Ambient2),Comfort
9-Apr,22:56:19,65.12øF,32.10%,64øF (Wall),65øF (Ambient2),Comfort
9-Apr,22:56:21,65.12øF,32.20%,64øF (Wall),65øF (Ambient2),Comfort
9-Apr,22:56:23,65.12øF,32.20%,64øF (Wall),65øF (Ambient2),Comfort
9-Apr,22:56:25,65.12øF,32.30%,64øF (Wall),65øF (Ambient2),Comfort
9-Apr,22:56:27,64.94øF,32.20%,64øF (Wall),65øF (Ambient2),Comfort
9-Apr,22:56:29,64.94øF,32.20%,64øF (Wall),65øF (Ambient2),Comfort
9-Apr,22:56:31,64.94øF,32.20%,64øF (Wall),65øF (Ambient2),Comfort
9-Apr,22:56:33,64.94øF,32.10%,64øF (Wall),65øF (Ambient2),Comfort
9-Apr,22:56:35,64.94øF,32.00%,64øF (Wall),65øF (Ambient2),Comfort
9-Apr,22:56:37,64.94øF,32.00%,64øF (Wall),65øF (Ambient2),Comfort
9-Apr,22:56:39,64.94øF,31.90%,64øF (Wall),65øF (Ambient2),Comfort
9-Apr,22:56:41,64.94øF,31.80%,64øF (Wall),65øF (Ambient2),Comfort
9-Apr,22:56:43,64.94øF,31.60%,64øF (Wall),65øF (Ambient2),Comfort
9-Apr,22:56:45,64.94øF,31.50%,64øF (Wall),65øF (Ambient2),Comfort
9-Apr,22:56:47,64.94øF,31.50%,64øF (Wall),65øF (Ambient2),Comfort
9-Apr,22:56:49,64.94øF,31.50%,64øF (Wall),65øF (Ambient2),Comfort
9-Apr,22:56:51,64.94øF,31.60%,64øF (Wall),65øF (Ambient2),Comfort
9-Apr,22:56:53,64.94øF,31.70%,64øF (Wall),65øF (Ambient2),Comfort
9-Apr,22:56:55,64.94øF,31.80%,64øF (Wall),65øF (Ambient2),Comfort
9-Apr,22:56:57,64.94øF,31.90%,64øF (Wall),65øF (Ambient2),Comfort
9-Apr,22:56:59,64.94øF,32.00%,64øF (Wall),65øF (Ambient2),Comfort
9-Apr,22:57:01,64.94øF,32.10%,64øF (Wall),65øF (Ambient2),Comfort
9-Apr,22:57:03,64.94øF,32.20%,63øF (Wall),65øF (Ambient2),Comfort
9-Apr,22:57:06,64.94øF,32.30%,64øF (Wall),65øF (Ambient2),Comfort
9-Apr,22:57:08,64.94øF,32.40%,64øF (Wall),65øF (Ambient2),Comfort
9-Apr,22:57:10,64.94øF,32.50%,64øF (Wall),65øF (Ambient2),Comfort
9-Apr,22:57:12,64.94øF,32.60%,64øF (Wall),65øF (Ambient2),Comfort
9-Apr,22:57:14,64.94øF,32.60%,64øF (Wall),65øF (Ambient2),Comfort
9-Apr,22:57:16,64.94øF,32.70%,64øF (Wall),65øF (Ambient2),Comfort
9-Apr,22:57:18,64.94øF,32.70%,64øF (Wall),65øF (Ambient2),Comfort
9-Apr,22:57:20,64.94øF,32.80%,64øF (Wall),65øF (Ambient2),Comfort
9-Apr,22:57:22,64.94øF,32.80%,64øF (Wall),65øF (Ambient2),Comfort
9-Apr,22:57:24,64.94øF,32.70%,64øF (Wall),65øF (Ambient2),Comfort
9-Apr,22:57:26,64.94øF,32.70%,64øF (Wall),65øF (Ambient2),Comfort
9-Apr,22:57:28,64.94øF,32.70%,64øF (Wall),65øF (Ambient2),Comfort
9-Apr,22:57:30,64.94øF,32.80%,63øF (Wall),65øF (Ambient2),Comfort
9-Apr,22:57:32,64.94øF,32.80%,64øF (Wall),65øF (Ambient2),Comfort
9-Apr,22:57:34,64.76øF,32.80%,64øF (Wall),65øF (Ambient2),Comfort
9-Apr,22:57:36,64.94øF,32.90%,64øF (Wall),65øF (Ambient2),Comfort
9-Apr,22:57:38,64.94øF,33.00%,64øF (Wall),65øF (Ambient2),Comfort
9-Apr,22:57:40,64.94øF,33.10%,64øF (Wall),65øF (Ambient2),Comfort
9-Apr,22:57:42,64.94øF,33.20%,64øF (Wall),65øF (Ambient2),Comfort
9-Apr,22:57:44,64.94øF,33.20%,64øF (Wall),65øF (Ambient2),Comfort
9-Apr,22:57:46,64.94øF,33.20%,64øF (Wall),65øF (Ambient2),Comfort
9-Apr,22:57:48,64.94øF,33.20%,64øF (Wall),65øF (Ambient2),Comfort
9-Apr,22:57:50,64.94øF,33.20%,64øF (Wall),65øF (Ambient2),Comfort
9-Apr,22:57:52,64.94øF,33.10%,64øF (Wall),65øF (Ambient2),Comfort
9-Apr,22:57:54,64.94øF,33.00%,64øF (Wall),65øF (Ambient2),Comfort
9-Apr,22:57:56,64.94øF,32.90%,64øF (Wall),65øF (Ambient2),Comfort
9-Apr,22:57:59,64.94øF,32.80%,64øF (Wall),65øF (Ambient2),Comfort
9-Apr,22:58:01,64.94øF,32.80%,64øF (Wall),65øF (Ambient2),Comfort
9-Apr,22:58:03,64.94øF,32.80%,64øF (Wall),65øF (Ambient2),Comfort
9-Apr,22:58:05,64.94øF,32.80%,64øF (Wall),65øF (Ambient2),Comfort
9-Apr,22:58:07,64.94øF,32.70%,64øF (Wall),65øF (Ambient2),Comfort
9-Apr,22:58:09,64.94øF,32.70%,64øF (Wall),65øF (Ambient2),Comfort
9-Apr,22:58:11,64.94øF,32.70%,64øF (Wall),65øF (Ambient2),Comfort
9-Apr,22:58:13,64.94øF,32.60%,64øF (Wall),65øF (Ambient2),Comfort
9-Apr,22:58:15,64.94øF,32.60%,64øF (Wall),65øF (Ambient2),Comfort
9-Apr,22:58:17,64.94øF,32.60%,64øF (Wall),65øF (Ambient2),Comfort
9-Apr,22:58:19,64.94øF,32.60%,64øF (Wall),65øF (Ambient2),Comfort
9-Apr,22:58:21,64.94øF,32.60%,64øF (Wall),65øF (Ambient2),Comfort
9-Apr,22:58:23,64.94øF,32.50%,64øF (Wall),65øF (Ambient2),Comfort
9-Apr,22:58:25,64.94øF,32.40%,64øF (Wall),65øF (Ambient2),Comfort
9-Apr,22:58:27,64.94øF,32.30%,64øF (Wall),65øF (Ambient2),Comfort
9-Apr,22:58:29,64.94øF,32.30%,64øF (Wall),65øF (Ambient2),Comfort
9-Apr,22:58:31,64.94øF,32.20%,63øF (Wall),65øF (Ambient2),Comfort
9-Apr,22:58:33,64.94øF,32.20%,64øF (Wall),65øF (Ambient2),Comfort
9-Apr,22:58:35,64.94øF,32.20%,64øF (Wall),65øF (Ambient2),Comfort
9-Apr,22:58:37,64.94øF,32.20%,64øF (Wall),65øF (Ambient2),Comfort
9-Apr,22:58:39,64.94øF,32.10%,64øF (Wall),65øF (Ambient2),Comfort
9-Apr,22:58:41,64.94øF,32.10%,64øF (Wall),65øF (Ambient2),Comfort
9-Apr,22:58:43,64.94øF,32.00%,64øF (Wall),65øF (Ambient2),Comfort
9-Apr,22:58:45,64.94øF,32.00%,64øF (Wall),65øF (Ambient2),Comfort
9-Apr,22:58:47,64.94øF,32.00%,64øF (Wall),65øF (Ambient2),Comfort
9-Apr,22:58:49,64.94øF,32.00%,64øF (Wall),65øF (Ambient2),Comfort
9-Apr,22:58:52,64.94øF,32.00%,64øF (Wall),65øF (Ambient2),Comfort
9-Apr,22:58:54,64.94øF,32.00%,64øF (Wall),65øF (Ambient2),Comfort
9-Apr,22:58:56,64.94øF,31.90%,64øF (Wall),65øF (Ambient2),Comfort
9-Apr,22:58:58,64.76øF,31.80%,63øF (Wall),65øF (Ambient2),Comfort
9-Apr,22:59:00,64.94øF,31.80%,64øF (Wall),65øF (Ambient2),Comfort
9-Apr,22:59:02,64.94øF,31.80%,64øF (Wall),65øF (Ambient2),Comfort
9-Apr,22:59:04,64.94øF,31.70%,64øF (Wall),65øF (Ambient2),Comfort
9-Apr,22:59:06,64.94øF,31.70%,64øF (Wall),65øF (Ambient2),Comfort
9-Apr,22:59:08,64.94øF,31.60%,64øF (Wall),65øF (Ambient2),Comfort
9-Apr,22:59:10,64.94øF,31.60%,64øF (Wall),65øF (Ambient2),Comfort
9-Apr,22:59:12,64.94øF,31.50%,64øF (Wall),65øF (Ambient2),Comfort
9-Apr,22:59:14,64.94øF,31.50%,64øF (Wall),65øF (Ambient2),Comfort
9-Apr,22:59:16,64.76øF,31.50%,63øF (Wall),65øF (Ambient2),Comfort
9-Apr,22:59:18,64.76øF,31.50%,64øF (Wall),65øF (Ambient2),Comfort
9-Apr,22:59:20,64.94øF,31.50%,64øF (Wall),65øF (Ambient2),Comfort
9-Apr,22:59:22,64.94øF,31.50%,64øF (Wall),65øF (Ambient2),Comfort
9-Apr,22:59:24,64.94øF,31.50%,64øF (Wall),65øF (Ambient2),Comfort
9-Apr,22:59:26,64.94øF,31.50%,64øF (Wall),65øF (Ambient2),Comfort
9-Apr,22:59:28,64.94øF,31.50%,64øF (Wall),65øF (Ambient2),Comfort
9-Apr,22:59:30,64.94øF,31.50%,64øF (Wall),65øF (Ambient2),Comfort
9-Apr,22:59:32,64.94øF,31.50%,64øF (Wall),65øF (Ambient2),Comfort
9-Apr,22:59:34,64.94øF,31.50%,64øF (Wall),65øF (Ambient2),Comfort
9-Apr,22:59:36,64.94øF,31.50%,63øF (Wall),65øF (Ambient2),Comfort
9-Apr,22:59:38,64.76øF,31.50%,64øF (Wall),65øF (Ambient2),Comfort
9-Apr,22:59:40,64.76øF,31.60%,64øF (Wall),65øF (Ambient2),Comfort
9-Apr,22:59:42,64.94øF,31.80%,64øF (Wall),65øF (Ambient2),Comfort
9-Apr,22:59:45,64.94øF,31.90%,63øF (Wall),65øF (Ambient2),Comfort
9-Apr,22:59:47,64.76øF,31.90%,64øF (Wall),65øF (Ambient2),Comfort
9-Apr,22:59:49,64.76øF,32.00%,64øF (Wall),65øF (Ambient2),Comfort
9-Apr,22:59:51,64.76øF,32.00%,64øF (Wall),65øF (Ambient2),Comfort
9-Apr,22:59:53,64.76øF,32.00%,64øF (Wall),65øF (Ambient2),Comfort
9-Apr,22:59:55,64.76øF,32.00%,64øF (Wall),65øF (Ambient2),Comfort
9-Apr,22:59:57,64.94øF,32.10%,64øF (Wall),65øF (Ambient2),Comfort
9-Apr,22:59:59,64.94øF,32.00%,64øF (Wall),65øF (Ambient2),Comfort
9-Apr,23:00:01,64.94øF,31.90%,64øF (Wall),65øF (Ambient2),Comfort
9-Apr,23:00:03,64.94øF,31.90%,64øF (Wall),65øF (Ambient2),Comfort
9-Apr,23:00:05,64.94øF,31.90%,64øF (Wall),65øF (Ambient2),Comfort
9-Apr,23:00:07,64.94øF,31.90%,64øF (Wall),65øF (Ambient2),Comfort
9-Apr,23:00:09,64.94øF,31.90%,64øF (Wall),64øF (Ambient2),Comfort
9-Apr,23:00:11,64.94øF,32.00%,64øF (Wall),64øF (Ambient2),Comfort
9-Apr,23:00:13,64.76øF,32.00%,64øF (Wall),65øF (Ambient2),Comfort
9-Apr,23:00:15,64.76øF,32.00%,64øF (Wall),65øF (Ambient2),Comfort
9-Apr,23:00:17,64.94øF,32.10%,64øF (Wall),65øF (Ambient2),Comfort
9-Apr,23:00:19,64.76øF,32.00%,64øF (Wall),65øF (Ambient2),Comfort
9-Apr,23:00:21,64.76øF,32.00%,64øF (Wall),65øF (Ambient2),Comfort
9-Apr,23:00:23,64.76øF,32.00%,64øF (Wall),65øF (Ambient2),Comfort
9-Apr,23:00:25,64.94øF,32.00%,64øF (Wall),65øF (Ambient2),Comfort
9-Apr,23:00:27,64.76øF,31.90%,63øF (Wall),64øF (Ambient2),Comfort
9-Apr,23:00:29,64.94øF,31.90%,64øF (Wall),65øF (Ambient2),Comfort
9-Apr,23:00:31,64.94øF,31.90%,64øF (Wall),65øF (Ambient2),Comfort
9-Apr,23:00:33,64.76øF,31.80%,64øF (Wall),64øF (Ambient2),Comfort
9-Apr,23:00:35,64.76øF,31.80%,64øF (Wall),65øF (Ambient2),Comfort
9-Apr,23:00:37,64.94øF,31.80%,64øF (Wall),65øF (Ambient2),Comfort
9-Apr,23:00:40,64.76øF,31.70%,64øF (Wall),65øF (Ambient2),Comfort
9-Apr,23:00:42,64.76øF,31.70%,64øF (Wall),64øF (Ambient2),Comfort
9-Apr,23:00:44,64.94øF,31.80%,63øF (Wall),64øF (Ambient2),Comfort
9-Apr,23:00:46,64.76øF,31.70%,64øF (Wall),64øF (Ambient2),Comfort
9-Apr,23:00:48,64.94øF,31.70%,64øF (Wall),64øF (Ambient2),Comfort
9-Apr,23:00:50,64.76øF,31.70%,64øF (Wall),65øF (Ambient2),Comfort
9-Apr,23:00:52,64.76øF,31.60%,63øF (Wall),64øF (Ambient2),Comfort
9-Apr,23:00:54,64.76øF,31.60%,64øF (Wall),65øF (Ambient2),Comfort
9-Apr,23:00:56,64.76øF,31.50%,64øF (Wall),64øF (Ambient2),Comfort
9-Apr,23:00:58,64.76øF,31.50%,64øF (Wall),65øF (Ambient2),Comfort
9-Apr,23:01:00,64.76øF,31.60%,63øF (Wall),64øF (Ambient2),Comfort
9-Apr,23:01:02,64.76øF,31.70%,63øF (Wall),64øF (Ambient2),Comfort
9-Apr,23:01:04,64.76øF,31.70%,64øF (Wall),65øF (Ambient2),Comfort
9-Apr,23:01:06,64.76øF,31.70%,64øF (Wall),65øF (Ambient2),Comfort
9-Apr,23:01:08,64.94øF,31.80%,64øF (Wall),65øF (Ambient2),Comfort
9-Apr,23:01:10,64.76øF,31.70%,64øF (Wall),64øF (Ambient2),Comfort
9-Apr,23:01:12,64.76øF,31.80%,63øF (Wall),64øF (Ambient2),Comfort
9-Apr,23:01:14,64.76øF,31.80%,63øF (Wall),64øF (Ambient2),Comfort
9-Apr,23:01:16,64.76øF,31.90%,64øF (Wall),64øF (Ambient2),Comfort
9-Apr,23:01:18,64.76øF,31.90%,63øF (Wall),64øF (Ambient2),Comfort
9-Apr,23:01:20,64.76øF,31.90%,64øF (Wall),64øF (Ambient2),Comfort
9-Apr,23:01:22,64.76øF,31.90%,64øF (Wall),65øF (Ambient2),Comfort
9-Apr,23:01:24,64.76øF,31.90%,64øF (Wall),65øF (Ambient2),Comfort
9-Apr,23:01:26,64.76øF,31.90%,64øF (Wall),65øF (Ambient2),Comfort
9-Apr,23:01:28,64.94øF,32.00%,64øF (Wall),65øF (Ambient2),Comfort
9-Apr,23:01:30,64.76øF,31.90%,64øF (Wall),65øF (Ambient2),Comfort
9-Apr,23:01:32,64.76øF,31.90%,63øF (Wall),64øF (Ambient2),Comfort
9-Apr,23:01:35,64.76øF,31.90%,63øF (Wall),64øF (Ambient2),Comfort
9-Apr,23:01:37,64.76øF,31.90%,63øF (Wall),64øF (Ambient2),Comfort
9-Apr,23:01:39,64.76øF,32.00%,64øF (Wall),64øF (Ambient2),Comfort
9-Apr,23:01:41,64.76øF,32.00%,64øF (Wall),65øF (Ambient2),Comfort
9-Apr,23:01:43,64.76øF,31.90%,64øF (Wall),64øF (Ambient2),Comfort
9-Apr,23:01:45,64.76øF,31.80%,63øF (Wall),65øF (Ambient2),Comfort
9-Apr,23:01:47,64.76øF,31.90%,64øF (Wall),65øF (Ambient2),Comfort
9-Apr,23:01:49,64.76øF,31.90%,63øF (Wall),64øF (Ambient2),Comfort
9-Apr,23:01:51,64.76øF,31.90%,64øF (Wall),65øF (Ambient2),Comfort
9-Apr,23:01:53,64.76øF,31.90%,63øF (Wall),65øF (Ambient2),Comfort
9-Apr,23:01:55,64.76øF,31.90%,64øF (Wall),64øF (Ambient2),Comfort
9-Apr,23:01:57,64.76øF,31.90%,64øF (Wall),64øF (Ambient2),Comfort
9-Apr,23:01:59,64.94øF,32.00%,63øF (Wall),64øF (Ambient2),Comfort
9-Apr,23:02:01,64.94øF,32.00%,63øF (Wall),64øF (Ambient2),Comfort
9-Apr,23:02:03,64.76øF,31.90%,64øF (Wall),64øF (Ambient2),Comfort
9-Apr,23:02:05,64.94øF,32.00%,64øF (Wall),64øF (Ambient2),Comfort
9-Apr,23:02:07,64.76øF,31.90%,64øF (Wall),64øF (Ambient2),Comfort
9-Apr,23:02:09,64.94øF,31.90%,64øF (Wall),64øF (Ambient2),Comfort
9-Apr,23:02:11,64.76øF,31.70%,63øF (Wall),64øF (Ambient2),Comfort
9-Apr,23:02:13,64.76øF,31.70%,63øF (Wall),64øF (Ambient2),Comfort
9-Apr,23:02:15,64.76øF,31.70%,64øF (Wall),64øF (Ambient2),Comfort
9-Apr,23:02:17,64.76øF,31.60%,64øF (Wall),64øF (Ambient2),Comfort
9-Apr,23:02:19,64.76øF,31.50%,63øF (Wall),64øF (Ambient2),Comfort
9-Apr,23:02:21,64.76øF,31.50%,63øF (Wall),64øF (Ambient2),Comfort
9-Apr,23:02:23,64.76øF,31.50%,64øF (Wall),64øF (Ambient2),Comfort
9-Apr,23:02:25,64.76øF,31.50%,64øF (Wall),64øF (Ambient2),Comfort
9-Apr,23:02:28,64.76øF,31.60%,64øF (Wall),64øF (Ambient2),Comfort
9-Apr,23:02:30,64.94øF,31.70%,64øF (Wall),64øF (Ambient2),Comfort
9-Apr,23:02:32,64.76øF,31.70%,63øF (Wall),64øF (Ambient2),Comfort
9-Apr,23:02:34,64.76øF,31.80%,64øF (Wall),65øF (Ambient2),Comfort
9-Apr,23:02:36,64.76øF,31.80%,64øF (Wall),64øF (Ambient2),Comfort
9-Apr,23:02:38,64.76øF,31.70%,63øF (Wall),64øF (Ambient2),Comfort
9-Apr,23:02:40,64.76øF,31.70%,63øF (Wall),64øF (Ambient2),Comfort
9-Apr,23:02:42,64.76øF,31.60%,63øF (Wall),64øF (Ambient2),Comfort
9-Apr,23:02:44,64.76øF,31.60%,63øF (Wall),64øF (Ambient2),Comfort
9-Apr,23:02:46,64.94øF,31.70%,63øF (Wall),64øF (Ambient2),Comfort
9-Apr,23:02:48,64.76øF,31.60%,63øF (Wall),64øF (Ambient2),Comfort
9-Apr,23:02:50,64.76øF,31.60%,64øF (Wall),65øF (Ambient2),Comfort
9-Apr,23:02:52,64.76øF,31.60%,63øF (Wall),64øF (Ambient2),Comfort
9-Apr,23:02:54,64.76øF,31.60%,63øF (Wall),64øF (Ambient2),Comfort
9-Apr,23:02:56,64.76øF,31.50%,63øF (Wall),64øF (Ambient2),Comfort
9-Apr,23:02:58,64.76øF,31.50%,64øF (Wall),64øF (Ambient2),Comfort
9-Apr,23:03:00,64.76øF,31.50%,63øF (Wall),64øF (Ambient2),Comfort
9-Apr,23:03:02,64.76øF,31.50%,63øF (Wall),64øF (Ambient2),Comfort
9-Apr,23:03:04,64.76øF,31.50%,64øF (Wall),64øF (Ambient2),Comfort
9-Apr,23:03:06,64.76øF,31.40%,63øF (Wall),64øF (Ambient2),Comfort
9-Apr,23:03:08,64.76øF,31.40%,63øF (Wall),64øF (Ambient2),Comfort
9-Apr,23:03:10,64.76øF,31.40%,63øF (Wall),64øF (Ambient2),Comfort
9-Apr,23:03:12,64.76øF,31.40%,63øF (Wall),64øF (Ambient2),Comfort
9-Apr,23:03:14,64.76øF,31.40%,64øF (Wall),64øF (Ambient2),Comfort
9-Apr,23:03:16,64.76øF,31.30%,63øF (Wall),64øF (Ambient2),Comfort
9-Apr,23:03:18,64.76øF,31.30%,64øF (Wall),64øF (Ambient2),Comfort
9-Apr,23:03:20,64.76øF,31.20%,63øF (Wall),64øF (Ambient2),Comfort
9-Apr,23:03:23,64.76øF,31.20%,63øF (Wall),64øF (Ambient2),Comfort
9-Apr,23:03:25,64.76øF,31.20%,63øF (Wall),64øF (Ambient2),Comfort
9-Apr,23:03:27,64.76øF,31.20%,63øF (Wall),64øF (Ambient2),Comfort
9-Apr,23:03:29,64.76øF,31.30%,63øF (Wall),64øF (Ambient2),Comfort
9-Apr,23:03:31,64.76øF,31.30%,63øF (Wall),64øF (Ambient2),Comfort
9-Apr,23:03:33,64.76øF,31.20%,63øF (Wall),64øF (Ambient2),Comfort
9-Apr,23:03:35,64.76øF,31.20%,63øF (Wall),64øF (Ambient2),Comfort
9-Apr,23:03:37,64.76øF,31.20%,63øF (Wall),64øF (Ambient2),Comfort
9-Apr,23:03:39,64.76øF,31.20%,63øF (Wall),64øF (Ambient2),Comfort
9-Apr,23:03:41,64.76øF,31.20%,63øF (Wall),64øF (Ambient2),Comfort
9-Apr,23:03:43,64.76øF,31.20%,63øF (Wall),64øF (Ambient2),Comfort
9-Apr,23:03:45,64.76øF,31.20%,63øF (Wall),64øF (Ambient2),Comfort
9-Apr,23:03:47,64.76øF,31.20%,63øF (Wall),64øF (Ambient2),Comfort
9-Apr,23:03:49,64.76øF,31.20%,63øF (Wall),65øF (Ambient2),Comfort
9-Apr,23:03:51,64.76øF,31.20%,64øF (Wall),64øF (Ambient2),Comfort
9-Apr,23:03:53,64.76øF,31.20%,63øF (Wall),64øF (Ambient2),Comfort
9-Apr,23:03:55,64.76øF,31.10%,63øF (Wall),64øF (Ambient2),Comfort
9-Apr,23:03:57,64.76øF,31.00%,63øF (Wall),64øF (Ambient2),Comfort
9-Apr,23:03:59,64.76øF,31.00%,63øF (Wall),64øF (Ambient2),Comfort
9-Apr,23:04:01,64.76øF,31.10%,63øF (Wall),64øF (Ambient2),Comfort
9-Apr,23:04:03,64.76øF,31.10%,63øF (Wall),64øF (Ambient2),Comfort
9-Apr,23:04:05,64.76øF,31.20%,63øF (Wall),64øF (Ambient2),Comfort
9-Apr,23:04:07,64.76øF,31.30%,63øF (Wall),64øF (Ambient2),Comfort
9-Apr,23:04:09,64.76øF,31.30%,63øF (Wall),64øF (Ambient2),Comfort
9-Apr,23:04:11,64.76øF,31.40%,63øF (Wall),64øF (Ambient2),Comfort
9-Apr,23:04:13,64.76øF,31.40%,63øF (Wall),64øF (Ambient2),Comfort
9-Apr,23:04:15,64.76øF,31.40%,63øF (Wall),64øF (Ambient2),Comfort
9-Apr,23:04:18,64.76øF,31.40%,63øF (Wall),64øF (Ambient2),Comfort
9-Apr,23:04:20,64.76øF,31.30%,63øF (Wall),64øF (Ambient2),Comfort
9-Apr,23:04:22,64.76øF,31.30%,63øF (Wall),64øF (Ambient2),Comfort
9-Apr,23:04:24,64.76øF,31.20%,63øF (Wall),64øF (Ambient2),Comfort
9-Apr,23:04:26,64.76øF,31.20%,63øF (Wall),64øF (Ambient2),Comfort
9-Apr,23:04:28,64.76øF,31.30%,63øF (Wall),64øF (Ambient2),Comfort
9-Apr,23:04:30,64.76øF,31.30%,63øF (Wall),64øF (Ambient2),Comfort
9-Apr,23:04:32,64.76øF,31.40%,63øF (Wall),64øF (Ambient2),Comfort
9-Apr,23:04:34,64.76øF,31.50%,63øF (Wall),64øF (Ambient2),Comfort
9-Apr,23:04:36,64.76øF,31.60%,63øF (Wall),64øF (Ambient2),Comfort
9-Apr,23:04:38,64.76øF,31.70%,64øF (Wall),64øF (Ambient2),Comfort
9-Apr,23:04:40,64.76øF,31.80%,63øF (Wall),64øF (Ambient2),Comfort
9-Apr,23:04:42,64.76øF,32.00%,63øF (Wall),64øF (Ambient2),Comfort
9-Apr,23:04:44,64.76øF,32.10%,63øF (Wall),64øF (Ambient2),Comfort
9-Apr,23:04:46,64.76øF,32.10%,63øF (Wall),64øF (Ambient2),Comfort
9-Apr,23:04:48,64.76øF,32.10%,63øF (Wall),64øF (Ambient2),Comfort
9-Apr,23:04:50,64.76øF,32.00%,63øF (Wall),64øF (Ambient2),Comfort
9-Apr,23:04:52,64.76øF,31.90%,63øF (Wall),64øF (Ambient2),Comfort
9-Apr,23:04:54,64.76øF,31.90%,63øF (Wall),64øF (Ambient2),Comfort
9-Apr,23:04:56,64.76øF,31.90%,63øF (Wall),64øF (Ambient2),Comfort
9-Apr,23:04:58,64.76øF,31.90%,63øF (Wall),64øF (Ambient2),Comfort
9-Apr,23:05:00,64.76øF,32.00%,63øF (Wall),64øF (Ambient2),Comfort
9-Apr,23:05:02,64.76øF,32.00%,63øF (Wall),64øF (Ambient2),Comfort
9-Apr,23:05:04,64.76øF,32.00%,63øF (Wall),64øF (Ambient2),Comfort
9-Apr,23:05:06,64.76øF,32.00%,63øF (Wall),64øF (Ambient2),Comfort
9-Apr,23:05:08,64.76øF,32.00%,63øF (Wall),64øF (Ambient2),Comfort
9-Apr,23:05:10,64.76øF,32.00%,63øF (Wall),64øF (Ambient2),Comfort
9-Apr,23:05:13,64.76øF,32.00%,63øF (Wall),64øF (Ambient2),Comfort
9-Apr,23:05:15,64.76øF,32.00%,63øF (Wall),64øF (Ambient2),Comfort
9-Apr,23:05:17,64.76øF,32.00%,63øF (Wall),64øF (Ambient2),Comfort
9-Apr,23:05:19,64.76øF,32.00%,64øF (Wall),64øF (Ambient2),Comfort
9-Apr,23:05:21,64.76øF,32.00%,63øF (Wall),64øF (Ambient2),Comfort
9-Apr,23:05:23,64.76øF,32.00%,64øF (Wall),64øF (Ambient2),Comfort
9-Apr,23:05:25,64.76øF,31.90%,63øF (Wall),64øF (Ambient2),Comfort
9-Apr,23:05:27,64.76øF,31.90%,63øF (Wall),64øF (Ambient2),Comfort
9-Apr,23:05:29,64.76øF,31.80%,63øF (Wall),64øF (Ambient2),Comfort
9-Apr,23:05:31,64.76øF,31.90%,63øF (Wall),64øF (Ambient2),Comfort
9-Apr,23:05:33,64.76øF,31.90%,63øF (Wall),64øF (Ambient2),Comfort
9-Apr,23:05:35,64.76øF,31.90%,63øF (Wall),64øF (Ambient2),Comfort
9-Apr,23:05:37,64.76øF,31.90%,63øF (Wall),64øF (Ambient2),Comfort
9-Apr,23:05:39,64.76øF,31.90%,63øF (Wall),64øF (Ambient2),Comfort
9-Apr,23:05:41,64.76øF,31.90%,63øF (Wall),64øF (Ambient2),Comfort
9-Apr,23:05:43,64.76øF,32.00%,63øF (Wall),64øF (Ambient2),Comfort
9-Apr,23:05:45,64.76øF,32.10%,63øF (Wall),64øF (Ambient2),Comfort
9-Apr,23:05:47,64.76øF,32.10%,63øF (Wall),64øF (Ambient2),Comfort
9-Apr,23:05:49,64.76øF,32.10%,63øF (Wall),64øF (Ambient2),Comfort
9-Apr,23:05:51,64.76øF,32.10%,63øF (Wall),64øF (Ambient2),Comfort
9-Apr,23:05:53,64.76øF,32.10%,63øF (Wall),64øF (Ambient2),Comfort
9-Apr,23:05:55,64.76øF,32.10%,63øF (Wall),64øF (Ambient2),Comfort
9-Apr,23:05:57,64.76øF,32.10%,63øF (Wall),64øF (Ambient2),Comfort
9-Apr,23:05:59,64.76øF,32.10%,63øF (Wall),64øF (Ambient2),Comfort
9-Apr,23:06:01,64.76øF,32.20%,63øF (Wall),64øF (Ambient2),Comfort
9-Apr,23:06:03,64.76øF,32.30%,63øF (Wall),64øF (Ambient2),Comfort
9-Apr,23:06:06,64.76øF,32.30%,63øF (Wall),64øF (Ambient2),Comfort
9-Apr,23:06:08,64.76øF,32.30%,63øF (Wall),64øF (Ambient2),Comfort
9-Apr,23:06:10,64.76øF,32.30%,63øF (Wall),64øF (Ambient2),Comfort
9-Apr,23:06:12,64.76øF,32.50%,63øF (Wall),64øF (Ambient2),Comfort
9-Apr,23:06:14,64.76øF,32.60%,63øF (Wall),64øF (Ambient2),Comfort
9-Apr,23:06:16,64.76øF,32.70%,63øF (Wall),64øF (Ambient2),Comfort
9-Apr,23:06:18,64.76øF,32.90%,63øF (Wall),64øF (Ambient2),Comfort
9-Apr,23:06:20,64.76øF,33.10%,63øF (Wall),64øF (Ambient2),Comfort
9-Apr,23:06:22,64.76øF,33.20%,63øF (Wall),64øF (Ambient2),Comfort
9-Apr,23:06:24,64.76øF,33.30%,63øF (Wall),64øF (Ambient2),Comfort
9-Apr,23:06:26,64.76øF,33.30%,63øF (Wall),64øF (Ambient2),Comfort
9-Apr,23:06:28,64.76øF,33.40%,63øF (Wall),64øF (Ambient2),Comfort
9-Apr,23:06:30,64.76øF,33.30%,63øF (Wall),64øF (Ambient2),Comfort
9-Apr,23:06:32,64.76øF,33.30%,63øF (Wall),64øF (Ambient2),Comfort
9-Apr,23:06:34,64.76øF,33.20%,63øF (Wall),64øF (Ambient2),Comfort
9-Apr,23:06:36,64.76øF,33.20%,63øF (Wall),64øF (Ambient2),Comfort
9-Apr,23:06:38,64.76øF,33.10%,63øF (Wall),64øF (Ambient2),Comfort
9-Apr,23:06:40,64.76øF,33.00%,63øF (Wall),64øF (Ambient2),Comfort
9-Apr,23:06:42,64.76øF,33.00%,63øF (Wall),64øF (Ambient2),Comfort
9-Apr,23:06:44,64.76øF,33.00%,63øF (Wall),64øF (Ambient2),Comfort
9-Apr,23:06:46,64.76øF,33.00%,63øF (Wall),64øF (Ambient2),Comfort
9-Apr,23:06:48,64.76øF,33.00%,63øF (Wall),64øF (Ambient2),Comfort
9-Apr,23:06:50,64.76øF,33.00%,63øF (Wall),64øF (Ambient2),Comfort
9-Apr,23:06:52,64.76øF,33.00%,63øF (Wall),64øF (Ambient2),Comfort
9-Apr,23:06:55,64.76øF,32.90%,63øF (Wall),64øF (Ambient2),Comfort
9-Apr,23:06:57,64.76øF,32.80%,63øF (Wall),64øF (Ambient2),Comfort
9-Apr,23:06:59,64.76øF,32.80%,63øF (Wall),64øF (Ambient2),Comfort
9-Apr,23:07:01,64.76øF,32.70%,63øF (Wall),64øF (Ambient2),Comfort
9-Apr,23:07:03,64.76øF,32.60%,63øF (Wall),64øF (Ambient2),Comfort
9-Apr,23:07:05,64.76øF,32.50%,63øF (Wall),64øF (Ambient2),Comfort
9-Apr,23:07:07,64.76øF,32.40%,63øF (Wall),64øF (Ambient2),Comfort
9-Apr,23:07:09,64.76øF,32.40%,63øF (Wall),64øF (Ambient2),Comfort
9-Apr,23:07:11,64.76øF,32.30%,63øF (Wall),64øF (Ambient2),Comfort
9-Apr,23:07:13,64.76øF,32.30%,63øF (Wall),64øF (Ambient2),Comfort
9-Apr,23:07:15,64.76øF,32.20%,63øF (Wall),64øF (Ambient2),Comfort
9-Apr,23:07:17,64.76øF,32.20%,63øF (Wall),64øF (Ambient2),Comfort
9-Apr,23:07:19,64.76øF,32.20%,63øF (Wall),64øF (Ambient2),Comfort
9-Apr,23:07:21,64.76øF,32.20%,63øF (Wall),64øF (Ambient2),Comfort
9-Apr,23:07:23,64.76øF,32.20%,63øF (Wall),64øF (Ambient2),Comfort
9-Apr,23:07:25,64.76øF,32.10%,63øF (Wall),64øF (Ambient2),Comfort
9-Apr,23:07:27,64.76øF,32.10%,63øF (Wall),64øF (Ambient2),Comfort
9-Apr,23:07:29,64.76øF,32.10%,63øF (Wall),64øF (Ambient2),Comfort
9-Apr,23:07:31,64.76øF,32.00%,63øF (Wall),64øF (Ambient2),Comfort
9-Apr,23:07:33,64.76øF,32.00%,63øF (Wall),64øF (Ambient2),Comfort
9-Apr,23:07:35,64.76øF,32.00%,63øF (Wall),64øF (Ambient2),Comfort
9-Apr,23:07:37,64.76øF,32.00%,63øF (Wall),64øF (Ambient2),Comfort
9-Apr,23:07:39,64.76øF,32.10%,63øF (Wall),64øF (Ambient2),Comfort
9-Apr,23:07:41,64.76øF,32.10%,63øF (Wall),64øF (Ambient2),Comfort
9-Apr,23:07:43,64.76øF,32.10%,63øF (Wall),64øF (Ambient2),Comfort
9-Apr,23:07:45,64.76øF,32.10%,63øF (Wall),64øF (Ambient2),Comfort
9-Apr,23:07:47,64.76øF,32.10%,63øF (Wall),64øF (Ambient2),Comfort
9-Apr,23:07:50,64.76øF,32.10%,63øF (Wall),64øF (Ambient2),Comfort
9-Apr,23:07:52,64.76øF,32.10%,63øF (Wall),64øF (Ambient2),Comfort
9-Apr,23:07:54,64.76øF,32.10%,63øF (Wall),64øF (Ambient2),Comfort
9-Apr,23:07:56,64.76øF,32.10%,63øF (Wall),64øF (Ambient2),Comfort
9-Apr,23:07:58,64.76øF,32.00%,63øF (Wall),64øF (Ambient2),Comfort
9-Apr,23:08:00,64.76øF,32.00%,63øF (Wall),64øF (Ambient2),Comfort
9-Apr,23:08:02,64.76øF,32.00%,63øF (Wall),64øF (Ambient2),Comfort
9-Apr,23:08:04,64.76øF,32.00%,63øF (Wall),64øF (Ambient2),Comfort
9-Apr,23:08:06,64.76øF,32.00%,63øF (Wall),64øF (Ambient2),Comfort
9-Apr,23:08:08,64.76øF,32.00%,63øF (Wall),64øF (Ambient2),Comfort
9-Apr,23:08:10,64.76øF,32.00%,63øF (Wall),64øF (Ambient2),Comfort
9-Apr,23:08:12,64.76øF,31.90%,63øF (Wall),64øF (Ambient2),Comfort
9-Apr,23:08:14,64.76øF,31.90%,63øF (Wall),64øF (Ambient2),Comfort
9-Apr,23:08:16,64.76øF,31.80%,63øF (Wall),64øF (Ambient2),Comfort
9-Apr,23:08:18,64.76øF,31.80%,63øF (Wall),64øF (Ambient2),Comfort
9-Apr,23:08:20,64.76øF,31.80%,63øF (Wall),64øF (Ambient2),Comfort
9-Apr,23:08:22,64.76øF,31.90%,63øF (Wall),64øF (Ambient2),Comfort
9-Apr,23:08:24,64.76øF,31.90%,63øF (Wall),64øF (Ambient2),Comfort
9-Apr,23:08:26,64.76øF,31.90%,63øF (Wall),64øF (Ambient2),Comfort
9-Apr,23:08:28,64.76øF,32.00%,63øF (Wall),64øF (Ambient2),Comfort
9-Apr,23:08:30,64.76øF,32.00%,63øF (Wall),64øF (Ambient2),Comfort
9-Apr,23:08:32,64.76øF,32.10%,63øF (Wall),64øF (Ambient2),Comfort
9-Apr,23:08:34,64.76øF,32.10%,63øF (Wall),64øF (Ambient2),Comfort
9-Apr,23:08:36,64.76øF,32.20%,63øF (Wall),64øF (Ambient2),Comfort
9-Apr,23:08:38,64.76øF,32.20%,63øF (Wall),64øF (Ambient2),Comfort
9-Apr,23:08:40,64.76øF,32.20%,63øF (Wall),64øF (Ambient2),Comfort
9-Apr,23:08:42,64.76øF,32.30%,63øF (Wall),64øF (Ambient2),Comfort
9-Apr,23:08:45,64.76øF,32.20%,63øF (Wall),64øF (Ambient2),Comfort
9-Apr,23:08:47,64.76øF,32.30%,63øF (Wall),64øF (Ambient2),Comfort
9-Apr,23:08:49,64.76øF,32.30%,63øF (Wall),64øF (Ambient2),Comfort
9-Apr,23:08:51,64.76øF,32.30%,63øF (Wall),64øF (Ambient2),Comfort
9-Apr,23:08:53,64.76øF,32.30%,63øF (Wall),64øF (Ambient2),Comfort
9-Apr,23:08:55,64.76øF,32.30%,63øF (Wall),64øF (Ambient2),Comfort
9-Apr,23:08:57,64.76øF,32.30%,63øF (Wall),64øF (Ambient2),Comfort
9-Apr,23:08:59,64.76øF,32.30%,63øF (Wall),64øF (Ambient2),Comfort
9-Apr,23:09:01,64.76øF,32.30%,63øF (Wall),64øF (Ambient2),Comfort
9-Apr,23:09:03,64.76øF,32.30%,63øF (Wall),64øF (Ambient2),Comfort
9-Apr,23:09:05,64.76øF,32.30%,63øF (Wall),64øF (Ambient2),Comfort
9-Apr,23:09:07,64.76øF,32.30%,63øF (Wall),64øF (Ambient2),Comfort
9-Apr,23:09:09,64.76øF,32.30%,63øF (Wall),64øF (Ambient2),Comfort
9-Apr,23:09:11,64.76øF,32.30%,63øF (Wall),64øF (Ambient2),Comfort
9-Apr,23:09:13,64.76øF,32.30%,63øF (Wall),64øF (Ambient2),Comfort
9-Apr,23:09:15,64.76øF,32.30%,63øF (Wall),64øF (Ambient2),Comfort
9-Apr,23:09:17,64.76øF,32.20%,63øF (Wall),64øF (Ambient2),Comfort
9-Apr,23:09:19,64.76øF,32.10%,63øF (Wall),64øF (Ambient2),Comfort
9-Apr,23:09:21,64.76øF,32.00%,63øF (Wall),64øF (Ambient2),Comfort
9-Apr,23:09:23,64.76øF,31.90%,63øF (Wall),64øF (Ambient2),Comfort
9-Apr,23:09:25,64.76øF,31.80%,63øF (Wall),64øF (Ambient2),Comfort
9-Apr,23:09:27,64.76øF,31.80%,63øF (Wall),64øF (Ambient2),Comfort
9-Apr,23:09:29,64.76øF,31.70%,63øF (Wall),64øF (Ambient2),Comfort
9-Apr,23:09:31,64.76øF,31.70%,63øF (Wall),64øF (Ambient2),Comfort
9-Apr,23:09:33,64.76øF,31.70%,63øF (Wall),64øF (Ambient2),Comfort
9-Apr,23:09:35,64.76øF,31.70%,63øF (Wall),64øF (Ambient2),Comfort
9-Apr,23:09:38,64.76øF,31.70%,63øF (Wall),64øF (Ambient2),Comfort
9-Apr,23:09:40,64.76øF,31.60%,63øF (Wall),64øF (Ambient2),Comfort
9-Apr,23:09:42,64.76øF,31.60%,63øF (Wall),64øF (Ambient2),Comfort
9-Apr,23:09:44,64.76øF,31.60%,63øF (Wall),64øF (Ambient2),Comfort
9-Apr,23:09:46,64.76øF,31.60%,63øF (Wall),64øF (Ambient2),Comfort
9-Apr,23:09:48,64.76øF,31.50%,63øF (Wall),64øF (Ambient2),Comfort
9-Apr,23:09:50,64.76øF,31.50%,63øF (Wall),64øF (Ambient2),Comfort
9-Apr,23:09:52,64.76øF,31.50%,63øF (Wall),64øF (Ambient2),Comfort
9-Apr,23:09:54,64.76øF,31.50%,63øF (Wall),64øF (Ambient2),Comfort
9-Apr,23:09:56,64.76øF,31.50%,63øF (Wall),64øF (Ambient2),Comfort
9-Apr,23:09:58,64.76øF,31.50%,63øF (Wall),64øF (Ambient2),Comfort
9-Apr,23:10:00,64.76øF,31.50%,63øF (Wall),64øF (Ambient2),Comfort
9-Apr,23:10:02,64.76øF,31.40%,63øF (Wall),64øF (Ambient2),Comfort
9-Apr,23:10:04,64.76øF,31.40%,63øF (Wall),64øF (Ambient2),Comfort
9-Apr,23:10:06,64.76øF,31.30%,63øF (Wall),64øF (Ambient2),Comfort
9-Apr,23:10:08,64.76øF,31.30%,63øF (Wall),64øF (Ambient2),Comfort
9-Apr,23:10:10,64.76øF,31.30%,63øF (Wall),64øF (Ambient2),Comfort
9-Apr,23:10:12,64.76øF,31.20%,63øF (Wall),64øF (Ambient2),Comfort
9-Apr,23:10:14,64.76øF,31.20%,63øF (Wall),64øF (Ambient2),Comfort
9-Apr,23:10:16,64.76øF,31.30%,63øF (Wall),64øF (Ambient2),Comfort
9-Apr,23:10:18,64.76øF,31.30%,63øF (Wall),64øF (Ambient2),Comfort
9-Apr,23:10:20,64.76øF,31.30%,63øF (Wall),64øF (Ambient2),Comfort
9-Apr,23:10:22,64.76øF,31.30%,63øF (Wall),64øF (Ambient2),Comfort
9-Apr,23:10:24,64.76øF,31.30%,63øF (Wall),64øF (Ambient2),Comfort
9-Apr,23:10:26,64.76øF,31.40%,63øF (Wall),64øF (Ambient2),Comfort
9-Apr,23:10:28,64.76øF,31.30%,63øF (Wall),64øF (Ambient2),Comfort
9-Apr,23:10:30,64.76øF,31.30%,63øF (Wall),64øF (Ambient2),Comfort
9-Apr,23:10:33,64.76øF,31.20%,63øF (Wall),64øF (Ambient2),Comfort
9-Apr,23:10:35,64.76øF,31.10%,63øF (Wall),64øF (Ambient2),Comfort
9-Apr,23:10:37,64.76øF,31.10%,63øF (Wall),64øF (Ambient2),Comfort
9-Apr,23:10:39,64.76øF,31.10%,63øF (Wall),64øF (Ambient2),Comfort
9-Apr,23:10:41,64.76øF,31.10%,63øF (Wall),64øF (Ambient2),Comfort
9-Apr,23:10:43,64.76øF,31.10%,63øF (Wall),64øF (Ambient2),Comfort
9-Apr,23:10:45,64.76øF,31.10%,63øF (Wall),64øF (Ambient2),Comfort
9-Apr,23:10:47,64.76øF,31.10%,63øF (Wall),64øF (Ambient2),Comfort
9-Apr,23:10:49,64.76øF,31.10%,63øF (Wall),64øF (Ambient2),Comfort
9-Apr,23:10:51,64.76øF,31.00%,63øF (Wall),64øF (Ambient2),Comfort
9-Apr,23:10:53,64.76øF,31.00%,63øF (Wall),64øF (Ambient2),Comfort
9-Apr,23:10:55,64.76øF,30.90%,63øF (Wall),64øF (Ambient2),Comfort
9-Apr,23:10:57,64.76øF,30.90%,63øF (Wall),64øF (Ambient2),Comfort
9-Apr,23:10:59,64.76øF,31.00%,63øF (Wall),64øF (Ambient2),Comfort
9-Apr,23:11:01,64.76øF,31.20%,63øF (Wall),64øF (Ambient2),Comfort
9-Apr,23:11:03,64.76øF,31.40%,63øF (Wall),64øF (Ambient2),Comfort
9-Apr,23:11:05,64.76øF,31.50%,63øF (Wall),64øF (Ambient2),Comfort
9-Apr,23:11:07,64.76øF,31.60%,63øF (Wall),64øF (Ambient2),Comfort
9-Apr,23:11:09,64.76øF,31.70%,63øF (Wall),64øF (Ambient2),Comfort
9-Apr,23:11:11,64.76øF,31.70%,63øF (Wall),64øF (Ambient2),Comfort
9-Apr,23:11:13,64.76øF,31.70%,63øF (Wall),64øF (Ambient2),Comfort
9-Apr,23:11:15,64.76øF,31.60%,63øF (Wall),64øF (Ambient2),Comfort
9-Apr,23:11:17,64.76øF,31.50%,63øF (Wall),64øF (Ambient2),Comfort
9-Apr,23:11:19,64.76øF,31.40%,63øF (Wall),64øF (Ambient2),Comfort
9-Apr,23:11:21,64.76øF,31.30%,63øF (Wall),64øF (Ambient2),Comfort
9-Apr,23:11:23,64.76øF,31.20%,63øF (Wall),64øF (Ambient2),Comfort
9-Apr,23:11:26,64.76øF,31.20%,63øF (Wall),64øF (Ambient2),Comfort
9-Apr,23:11:28,64.76øF,31.20%,63øF (Wall),64øF (Ambient2),Comfort
9-Apr,23:11:30,64.76øF,31.20%,63øF (Wall),64øF (Ambient2),Comfort
9-Apr,23:11:32,64.76øF,31.20%,63øF (Wall),64øF (Ambient2),Comfort
9-Apr,23:11:34,64.76øF,31.20%,63øF (Wall),64øF (Ambient2),Comfort
9-Apr,23:11:36,64.76øF,31.20%,63øF (Wall),64øF (Ambient2),Comfort
9-Apr,23:11:38,64.76øF,31.20%,63øF (Wall),64øF (Ambient2),Comfort
9-Apr,23:11:40,64.76øF,31.20%,63øF (Wall),64øF (Ambient2),Comfort
9-Apr,23:11:42,64.76øF,31.30%,63øF (Wall),64øF (Ambient2),Comfort
9-Apr,23:11:44,64.76øF,31.30%,63øF (Wall),64øF (Ambient2),Comfort
9-Apr,23:11:46,64.58øF,31.30%,63øF (Wall),64øF (Ambient2),Comfort
9-Apr,23:11:48,64.76øF,31.40%,63øF (Wall),64øF (Ambient2),Comfort
9-Apr,23:11:50,64.76øF,31.40%,63øF (Wall),64øF (Ambient2),Comfort
9-Apr,23:11:52,64.58øF,31.30%,63øF (Wall),64øF (Ambient2),Comfort
9-Apr,23:11:54,64.76øF,31.40%,63øF (Wall),64øF (Ambient2),Comfort
9-Apr,23:11:56,64.76øF,31.40%,63øF (Wall),64øF (Ambient2),Comfort
9-Apr,23:11:58,64.76øF,31.40%,63øF (Wall),64øF (Ambient2),Comfort
9-Apr,23:12:00,64.76øF,31.40%,63øF (Wall),64øF (Ambient2),Comfort
9-Apr,23:12:02,64.58øF,31.30%,63øF (Wall),64øF (Ambient2),Comfort
9-Apr,23:12:04,64.76øF,31.30%,63øF (Wall),64øF (Ambient2),Comfort
9-Apr,23:12:06,64.76øF,31.30%,63øF (Wall),64øF (Ambient2),Comfort
9-Apr,23:12:08,64.76øF,31.30%,63øF (Wall),64øF (Ambient2),Comfort
9-Apr,23:12:10,64.76øF,31.30%,63øF (Wall),64øF (Ambient2),Comfort
9-Apr,23:12:12,64.76øF,31.30%,63øF (Wall),64øF (Ambient2),Comfort
9-Apr,23:12:14,64.76øF,31.30%,63øF (Wall),64øF (Ambient2),Comfort
9-Apr,23:12:16,64.76øF,31.30%,63øF (Wall),64øF (Ambient2),Comfort
9-Apr,23:12:19,64.76øF,31.30%,63øF (Wall),64øF (Ambient2),Comfort
9-Apr,23:12:21,64.76øF,31.40%,63øF (Wall),64øF (Ambient2),Comfort
9-Apr,23:12:23,64.76øF,31.40%,63øF (Wall),64øF (Ambient2),Comfort
9-Apr,23:12:25,64.76øF,31.30%,63øF (Wall),64øF (Ambient2),Comfort
9-Apr,23:12:27,64.76øF,31.30%,63øF (Wall),64øF (Ambient2),Comfort
9-Apr,23:12:29,64.76øF,31.20%,63øF (Wall),64øF (Ambient2),Comfort
9-Apr,23:12:31,64.76øF,31.20%,63øF (Wall),64øF (Ambient2),Comfort
9-Apr,23:12:33,64.58øF,31.10%,63øF (Wall),64øF (Ambient2),Comfort
9-Apr,23:12:35,64.76øF,31.20%,63øF (Wall),64øF (Ambient2),Comfort
9-Apr,23:12:37,64.58øF,31.10%,63øF (Wall),64øF (Ambient2),Comfort
9-Apr,23:12:39,64.58øF,31.00%,63øF (Wall),64øF (Ambient2),Comfort
9-Apr,23:12:41,64.76øF,31.00%,63øF (Wall),64øF (Ambient2),Comfort
9-Apr,23:12:43,64.76øF,31.00%,63øF (Wall),64øF (Ambient2),Comfort
9-Apr,23:12:45,64.76øF,31.00%,63øF (Wall),64øF (Ambient2),Comfort
9-Apr,23:12:47,64.58øF,30.90%,63øF (Wall),64øF (Ambient2),Comfort
9-Apr,23:12:49,64.58øF,30.80%,63øF (Wall),64øF (Ambient2),Comfort
9-Apr,23:12:51,64.58øF,30.80%,63øF (Wall),64øF (Ambient2),Comfort
9-Apr,23:12:53,64.58øF,30.80%,63øF (Wall),64øF (Ambient2),Comfort
9-Apr,23:12:55,64.76øF,30.80%,63øF (Wall),64øF (Ambient2),Comfort
9-Apr,23:12:57,64.58øF,30.70%,63øF (Wall),64øF (Ambient2),Comfort
9-Apr,23:12:59,64.58øF,30.60%,63øF (Wall),64øF (Ambient2),Comfort
9-Apr,23:13:01,64.58øF,30.60%,63øF (Wall),64øF (Ambient2),Comfort
9-Apr,23:13:03,64.58øF,30.60%,63øF (Wall),64øF (Ambient2),Comfort
9-Apr,23:13:05,64.58øF,30.60%,63øF (Wall),64øF (Ambient2),Comfort
9-Apr,23:13:07,64.58øF,30.70%,63øF (Wall),64øF (Ambient2),Comfort
9-Apr,23:13:09,64.58øF,30.80%,63øF (Wall),64øF (Ambient2),Comfort
9-Apr,23:13:12,64.58øF,30.80%,63øF (Wall),64øF (Ambient2),Comfort
9-Apr,23:13:14,64.58øF,30.90%,63øF (Wall),64øF (Ambient2),Comfort
9-Apr,23:13:16,64.58øF,30.90%,63øF (Wall),64øF (Ambient2),Comfort
9-Apr,23:13:18,64.58øF,30.90%,63øF (Wall),64øF (Ambient2),Comfort
9-Apr,23:13:20,64.58øF,31.00%,63øF (Wall),64øF (Ambient2),Comfort
9-Apr,23:13:22,64.58øF,31.00%,63øF (Wall),64øF (Ambient2),Comfort
9-Apr,23:13:24,64.58øF,31.00%,63øF (Wall),64øF (Ambient2),Comfort
9-Apr,23:13:26,64.58øF,31.00%,63øF (Wall),64øF (Ambient2),Comfort
9-Apr,23:13:28,64.58øF,31.10%,63øF (Wall),64øF (Ambient2),Comfort
9-Apr,23:13:30,64.58øF,31.10%,63øF (Wall),64øF (Ambient2),Comfort
9-Apr,23:13:32,64.58øF,31.10%,63øF (Wall),64øF (Ambient2),Comfort
9-Apr,23:13:34,64.58øF,31.20%,63øF (Wall),64øF (Ambient2),Comfort
9-Apr,23:13:36,64.58øF,31.20%,63øF (Wall),64øF (Ambient2),Comfort
9-Apr,23:13:38,64.58øF,31.20%,63øF (Wall),64øF (Ambient2),Comfort
9-Apr,23:13:40,64.58øF,31.30%,63øF (Wall),64øF (Ambient2),Comfort
9-Apr,23:13:42,64.58øF,31.30%,63øF (Wall),64øF (Ambient2),Comfort
9-Apr,23:13:44,64.58øF,31.30%,63øF (Wall),64øF (Ambient2),Comfort
9-Apr,23:13:46,64.58øF,31.30%,63øF (Wall),64øF (Ambient2),Comfort
9-Apr,23:13:48,64.58øF,31.30%,63øF (Wall),64øF (Ambient2),Comfort
9-Apr,23:13:50,64.58øF,31.30%,63øF (Wall),64øF (Ambient2),Comfort
9-Apr,23:13:52,64.58øF,31.30%,63øF (Wall),64øF (Ambient2),Comfort
9-Apr,23:13:54,64.58øF,31.20%,63øF (Wall),64øF (Ambient2),Comfort
9-Apr,23:13:56,64.58øF,31.20%,63øF (Wall),64øF (Ambient2),Comfort
9-Apr,23:13:58,64.58øF,31.20%,63øF (Wall),64øF (Ambient2),Comfort
9-Apr,23:14:00,64.58øF,31.20%,63øF (Wall),64øF (Ambient2),Comfort
9-Apr,23:14:02,64.58øF,31.20%,63øF (Wall),64øF (Ambient2),Comfort
9-Apr,23:14:05,64.58øF,31.20%,63øF (Wall),64øF (Ambient2),Comfort
9-Apr,23:14:07,64.58øF,31.20%,63øF (Wall),64øF (Ambient2),Comfort
9-Apr,23:14:09,64.58øF,31.30%,63øF (Wall),64øF (Ambient2),Comfort
9-Apr,23:14:11,64.58øF,31.30%,63øF (Wall),64øF (Ambient2),Comfort
9-Apr,23:14:13,64.58øF,31.30%,63øF (Wall),64øF (Ambient2),Comfort
9-Apr,23:14:15,64.58øF,31.40%,63øF (Wall),64øF (Ambient2),Comfort
9-Apr,23:14:17,64.58øF,31.50%,63øF (Wall),64øF (Ambient2),Comfort
9-Apr,23:14:19,64.58øF,31.60%,63øF (Wall),64øF (Ambient2),Comfort
9-Apr,23:14:21,64.58øF,31.70%,63øF (Wall),64øF (Ambient2),Comfort
9-Apr,23:14:23,64.58øF,31.80%,63øF (Wall),64øF (Ambient2),Comfort
9-Apr,23:14:25,64.58øF,31.90%,63øF (Wall),64øF (Ambient2),Comfort
9-Apr,23:14:27,64.58øF,32.00%,63øF (Wall),64øF (Ambient2),Comfort
9-Apr,23:14:29,64.58øF,32.00%,63øF (Wall),64øF (Ambient2),Comfort
9-Apr,23:14:31,64.58øF,32.00%,63øF (Wall),64øF (Ambient2),Comfort
9-Apr,23:14:33,64.58øF,32.10%,63øF (Wall),64øF (Ambient2),Comfort
9-Apr,23:14:35,64.58øF,32.20%,63øF (Wall),64øF (Ambient2),Comfort
9-Apr,23:14:37,64.58øF,32.20%,63øF (Wall),64øF (Ambient2),Comfort
9-Apr,23:14:39,64.58øF,32.20%,63øF (Wall),64øF (Ambient2),Comfort
9-Apr,23:14:41,64.58øF,32.30%,63øF (Wall),64øF (Ambient2),Comfort
9-Apr,23:14:43,64.58øF,32.30%,63øF (Wall),64øF (Ambient2),Comfort
9-Apr,23:14:45,64.58øF,32.40%,63øF (Wall),64øF (Ambient2),Comfort
9-Apr,23:14:47,64.58øF,32.40%,63øF (Wall),64øF (Ambient2),Comfort
9-Apr,23:14:49,64.58øF,32.40%,63øF (Wall),64øF (Ambient2),Comfort
9-Apr,23:14:51,64.58øF,32.40%,63øF (Wall),64øF (Ambient2),Comfort
9-Apr,23:14:53,64.58øF,32.40%,63øF (Wall),64øF (Ambient2),Comfort
9-Apr,23:14:55,64.58øF,32.50%,63øF (Wall),64øF (Ambient2),Comfort
9-Apr,23:14:58,64.58øF,32.50%,63øF (Wall),64øF (Ambient2),Comfort
9-Apr,23:15:00,64.58øF,32.50%,63øF (Wall),64øF (Ambient2),Comfort
9-Apr,23:15:02,64.58øF,32.50%,63øF (Wall),64øF (Ambient2),Comfort
9-Apr,23:15:04,64.58øF,32.50%,63øF (Wall),64øF (Ambient2),Comfort
9-Apr,23:15:06,64.58øF,32.60%,63øF (Wall),64øF (Ambient2),Comfort
9-Apr,23:15:08,64.58øF,32.60%,63øF (Wall),64øF (Ambient2),Comfort
9-Apr,23:15:10,64.58øF,32.70%,63øF (Wall),64øF (Ambient2),Comfort
9-Apr,23:15:12,64.58øF,32.70%,63øF (Wall),64øF (Ambient2),Comfort
9-Apr,23:15:14,64.58øF,32.60%,63øF (Wall),64øF (Ambient2),Comfort
9-Apr,23:15:16,64.58øF,32.60%,63øF (Wall),64øF (Ambient2),Comfort
9-Apr,23:15:18,64.58øF,32.60%,63øF (Wall),64øF (Ambient2),Comfort
9-Apr,23:15:20,64.58øF,32.50%,63øF (Wall),64øF (Ambient2),Comfort
9-Apr,23:15:22,64.58øF,32.50%,63øF (Wall),64øF (Ambient2),Comfort
9-Apr,23:15:24,64.58øF,32.50%,63øF (Wall),64øF (Ambient2),Comfort
9-Apr,23:15:26,64.58øF,32.50%,63øF (Wall),64øF (Ambient2),Comfort
9-Apr,23:15:28,64.58øF,32.50%,63øF (Wall),64øF (Ambient2),Comfort
9-Apr,23:15:30,64.58øF,32.50%,63øF (Wall),64øF (Ambient2),Comfort
9-Apr,23:15:32,64.58øF,32.50%,63øF (Wall),64øF (Ambient2),Comfort
9-Apr,23:15:34,64.58øF,32.50%,63øF (Wall),64øF (Ambient2),Comfort
9-Apr,23:15:36,64.58øF,32.50%,63øF (Wall),64øF (Ambient2),Comfort
9-Apr,23:15:38,64.58øF,32.50%,63øF (Wall),64øF (Ambient2),Comfort
9-Apr,23:15:40,64.58øF,32.50%,63øF (Wall),64øF (Ambient2),Comfort
9-Apr,23:15:42,64.58øF,32.50%,63øF (Wall),64øF (Ambient2),Comfort
9-Apr,23:15:44,64.58øF,32.50%,63øF (Wall),64øF (Ambient2),Comfort
9-Apr,23:15:46,64.58øF,32.50%,63øF (Wall),64øF (Ambient2),Comfort
9-Apr,23:15:48,64.58øF,32.50%,63øF (Wall),64øF (Ambient2),Comfort
9-Apr,23:15:51,64.58øF,32.40%,63øF (Wall),64øF (Ambient2),Comfort
9-Apr,23:15:53,64.58øF,32.40%,63øF (Wall),64øF (Ambient2),Comfort
9-Apr,23:15:55,64.58øF,32.30%,63øF (Wall),64øF (Ambient2),Comfort
9-Apr,23:15:57,64.58øF,32.30%,63øF (Wall),64øF (Ambient2),Comfort
9-Apr,23:15:59,64.58øF,32.30%,63øF (Wall),64øF (Ambient2),Comfort
9-Apr,23:16:01,64.58øF,32.20%,63øF (Wall),64øF (Ambient2),Comfort
9-Apr,23:16:03,64.58øF,32.20%,63øF (Wall),64øF (Ambient2),Comfort
9-Apr,23:16:05,64.58øF,32.10%,63øF (Wall),64øF (Ambient2),Comfort
9-Apr,23:16:07,64.58øF,32.00%,63øF (Wall),64øF (Ambient2),Comfort
9-Apr,23:16:09,64.58øF,32.00%,63øF (Wall),64øF (Ambient2),Comfort
9-Apr,23:16:11,64.58øF,32.00%,63øF (Wall),64øF (Ambient2),Comfort
9-Apr,23:16:13,64.58øF,31.90%,63øF (Wall),64øF (Ambient2),Comfort
9-Apr,23:16:15,64.58øF,31.90%,63øF (Wall),64øF (Ambient2),Comfort
9-Apr,23:16:17,64.58øF,31.90%,63øF (Wall),64øF (Ambient2),Comfort
9-Apr,23:16:19,64.58øF,31.80%,63øF (Wall),64øF (Ambient2),Comfort
9-Apr,23:16:21,64.58øF,31.70%,63øF (Wall),64øF (Ambient2),Comfort
9-Apr,23:16:23,64.58øF,31.60%,63øF (Wall),64øF (Ambient2),Comfort
9-Apr,23:16:25,64.58øF,31.50%,63øF (Wall),64øF (Ambient2),Comfort
9-Apr,23:16:27,64.58øF,31.50%,63øF (Wall),64øF (Ambient2),Comfort
9-Apr,23:16:29,64.58øF,31.60%,63øF (Wall),64øF (Ambient2),Comfort
9-Apr,23:16:31,64.58øF,31.60%,63øF (Wall),64øF (Ambient2),Comfort
9-Apr,23:16:33,64.58øF,31.60%,63øF (Wall),64øF (Ambient2),Comfort
9-Apr,23:16:35,64.58øF,31.60%,63øF (Wall),64øF (Ambient2),Comfort
9-Apr,23:16:37,64.58øF,31.60%,63øF (Wall),64øF (Ambient2),Comfort
9-Apr,23:16:39,64.58øF,31.70%,63øF (Wall),64øF (Ambient2),Comfort
9-Apr,23:16:41,64.58øF,31.70%,63øF (Wall),64øF (Ambient2),Comfort
9-Apr,23:16:44,64.58øF,31.70%,63øF (Wall),64øF (Ambient2),Comfort
9-Apr,23:16:46,64.58øF,31.60%,63øF (Wall),64øF (Ambient2),Comfort
9-Apr,23:16:48,64.58øF,31.60%,63øF (Wall),64øF (Ambient2),Comfort
9-Apr,23:16:50,64.58øF,31.60%,63øF (Wall),64øF (Ambient2),Comfort
9-Apr,23:16:52,64.58øF,31.70%,63øF (Wall),64øF (Ambient2),Comfort
9-Apr,23:16:54,64.58øF,31.70%,63øF (Wall),64øF (Ambient2),Comfort
9-Apr,23:16:56,64.58øF,31.70%,63øF (Wall),64øF (Ambient2),Comfort
9-Apr,23:16:58,64.58øF,31.70%,63øF (Wall),64øF (Ambient2),Comfort
9-Apr,23:17:00,64.58øF,31.70%,63øF (Wall),64øF (Ambient2),Comfort
9-Apr,23:17:02,64.58øF,31.90%,63øF (Wall),64øF (Ambient2),Comfort
9-Apr,23:17:04,64.58øF,32.10%,63øF (Wall),64øF (Ambient2),Comfort
9-Apr,23:17:06,64.58øF,32.40%,63øF (Wall),64øF (Ambient2),Comfort
9-Apr,23:17:08,64.58øF,32.60%,63øF (Wall),64øF (Ambient2),Comfort
9-Apr,23:17:10,64.58øF,32.80%,63øF (Wall),64øF (Ambient2),Comfort
9-Apr,23:17:12,64.58øF,32.80%,63øF (Wall),64øF (Ambient2),Comfort
9-Apr,23:17:14,64.58øF,32.80%,63øF (Wall),64øF (Ambient2),Comfort
9-Apr,23:17:16,64.58øF,32.80%,63øF (Wall),64øF (Ambient2),Comfort
9-Apr,23:17:18,64.58øF,32.70%,63øF (Wall),64øF (Ambient2),Comfort
9-Apr,23:17:20,64.58øF,32.60%,63øF (Wall),64øF (Ambient2),Comfort
9-Apr,23:17:22,64.58øF,32.60%,63øF (Wall),64øF (Ambient2),Comfort
9-Apr,23:17:24,64.58øF,32.60%,63øF (Wall),64øF (Ambient2),Comfort
9-Apr,23:17:26,64.58øF,32.60%,63øF (Wall),64øF (Ambient2),Comfort
9-Apr,23:17:28,64.58øF,32.60%,63øF (Wall),64øF (Ambient2),Comfort
9-Apr,23:17:30,64.58øF,32.60%,63øF (Wall),64øF (Ambient2),Comfort
9-Apr,23:17:32,64.58øF,32.70%,63øF (Wall),64øF (Ambient2),Comfort
9-Apr,23:17:34,64.58øF,32.70%,63øF (Wall),64øF (Ambient2),Comfort
9-Apr,23:17:37,64.58øF,32.70%,63øF (Wall),64øF (Ambient2),Comfort
9-Apr,23:17:39,64.58øF,32.70%,63øF (Wall),64øF (Ambient2),Comfort
9-Apr,23:17:41,64.58øF,32.70%,63øF (Wall),64øF (Ambient2),Comfort
9-Apr,23:17:43,64.58øF,32.70%,63øF (Wall),64øF (Ambient2),Comfort
9-Apr,23:17:45,64.58øF,32.70%,63øF (Wall),64øF (Ambient2),Comfort
9-Apr,23:17:47,64.58øF,32.70%,63øF (Wall),64øF (Ambient2),Comfort
9-Apr,23:17:49,64.58øF,32.80%,63øF (Wall),64øF (Ambient2),Comfort
9-Apr,23:17:51,64.58øF,32.80%,63øF (Wall),64øF (Ambient2),Comfort
9-Apr,23:17:53,64.58øF,32.80%,63øF (Wall),64øF (Ambient2),Comfort
9-Apr,23:17:55,64.58øF,32.70%,63øF (Wall),64øF (Ambient2),Comfort
9-Apr,23:17:57,64.58øF,32.60%,63øF (Wall),64øF (Ambient2),Comfort
9-Apr,23:17:59,64.58øF,32.50%,63øF (Wall),64øF (Ambient2),Comfort
9-Apr,23:18:01,64.58øF,32.40%,63øF (Wall),64øF (Ambient2),Comfort
9-Apr,23:18:03,64.58øF,32.40%,63øF (Wall),64øF (Ambient2),Comfort
9-Apr,23:18:05,64.58øF,32.40%,63øF (Wall),64øF (Ambient2),Comfort
9-Apr,23:18:07,64.58øF,32.30%,63øF (Wall),64øF (Ambient2),Comfort
9-Apr,23:18:09,64.58øF,32.30%,63øF (Wall),64øF (Ambient2),Comfort
9-Apr,23:18:11,64.58øF,32.30%,63øF (Wall),64øF (Ambient2),Comfort
9-Apr,23:18:13,64.58øF,32.30%,63øF (Wall),64øF (Ambient2),Comfort
9-Apr,23:18:15,64.58øF,32.30%,63øF (Wall),64øF (Ambient2),Comfort
9-Apr,23:18:17,64.58øF,32.40%,63øF (Wall),64øF (Ambient2),Comfort
9-Apr,23:18:19,64.58øF,32.60%,63øF (Wall),64øF (Ambient2),Comfort
9-Apr,23:18:21,64.58øF,32.70%,63øF (Wall),64øF (Ambient2),Comfort
9-Apr,23:18:23,64.58øF,32.70%,63øF (Wall),64øF (Ambient2),Comfort
9-Apr,23:18:25,64.58øF,32.80%,63øF (Wall),64øF (Ambient2),Comfort
9-Apr,23:18:27,64.58øF,32.70%,63øF (Wall),64øF (Ambient2),Comfort
9-Apr,23:18:30,64.58øF,32.80%,63øF (Wall),64øF (Ambient2),Comfort
9-Apr,23:18:32,64.58øF,32.90%,63øF (Wall),64øF (Ambient2),Comfort
9-Apr,23:18:34,64.58øF,33.00%,63øF (Wall),64øF (Ambient2),Comfort
9-Apr,23:18:36,64.58øF,33.00%,63øF (Wall),64øF (Ambient2),Comfort
9-Apr,23:18:38,64.58øF,33.10%,63øF (Wall),64øF (Ambient2),Comfort
9-Apr,23:18:40,64.58øF,33.10%,63øF (Wall),64øF (Ambient2),Comfort
9-Apr,23:18:42,64.58øF,33.10%,63øF (Wall),64øF (Ambient2),Comfort
9-Apr,23:18:44,64.58øF,33.20%,63øF (Wall),64øF (Ambient2),Comfort
9-Apr,23:18:46,64.58øF,33.20%,63øF (Wall),64øF (Ambient2),Comfort
9-Apr,23:18:48,64.58øF,33.20%,63øF (Wall),64øF (Ambient2),Comfort
9-Apr,23:18:50,64.58øF,33.30%,63øF (Wall),64øF (Ambient2),Comfort
9-Apr,23:18:52,64.58øF,33.50%,63øF (Wall),64øF (Ambient2),Comfort
9-Apr,23:18:54,64.58øF,33.50%,63øF (Wall),64øF (Ambient2),Comfort
9-Apr,23:18:56,64.58øF,33.70%,63øF (Wall),64øF (Ambient2),Comfort
9-Apr,23:18:58,64.58øF,33.70%,63øF (Wall),64øF (Ambient2),Comfort
9-Apr,23:19:00,64.58øF,33.80%,63øF (Wall),64øF (Ambient2),Comfort
9-Apr,23:19:02,64.58øF,33.90%,63øF (Wall),64øF (Ambient2),Comfort
9-Apr,23:19:04,64.58øF,33.90%,63øF (Wall),64øF (Ambient2),Comfort
9-Apr,23:19:06,64.58øF,33.90%,63øF (Wall),64øF (Ambient2),Comfort
9-Apr,23:19:08,64.58øF,33.90%,63øF (Wall),64øF (Ambient2),Comfort
9-Apr,23:19:10,64.58øF,34.00%,63øF (Wall),64øF (Ambient2),Comfort
9-Apr,23:19:12,64.58øF,34.10%,63øF (Wall),64øF (Ambient2),Comfort
9-Apr,23:19:14,64.58øF,34.10%,63øF (Wall),64øF (Ambient2),Comfort
9-Apr,23:19:17,64.58øF,34.20%,63øF (Wall),64øF (Ambient2),Comfort
9-Apr,23:19:19,64.58øF,34.30%,63øF (Wall),64øF (Ambient2),Comfort
9-Apr,23:19:21,64.58øF,34.30%,63øF (Wall),64øF (Ambient2),Comfort
9-Apr,23:19:23,64.58øF,34.30%,63øF (Wall),64øF (Ambient2),Comfort
9-Apr,23:19:25,64.76øF,34.30%,63øF (Wall),64øF (Ambient2),Comfort
9-Apr,23:19:27,64.76øF,34.30%,63øF (Wall),64øF (Ambient2),Comfort
9-Apr,23:19:29,64.76øF,34.20%,63øF (Wall),64øF (Ambient2),Comfort
9-Apr,23:19:31,64.76øF,34.10%,63øF (Wall),64øF (Ambient2),Comfort
9-Apr,23:19:33,64.58øF,34.10%,63øF (Wall),64øF (Ambient2),Comfort
9-Apr,23:19:35,64.58øF,34.10%,63øF (Wall),64øF (Ambient2),Comfort
9-Apr,23:19:37,64.76øF,34.30%,63øF (Wall),64øF (Ambient2),Comfort
9-Apr,23:19:39,64.76øF,34.40%,63øF (Wall),64øF (Ambient2),Comfort
9-Apr,23:19:41,64.76øF,34.40%,63øF (Wall),65øF (Ambient2),Comfort
9-Apr,23:19:43,64.76øF,34.40%,63øF (Wall),65øF (Ambient2),Comfort
9-Apr,23:19:45,64.76øF,34.50%,63øF (Wall),65øF (Ambient2),Comfort
9-Apr,23:19:47,64.76øF,34.50%,63øF (Wall),65øF (Ambient2),Comfort
9-Apr,23:19:49,64.76øF,34.50%,63øF (Wall),65øF (Ambient2),Comfort
9-Apr,23:19:51,64.76øF,34.50%,63øF (Wall),65øF (Ambient2),Comfort
9-Apr,23:19:53,64.76øF,34.50%,63øF (Wall),65øF (Ambient2),Comfort
9-Apr,23:19:55,64.76øF,34.40%,63øF (Wall),65øF (Ambient2),Comfort
9-Apr,23:19:57,64.76øF,34.30%,63øF (Wall),65øF (Ambient2),Comfort
9-Apr,23:19:59,64.76øF,34.20%,63øF (Wall),65øF (Ambient2),Comfort
9-Apr,23:20:01,64.76øF,34.10%,63øF (Wall),65øF (Ambient2),Comfort
9-Apr,23:20:03,64.76øF,34.10%,63øF (Wall),65øF (Ambient2),Comfort
9-Apr,23:20:05,64.76øF,34.10%,63øF (Wall),65øF (Ambient2),Comfort
9-Apr,23:20:07,64.76øF,34.20%,63øF (Wall),65øF (Ambient2),Comfort
9-Apr,23:20:09,64.76øF,34.20%,63øF (Wall),65øF (Ambient2),Comfort
9-Apr,23:20:12,64.76øF,34.20%,63øF (Wall),65øF (Ambient2),Comfort
9-Apr,23:20:14,64.76øF,34.20%,63øF (Wall),65øF (Ambient2),Comfort
9-Apr,23:20:16,64.76øF,34.30%,63øF (Wall),65øF (Ambient2),Comfort
9-Apr,23:20:18,64.76øF,34.30%,63øF (Wall),65øF (Ambient2),Comfort
9-Apr,23:20:20,64.76øF,34.30%,63øF (Wall),65øF (Ambient2),Comfort
9-Apr,23:20:22,64.76øF,34.40%,63øF (Wall),65øF (Ambient2),Comfort
9-Apr,23:20:24,64.76øF,34.50%,63øF (Wall),65øF (Ambient2),Comfort
9-Apr,23:20:26,64.76øF,34.50%,63øF (Wall),65øF (Ambient2),Comfort
9-Apr,23:20:28,64.76øF,34.40%,63øF (Wall),65øF (Ambient2),Comfort
9-Apr,23:20:30,64.76øF,34.40%,63øF (Wall),65øF (Ambient2),Comfort
9-Apr,23:20:32,64.76øF,34.40%,63øF (Wall),65øF (Ambient2),Comfort
9-Apr,23:20:34,64.76øF,34.40%,63øF (Wall),65øF (Ambient2),Comfort
9-Apr,23:20:36,64.94øF,34.40%,63øF (Wall),65øF (Ambient2),Comfort
9-Apr,23:20:38,64.76øF,34.30%,63øF (Wall),65øF (Ambient2),Comfort
9-Apr,23:20:40,64.94øF,34.40%,63øF (Wall),65øF (Ambient2),Comfort
9-Apr,23:20:42,64.76øF,34.30%,63øF (Wall),65øF (Ambient2),Comfort
9-Apr,23:20:44,64.76øF,34.20%,63øF (Wall),65øF (Ambient2),Comfort
9-Apr,23:20:46,64.94øF,34.30%,63øF (Wall),65øF (Ambient2),Comfort
9-Apr,23:20:48,64.94øF,34.30%,63øF (Wall),65øF (Ambient2),Comfort
9-Apr,23:20:50,64.94øF,34.30%,63øF (Wall),65øF (Ambient2),Comfort
9-Apr,23:20:52,64.76øF,34.20%,63øF (Wall),65øF (Ambient2),Comfort
9-Apr,23:20:54,64.76øF,34.20%,63øF (Wall),65øF (Ambient2),Comfort
9-Apr,23:20:56,64.94øF,34.30%,63øF (Wall),65øF (Ambient2),Comfort
9-Apr,23:20:58,64.94øF,34.20%,63øF (Wall),65øF (Ambient2),Comfort
9-Apr,23:21:00,64.94øF,34.10%,63øF (Wall),65øF (Ambient2),Comfort
9-Apr,23:21:02,64.94øF,34.00%,63øF (Wall),65øF (Ambient2),Comfort
9-Apr,23:21:05,64.94øF,33.90%,63øF (Wall),65øF (Ambient2),Comfort
9-Apr,23:21:07,64.94øF,33.80%,63øF (Wall),65øF (Ambient2),Comfort
9-Apr,23:21:09,64.94øF,33.60%,63øF (Wall),65øF (Ambient2),Comfort
9-Apr,23:21:11,64.76øF,33.40%,63øF (Wall),65øF (Ambient2),Comfort
9-Apr,23:21:13,64.94øF,33.40%,63øF (Wall),65øF (Ambient2),Comfort
9-Apr,23:21:15,64.94øF,33.30%,63øF (Wall),65øF (Ambient2),Comfort
9-Apr,23:21:17,64.76øF,33.10%,63øF (Wall),65øF (Ambient2),Comfort
9-Apr,23:21:19,64.94øF,33.10%,63øF (Wall),65øF (Ambient2),Comfort
9-Apr,23:21:21,64.94øF,33.00%,63øF (Wall),65øF (Ambient2),Comfort
9-Apr,23:21:23,64.76øF,32.90%,63øF (Wall),65øF (Ambient2),Comfort
9-Apr,23:21:25,64.94øF,32.90%,63øF (Wall),65øF (Ambient2),Comfort
9-Apr,23:21:27,64.94øF,32.80%,63øF (Wall),65øF (Ambient2),Comfort
9-Apr,23:21:29,64.94øF,32.80%,63øF (Wall),65øF (Ambient2),Comfort
9-Apr,23:21:31,64.94øF,32.80%,63øF (Wall),65øF (Ambient2),Comfort
9-Apr,23:21:33,64.76øF,32.60%,63øF (Wall),65øF (Ambient2),Comfort
9-Apr,23:21:35,64.94øF,32.70%,63øF (Wall),65øF (Ambient2),Comfort
9-Apr,23:21:37,64.94øF,32.70%,63øF (Wall),65øF (Ambient2),Comfort
9-Apr,23:21:39,64.94øF,32.70%,63øF (Wall),65øF (Ambient2),Comfort
9-Apr,23:21:41,64.94øF,32.80%,63øF (Wall),65øF (Ambient2),Comfort
9-Apr,23:21:43,64.94øF,32.70%,63øF (Wall),65øF (Ambient2),Comfort
9-Apr,23:21:45,64.94øF,32.70%,63øF (Wall),65øF (Ambient2),Comfort
9-Apr,23:21:47,64.94øF,32.60%,63øF (Wall),65øF (Ambient2),Comfort
9-Apr,23:21:49,64.94øF,32.50%,63øF (Wall),65øF (Ambient2),Comfort
9-Apr,23:21:51,64.94øF,32.50%,63øF (Wall),65øF (Ambient2),Comfort
9-Apr,23:21:53,64.94øF,32.50%,63øF (Wall),65øF (Ambient2),Comfort
9-Apr,23:21:55,64.94øF,32.50%,63øF (Wall),65øF (Ambient2),Comfort
9-Apr,23:21:58,64.94øF,32.60%,63øF (Wall),65øF (Ambient2),Comfort
9-Apr,23:22:00,64.94øF,32.50%,63øF (Wall),65øF (Ambient2),Comfort
9-Apr,23:22:02,64.94øF,32.50%,63øF (Wall),65øF (Ambient2),Comfort
9-Apr,23:22:04,64.94øF,32.40%,63øF (Wall),65øF (Ambient2),Comfort
9-Apr,23:22:06,64.94øF,32.40%,63øF (Wall),65øF (Ambient2),Comfort
9-Apr,23:22:08,64.94øF,32.30%,63øF (Wall),65øF (Ambient2),Comfort
9-Apr,23:22:10,64.94øF,32.20%,63øF (Wall),65øF (Ambient2),Comfort
9-Apr,23:22:12,64.94øF,32.20%,63øF (Wall),65øF (Ambient2),Comfort
9-Apr,23:22:14,64.94øF,32.20%,63øF (Wall),65øF (Ambient2),Comfort
9-Apr,23:22:16,64.94øF,32.30%,63øF (Wall),65øF (Ambient2),Comfort
9-Apr,23:22:18,64.76øF,32.40%,63øF (Wall),65øF (Ambient2),Comfort
9-Apr,23:22:20,64.76øF,32.60%,63øF (Wall),65øF (Ambient2),Comfort
9-Apr,23:22:22,64.76øF,32.80%,63øF (Wall),65øF (Ambient2),Comfort
9-Apr,23:22:24,64.94øF,33.00%,63øF (Wall),65øF (Ambient2),Comfort
9-Apr,23:22:26,64.94øF,33.00%,63øF (Wall),65øF (Ambient2),Comfort
9-Apr,23:22:28,64.94øF,33.10%,63øF (Wall),65øF (Ambient2),Comfort
9-Apr,23:22:30,64.94øF,33.20%,63øF (Wall),65øF (Ambient2),Comfort
9-Apr,23:22:32,64.94øF,33.30%,63øF (Wall),65øF (Ambient2),Comfort
9-Apr,23:22:34,64.94øF,33.30%,63øF (Wall),65øF (Ambient2),Comfort
9-Apr,23:22:36,64.94øF,33.40%,63øF (Wall),65øF (Ambient2),Comfort
9-Apr,23:22:38,64.94øF,33.40%,63øF (Wall),65øF (Ambient2),Comfort
9-Apr,23:22:40,64.94øF,33.40%,63øF (Wall),65øF (Ambient2),Comfort
9-Apr,23:22:42,64.94øF,33.50%,63øF (Wall),65øF (Ambient2),Comfort
9-Apr,23:22:44,64.94øF,33.50%,63øF (Wall),65øF (Ambient2),Comfort
9-Apr,23:22:46,64.94øF,33.50%,63øF (Wall),65øF (Ambient2),Comfort
9-Apr,23:22:48,64.94øF,33.50%,63øF (Wall),65øF (Ambient2),Comfort
9-Apr,23:22:51,64.94øF,33.50%,63øF (Wall),65øF (Ambient2),Comfort
9-Apr,23:22:53,65.12øF,33.60%,63øF (Wall),65øF (Ambient2),Comfort
9-Apr,23:22:55,64.94øF,33.60%,63øF (Wall),65øF (Ambient2),Comfort
9-Apr,23:22:57,64.94øF,33.60%,63øF (Wall),65øF (Ambient2),Comfort
9-Apr,23:22:59,64.94øF,33.60%,63øF (Wall),65øF (Ambient2),Comfort
9-Apr,23:23:01,64.94øF,33.70%,63øF (Wall),65øF (Ambient2),Comfort
9-Apr,23:23:03,65.12øF,33.80%,63øF (Wall),65øF (Ambient2),Comfort
9-Apr,23:23:05,65.12øF,33.80%,63øF (Wall),65øF (Ambient2),Comfort
9-Apr,23:23:07,64.94øF,33.70%,63øF (Wall),65øF (Ambient2),Comfort
9-Apr,23:23:09,64.94øF,33.70%,63øF (Wall),65øF (Ambient2),Comfort
9-Apr,23:23:11,65.12øF,33.80%,63øF (Wall),65øF (Ambient2),Comfort
9-Apr,23:23:13,64.94øF,33.70%,63øF (Wall),65øF (Ambient2),Comfort
9-Apr,23:23:15,64.94øF,33.70%,63øF (Wall),65øF (Ambient2),Comfort
9-Apr,23:23:17,65.12øF,33.70%,63øF (Wall),65øF (Ambient2),Comfort
9-Apr,23:23:19,65.12øF,33.80%,63øF (Wall),65øF (Ambient2),Comfort
9-Apr,23:23:21,64.94øF,33.70%,63øF (Wall),65øF (Ambient2),Comfort
9-Apr,23:23:23,65.12øF,33.80%,63øF (Wall),65øF (Ambient2),Comfort
9-Apr,23:23:25,65.12øF,33.80%,63øF (Wall),65øF (Ambient2),Comfort
9-Apr,23:23:27,64.94øF,33.60%,63øF (Wall),65øF (Ambient2),Comfort
9-Apr,23:23:29,65.12øF,33.70%,63øF (Wall),65øF (Ambient2),Comfort
9-Apr,23:23:31,65.12øF,33.70%,63øF (Wall),65øF (Ambient2),Comfort
9-Apr,23:23:33,65.12øF,33.60%,63øF (Wall),65øF (Ambient2),Comfort
9-Apr,23:23:35,65.12øF,33.40%,63øF (Wall),65øF (Ambient2),Comfort
9-Apr,23:23:37,65.12øF,33.20%,63øF (Wall),65øF (Ambient2),Comfort
9-Apr,23:23:39,64.94øF,33.00%,63øF (Wall),65øF (Ambient2),Comfort
9-Apr,23:23:41,65.12øF,32.90%,63øF (Wall),65øF (Ambient2),Comfort
9-Apr,23:23:44,65.12øF,32.80%,63øF (Wall),65øF (Ambient2),Comfort
9-Apr,23:23:46,65.12øF,32.70%,63øF (Wall),65øF (Ambient2),Comfort
9-Apr,23:23:48,65.12øF,32.60%,63øF (Wall),65øF (Ambient2),Comfort
9-Apr,23:23:50,65.12øF,32.50%,63øF (Wall),65øF (Ambient2),Comfort
9-Apr,23:23:52,64.94øF,32.30%,64øF (Wall),65øF (Ambient2),Comfort
9-Apr,23:23:54,65.12øF,32.30%,63øF (Wall),65øF (Ambient2),Comfort
9-Apr,23:23:56,65.12øF,32.30%,64øF (Wall),65øF (Ambient2),Comfort
9-Apr,23:23:58,65.12øF,32.20%,64øF (Wall),65øF (Ambient2),Comfort
9-Apr,23:24:00,64.94øF,32.10%,63øF (Wall),65øF (Ambient2),Comfort
9-Apr,23:24:02,64.94øF,32.20%,64øF (Wall),65øF (Ambient2),Comfort
9-Apr,23:24:04,65.12øF,32.30%,64øF (Wall),65øF (Ambient2),Comfort
9-Apr,23:24:06,65.12øF,32.30%,64øF (Wall),65øF (Ambient2),Comfort
9-Apr,23:24:08,65.12øF,32.30%,63øF (Wall),65øF (Ambient2),Comfort
9-Apr,23:24:10,65.12øF,32.30%,64øF (Wall),65øF (Ambient2),Comfort
9-Apr,23:24:12,65.12øF,32.30%,64øF (Wall),65øF (Ambient2),Comfort
9-Apr,23:24:14,65.12øF,32.30%,63øF (Wall),65øF (Ambient2),Comfort
9-Apr,23:24:16,65.12øF,32.40%,64øF (Wall),65øF (Ambient2),Comfort
9-Apr,23:24:18,64.94øF,32.40%,63øF (Wall),65øF (Ambient2),Comfort
9-Apr,23:24:20,65.12øF,32.50%,64øF (Wall),65øF (Ambient2),Comfort
9-Apr,23:24:22,65.12øF,32.50%,64øF (Wall),65øF (Ambient2),Comfort
9-Apr,23:24:24,64.94øF,32.50%,64øF (Wall),65øF (Ambient2),Comfort
9-Apr,23:24:26,65.12øF,32.60%,63øF (Wall),65øF (Ambient2),Comfort
9-Apr,23:24:28,65.12øF,32.70%,64øF (Wall),65øF (Ambient2),Comfort
9-Apr,23:24:30,64.94øF,32.60%,64øF (Wall),65øF (Ambient2),Comfort
9-Apr,23:24:32,64.94øF,32.60%,63øF (Wall),65øF (Ambient2),Comfort
9-Apr,23:24:34,64.94øF,32.50%,64øF (Wall),65øF (Ambient2),Comfort
9-Apr,23:24:37,64.94øF,32.30%,64øF (Wall),65øF (Ambient2),Comfort
9-Apr,23:24:39,65.12øF,32.20%,63øF (Wall),65øF (Ambient2),Comfort
9-Apr,23:24:41,64.94øF,31.90%,64øF (Wall),65øF (Ambient2),Comfort
9-Apr,23:24:43,64.94øF,31.80%,64øF (Wall),65øF (Ambient2),Comfort
9-Apr,23:24:45,64.94øF,31.70%,64øF (Wall),65øF (Ambient2),Comfort
9-Apr,23:24:47,65.12øF,31.70%,64øF (Wall),65øF (Ambient2),Comfort
9-Apr,23:24:49,64.94øF,31.50%,64øF (Wall),65øF (Ambient2),Comfort
9-Apr,23:24:51,64.94øF,31.60%,63øF (Wall),65øF (Ambient2),Comfort
9-Apr,23:24:53,64.94øF,31.60%,64øF (Wall),65øF (Ambient2),Comfort
9-Apr,23:24:55,64.94øF,31.70%,64øF (Wall),65øF (Ambient2),Comfort
9-Apr,23:24:57,64.94øF,31.80%,64øF (Wall),65øF (Ambient2),Comfort
9-Apr,23:24:59,64.94øF,31.80%,63øF (Wall),65øF (Ambient2),Comfort
9-Apr,23:25:01,64.94øF,31.90%,64øF (Wall),65øF (Ambient2),Comfort
9-Apr,23:25:03,64.94øF,32.00%,63øF (Wall),65øF (Ambient2),Comfort
9-Apr,23:25:05,64.94øF,32.00%,63øF (Wall),65øF (Ambient2),Comfort
9-Apr,23:25:07,64.94øF,32.00%,64øF (Wall),65øF (Ambient2),Comfort
9-Apr,23:25:09,64.94øF,32.00%,64øF (Wall),65øF (Ambient2),Comfort
9-Apr,23:25:11,64.94øF,32.10%,63øF (Wall),65øF (Ambient2),Comfort
9-Apr,23:25:13,64.94øF,32.10%,63øF (Wall),65øF (Ambient2),Comfort
9-Apr,23:25:15,64.94øF,32.20%,63øF (Wall),65øF (Ambient2),Comfort
9-Apr,23:25:17,64.94øF,32.20%,64øF (Wall),65øF (Ambient2),Comfort
9-Apr,23:25:19,64.94øF,32.20%,64øF (Wall),65øF (Ambient2),Comfort
9-Apr,23:25:21,64.94øF,32.30%,64øF (Wall),65øF (Ambient2),Comfort
9-Apr,23:25:23,64.94øF,32.30%,63øF (Wall),65øF (Ambient2),Comfort
9-Apr,23:25:25,64.94øF,32.30%,64øF (Wall),65øF (Ambient2),Comfort
9-Apr,23:25:27,64.94øF,32.30%,63øF (Wall),65øF (Ambient2),Comfort
9-Apr,23:25:30,64.94øF,32.30%,63øF (Wall),65øF (Ambient2),Comfort
9-Apr,23:25:32,64.94øF,32.20%,63øF (Wall),65øF (Ambient2),Comfort
9-Apr,23:25:34,64.94øF,32.30%,64øF (Wall),65øF (Ambient2),Comfort
9-Apr,23:25:36,64.94øF,32.20%,63øF (Wall),65øF (Ambient2),Comfort
9-Apr,23:25:38,64.94øF,32.10%,63øF (Wall),65øF (Ambient2),Comfort
9-Apr,23:25:40,64.94øF,32.00%,63øF (Wall),65øF (Ambient2),Comfort
9-Apr,23:25:42,64.94øF,31.80%,63øF (Wall),65øF (Ambient2),Comfort
9-Apr,23:25:44,64.94øF,31.60%,64øF (Wall),65øF (Ambient2),Comfort
9-Apr,23:25:46,64.94øF,31.50%,63øF (Wall),65øF (Ambient2),Comfort
9-Apr,23:25:48,64.94øF,31.50%,63øF (Wall),65øF (Ambient2),Comfort
9-Apr,23:25:50,64.94øF,31.50%,63øF (Wall),65øF (Ambient2),Comfort
9-Apr,23:25:52,64.94øF,31.50%,64øF (Wall),65øF (Ambient2),Comfort
9-Apr,23:25:54,64.94øF,31.50%,63øF (Wall),65øF (Ambient2),Comfort
9-Apr,23:25:56,64.94øF,31.50%,63øF (Wall),65øF (Ambient2),Comfort
9-Apr,23:25:58,64.94øF,31.50%,63øF (Wall),65øF (Ambient2),Comfort
9-Apr,23:26:00,64.94øF,31.50%,64øF (Wall),65øF (Ambient2),Comfort
9-Apr,23:26:02,64.94øF,31.50%,63øF (Wall),65øF (Ambient2),Comfort
9-Apr,23:26:04,64.94øF,31.60%,63øF (Wall),65øF (Ambient2),Comfort
9-Apr,23:26:06,64.94øF,31.60%,64øF (Wall),65øF (Ambient2),Comfort
9-Apr,23:26:08,64.94øF,31.70%,64øF (Wall),65øF (Ambient2),Comfort
9-Apr,23:26:10,64.94øF,31.60%,63øF (Wall),65øF (Ambient2),Comfort
9-Apr,23:26:12,64.94øF,31.50%,63øF (Wall),65øF (Ambient2),Comfort
9-Apr,23:26:14,64.94øF,31.40%,63øF (Wall),65øF (Ambient2),Comfort
9-Apr,23:26:16,64.94øF,31.40%,63øF (Wall),65øF (Ambient2),Comfort
9-Apr,23:26:18,64.94øF,31.40%,63øF (Wall),65øF (Ambient2),Comfort
9-Apr,23:26:20,64.94øF,31.50%,64øF (Wall),65øF (Ambient2),Comfort
9-Apr,23:26:23,64.94øF,31.50%,63øF (Wall),65øF (Ambient2),Comfort
9-Apr,23:26:25,64.94øF,31.50%,63øF (Wall),65øF (Ambient2),Comfort
9-Apr,23:26:27,64.94øF,31.50%,63øF (Wall),65øF (Ambient2),Comfort
9-Apr,23:26:29,64.94øF,31.50%,63øF (Wall),65øF (Ambient2),Comfort
9-Apr,23:26:31,64.94øF,31.50%,63øF (Wall),65øF (Ambient2),Comfort
9-Apr,23:26:33,64.94øF,31.50%,63øF (Wall),65øF (Ambient2),Comfort
9-Apr,23:26:35,64.94øF,31.50%,63øF (Wall),65øF (Ambient2),Comfort
9-Apr,23:26:37,64.94øF,31.50%,63øF (Wall),65øF (Ambient2),Comfort
9-Apr,23:26:39,64.94øF,31.50%,63øF (Wall),65øF (Ambient2),Comfort
9-Apr,23:26:41,64.94øF,31.60%,63øF (Wall),64øF (Ambient2),Comfort
9-Apr,23:26:43,64.94øF,31.70%,63øF (Wall),65øF (Ambient2),Comfort
9-Apr,23:26:45,64.94øF,31.80%,63øF (Wall),65øF (Ambient2),Comfort
9-Apr,23:26:47,64.94øF,31.80%,63øF (Wall),64øF (Ambient2),Comfort
9-Apr,23:26:49,64.94øF,31.90%,63øF (Wall),64øF (Ambient2),Comfort
9-Apr,23:26:51,64.94øF,32.00%,63øF (Wall),65øF (Ambient2),Comfort
9-Apr,23:26:53,64.94øF,32.10%,63øF (Wall),65øF (Ambient2),Comfort
9-Apr,23:26:55,64.94øF,32.10%,63øF (Wall),64øF (Ambient2),Comfort
9-Apr,23:26:57,64.94øF,32.20%,63øF (Wall),64øF (Ambient2),Comfort
9-Apr,23:26:59,64.76øF,32.10%,63øF (Wall),64øF (Ambient2),Comfort
9-Apr,23:27:01,64.94øF,32.20%,63øF (Wall),65øF (Ambient2),Comfort
9-Apr,23:27:03,64.94øF,32.30%,63øF (Wall),65øF (Ambient2),Comfort
9-Apr,23:27:05,64.94øF,32.30%,63øF (Wall),65øF (Ambient2),Comfort
9-Apr,23:27:07,64.94øF,32.40%,63øF (Wall),64øF (Ambient2),Comfort
9-Apr,23:27:09,64.94øF,32.40%,63øF (Wall),65øF (Ambient2),Comfort
9-Apr,23:27:11,64.94øF,32.40%,63øF (Wall),64øF (Ambient2),Comfort
9-Apr,23:27:13,64.94øF,32.40%,63øF (Wall),65øF (Ambient2),Comfort
9-Apr,23:27:16,64.94øF,32.50%,63øF (Wall),65øF (Ambient2),Comfort
9-Apr,23:27:18,64.94øF,32.50%,63øF (Wall),64øF (Ambient2),Comfort
9-Apr,23:27:20,64.94øF,32.60%,63øF (Wall),65øF (Ambient2),Comfort
9-Apr,23:27:22,64.94øF,32.60%,63øF (Wall),64øF (Ambient2),Comfort
9-Apr,23:27:24,64.94øF,32.60%,63øF (Wall),64øF (Ambient2),Comfort
9-Apr,23:27:26,64.94øF,32.70%,63øF (Wall),65øF (Ambient2),Comfort
9-Apr,23:27:28,64.94øF,32.70%,63øF (Wall),64øF (Ambient2),Comfort
9-Apr,23:27:30,64.94øF,32.70%,63øF (Wall),64øF (Ambient2),Comfort
9-Apr,23:27:32,64.94øF,32.60%,63øF (Wall),64øF (Ambient2),Comfort
9-Apr,23:27:34,64.94øF,32.60%,63øF (Wall),65øF (Ambient2),Comfort
9-Apr,23:27:36,64.94øF,32.40%,63øF (Wall),64øF (Ambient2),Comfort
9-Apr,23:27:38,64.94øF,32.30%,63øF (Wall),65øF (Ambient2),Comfort
9-Apr,23:27:40,64.94øF,32.20%,63øF (Wall),65øF (Ambient2),Comfort
9-Apr,23:27:42,64.94øF,32.20%,63øF (Wall),65øF (Ambient2),Comfort
9-Apr,23:27:44,64.94øF,32.20%,63øF (Wall),65øF (Ambient2),Comfort
9-Apr,23:27:46,64.94øF,32.30%,63øF (Wall),65øF (Ambient2),Comfort
9-Apr,23:27:48,64.94øF,32.30%,63øF (Wall),65øF (Ambient2),Comfort
9-Apr,23:27:50,64.94øF,32.20%,63øF (Wall),64øF (Ambient2),Comfort
9-Apr,23:27:52,64.94øF,32.20%,63øF (Wall),64øF (Ambient2),Comfort
9-Apr,23:27:54,64.94øF,32.20%,63øF (Wall),64øF (Ambient2),Comfort
9-Apr,23:27:56,64.94øF,32.00%,63øF (Wall),64øF (Ambient2),Comfort
9-Apr,23:27:58,64.94øF,31.90%,63øF (Wall),64øF (Ambient2),Comfort
9-Apr,23:28:00,64.94øF,31.90%,63øF (Wall),64øF (Ambient2),Comfort
9-Apr,23:28:02,64.76øF,31.70%,63øF (Wall),64øF (Ambient2),Comfort
9-Apr,23:28:04,64.94øF,31.70%,63øF (Wall),64øF (Ambient2),Comfort
9-Apr,23:28:06,64.76øF,31.60%,63øF (Wall),64øF (Ambient2),Comfort
9-Apr,23:28:08,64.76øF,31.50%,63øF (Wall),64øF (Ambient2),Comfort
9-Apr,23:28:11,64.94øF,31.50%,63øF (Wall),64øF (Ambient2),Comfort
9-Apr,23:28:13,64.94øF,31.40%,63øF (Wall),64øF (Ambient2),Comfort
9-Apr,23:28:15,64.94øF,31.30%,63øF (Wall),64øF (Ambient2),Comfort
9-Apr,23:28:17,64.76øF,31.10%,63øF (Wall),64øF (Ambient2),Comfort
9-Apr,23:28:19,64.76øF,31.00%,63øF (Wall),64øF (Ambient2),Comfort
9-Apr,23:28:21,64.94øF,31.10%,63øF (Wall),64øF (Ambient2),Comfort
9-Apr,23:28:23,64.76øF,30.90%,63øF (Wall),64øF (Ambient2),Comfort
9-Apr,23:28:25,64.76øF,30.90%,63øF (Wall),64øF (Ambient2),Comfort
9-Apr,23:28:27,64.94øF,30.90%,63øF (Wall),64øF (Ambient2),Comfort
9-Apr,23:28:29,64.76øF,30.80%,63øF (Wall),64øF (Ambient2),Comfort
9-Apr,23:28:31,64.76øF,30.80%,63øF (Wall),64øF (Ambient2),Comfort
9-Apr,23:28:33,64.94øF,30.90%,63øF (Wall),64øF (Ambient2),Comfort
9-Apr,23:28:35,64.94øF,30.90%,63øF (Wall),64øF (Ambient2),Comfort
9-Apr,23:28:37,64.76øF,30.80%,63øF (Wall),64øF (Ambient2),Comfort
9-Apr,23:28:39,64.76øF,30.80%,63øF (Wall),64øF (Ambient2),Comfort
9-Apr,23:28:41,64.76øF,30.70%,63øF (Wall),64øF (Ambient2),Comfort
9-Apr,23:28:43,64.94øF,30.80%,63øF (Wall),64øF (Ambient2),Comfort
9-Apr,23:28:45,64.76øF,30.60%,63øF (Wall),64øF (Ambient2),Comfort
9-Apr,23:28:47,64.76øF,30.60%,63øF (Wall),64øF (Ambient2),Comfort
9-Apr,23:28:49,64.76øF,30.50%,63øF (Wall),64øF (Ambient2),Comfort
9-Apr,23:28:51,64.76øF,30.40%,63øF (Wall),64øF (Ambient2),Comfort
9-Apr,23:28:53,64.76øF,30.50%,63øF (Wall),64øF (Ambient2),Comfort
9-Apr,23:28:55,64.76øF,30.60%,63øF (Wall),64øF (Ambient2),Comfort
9-Apr,23:28:57,64.76øF,30.70%,63øF (Wall),64øF (Ambient2),Comfort
9-Apr,23:28:59,64.76øF,30.80%,63øF (Wall),64øF (Ambient2),Comfort
9-Apr,23:29:02,64.76øF,30.90%,63øF (Wall),64øF (Ambient2),Comfort
9-Apr,23:29:04,64.76øF,30.90%,63øF (Wall),64øF (Ambient2),Comfort
9-Apr,23:29:06,64.76øF,30.90%,63øF (Wall),64øF (Ambient2),Comfort
9-Apr,23:29:08,64.76øF,30.90%,63øF (Wall),64øF (Ambient2),Comfort
9-Apr,23:29:10,64.76øF,30.90%,63øF (Wall),64øF (Ambient2),Comfort
9-Apr,23:29:12,64.76øF,30.80%,63øF (Wall),64øF (Ambient2),Comfort
9-Apr,23:29:14,64.76øF,30.70%,63øF (Wall),64øF (Ambient2),Comfort
9-Apr,23:29:16,64.76øF,30.70%,63øF (Wall),64øF (Ambient2),Comfort
9-Apr,23:29:18,64.76øF,30.80%,63øF (Wall),64øF (Ambient2),Comfort
9-Apr,23:29:20,64.76øF,30.90%,63øF (Wall),64øF (Ambient2),Comfort
9-Apr,23:29:22,64.76øF,31.10%,63øF (Wall),64øF (Ambient2),Comfort
9-Apr,23:29:24,64.76øF,31.30%,63øF (Wall),64øF (Ambient2),Comfort
9-Apr,23:29:26,64.76øF,31.50%,63øF (Wall),64øF (Ambient2),Comfort
9-Apr,23:29:28,64.76øF,31.60%,63øF (Wall),64øF (Ambient2),Comfort
9-Apr,23:29:30,64.76øF,31.70%,63øF (Wall),64øF (Ambient2),Comfort
9-Apr,23:29:32,64.76øF,31.80%,63øF (Wall),64øF (Ambient2),Comfort
9-Apr,23:29:34,64.76øF,31.90%,63øF (Wall),64øF (Ambient2),Comfort
9-Apr,23:29:36,64.76øF,32.00%,63øF (Wall),64øF (Ambient2),Comfort
9-Apr,23:29:38,64.76øF,32.00%,63øF (Wall),64øF (Ambient2),Comfort
9-Apr,23:29:40,64.76øF,32.10%,63øF (Wall),64øF (Ambient2),Comfort
9-Apr,23:29:42,64.76øF,32.10%,63øF (Wall),64øF (Ambient2),Comfort
9-Apr,23:29:44,64.76øF,32.20%,63øF (Wall),64øF (Ambient2),Comfort
9-Apr,23:29:46,64.76øF,32.20%,63øF (Wall),64øF (Ambient2),Comfort
9-Apr,23:29:48,64.76øF,32.20%,63øF (Wall),64øF (Ambient2),Comfort
9-Apr,23:29:50,64.76øF,32.30%,63øF (Wall),64øF (Ambient2),Comfort
9-Apr,23:29:52,64.76øF,32.30%,63øF (Wall),64øF (Ambient2),Comfort
9-Apr,23:29:55,64.76øF,32.30%,63øF (Wall),64øF (Ambient2),Comfort
9-Apr,23:29:57,64.76øF,32.30%,63øF (Wall),64øF (Ambient2),Comfort
9-Apr,23:29:59,64.76øF,32.30%,63øF (Wall),64øF (Ambient2),Comfort
9-Apr,23:30:01,64.76øF,32.20%,63øF (Wall),64øF (Ambient2),Comfort
9-Apr,23:30:03,64.76øF,32.20%,63øF (Wall),64øF (Ambient2),Comfort
9-Apr,23:30:05,64.76øF,32.20%,63øF (Wall),64øF (Ambient2),Comfort
9-Apr,23:30:07,64.76øF,32.20%,63øF (Wall),64øF (Ambient2),Comfort
9-Apr,23:30:09,64.76øF,32.20%,63øF (Wall),64øF (Ambient2),Comfort
9-Apr,23:30:11,64.76øF,32.20%,63øF (Wall),64øF (Ambient2),Comfort
9-Apr,23:30:13,64.76øF,32.20%,63øF (Wall),64øF (Ambient2),Comfort
9-Apr,23:30:15,64.76øF,32.10%,63øF (Wall),64øF (Ambient2),Comfort
9-Apr,23:30:17,64.76øF,32.10%,63øF (Wall),64øF (Ambient2),Comfort
9-Apr,23:30:19,64.94øF,32.20%,63øF (Wall),64øF (Ambient2),Comfort
9-Apr,23:30:21,64.76øF,32.10%,63øF (Wall),64øF (Ambient2),Comfort
9-Apr,23:30:23,64.76øF,32.00%,63øF (Wall),64øF (Ambient2),Comfort
9-Apr,23:30:25,64.76øF,32.00%,63øF (Wall),64øF (Ambient2),Comfort
9-Apr,23:30:27,64.76øF,31.90%,63øF (Wall),64øF (Ambient2),Comfort
9-Apr,23:30:29,64.76øF,31.70%,63øF (Wall),64øF (Ambient2),Comfort
9-Apr,23:30:31,64.76øF,31.70%,63øF (Wall),64øF (Ambient2),Comfort
9-Apr,23:30:33,64.76øF,31.60%,63øF (Wall),64øF (Ambient2),Comfort
9-Apr,23:30:35,64.76øF,31.70%,63øF (Wall),64øF (Ambient2),Comfort
9-Apr,23:30:37,64.76øF,31.80%,63øF (Wall),64øF (Ambient2),Comfort
9-Apr,23:30:39,64.76øF,31.80%,63øF (Wall),64øF (Ambient2),Comfort
9-Apr,23:30:41,64.76øF,31.80%,63øF (Wall),64øF (Ambient2),Comfort
9-Apr,23:30:43,64.76øF,31.90%,63øF (Wall),64øF (Ambient2),Comfort
9-Apr,23:30:45,64.76øF,32.00%,63øF (Wall),64øF (Ambient2),Comfort
9-Apr,23:30:48,64.76øF,32.00%,63øF (Wall),64øF (Ambient2),Comfort
9-Apr,23:30:50,64.76øF,32.10%,63øF (Wall),64øF (Ambient2),Comfort
9-Apr,23:30:52,64.76øF,32.10%,63øF (Wall),64øF (Ambient2),Comfort
9-Apr,23:30:54,64.76øF,32.20%,63øF (Wall),64øF (Ambient2),Comfort
9-Apr,23:30:56,64.76øF,32.30%,63øF (Wall),64øF (Ambient2),Comfort
9-Apr,23:30:58,64.76øF,32.30%,63øF (Wall),64øF (Ambient2),Comfort
9-Apr,23:31:00,64.76øF,32.30%,63øF (Wall),64øF (Ambient2),Comfort
9-Apr,23:31:02,64.76øF,32.30%,63øF (Wall),64øF (Ambient2),Comfort
9-Apr,23:31:04,64.76øF,32.30%,63øF (Wall),64øF (Ambient2),Comfort
9-Apr,23:31:06,64.76øF,32.30%,63øF (Wall),64øF (Ambient2),Comfort
9-Apr,23:31:08,64.76øF,32.40%,63øF (Wall),64øF (Ambient2),Comfort
9-Apr,23:31:10,64.76øF,32.40%,63øF (Wall),64øF (Ambient2),Comfort
9-Apr,23:31:12,64.76øF,32.50%,63øF (Wall),64øF (Ambient2),Comfort
9-Apr,23:31:14,64.76øF,32.50%,63øF (Wall),64øF (Ambient2),Comfort
9-Apr,23:31:16,64.76øF,32.50%,63øF (Wall),64øF (Ambient2),Comfort
9-Apr,23:31:18,64.76øF,32.60%,63øF (Wall),64øF (Ambient2),Comfort
9-Apr,23:31:20,64.76øF,32.60%,63øF (Wall),64øF (Ambient2),Comfort
9-Apr,23:31:22,64.76øF,32.60%,63øF (Wall),64øF (Ambient2),Comfort
9-Apr,23:31:24,64.76øF,32.70%,63øF (Wall),64øF (Ambient2),Comfort
9-Apr,23:31:26,64.76øF,32.90%,63øF (Wall),64øF (Ambient2),Comfort
9-Apr,23:31:28,64.76øF,32.90%,63øF (Wall),64øF (Ambient2),Comfort
9-Apr,23:31:30,64.76øF,33.00%,63øF (Wall),64øF (Ambient2),Comfort
9-Apr,23:31:32,64.76øF,33.10%,63øF (Wall),64øF (Ambient2),Comfort
9-Apr,23:31:35,64.76øF,33.20%,63øF (Wall),64øF (Ambient2),Comfort
9-Apr,23:31:37,64.76øF,33.30%,63øF (Wall),64øF (Ambient2),Comfort
9-Apr,23:31:39,64.76øF,33.30%,63øF (Wall),64øF (Ambient2),Comfort
9-Apr,23:31:41,64.76øF,33.40%,63øF (Wall),64øF (Ambient2),Comfort
9-Apr,23:31:43,64.76øF,33.40%,63øF (Wall),64øF (Ambient2),Comfort
9-Apr,23:31:45,64.76øF,33.40%,63øF (Wall),64øF (Ambient2),Comfort
9-Apr,23:31:47,64.76øF,33.40%,63øF (Wall),64øF (Ambient2),Comfort
9-Apr,23:31:49,64.76øF,33.40%,63øF (Wall),64øF (Ambient2),Comfort
9-Apr,23:31:51,64.76øF,33.40%,63øF (Wall),64øF (Ambient2),Comfort
9-Apr,23:31:53,64.76øF,33.40%,63øF (Wall),64øF (Ambient2),Comfort
9-Apr,23:31:55,64.76øF,33.50%,63øF (Wall),64øF (Ambient2),Comfort
9-Apr,23:31:57,64.76øF,33.50%,63øF (Wall),64øF (Ambient2),Comfort
9-Apr,23:31:59,64.76øF,33.40%,63øF (Wall),64øF (Ambient2),Comfort
9-Apr,23:32:01,64.76øF,33.40%,63øF (Wall),64øF (Ambient2),Comfort
9-Apr,23:32:03,64.76øF,33.40%,63øF (Wall),64øF (Ambient2),Comfort
9-Apr,23:32:05,64.76øF,33.40%,63øF (Wall),64øF (Ambient2),Comfort
9-Apr,23:32:07,64.76øF,33.40%,63øF (Wall),64øF (Ambient2),Comfort
9-Apr,23:32:09,64.76øF,33.40%,63øF (Wall),64øF (Ambient2),Comfort
9-Apr,23:32:11,64.76øF,33.40%,63øF (Wall),64øF (Ambient2),Comfort
9-Apr,23:32:13,64.76øF,33.60%,63øF (Wall),64øF (Ambient2),Comfort
9-Apr,23:32:15,64.76øF,33.70%,63øF (Wall),64øF (Ambient2),Comfort
9-Apr,23:32:17,64.76øF,33.80%,63øF (Wall),64øF (Ambient2),Comfort
9-Apr,23:32:19,64.76øF,33.90%,63øF (Wall),64øF (Ambient2),Comfort
9-Apr,23:32:21,64.76øF,34.00%,63øF (Wall),64øF (Ambient2),Comfort
9-Apr,23:32:23,64.76øF,34.00%,63øF (Wall),64øF (Ambient2),Comfort
9-Apr,23:32:25,64.76øF,34.10%,63øF (Wall),64øF (Ambient2),Comfort
9-Apr,23:32:28,64.76øF,34.10%,63øF (Wall),64øF (Ambient2),Comfort
9-Apr,23:32:30,64.76øF,34.10%,63øF (Wall),64øF (Ambient2),Comfort
9-Apr,23:32:32,64.76øF,34.00%,63øF (Wall),64øF (Ambient2),Comfort
9-Apr,23:32:34,64.76øF,34.00%,63øF (Wall),64øF (Ambient2),Comfort
9-Apr,23:32:36,64.76øF,33.90%,63øF (Wall),64øF (Ambient2),Comfort
9-Apr,23:32:38,64.76øF,33.90%,63øF (Wall),64øF (Ambient2),Comfort
9-Apr,23:32:40,64.76øF,33.80%,63øF (Wall),64øF (Ambient2),Comfort
9-Apr,23:32:42,64.76øF,33.80%,63øF (Wall),64øF (Ambient2),Comfort
9-Apr,23:32:44,64.76øF,33.70%,63øF (Wall),64øF (Ambient2),Comfort
9-Apr,23:32:46,64.76øF,33.70%,63øF (Wall),64øF (Ambient2),Comfort
9-Apr,23:32:48,64.76øF,33.70%,63øF (Wall),64øF (Ambient2),Comfort
9-Apr,23:32:50,64.76øF,33.80%,63øF (Wall),64øF (Ambient2),Comfort
9-Apr,23:32:52,64.76øF,34.00%,63øF (Wall),64øF (Ambient2),Comfort
9-Apr,23:32:54,64.76øF,34.10%,63øF (Wall),64øF (Ambient2),Comfort
9-Apr,23:32:56,64.76øF,34.30%,63øF (Wall),64øF (Ambient2),Comfort
9-Apr,23:32:58,64.76øF,34.30%,63øF (Wall),64øF (Ambient2),Comfort
9-Apr,23:33:00,64.76øF,34.40%,63øF (Wall),64øF (Ambient2),Comfort
9-Apr,23:33:02,64.94øF,34.60%,63øF (Wall),64øF (Ambient2),Comfort
9-Apr,23:33:04,64.76øF,34.50%,63øF (Wall),64øF (Ambient2),Comfort
9-Apr,23:33:06,64.94øF,34.70%,63øF (Wall),64øF (Ambient2),Comfort
9-Apr,23:33:08,64.94øF,34.70%,63øF (Wall),64øF (Ambient2),Comfort
9-Apr,23:33:10,64.94øF,34.80%,63øF (Wall),64øF (Ambient2),Comfort
9-Apr,23:33:12,64.94øF,34.80%,63øF (Wall),64øF (Ambient2),Comfort
9-Apr,23:33:14,64.94øF,34.80%,63øF (Wall),64øF (Ambient2),Comfort
9-Apr,23:33:16,64.76øF,34.80%,63øF (Wall),64øF (Ambient2),Comfort
9-Apr,23:33:18,64.76øF,34.80%,63øF (Wall),64øF (Ambient2),Comfort
9-Apr,23:33:21,64.94øF,34.80%,63øF (Wall),64øF (Ambient2),Comfort
9-Apr,23:33:23,64.94øF,34.70%,63øF (Wall),64øF (Ambient2),Comfort
9-Apr,23:33:25,64.76øF,34.60%,63øF (Wall),64øF (Ambient2),Comfort
9-Apr,23:33:27,64.94øF,34.60%,63øF (Wall),64øF (Ambient2),Comfort
9-Apr,23:33:29,64.94øF,34.50%,63øF (Wall),64øF (Ambient2),Comfort
9-Apr,23:33:31,64.76øF,34.30%,63øF (Wall),64øF (Ambient2),Comfort
9-Apr,23:33:33,64.94øF,34.40%,63øF (Wall),64øF (Ambient2),Comfort
9-Apr,23:33:35,64.94øF,34.40%,63øF (Wall),64øF (Ambient2),Comfort
9-Apr,23:33:37,64.76øF,34.30%,63øF (Wall),64øF (Ambient2),Comfort
9-Apr,23:33:39,64.94øF,34.40%,63øF (Wall),64øF (Ambient2),Comfort
9-Apr,23:33:41,64.94øF,34.40%,63øF (Wall),64øF (Ambient2),Comfort
9-Apr,23:33:43,64.76øF,34.30%,63øF (Wall),64øF (Ambient2),Comfort
9-Apr,23:33:45,64.94øF,34.30%,63øF (Wall),64øF (Ambient2),Comfort
9-Apr,23:33:47,64.94øF,34.30%,63øF (Wall),64øF (Ambient2),Comfort
9-Apr,23:33:49,64.94øF,34.30%,63øF (Wall),64øF (Ambient2),Comfort
9-Apr,23:33:51,64.76øF,34.20%,63øF (Wall),64øF (Ambient2),Comfort
9-Apr,23:33:53,64.94øF,34.30%,63øF (Wall),64øF (Ambient2),Comfort
9-Apr,23:33:55,64.94øF,34.30%,63øF (Wall),64øF (Ambient2),Comfort
9-Apr,23:33:57,64.94øF,34.30%,63øF (Wall),64øF (Ambient2),Comfort
9-Apr,23:33:59,64.76øF,34.10%,63øF (Wall),64øF (Ambient2),Comfort
9-Apr,23:34:01,64.94øF,34.10%,63øF (Wall),64øF (Ambient2),Comfort
9-Apr,23:34:03,64.94øF,34.10%,63øF (Wall),64øF (Ambient2),Comfort
9-Apr,23:34:05,64.76øF,34.00%,63øF (Wall),64øF (Ambient2),Comfort
9-Apr,23:34:07,64.94øF,34.10%,63øF (Wall),64øF (Ambient2),Comfort
9-Apr,23:34:09,64.94øF,34.00%,63øF (Wall),64øF (Ambient2),Comfort
9-Apr,23:34:11,64.94øF,34.00%,63øF (Wall),64øF (Ambient2),Comfort
9-Apr,23:34:13,64.94øF,34.00%,63øF (Wall),64øF (Ambient2),Comfort
9-Apr,23:34:16,64.76øF,33.90%,63øF (Wall),64øF (Ambient2),Comfort
9-Apr,23:34:18,64.76øF,34.00%,63øF (Wall),64øF (Ambient2),Comfort
9-Apr,23:34:20,64.76øF,34.00%,63øF (Wall),64øF (Ambient2),Comfort
9-Apr,23:34:22,64.76øF,33.90%,63øF (Wall),64øF (Ambient2),Comfort
9-Apr,23:34:24,64.94øF,33.90%,63øF (Wall),64øF (Ambient2),Comfort
9-Apr,23:34:26,64.94øF,33.80%,63øF (Wall),64øF (Ambient2),Comfort
9-Apr,23:34:28,64.94øF,33.70%,63øF (Wall),64øF (Ambient2),Comfort
9-Apr,23:34:30,64.76øF,33.50%,63øF (Wall),64øF (Ambient2),Comfort
9-Apr,23:34:32,64.76øF,33.40%,63øF (Wall),64øF (Ambient2),Comfort
9-Apr,23:34:34,64.76øF,33.30%,63øF (Wall),64øF (Ambient2),Comfort
9-Apr,23:34:36,64.76øF,33.20%,63øF (Wall),64øF (Ambient2),Comfort
9-Apr,23:34:38,64.76øF,33.20%,63øF (Wall),64øF (Ambient2),Comfort
9-Apr,23:34:40,64.76øF,33.10%,63øF (Wall),64øF (Ambient2),Comfort
9-Apr,23:34:42,64.94øF,33.10%,63øF (Wall),64øF (Ambient2),Comfort
9-Apr,23:34:44,64.94øF,33.10%,63øF (Wall),64øF (Ambient2),Comfort
9-Apr,23:34:46,64.76øF,33.00%,63øF (Wall),64øF (Ambient2),Comfort
9-Apr,23:34:48,64.76øF,33.00%,63øF (Wall),64øF (Ambient2),Comfort
9-Apr,23:34:50,64.76øF,32.90%,63øF (Wall),64øF (Ambient2),Comfort
9-Apr,23:34:52,64.94øF,32.90%,63øF (Wall),64øF (Ambient2),Comfort
9-Apr,23:34:54,64.94øF,32.80%,63øF (Wall),64øF (Ambient2),Comfort
9-Apr,23:34:56,64.76øF,32.50%,63øF (Wall),64øF (Ambient2),Comfort
9-Apr,23:34:58,64.76øF,32.40%,63øF (Wall),64øF (Ambient2),Comfort
9-Apr,23:35:00,64.76øF,32.30%,63øF (Wall),64øF (Ambient2),Comfort
9-Apr,23:35:02,64.76øF,32.20%,63øF (Wall),64øF (Ambient2),Comfort
9-Apr,23:35:04,64.94øF,32.10%,63øF (Wall),64øF (Ambient2),Comfort
9-Apr,23:35:06,64.76øF,32.00%,63øF (Wall),64øF (Ambient2),Comfort
9-Apr,23:35:09,64.94øF,32.00%,63øF (Wall),64øF (Ambient2),Comfort
9-Apr,23:35:11,64.94øF,32.00%,63øF (Wall),64øF (Ambient2),Comfort
9-Apr,23:35:13,64.76øF,31.90%,63øF (Wall),64øF (Ambient2),Comfort
9-Apr,23:35:15,64.76øF,32.00%,63øF (Wall),64øF (Ambient2),Comfort
9-Apr,23:35:17,64.76øF,32.00%,63øF (Wall),64øF (Ambient2),Comfort
9-Apr,23:35:19,64.76øF,32.10%,63øF (Wall),64øF (Ambient2),Comfort
9-Apr,23:35:21,64.76øF,32.00%,63øF (Wall),64øF (Ambient2),Comfort
9-Apr,23:35:23,64.76øF,32.10%,63øF (Wall),64øF (Ambient2),Comfort
9-Apr,23:35:25,64.76øF,32.10%,63øF (Wall),64øF (Ambient2),Comfort
9-Apr,23:35:27,64.76øF,32.20%,63øF (Wall),64øF (Ambient2),Comfort
9-Apr,23:35:29,64.76øF,32.30%,63øF (Wall),64øF (Ambient2),Comfort
9-Apr,23:35:31,64.94øF,32.40%,63øF (Wall),64øF (Ambient2),Comfort
9-Apr,23:35:33,64.76øF,32.30%,63øF (Wall),64øF (Ambient2),Comfort
9-Apr,23:35:35,64.76øF,32.40%,63øF (Wall),64øF (Ambient2),Comfort
9-Apr,23:35:37,64.76øF,32.50%,63øF (Wall),64øF (Ambient2),Comfort
9-Apr,23:35:39,64.76øF,32.60%,63øF (Wall),64øF (Ambient2),Comfort
9-Apr,23:35:41,64.76øF,32.60%,63øF (Wall),64øF (Ambient2),Comfort
9-Apr,23:35:43,64.76øF,32.70%,63øF (Wall),64øF (Ambient2),Comfort
9-Apr,23:35:45,64.76øF,32.70%,63øF (Wall),64øF (Ambient2),Comfort
9-Apr,23:35:47,64.76øF,32.60%,63øF (Wall),64øF (Ambient2),Comfort
9-Apr,23:35:49,64.76øF,32.40%,63øF (Wall),64øF (Ambient2),Comfort
9-Apr,23:35:51,64.94øF,32.40%,63øF (Wall),64øF (Ambient2),Comfort
9-Apr,23:35:53,64.76øF,32.30%,63øF (Wall),64øF (Ambient2),Comfort
9-Apr,23:35:55,64.76øF,32.30%,63øF (Wall),64øF (Ambient2),Comfort
9-Apr,23:35:57,64.76øF,32.30%,63øF (Wall),64øF (Ambient2),Comfort
9-Apr,23:35:59,64.76øF,32.30%,63øF (Wall),64øF (Ambient2),Comfort
9-Apr,23:36:02,64.76øF,32.30%,63øF (Wall),64øF (Ambient2),Comfort
9-Apr,23:36:04,64.76øF,32.30%,63øF (Wall),64øF (Ambient2),Comfort
9-Apr,23:36:06,64.76øF,32.30%,63øF (Wall),64øF (Ambient2),Comfort
9-Apr,23:36:08,64.76øF,32.30%,63øF (Wall),64øF (Ambient2),Comfort
9-Apr,23:36:10,64.76øF,32.20%,63øF (Wall),64øF (Ambient2),Comfort
9-Apr,23:36:12,64.76øF,32.20%,63øF (Wall),64øF (Ambient2),Comfort
9-Apr,23:36:14,64.76øF,32.20%,63øF (Wall),64øF (Ambient2),Comfort
9-Apr,23:36:16,64.76øF,32.10%,63øF (Wall),64øF (Ambient2),Comfort
9-Apr,23:36:18,64.76øF,32.00%,63øF (Wall),64øF (Ambient2),Comfort
9-Apr,23:36:20,64.76øF,32.00%,63øF (Wall),64øF (Ambient2),Comfort
9-Apr,23:36:22,64.76øF,32.00%,63øF (Wall),64øF (Ambient2),Comfort
9-Apr,23:36:24,64.76øF,32.00%,63øF (Wall),64øF (Ambient2),Comfort
9-Apr,23:36:26,64.76øF,32.10%,63øF (Wall),64øF (Ambient2),Comfort
9-Apr,23:36:28,64.76øF,32.20%,63øF (Wall),64øF (Ambient2),Comfort
9-Apr,23:36:30,64.76øF,32.20%,63øF (Wall),64øF (Ambient2),Comfort
9-Apr,23:36:32,64.76øF,32.30%,63øF (Wall),64øF (Ambient2),Comfort
9-Apr,23:36:34,64.76øF,32.30%,63øF (Wall),64øF (Ambient2),Comfort
9-Apr,23:36:36,64.76øF,32.40%,63øF (Wall),64øF (Ambient2),Comfort
9-Apr,23:36:38,64.76øF,32.40%,63øF (Wall),64øF (Ambient2),Comfort
9-Apr,23:36:40,64.76øF,32.40%,63øF (Wall),64øF (Ambient2),Comfort
9-Apr,23:36:42,64.76øF,32.30%,63øF (Wall),64øF (Ambient2),Comfort
9-Apr,23:36:44,64.76øF,32.30%,63øF (Wall),64øF (Ambient2),Comfort
9-Apr,23:36:46,64.76øF,32.20%,63øF (Wall),64øF (Ambient2),Comfort
9-Apr,23:36:48,64.76øF,32.10%,63øF (Wall),64øF (Ambient2),Comfort
9-Apr,23:36:50,64.76øF,32.10%,63øF (Wall),64øF (Ambient2),Comfort
9-Apr,23:36:52,64.76øF,32.00%,63øF (Wall),64øF (Ambient2),Comfort
9-Apr,23:36:55,64.76øF,31.90%,63øF (Wall),64øF (Ambient2),Comfort
9-Apr,23:36:57,64.76øF,31.80%,63øF (Wall),64øF (Ambient2),Comfort
9-Apr,23:36:59,64.76øF,31.70%,63øF (Wall),64øF (Ambient2),Comfort
9-Apr,23:37:01,64.76øF,31.60%,63øF (Wall),64øF (Ambient2),Comfort
9-Apr,23:37:03,64.76øF,31.50%,63øF (Wall),64øF (Ambient2),Comfort
9-Apr,23:37:05,64.76øF,31.50%,63øF (Wall),64øF (Ambient2),Comfort
9-Apr,23:37:07,64.76øF,31.50%,63øF (Wall),64øF (Ambient2),Comfort
9-Apr,23:37:09,64.76øF,31.40%,63øF (Wall),64øF (Ambient2),Comfort
9-Apr,23:37:11,64.76øF,31.40%,63øF (Wall),64øF (Ambient2),Comfort
9-Apr,23:37:13,64.76øF,31.40%,63øF (Wall),64øF (Ambient2),Comfort
9-Apr,23:37:15,64.76øF,31.50%,63øF (Wall),64øF (Ambient2),Comfort
9-Apr,23:37:17,64.76øF,31.60%,63øF (Wall),64øF (Ambient2),Comfort
9-Apr,23:37:19,64.76øF,31.60%,63øF (Wall),64øF (Ambient2),Comfort
9-Apr,23:37:21,64.76øF,31.60%,63øF (Wall),64øF (Ambient2),Comfort
9-Apr,23:37:23,64.76øF,31.60%,63øF (Wall),64øF (Ambient2),Comfort
9-Apr,23:37:25,64.76øF,31.60%,63øF (Wall),64øF (Ambient2),Comfort
9-Apr,23:37:27,64.76øF,31.60%,63øF (Wall),64øF (Ambient2),Comfort
9-Apr,23:37:29,64.76øF,31.60%,63øF (Wall),64øF (Ambient2),Comfort
9-Apr,23:37:31,64.76øF,31.50%,63øF (Wall),64øF (Ambient2),Comfort
9-Apr,23:37:33,64.76øF,31.50%,63øF (Wall),64øF (Ambient2),Comfort
9-Apr,23:37:35,64.76øF,31.50%,63øF (Wall),64øF (Ambient2),Comfort
9-Apr,23:37:37,64.76øF,31.40%,63øF (Wall),64øF (Ambient2),Comfort
9-Apr,23:37:39,64.76øF,31.40%,63øF (Wall),64øF (Ambient2),Comfort
9-Apr,23:37:41,64.76øF,31.40%,63øF (Wall),64øF (Ambient2),Comfort
9-Apr,23:37:43,64.76øF,31.30%,63øF (Wall),64øF (Ambient2),Comfort
9-Apr,23:37:45,64.76øF,31.30%,63øF (Wall),64øF (Ambient2),Comfort
9-Apr,23:37:48,64.76øF,31.30%,63øF (Wall),64øF (Ambient2),Comfort
9-Apr,23:37:50,64.76øF,31.30%,63øF (Wall),64øF (Ambient2),Comfort
9-Apr,23:37:52,64.76øF,31.30%,63øF (Wall),64øF (Ambient2),Comfort
9-Apr,23:37:54,64.76øF,31.30%,63øF (Wall),64øF (Ambient2),Comfort
9-Apr,23:37:56,64.76øF,31.30%,63øF (Wall),64øF (Ambient2),Comfort
9-Apr,23:37:58,64.76øF,31.20%,63øF (Wall),64øF (Ambient2),Comfort
9-Apr,23:38:00,64.76øF,31.30%,63øF (Wall),64øF (Ambient2),Comfort
9-Apr,23:38:02,64.76øF,31.30%,63øF (Wall),64øF (Ambient2),Comfort
9-Apr,23:38:04,64.76øF,31.30%,63øF (Wall),64øF (Ambient2),Comfort
9-Apr,23:38:06,64.76øF,31.30%,63øF (Wall),64øF (Ambient2),Comfort
9-Apr,23:38:08,64.76øF,31.30%,63øF (Wall),64øF (Ambient2),Comfort
9-Apr,23:38:10,64.76øF,31.40%,63øF (Wall),64øF (Ambient2),Comfort
9-Apr,23:38:12,64.76øF,31.40%,63øF (Wall),64øF (Ambient2),Comfort
9-Apr,23:38:14,64.76øF,31.40%,63øF (Wall),64øF (Ambient2),Comfort
9-Apr,23:38:16,64.76øF,31.30%,63øF (Wall),64øF (Ambient2),Comfort
9-Apr,23:38:18,64.76øF,31.30%,63øF (Wall),64øF (Ambient2),Comfort
9-Apr,23:38:20,64.76øF,31.30%,63øF (Wall),64øF (Ambient2),Comfort
9-Apr,23:38:22,64.76øF,31.20%,63øF (Wall),64øF (Ambient2),Comfort
9-Apr,23:38:24,64.76øF,31.30%,63øF (Wall),64øF (Ambient2),Comfort
9-Apr,23:38:26,64.76øF,31.30%,63øF (Wall),64øF (Ambient2),Comfort
9-Apr,23:38:28,64.76øF,31.40%,63øF (Wall),64øF (Ambient2),Comfort
9-Apr,23:38:30,64.76øF,31.50%,63øF (Wall),64øF (Ambient2),Comfort
9-Apr,23:38:32,64.76øF,31.50%,63øF (Wall),64øF (Ambient2),Comfort
9-Apr,23:38:34,64.76øF,31.50%,63øF (Wall),64øF (Ambient2),Comfort
9-Apr,23:38:36,64.76øF,31.50%,63øF (Wall),64øF (Ambient2),Comfort
9-Apr,23:38:38,64.76øF,31.50%,63øF (Wall),64øF (Ambient2),Comfort
9-Apr,23:38:41,64.76øF,31.50%,63øF (Wall),64øF (Ambient2),Comfort
9-Apr,23:38:43,64.76øF,31.50%,63øF (Wall),64øF (Ambient2),Comfort
9-Apr,23:38:45,64.76øF,31.50%,63øF (Wall),64øF (Ambient2),Comfort
9-Apr,23:38:47,64.76øF,31.50%,63øF (Wall),64øF (Ambient2),Comfort
9-Apr,23:38:49,64.76øF,31.50%,63øF (Wall),64øF (Ambient2),Comfort
9-Apr,23:38:51,64.76øF,31.60%,63øF (Wall),64øF (Ambient2),Comfort
9-Apr,23:38:53,64.76øF,31.60%,63øF (Wall),64øF (Ambient2),Comfort
9-Apr,23:38:55,64.76øF,31.70%,63øF (Wall),64øF (Ambient2),Comfort
9-Apr,23:38:57,64.76øF,31.60%,63øF (Wall),64øF (Ambient2),Comfort
9-Apr,23:38:59,64.76øF,31.60%,63øF (Wall),64øF (Ambient2),Comfort
9-Apr,23:39:01,64.76øF,31.60%,63øF (Wall),64øF (Ambient2),Comfort
9-Apr,23:39:03,64.76øF,31.60%,63øF (Wall),64øF (Ambient2),Comfort
9-Apr,23:39:05,64.76øF,31.70%,63øF (Wall),64øF (Ambient2),Comfort
9-Apr,23:39:07,64.76øF,31.80%,63øF (Wall),64øF (Ambient2),Comfort
9-Apr,23:39:09,64.76øF,31.90%,63øF (Wall),64øF (Ambient2),Comfort
9-Apr,23:39:11,64.76øF,32.00%,63øF (Wall),64øF (Ambient2),Comfort
9-Apr,23:39:13,64.76øF,32.00%,63øF (Wall),64øF (Ambient2),Comfort
9-Apr,23:39:15,64.76øF,32.10%,63øF (Wall),64øF (Ambient2),Comfort
9-Apr,23:39:17,64.76øF,32.10%,63øF (Wall),64øF (Ambient2),Comfort
9-Apr,23:39:19,64.76øF,32.10%,63øF (Wall),64øF (Ambient2),Comfort
9-Apr,23:39:21,64.76øF,32.00%,63øF (Wall),64øF (Ambient2),Comfort
9-Apr,23:39:23,64.76øF,31.90%,63øF (Wall),64øF (Ambient2),Comfort
9-Apr,23:39:25,64.76øF,31.90%,63øF (Wall),64øF (Ambient2),Comfort
9-Apr,23:39:27,64.76øF,31.90%,63øF (Wall),64øF (Ambient2),Comfort
9-Apr,23:39:29,64.76øF,31.80%,63øF (Wall),64øF (Ambient2),Comfort
9-Apr,23:39:31,64.76øF,31.80%,63øF (Wall),64øF (Ambient2),Comfort
9-Apr,23:39:34,64.76øF,31.80%,63øF (Wall),64øF (Ambient2),Comfort
9-Apr,23:39:36,64.76øF,31.90%,63øF (Wall),64øF (Ambient2),Comfort
9-Apr,23:39:38,64.76øF,31.90%,63øF (Wall),64øF (Ambient2),Comfort
9-Apr,23:39:40,64.76øF,31.90%,63øF (Wall),64øF (Ambient2),Comfort
9-Apr,23:39:42,64.76øF,31.90%,63øF (Wall),64øF (Ambient2),Comfort
9-Apr,23:39:44,64.76øF,31.90%,63øF (Wall),64øF (Ambient2),Comfort
9-Apr,23:39:46,64.76øF,31.90%,63øF (Wall),64øF (Ambient2),Comfort
9-Apr,23:39:48,64.76øF,31.90%,63øF (Wall),64øF (Ambient2),Comfort
9-Apr,23:39:50,64.76øF,31.90%,63øF (Wall),64øF (Ambient2),Comfort
9-Apr,23:39:52,64.76øF,32.00%,63øF (Wall),64øF (Ambient2),Comfort
9-Apr,23:39:54,64.76øF,32.00%,63øF (Wall),64øF (Ambient2),Comfort
9-Apr,23:39:56,64.76øF,32.10%,63øF (Wall),64øF (Ambient2),Comfort
9-Apr,23:39:58,64.76øF,32.20%,63øF (Wall),64øF (Ambient2),Comfort
9-Apr,23:40:00,64.76øF,32.20%,63øF (Wall),64øF (Ambient2),Comfort
9-Apr,23:40:02,64.76øF,32.30%,63øF (Wall),64øF (Ambient2),Comfort
9-Apr,23:40:04,64.76øF,32.30%,63øF (Wall),64øF (Ambient2),Comfort
9-Apr,23:40:06,64.76øF,32.30%,63øF (Wall),64øF (Ambient2),Comfort
9-Apr,23:40:08,64.76øF,32.20%,63øF (Wall),64øF (Ambient2),Comfort
9-Apr,23:40:10,64.76øF,32.20%,63øF (Wall),64øF (Ambient2),Comfort
9-Apr,23:40:12,64.76øF,32.10%,63øF (Wall),64øF (Ambient2),Comfort
9-Apr,23:40:14,64.76øF,32.10%,63øF (Wall),64øF (Ambient2),Comfort
9-Apr,23:40:16,64.76øF,32.00%,63øF (Wall),64øF (Ambient2),Comfort
9-Apr,23:40:18,64.76øF,32.00%,63øF (Wall),64øF (Ambient2),Comfort
9-Apr,23:40:20,64.76øF,31.90%,63øF (Wall),64øF (Ambient2),Comfort
9-Apr,23:40:22,64.76øF,31.80%,63øF (Wall),64øF (Ambient2),Comfort
9-Apr,23:40:24,64.76øF,31.70%,63øF (Wall),64øF (Ambient2),Comfort
9-Apr,23:40:27,64.76øF,31.70%,63øF (Wall),64øF (Ambient2),Comfort
9-Apr,23:40:29,64.76øF,31.60%,63øF (Wall),64øF (Ambient2),Comfort
9-Apr,23:40:31,64.76øF,31.60%,63øF (Wall),64øF (Ambient2),Comfort
9-Apr,23:40:33,64.76øF,31.60%,63øF (Wall),64øF (Ambient2),Comfort
9-Apr,23:40:35,64.76øF,31.60%,63øF (Wall),64øF (Ambient2),Comfort
9-Apr,23:40:37,64.76øF,31.60%,63øF (Wall),64øF (Ambient2),Comfort
9-Apr,23:40:39,64.76øF,31.60%,63øF (Wall),64øF (Ambient2),Comfort
9-Apr,23:40:41,64.76øF,31.50%,63øF (Wall),64øF (Ambient2),Comfort
9-Apr,23:40:43,64.76øF,31.40%,63øF (Wall),64øF (Ambient2),Comfort
9-Apr,23:40:45,64.76øF,31.40%,63øF (Wall),64øF (Ambient2),Comfort
9-Apr,23:40:47,64.76øF,31.30%,63øF (Wall),64øF (Ambient2),Comfort
9-Apr,23:40:49,64.76øF,31.30%,63øF (Wall),64øF (Ambient2),Comfort
9-Apr,23:40:51,64.58øF,31.20%,63øF (Wall),64øF (Ambient2),Comfort
9-Apr,23:40:53,64.58øF,31.20%,63øF (Wall),64øF (Ambient2),Comfort
9-Apr,23:40:55,64.76øF,31.40%,63øF (Wall),64øF (Ambient2),Comfort
9-Apr,23:40:57,64.76øF,31.50%,63øF (Wall),64øF (Ambient2),Comfort
9-Apr,23:40:59,64.76øF,31.60%,63øF (Wall),64øF (Ambient2),Comfort
9-Apr,23:41:01,64.76øF,31.70%,63øF (Wall),64øF (Ambient2),Comfort
9-Apr,23:41:03,64.76øF,31.80%,63øF (Wall),64øF (Ambient2),Comfort
9-Apr,23:41:05,64.58øF,31.80%,63øF (Wall),64øF (Ambient2),Comfort
9-Apr,23:41:07,64.76øF,32.00%,63øF (Wall),64øF (Ambient2),Comfort
9-Apr,23:41:09,64.76øF,32.00%,63øF (Wall),64øF (Ambient2),Comfort
9-Apr,23:41:11,64.58øF,31.90%,63øF (Wall),64øF (Ambient2),Comfort
9-Apr,23:41:13,64.58øF,31.90%,63øF (Wall),64øF (Ambient2),Comfort
9-Apr,23:41:15,64.58øF,31.90%,63øF (Wall),64øF (Ambient2),Comfort
9-Apr,23:41:17,64.58øF,31.80%,63øF (Wall),64øF (Ambient2),Comfort
9-Apr,23:41:20,64.58øF,31.70%,63øF (Wall),64øF (Ambient2),Comfort
9-Apr,23:41:22,64.58øF,31.60%,63øF (Wall),64øF (Ambient2),Comfort
9-Apr,23:41:24,64.76øF,31.60%,63øF (Wall),64øF (Ambient2),Comfort
9-Apr,23:41:26,64.58øF,31.50%,63øF (Wall),64øF (Ambient2),Comfort
9-Apr,23:41:28,64.76øF,31.50%,63øF (Wall),64øF (Ambient2),Comfort
9-Apr,23:41:30,64.58øF,31.40%,63øF (Wall),64øF (Ambient2),Comfort
9-Apr,23:41:32,64.58øF,31.50%,63øF (Wall),64øF (Ambient2),Comfort
9-Apr,23:41:34,64.58øF,31.50%,63øF (Wall),64øF (Ambient2),Comfort
9-Apr,23:41:36,64.58øF,31.50%,63øF (Wall),64øF (Ambient2),Comfort
9-Apr,23:41:38,64.76øF,31.70%,63øF (Wall),64øF (Ambient2),Comfort
9-Apr,23:41:40,64.58øF,31.60%,63øF (Wall),64øF (Ambient2),Comfort
9-Apr,23:41:42,64.58øF,31.70%,63øF (Wall),64øF (Ambient2),Comfort
9-Apr,23:41:44,64.76øF,31.80%,63øF (Wall),64øF (Ambient2),Comfort
9-Apr,23:41:46,64.76øF,31.70%,63øF (Wall),64øF (Ambient2),Comfort
9-Apr,23:41:48,64.76øF,31.60%,63øF (Wall),64øF (Ambient2),Comfort
9-Apr,23:41:50,64.76øF,31.50%,63øF (Wall),64øF (Ambient2),Comfort
9-Apr,23:41:52,64.58øF,31.40%,63øF (Wall),64øF (Ambient2),Comfort
9-Apr,23:41:54,64.76øF,31.40%,63øF (Wall),64øF (Ambient2),Comfort
9-Apr,23:41:56,64.58øF,31.30%,63øF (Wall),64øF (Ambient2),Comfort
9-Apr,23:41:58,64.58øF,31.30%,63øF (Wall),64øF (Ambient2),Comfort
9-Apr,23:42:00,64.76øF,31.40%,63øF (Wall),64øF (Ambient2),Comfort
9-Apr,23:42:02,64.58øF,31.40%,63øF (Wall),64øF (Ambient2),Comfort
9-Apr,23:42:04,64.58øF,31.50%,63øF (Wall),64øF (Ambient2),Comfort
9-Apr,23:42:06,64.58øF,31.50%,63øF (Wall),64øF (Ambient2),Comfort
9-Apr,23:42:08,64.58øF,31.60%,63øF (Wall),64øF (Ambient2),Comfort
9-Apr,23:42:10,64.58øF,31.70%,63øF (Wall),64øF (Ambient2),Comfort
9-Apr,23:42:13,64.58øF,31.90%,63øF (Wall),64øF (Ambient2),Comfort
9-Apr,23:42:15,64.58øF,32.20%,63øF (Wall),64øF (Ambient2),Comfort
9-Apr,23:42:17,64.58øF,32.60%,63øF (Wall),64øF (Ambient2),Comfort
9-Apr,23:42:19,64.58øF,32.80%,63øF (Wall),64øF (Ambient2),Comfort
9-Apr,23:42:21,64.58øF,33.00%,63øF (Wall),64øF (Ambient2),Comfort
9-Apr,23:42:23,64.58øF,33.10%,63øF (Wall),64øF (Ambient2),Comfort
9-Apr,23:42:25,64.58øF,33.40%,63øF (Wall),64øF (Ambient2),Comfort
9-Apr,23:42:27,64.76øF,33.60%,63øF (Wall),64øF (Ambient2),Comfort
9-Apr,23:42:29,64.58øF,33.70%,63øF (Wall),64øF (Ambient2),Comfort
9-Apr,23:42:31,64.76øF,34.00%,63øF (Wall),64øF (Ambient2),Comfort
9-Apr,23:42:33,64.76øF,34.10%,63øF (Wall),64øF (Ambient2),Comfort
9-Apr,23:42:35,64.76øF,34.20%,63øF (Wall),64øF (Ambient2),Comfort
9-Apr,23:42:37,64.76øF,34.30%,63øF (Wall),64øF (Ambient2),Comfort
9-Apr,23:42:39,64.76øF,34.40%,63øF (Wall),64øF (Ambient2),Comfort
9-Apr,23:42:41,64.76øF,34.50%,63øF (Wall),64øF (Ambient2),Comfort
9-Apr,23:42:43,64.76øF,34.50%,63øF (Wall),64øF (Ambient2),Comfort
9-Apr,23:42:45,64.76øF,34.60%,63øF (Wall),64øF (Ambient2),Comfort
9-Apr,23:42:47,64.76øF,34.50%,63øF (Wall),64øF (Ambient2),Comfort
9-Apr,23:42:49,64.76øF,34.60%,63øF (Wall),64øF (Ambient2),Comfort
9-Apr,23:42:51,64.76øF,34.70%,63øF (Wall),64øF (Ambient2),Comfort
9-Apr,23:42:53,64.76øF,34.70%,63øF (Wall),64øF (Ambient2),Comfort
9-Apr,23:42:55,64.76øF,34.80%,63øF (Wall),64øF (Ambient2),Comfort
9-Apr,23:42:57,64.76øF,34.80%,63øF (Wall),64øF (Ambient2),Comfort
9-Apr,23:42:59,64.76øF,34.70%,63øF (Wall),64øF (Ambient2),Comfort
9-Apr,23:43:01,64.76øF,34.60%,63øF (Wall),64øF (Ambient2),Comfort
9-Apr,23:43:03,64.76øF,34.50%,63øF (Wall),64øF (Ambient2),Comfort
9-Apr,23:43:06,64.76øF,34.30%,63øF (Wall),64øF (Ambient2),Comfort
9-Apr,23:43:08,64.76øF,34.10%,63øF (Wall),64øF (Ambient2),Comfort
9-Apr,23:43:10,64.76øF,34.00%,63øF (Wall),64øF (Ambient2),Comfort
9-Apr,23:43:12,64.76øF,33.90%,63øF (Wall),64øF (Ambient2),Comfort
9-Apr,23:43:14,64.76øF,33.80%,63øF (Wall),64øF (Ambient2),Comfort
9-Apr,23:43:16,64.76øF,33.80%,63øF (Wall),64øF (Ambient2),Comfort
9-Apr,23:43:18,64.76øF,33.70%,63øF (Wall),64øF (Ambient2),Comfort
9-Apr,23:43:20,64.76øF,33.70%,63øF (Wall),64øF (Ambient2),Comfort
9-Apr,23:43:22,64.76øF,33.60%,63øF (Wall),64øF (Ambient2),Comfort
9-Apr,23:43:24,64.76øF,33.60%,63øF (Wall),64øF (Ambient2),Comfort
9-Apr,23:43:26,64.76øF,33.60%,63øF (Wall),64øF (Ambient2),Comfort
9-Apr,23:43:28,64.76øF,33.60%,63øF (Wall),64øF (Ambient2),Comfort
9-Apr,23:43:30,64.76øF,33.70%,63øF (Wall),64øF (Ambient2),Comfort
9-Apr,23:43:32,64.76øF,33.70%,63øF (Wall),64øF (Ambient2),Comfort
9-Apr,23:43:34,64.76øF,33.60%,63øF (Wall),64øF (Ambient2),Comfort
9-Apr,23:43:36,64.76øF,33.50%,63øF (Wall),64øF (Ambient2),Comfort
9-Apr,23:43:38,64.76øF,33.40%,63øF (Wall),64øF (Ambient2),Comfort
9-Apr,23:43:40,64.76øF,33.30%,63øF (Wall),64øF (Ambient2),Comfort
9-Apr,23:43:42,64.76øF,33.20%,63øF (Wall),64øF (Ambient2),Comfort
9-Apr,23:43:44,64.76øF,33.10%,63øF (Wall),64øF (Ambient2),Comfort
9-Apr,23:43:46,64.76øF,33.00%,63øF (Wall),64øF (Ambient2),Comfort
9-Apr,23:43:48,64.76øF,32.90%,63øF (Wall),64øF (Ambient2),Comfort
9-Apr,23:43:50,64.76øF,32.80%,63øF (Wall),64øF (Ambient2),Comfort
9-Apr,23:43:53,64.76øF,32.80%,63øF (Wall),64øF (Ambient2),Comfort
9-Apr,23:43:55,64.76øF,32.80%,63øF (Wall),64øF (Ambient2),Comfort
9-Apr,23:43:57,64.76øF,32.80%,63øF (Wall),64øF (Ambient2),Comfort
9-Apr,23:43:59,64.76øF,32.80%,63øF (Wall),64øF (Ambient2),Comfort
9-Apr,23:44:01,64.76øF,32.80%,63øF (Wall),64øF (Ambient2),Comfort
9-Apr,23:44:03,64.76øF,32.70%,63øF (Wall),64øF (Ambient2),Comfort
9-Apr,23:44:05,64.76øF,32.70%,63øF (Wall),64øF (Ambient2),Comfort
9-Apr,23:44:07,64.76øF,32.60%,63øF (Wall),64øF (Ambient2),Comfort
9-Apr,23:44:09,64.76øF,32.60%,63øF (Wall),64øF (Ambient2),Comfort
9-Apr,23:44:11,64.76øF,32.50%,63øF (Wall),64øF (Ambient2),Comfort
9-Apr,23:44:13,64.76øF,32.50%,63øF (Wall),64øF (Ambient2),Comfort
9-Apr,23:44:15,64.76øF,32.40%,63øF (Wall),64øF (Ambient2),Comfort
9-Apr,23:44:17,64.76øF,32.40%,63øF (Wall),64øF (Ambient2),Comfort
9-Apr,23:44:19,64.76øF,32.40%,63øF (Wall),64øF (Ambient2),Comfort
9-Apr,23:44:21,64.76øF,32.40%,63øF (Wall),64øF (Ambient2),Comfort
9-Apr,23:44:23,64.76øF,32.40%,63øF (Wall),64øF (Ambient2),Comfort
9-Apr,23:44:25,64.76øF,32.50%,63øF (Wall),64øF (Ambient2),Comfort
9-Apr,23:44:27,64.76øF,32.50%,63øF (Wall),64øF (Ambient2),Comfort
9-Apr,23:44:29,64.76øF,32.50%,63øF (Wall),64øF (Ambient2),Comfort
9-Apr,23:44:31,64.76øF,32.60%,63øF (Wall),64øF (Ambient2),Comfort
9-Apr,23:44:33,64.76øF,32.70%,63øF (Wall),64øF (Ambient2),Comfort
9-Apr,23:44:35,64.76øF,32.80%,63øF (Wall),64øF (Ambient2),Comfort
9-Apr,23:44:37,64.76øF,32.90%,63øF (Wall),64øF (Ambient2),Comfort
9-Apr,23:44:39,64.76øF,33.00%,63øF (Wall),64øF (Ambient2),Comfort
9-Apr,23:44:41,64.76øF,33.10%,63øF (Wall),64øF (Ambient2),Comfort
9-Apr,23:44:43,64.76øF,33.20%,63øF (Wall),64øF (Ambient2),Comfort
9-Apr,23:44:46,64.76øF,33.30%,63øF (Wall),64øF (Ambient2),Comfort
9-Apr,23:44:48,64.76øF,33.30%,63øF (Wall),64øF (Ambient2),Comfort
9-Apr,23:44:50,64.76øF,33.40%,63øF (Wall),64øF (Ambient2),Comfort
9-Apr,23:44:52,64.76øF,33.30%,63øF (Wall),64øF (Ambient2),Comfort
9-Apr,23:44:54,64.76øF,33.20%,63øF (Wall),64øF (Ambient2),Comfort
9-Apr,23:44:56,64.76øF,33.00%,63øF (Wall),64øF (Ambient2),Comfort
9-Apr,23:44:58,64.76øF,32.90%,63øF (Wall),64øF (Ambient2),Comfort
9-Apr,23:45:00,64.76øF,32.80%,63øF (Wall),64øF (Ambient2),Comfort
9-Apr,23:45:02,64.76øF,32.70%,63øF (Wall),64øF (Ambient2),Comfort
9-Apr,23:45:04,64.76øF,32.80%,63øF (Wall),64øF (Ambient2),Comfort
9-Apr,23:45:06,64.76øF,32.90%,63øF (Wall),64øF (Ambient2),Comfort
9-Apr,23:45:08,64.76øF,33.00%,63øF (Wall),64øF (Ambient2),Comfort
9-Apr,23:45:10,64.76øF,33.00%,63øF (Wall),64øF (Ambient2),Comfort
9-Apr,23:45:12,64.76øF,33.00%,63øF (Wall),64øF (Ambient2),Comfort
9-Apr,23:45:14,64.76øF,33.00%,63øF (Wall),64øF (Ambient2),Comfort
9-Apr,23:45:16,64.76øF,33.10%,63øF (Wall),64øF (Ambient2),Comfort
9-Apr,23:45:18,64.76øF,33.00%,63øF (Wall),64øF (Ambient2),Comfort
9-Apr,23:45:20,64.76øF,32.80%,63øF (Wall),64øF (Ambient2),Comfort
9-Apr,23:45:22,64.76øF,32.70%,63øF (Wall),64øF (Ambient2),Comfort
9-Apr,23:45:24,64.76øF,32.70%,63øF (Wall),64øF (Ambient2),Comfort
9-Apr,23:45:26,64.76øF,32.60%,63øF (Wall),64øF (Ambient2),Comfort
9-Apr,23:45:28,64.76øF,32.60%,63øF (Wall),64øF (Ambient2),Comfort
9-Apr,23:45:30,64.76øF,32.50%,63øF (Wall),64øF (Ambient2),Comfort
9-Apr,23:45:32,64.76øF,32.40%,63øF (Wall),64øF (Ambient2),Comfort
9-Apr,23:45:34,64.76øF,32.30%,63øF (Wall),64øF (Ambient2),Comfort
9-Apr,23:45:36,64.76øF,32.30%,63øF (Wall),64øF (Ambient2),Comfort
9-Apr,23:45:39,64.76øF,32.30%,63øF (Wall),64øF (Ambient2),Comfort
9-Apr,23:45:41,64.76øF,32.30%,63øF (Wall),64øF (Ambient2),Comfort
9-Apr,23:45:43,64.76øF,32.20%,63øF (Wall),64øF (Ambient2),Comfort
9-Apr,23:45:45,64.76øF,32.10%,63øF (Wall),64øF (Ambient2),Comfort
9-Apr,23:45:47,64.76øF,32.00%,63øF (Wall),64øF (Ambient2),Comfort
9-Apr,23:45:49,64.76øF,32.00%,63øF (Wall),64øF (Ambient2),Comfort
9-Apr,23:45:51,64.76øF,31.90%,63øF (Wall),64øF (Ambient2),Comfort
9-Apr,23:45:53,64.76øF,31.90%,63øF (Wall),64øF (Ambient2),Comfort
9-Apr,23:45:55,64.76øF,31.80%,63øF (Wall),64øF (Ambient2),Comfort
9-Apr,23:45:57,64.76øF,31.80%,63øF (Wall),64øF (Ambient2),Comfort
9-Apr,23:45:59,64.76øF,31.70%,63øF (Wall),64øF (Ambient2),Comfort
9-Apr,23:46:01,64.76øF,31.70%,63øF (Wall),64øF (Ambient2),Comfort
9-Apr,23:46:03,64.76øF,31.80%,63øF (Wall),64øF (Ambient2),Comfort
9-Apr,23:46:05,64.76øF,31.90%,63øF (Wall),64øF (Ambient2),Comfort
9-Apr,23:46:07,64.76øF,31.90%,63øF (Wall),64øF (Ambient2),Comfort
9-Apr,23:46:09,64.76øF,32.00%,63øF (Wall),64øF (Ambient2),Comfort
9-Apr,23:46:11,64.76øF,32.00%,63øF (Wall),64øF (Ambient2),Comfort
9-Apr,23:46:13,64.58øF,31.90%,63øF (Wall),64øF (Ambient2),Comfort
9-Apr,23:46:15,64.76øF,32.00%,63øF (Wall),64øF (Ambient2),Comfort
9-Apr,23:46:17,64.76øF,31.90%,63øF (Wall),64øF (Ambient2),Comfort
9-Apr,23:46:19,64.76øF,31.80%,63øF (Wall),64øF (Ambient2),Comfort
9-Apr,23:46:21,64.76øF,31.80%,63øF (Wall),64øF (Ambient2),Comfort
9-Apr,23:46:23,64.76øF,31.80%,63øF (Wall),64øF (Ambient2),Comfort
9-Apr,23:46:25,64.76øF,31.80%,63øF (Wall),64øF (Ambient2),Comfort
9-Apr,23:46:27,64.76øF,31.80%,63øF (Wall),64øF (Ambient2),Comfort
9-Apr,23:46:29,64.76øF,31.90%,63øF (Wall),64øF (Ambient2),Comfort
9-Apr,23:46:32,64.76øF,32.00%,63øF (Wall),64øF (Ambient2),Comfort
9-Apr,23:46:34,64.76øF,32.10%,63øF (Wall),64øF (Ambient2),Comfort
9-Apr,23:46:36,64.58øF,32.10%,63øF (Wall),64øF (Ambient2),Comfort
9-Apr,23:46:38,64.76øF,32.30%,63øF (Wall),64øF (Ambient2),Comfort
9-Apr,23:46:40,64.76øF,32.30%,63øF (Wall),64øF (Ambient2),Comfort
9-Apr,23:46:42,64.76øF,32.30%,63øF (Wall),64øF (Ambient2),Comfort
9-Apr,23:46:44,64.76øF,32.30%,63øF (Wall),64øF (Ambient2),Comfort
9-Apr,23:46:46,64.76øF,32.30%,63øF (Wall),64øF (Ambient2),Comfort
9-Apr,23:46:48,64.76øF,32.30%,63øF (Wall),64øF (Ambient2),Comfort
9-Apr,23:46:50,64.58øF,32.30%,63øF (Wall),64øF (Ambient2),Comfort
9-Apr,23:46:52,64.76øF,32.40%,63øF (Wall),64øF (Ambient2),Comfort
9-Apr,23:46:54,64.76øF,32.50%,63øF (Wall),64øF (Ambient2),Comfort
9-Apr,23:46:56,64.58øF,32.40%,63øF (Wall),64øF (Ambient2),Comfort
9-Apr,23:46:58,64.58øF,32.50%,63øF (Wall),64øF (Ambient2),Comfort
9-Apr,23:47:00,64.76øF,32.60%,63øF (Wall),64øF (Ambient2),Comfort
9-Apr,23:47:02,64.76øF,32.60%,63øF (Wall),64øF (Ambient2),Comfort
9-Apr,23:47:04,64.76øF,32.70%,63øF (Wall),64øF (Ambient2),Comfort
9-Apr,23:47:06,64.76øF,32.70%,63øF (Wall),64øF (Ambient2),Comfort
9-Apr,23:47:08,64.76øF,32.80%,63øF (Wall),64øF (Ambient2),Comfort
9-Apr,23:47:10,64.76øF,32.80%,63øF (Wall),64øF (Ambient2),Comfort
9-Apr,23:47:12,64.76øF,32.90%,63øF (Wall),64øF (Ambient2),Comfort
9-Apr,23:47:14,64.76øF,32.90%,63øF (Wall),64øF (Ambient2),Comfort
9-Apr,23:47:16,64.76øF,32.90%,63øF (Wall),64øF (Ambient2),Comfort
9-Apr,23:47:18,64.76øF,32.90%,63øF (Wall),64øF (Ambient2),Comfort
9-Apr,23:47:20,64.76øF,32.80%,63øF (Wall),64øF (Ambient2),Comfort
9-Apr,23:47:22,64.76øF,32.70%,63øF (Wall),64øF (Ambient2),Comfort
9-Apr,23:47:25,64.58øF,32.60%,63øF (Wall),64øF (Ambient2),Comfort
9-Apr,23:47:27,64.58øF,32.60%,63øF (Wall),64øF (Ambient2),Comfort
9-Apr,23:47:29,64.58øF,32.60%,63øF (Wall),64øF (Ambient2),Comfort
9-Apr,23:47:31,64.76øF,32.60%,63øF (Wall),64øF (Ambient2),Comfort
9-Apr,23:47:33,64.76øF,32.60%,63øF (Wall),64øF (Ambient2),Comfort
9-Apr,23:47:35,64.76øF,32.60%,63øF (Wall),64øF (Ambient2),Comfort
9-Apr,23:47:37,64.76øF,32.60%,63øF (Wall),64øF (Ambient2),Comfort
9-Apr,23:47:39,64.58øF,32.50%,63øF (Wall),64øF (Ambient2),Comfort
9-Apr,23:47:41,64.76øF,32.50%,63øF (Wall),64øF (Ambient2),Comfort
9-Apr,23:47:43,64.58øF,32.40%,63øF (Wall),64øF (Ambient2),Comfort
9-Apr,23:47:45,64.58øF,32.30%,63øF (Wall),64øF (Ambient2),Comfort
9-Apr,23:47:47,64.58øF,32.30%,63øF (Wall),64øF (Ambient2),Comfort
9-Apr,23:47:49,64.76øF,32.40%,63øF (Wall),64øF (Ambient2),Comfort
9-Apr,23:47:51,64.76øF,32.30%,63øF (Wall),64øF (Ambient2),Comfort
9-Apr,23:47:53,64.76øF,32.30%,63øF (Wall),64øF (Ambient2),Comfort
9-Apr,23:47:55,64.58øF,32.20%,63øF (Wall),64øF (Ambient2),Comfort
9-Apr,23:47:57,64.58øF,32.10%,63øF (Wall),64øF (Ambient2),Comfort
9-Apr,23:47:59,64.58øF,32.10%,63øF (Wall),64øF (Ambient2),Comfort
9-Apr,23:48:01,64.76øF,32.20%,63øF (Wall),64øF (Ambient2),Comfort
9-Apr,23:48:03,64.76øF,32.10%,63øF (Wall),64øF (Ambient2),Comfort
9-Apr,23:48:05,64.58øF,32.00%,63øF (Wall),64øF (Ambient2),Comfort
9-Apr,23:48:07,64.76øF,32.10%,63øF (Wall),64øF (Ambient2),Comfort
9-Apr,23:48:09,64.58øF,32.00%,63øF (Wall),64øF (Ambient2),Comfort
9-Apr,23:48:11,64.76øF,32.10%,63øF (Wall),64øF (Ambient2),Comfort
9-Apr,23:48:13,64.58øF,31.90%,63øF (Wall),64øF (Ambient2),Comfort
9-Apr,23:48:15,64.58øF,31.90%,63øF (Wall),64øF (Ambient2),Comfort
9-Apr,23:48:18,64.58øF,31.90%,63øF (Wall),64øF (Ambient2),Comfort
9-Apr,23:48:20,64.76øF,32.10%,63øF (Wall),64øF (Ambient2),Comfort
9-Apr,23:48:22,64.76øF,32.10%,63øF (Wall),64øF (Ambient2),Comfort
9-Apr,23:48:24,64.58øF,32.10%,63øF (Wall),64øF (Ambient2),Comfort
9-Apr,23:48:26,64.58øF,32.20%,63øF (Wall),64øF (Ambient2),Comfort
9-Apr,23:48:28,64.76øF,32.30%,63øF (Wall),64øF (Ambient2),Comfort
9-Apr,23:48:30,64.58øF,32.20%,63øF (Wall),64øF (Ambient2),Comfort
9-Apr,23:48:32,64.76øF,32.30%,63øF (Wall),64øF (Ambient2),Comfort
9-Apr,23:48:34,64.58øF,32.20%,63øF (Wall),64øF (Ambient2),Comfort
9-Apr,23:48:36,64.58øF,32.20%,63øF (Wall),64øF (Ambient2),Comfort
9-Apr,23:48:38,64.58øF,32.10%,63øF (Wall),64øF (Ambient2),Comfort
9-Apr,23:48:40,64.76øF,32.20%,63øF (Wall),64øF (Ambient2),Comfort
9-Apr,23:48:42,64.76øF,32.20%,63øF (Wall),64øF (Ambient2),Comfort
9-Apr,23:48:44,64.76øF,32.30%,63øF (Wall),64øF (Ambient2),Comfort
9-Apr,23:48:46,64.76øF,32.30%,63øF (Wall),64øF (Ambient2),Comfort
9-Apr,23:48:48,64.76øF,32.40%,63øF (Wall),64øF (Ambient2),Comfort
9-Apr,23:48:50,64.76øF,32.30%,63øF (Wall),64øF (Ambient2),Comfort
9-Apr,23:48:52,64.76øF,32.30%,63øF (Wall),64øF (Ambient2),Comfort
9-Apr,23:48:54,64.58øF,32.10%,63øF (Wall),64øF (Ambient2),Comfort
9-Apr,23:48:56,64.58øF,32.10%,63øF (Wall),64øF (Ambient2),Comfort
9-Apr,23:48:58,64.58øF,32.10%,63øF (Wall),64øF (Ambient2),Comfort
9-Apr,23:49:00,64.76øF,32.20%,63øF (Wall),64øF (Ambient2),Comfort
9-Apr,23:49:02,64.58øF,32.00%,63øF (Wall),64øF (Ambient2),Comfort
9-Apr,23:49:04,64.76øF,32.10%,63øF (Wall),64øF (Ambient2),Comfort
9-Apr,23:49:06,64.76øF,32.10%,63øF (Wall),64øF (Ambient2),Comfort
9-Apr,23:49:08,64.58øF,32.00%,63øF (Wall),64øF (Ambient2),Comfort
9-Apr,23:49:11,64.58øF,31.90%,63øF (Wall),64øF (Ambient2),Comfort
9-Apr,23:49:13,64.58øF,31.90%,63øF (Wall),64øF (Ambient2),Comfort
9-Apr,23:49:15,64.58øF,31.90%,63øF (Wall),64øF (Ambient2),Comfort
9-Apr,23:49:17,64.76øF,32.00%,63øF (Wall),64øF (Ambient2),Comfort
9-Apr,23:49:19,64.76øF,32.10%,63øF (Wall),64øF (Ambient2),Comfort
9-Apr,23:49:21,64.76øF,32.20%,63øF (Wall),64øF (Ambient2),Comfort
9-Apr,23:49:23,64.76øF,32.20%,63øF (Wall),64øF (Ambient2),Comfort
9-Apr,23:49:25,64.76øF,32.20%,63øF (Wall),64øF (Ambient2),Comfort
9-Apr,23:49:27,64.76øF,32.20%,63øF (Wall),64øF (Ambient2),Comfort
9-Apr,23:49:29,64.58øF,32.00%,63øF (Wall),64øF (Ambient2),Comfort
9-Apr,23:49:31,64.58øF,32.00%,63øF (Wall),64øF (Ambient2),Comfort
9-Apr,23:49:33,64.58øF,31.90%,63øF (Wall),64øF (Ambient2),Comfort
9-Apr,23:49:35,64.58øF,31.90%,63øF (Wall),64øF (Ambient2),Comfort
9-Apr,23:49:37,64.76øF,32.00%,63øF (Wall),64øF (Ambient2),Comfort
9-Apr,23:49:39,64.58øF,31.90%,63øF (Wall),64øF (Ambient2),Comfort
9-Apr,23:49:41,64.76øF,32.00%,63øF (Wall),64øF (Ambient2),Comfort
9-Apr,23:49:43,64.58øF,32.00%,63øF (Wall),64øF (Ambient2),Comfort
9-Apr,23:49:45,64.58øF,31.90%,63øF (Wall),64øF (Ambient2),Comfort
9-Apr,23:49:47,64.58øF,31.90%,63øF (Wall),64øF (Ambient2),Comfort
9-Apr,23:49:49,64.58øF,31.90%,63øF (Wall),64øF (Ambient2),Comfort
9-Apr,23:49:51,64.76øF,32.00%,63øF (Wall),64øF (Ambient2),Comfort
9-Apr,23:49:53,64.76øF,32.00%,63øF (Wall),64øF (Ambient2),Comfort
9-Apr,23:49:55,64.76øF,32.00%,63øF (Wall),64øF (Ambient2),Comfort
9-Apr,23:49:57,64.58øF,31.80%,63øF (Wall),64øF (Ambient2),Comfort
9-Apr,23:49:59,64.58øF,31.80%,63øF (Wall),64øF (Ambient2),Comfort
9-Apr,23:50:01,64.58øF,31.80%,63øF (Wall),64øF (Ambient2),Comfort
9-Apr,23:50:04,64.76øF,31.90%,63øF (Wall),64øF (Ambient2),Comfort
9-Apr,23:50:06,64.58øF,31.80%,63øF (Wall),64øF (Ambient2),Comfort
9-Apr,23:50:08,64.76øF,31.90%,63øF (Wall),64øF (Ambient2),Comfort
9-Apr,23:50:10,64.58øF,31.70%,63øF (Wall),64øF (Ambient2),Comfort
9-Apr,23:50:12,64.76øF,31.80%,63øF (Wall),64øF (Ambient2),Comfort
9-Apr,23:50:14,64.76øF,31.70%,63øF (Wall),64øF (Ambient2),Comfort
9-Apr,23:50:16,64.58øF,31.50%,63øF (Wall),64øF (Ambient2),Comfort
9-Apr,23:50:18,64.58øF,31.50%,63øF (Wall),64øF (Ambient2),Comfort
9-Apr,23:50:20,64.58øF,31.50%,63øF (Wall),64øF (Ambient2),Comfort
9-Apr,23:50:22,64.76øF,31.50%,63øF (Wall),64øF (Ambient2),Comfort
9-Apr,23:50:24,64.58øF,31.40%,63øF (Wall),64øF (Ambient2),Comfort
9-Apr,23:50:26,64.58øF,31.30%,63øF (Wall),64øF (Ambient2),Comfort
9-Apr,23:50:28,64.58øF,31.30%,63øF (Wall),64øF (Ambient2),Comfort
9-Apr,23:50:30,64.76øF,31.30%,63øF (Wall),64øF (Ambient2),Comfort
9-Apr,23:50:32,64.58øF,31.20%,63øF (Wall),64øF (Ambient2),Comfort
9-Apr,23:50:34,64.58øF,31.20%,63øF (Wall),64øF (Ambient2),Comfort
9-Apr,23:50:36,64.58øF,31.10%,63øF (Wall),64øF (Ambient2),Comfort
9-Apr,23:50:38,64.76øF,31.20%,63øF (Wall),64øF (Ambient2),Comfort
9-Apr,23:50:40,64.58øF,31.10%,63øF (Wall),64øF (Ambient2),Comfort
9-Apr,23:50:42,64.58øF,31.10%,63øF (Wall),64øF (Ambient2),Comfort
9-Apr,23:50:44,64.76øF,31.10%,63øF (Wall),64øF (Ambient2),Comfort
9-Apr,23:50:46,64.58øF,31.00%,63øF (Wall),64øF (Ambient2),Comfort
9-Apr,23:50:48,64.76øF,31.10%,63øF (Wall),64øF (Ambient2),Comfort
9-Apr,23:50:50,64.58øF,31.00%,63øF (Wall),64øF (Ambient2),Comfort
9-Apr,23:50:52,64.76øF,31.10%,63øF (Wall),64øF (Ambient2),Comfort
9-Apr,23:50:54,64.58øF,31.00%,63øF (Wall),64øF (Ambient2),Comfort
9-Apr,23:50:57,64.76øF,31.10%,63øF (Wall),64øF (Ambient2),Comfort
9-Apr,23:50:59,64.58øF,31.10%,63øF (Wall),64øF (Ambient2),Comfort
9-Apr,23:51:01,64.58øF,31.10%,63øF (Wall),64øF (Ambient2),Comfort
9-Apr,23:51:03,64.58øF,31.10%,63øF (Wall),64øF (Ambient2),Comfort
9-Apr,23:51:05,64.58øF,31.10%,63øF (Wall),64øF (Ambient2),Comfort
9-Apr,23:51:07,64.76øF,31.20%,63øF (Wall),64øF (Ambient2),Comfort
9-Apr,23:51:09,64.76øF,31.20%,63øF (Wall),64øF (Ambient2),Comfort
9-Apr,23:51:11,64.58øF,31.20%,63øF (Wall),64øF (Ambient2),Comfort
9-Apr,23:51:13,64.58øF,31.20%,63øF (Wall),64øF (Ambient2),Comfort
9-Apr,23:51:15,64.58øF,31.30%,63øF (Wall),64øF (Ambient2),Comfort
9-Apr,23:51:17,64.58øF,31.30%,63øF (Wall),64øF (Ambient2),Comfort
9-Apr,23:51:19,64.58øF,31.30%,63øF (Wall),64øF (Ambient2),Comfort
9-Apr,23:51:21,64.58øF,31.40%,63øF (Wall),64øF (Ambient2),Comfort
9-Apr,23:51:23,64.58øF,31.50%,63øF (Wall),64øF (Ambient2),Comfort
9-Apr,23:51:25,64.58øF,31.50%,63øF (Wall),64øF (Ambient2),Comfort
9-Apr,23:51:27,64.58øF,31.60%,63øF (Wall),64øF (Ambient2),Comfort
9-Apr,23:51:29,64.58øF,31.60%,63øF (Wall),64øF (Ambient2),Comfort
9-Apr,23:51:31,64.58øF,31.60%,63øF (Wall),64øF (Ambient2),Comfort
9-Apr,23:51:33,64.58øF,31.50%,63øF (Wall),64øF (Ambient2),Comfort
9-Apr,23:51:35,64.58øF,31.50%,63øF (Wall),64øF (Ambient2),Comfort
9-Apr,23:51:37,64.58øF,31.50%,63øF (Wall),64øF (Ambient2),Comfort
9-Apr,23:51:39,64.58øF,31.60%,63øF (Wall),64øF (Ambient2),Comfort
9-Apr,23:51:41,64.58øF,31.70%,63øF (Wall),64øF (Ambient2),Comfort
9-Apr,23:51:43,64.58øF,31.90%,63øF (Wall),64øF (Ambient2),Comfort
9-Apr,23:51:45,64.58øF,32.00%,63øF (Wall),64øF (Ambient2),Comfort
9-Apr,23:51:47,64.58øF,32.10%,63øF (Wall),64øF (Ambient2),Comfort
9-Apr,23:51:50,64.58øF,32.10%,63øF (Wall),64øF (Ambient2),Comfort
9-Apr,23:51:52,64.58øF,32.10%,63øF (Wall),64øF (Ambient2),Comfort
9-Apr,23:51:54,64.58øF,32.10%,63øF (Wall),64øF (Ambient2),Comfort
9-Apr,23:51:56,64.58øF,32.10%,63øF (Wall),64øF (Ambient2),Comfort
9-Apr,23:51:58,64.58øF,32.10%,63øF (Wall),64øF (Ambient2),Comfort
9-Apr,23:52:00,64.58øF,32.10%,63øF (Wall),64øF (Ambient2),Comfort
9-Apr,23:52:02,64.58øF,32.00%,63øF (Wall),64øF (Ambient2),Comfort
9-Apr,23:52:04,64.58øF,31.90%,63øF (Wall),64øF (Ambient2),Comfort
9-Apr,23:52:06,64.58øF,31.80%,63øF (Wall),64øF (Ambient2),Comfort
9-Apr,23:52:08,64.58øF,31.80%,63øF (Wall),64øF (Ambient2),Comfort
9-Apr,23:52:10,64.58øF,31.80%,63øF (Wall),64øF (Ambient2),Comfort
9-Apr,23:52:12,64.58øF,31.90%,63øF (Wall),64øF (Ambient2),Comfort
9-Apr,23:52:14,64.58øF,32.00%,63øF (Wall),64øF (Ambient2),Comfort
9-Apr,23:52:16,64.58øF,32.00%,63øF (Wall),64øF (Ambient2),Comfort
9-Apr,23:52:18,64.58øF,32.00%,63øF (Wall),64øF (Ambient2),Comfort
9-Apr,23:52:20,64.58øF,32.00%,63øF (Wall),64øF (Ambient2),Comfort
9-Apr,23:52:22,64.58øF,32.00%,63øF (Wall),64øF (Ambient2),Comfort
9-Apr,23:52:24,64.58øF,32.00%,63øF (Wall),64øF (Ambient2),Comfort
9-Apr,23:52:26,64.58øF,32.00%,63øF (Wall),64øF (Ambient2),Comfort
9-Apr,23:52:28,64.58øF,32.00%,63øF (Wall),64øF (Ambient2),Comfort
9-Apr,23:52:30,64.58øF,32.10%,63øF (Wall),64øF (Ambient2),Comfort
9-Apr,23:52:32,64.58øF,32.20%,63øF (Wall),64øF (Ambient2),Comfort
9-Apr,23:52:34,64.58øF,32.30%,63øF (Wall),64øF (Ambient2),Comfort
9-Apr,23:52:36,64.58øF,32.30%,63øF (Wall),64øF (Ambient2),Comfort
9-Apr,23:52:38,64.58øF,32.50%,63øF (Wall),64øF (Ambient2),Comfort
9-Apr,23:52:40,64.58øF,32.60%,63øF (Wall),64øF (Ambient2),Comfort
9-Apr,23:52:43,64.58øF,32.70%,63øF (Wall),64øF (Ambient2),Comfort
9-Apr,23:52:45,64.58øF,32.80%,63øF (Wall),64øF (Ambient2),Comfort
9-Apr,23:52:47,64.58øF,32.90%,63øF (Wall),64øF (Ambient2),Comfort
9-Apr,23:52:49,64.58øF,33.00%,63øF (Wall),64øF (Ambient2),Comfort
9-Apr,23:52:51,64.58øF,33.00%,63øF (Wall),64øF (Ambient2),Comfort
9-Apr,23:52:53,64.58øF,33.10%,63øF (Wall),64øF (Ambient2),Comfort
9-Apr,23:52:55,64.58øF,33.10%,63øF (Wall),64øF (Ambient2),Comfort
9-Apr,23:52:57,64.58øF,33.10%,63øF (Wall),64øF (Ambient2),Comfort
9-Apr,23:52:59,64.58øF,33.20%,63øF (Wall),64øF (Ambient2),Comfort
9-Apr,23:53:01,64.58øF,33.30%,63øF (Wall),64øF (Ambient2),Comfort
9-Apr,23:53:03,64.58øF,33.30%,63øF (Wall),64øF (Ambient2),Comfort
9-Apr,23:53:05,64.76øF,33.40%,63øF (Wall),64øF (Ambient2),Comfort
9-Apr,23:53:07,64.76øF,33.40%,63øF (Wall),64øF (Ambient2),Comfort
9-Apr,23:53:09,64.76øF,33.50%,63øF (Wall),64øF (Ambient2),Comfort
9-Apr,23:53:11,64.58øF,33.40%,63øF (Wall),64øF (Ambient2),Comfort
9-Apr,23:53:13,64.76øF,33.50%,63øF (Wall),64øF (Ambient2),Comfort
9-Apr,23:53:15,64.76øF,33.50%,63øF (Wall),64øF (Ambient2),Comfort
9-Apr,23:53:17,64.58øF,33.50%,63øF (Wall),64øF (Ambient2),Comfort
9-Apr,23:53:19,64.58øF,33.50%,63øF (Wall),64øF (Ambient2),Comfort
9-Apr,23:53:21,64.58øF,33.50%,63øF (Wall),64øF (Ambient2),Comfort
9-Apr,23:53:23,64.76øF,33.60%,63øF (Wall),64øF (Ambient2),Comfort
9-Apr,23:53:25,64.58øF,33.50%,63øF (Wall),64øF (Ambient2),Comfort
9-Apr,23:53:27,64.76øF,33.70%,63øF (Wall),64øF (Ambient2),Comfort
9-Apr,23:53:29,64.76øF,33.70%,63øF (Wall),64øF (Ambient2),Comfort
9-Apr,23:53:31,64.58øF,33.70%,63øF (Wall),64øF (Ambient2),Comfort
9-Apr,23:53:33,64.58øF,33.70%,63øF (Wall),64øF (Ambient2),Comfort
9-Apr,23:53:35,64.76øF,33.80%,63øF (Wall),64øF (Ambient2),Comfort
9-Apr,23:53:38,64.58øF,33.70%,63øF (Wall),64øF (Ambient2),Comfort
9-Apr,23:53:40,64.76øF,33.70%,63øF (Wall),64øF (Ambient2),Comfort
9-Apr,23:53:42,64.76øF,33.70%,63øF (Wall),64øF (Ambient2),Comfort
9-Apr,23:53:44,64.76øF,33.70%,63øF (Wall),64øF (Ambient2),Comfort
9-Apr,23:53:46,64.76øF,33.70%,63øF (Wall),64øF (Ambient2),Comfort
9-Apr,23:53:48,64.76øF,33.70%,63øF (Wall),64øF (Ambient2),Comfort
9-Apr,23:53:50,64.76øF,33.70%,63øF (Wall),64øF (Ambient2),Comfort
9-Apr,23:53:52,64.76øF,33.70%,63øF (Wall),65øF (Ambient2),Comfort
9-Apr,23:53:54,64.76øF,33.60%,63øF (Wall),65øF (Ambient2),Comfort
9-Apr,23:53:56,64.76øF,33.60%,63øF (Wall),65øF (Ambient2),Comfort
9-Apr,23:53:58,64.76øF,33.60%,63øF (Wall),65øF (Ambient2),Comfort
9-Apr,23:54:00,64.76øF,33.60%,63øF (Wall),65øF (Ambient2),Comfort
9-Apr,23:54:02,64.76øF,33.60%,63øF (Wall),65øF (Ambient2),Comfort
9-Apr,23:54:04,64.76øF,33.60%,63øF (Wall),65øF (Ambient2),Comfort
9-Apr,23:54:06,64.76øF,33.60%,63øF (Wall),65øF (Ambient2),Comfort
9-Apr,23:54:08,64.76øF,33.60%,63øF (Wall),65øF (Ambient2),Comfort
9-Apr,23:54:10,64.76øF,33.60%,63øF (Wall),65øF (Ambient2),Comfort
9-Apr,23:54:12,64.76øF,33.50%,63øF (Wall),65øF (Ambient2),Comfort
9-Apr,23:54:14,64.76øF,33.40%,63øF (Wall),65øF (Ambient2),Comfort
9-Apr,23:54:16,64.76øF,33.40%,63øF (Wall),65øF (Ambient2),Comfort
9-Apr,23:54:18,64.76øF,33.40%,63øF (Wall),65øF (Ambient2),Comfort
9-Apr,23:54:20,64.76øF,33.40%,63øF (Wall),65øF (Ambient2),Comfort
9-Apr,23:54:22,64.76øF,33.30%,63øF (Wall),65øF (Ambient2),Comfort
9-Apr,23:54:24,64.76øF,33.20%,63øF (Wall),65øF (Ambient2),Comfort
9-Apr,23:54:26,64.76øF,33.20%,63øF (Wall),65øF (Ambient2),Comfort
9-Apr,23:54:28,64.76øF,33.10%,63øF (Wall),65øF (Ambient2),Comfort
9-Apr,23:54:31,64.76øF,33.00%,63øF (Wall),65øF (Ambient2),Comfort
9-Apr,23:54:33,64.76øF,32.90%,63øF (Wall),65øF (Ambient2),Comfort
9-Apr,23:54:35,64.76øF,32.90%,63øF (Wall),65øF (Ambient2),Comfort
9-Apr,23:54:37,64.76øF,32.90%,63øF (Wall),65øF (Ambient2),Comfort
9-Apr,23:54:39,64.76øF,32.90%,63øF (Wall),65øF (Ambient2),Comfort
9-Apr,23:54:41,64.76øF,32.90%,63øF (Wall),65øF (Ambient2),Comfort
9-Apr,23:54:43,64.76øF,33.00%,63øF (Wall),65øF (Ambient2),Comfort
9-Apr,23:54:45,64.76øF,33.00%,63øF (Wall),65øF (Ambient2),Comfort
9-Apr,23:54:47,64.76øF,33.00%,63øF (Wall),65øF (Ambient2),Comfort
9-Apr,23:54:49,64.76øF,33.00%,63øF (Wall),65øF (Ambient2),Comfort
9-Apr,23:54:51,64.76øF,33.00%,63øF (Wall),65øF (Ambient2),Comfort
9-Apr,23:54:53,64.76øF,33.00%,63øF (Wall),65øF (Ambient2),Comfort
9-Apr,23:54:55,64.76øF,33.00%,63øF (Wall),65øF (Ambient2),Comfort
9-Apr,23:54:57,64.76øF,33.00%,63øF (Wall),65øF (Ambient2),Comfort
9-Apr,23:54:59,64.76øF,32.90%,63øF (Wall),65øF (Ambient2),Comfort
9-Apr,23:55:01,64.76øF,32.90%,63øF (Wall),65øF (Ambient2),Comfort
9-Apr,23:55:03,64.76øF,32.90%,63øF (Wall),65øF (Ambient2),Comfort
9-Apr,23:55:05,64.76øF,33.00%,63øF (Wall),65øF (Ambient2),Comfort
9-Apr,23:55:07,64.76øF,32.90%,63øF (Wall),65øF (Ambient2),Comfort
9-Apr,23:55:09,64.76øF,32.90%,63øF (Wall),65øF (Ambient2),Comfort
9-Apr,23:55:11,64.76øF,32.80%,63øF (Wall),65øF (Ambient2),Comfort
9-Apr,23:55:13,64.76øF,32.70%,63øF (Wall),65øF (Ambient2),Comfort
9-Apr,23:55:15,64.76øF,32.70%,63øF (Wall),65øF (Ambient2),Comfort
9-Apr,23:55:17,64.76øF,32.60%,63øF (Wall),65øF (Ambient2),Comfort
9-Apr,23:55:19,64.76øF,32.50%,63øF (Wall),65øF (Ambient2),Comfort
9-Apr,23:55:21,64.76øF,32.50%,63øF (Wall),65øF (Ambient2),Comfort
9-Apr,23:55:24,64.76øF,32.50%,63øF (Wall),65øF (Ambient2),Comfort
9-Apr,23:55:26,64.76øF,32.50%,63øF (Wall),65øF (Ambient2),Comfort
9-Apr,23:55:28,64.76øF,32.50%,63øF (Wall),65øF (Ambient2),Comfort
9-Apr,23:55:30,64.76øF,32.50%,63øF (Wall),65øF (Ambient2),Comfort
9-Apr,23:55:32,64.76øF,32.60%,63øF (Wall),65øF (Ambient2),Comfort
9-Apr,23:55:34,64.76øF,32.60%,63øF (Wall),65øF (Ambient2),Comfort
9-Apr,23:55:36,64.76øF,32.70%,63øF (Wall),65øF (Ambient2),Comfort
9-Apr,23:55:38,64.76øF,32.70%,63øF (Wall),65øF (Ambient2),Comfort
9-Apr,23:55:40,64.76øF,32.70%,63øF (Wall),65øF (Ambient2),Comfort
9-Apr,23:55:42,64.76øF,32.60%,63øF (Wall),65øF (Ambient2),Comfort
9-Apr,23:55:44,64.76øF,32.60%,63øF (Wall),65øF (Ambient2),Comfort
9-Apr,23:55:46,64.76øF,32.50%,63øF (Wall),65øF (Ambient2),Comfort
9-Apr,23:55:48,64.76øF,32.40%,63øF (Wall),65øF (Ambient2),Comfort
9-Apr,23:55:50,64.76øF,32.30%,63øF (Wall),65øF (Ambient2),Comfort
9-Apr,23:55:52,64.76øF,32.30%,63øF (Wall),65øF (Ambient2),Comfort
9-Apr,23:55:54,64.76øF,32.20%,63øF (Wall),65øF (Ambient2),Comfort
9-Apr,23:55:56,64.76øF,32.20%,63øF (Wall),65øF (Ambient2),Comfort
9-Apr,23:55:58,64.76øF,32.20%,63øF (Wall),65øF (Ambient2),Comfort
9-Apr,23:56:00,64.76øF,32.30%,63øF (Wall),65øF (Ambient2),Comfort
9-Apr,23:56:02,64.76øF,32.30%,63øF (Wall),65øF (Ambient2),Comfort
9-Apr,23:56:04,64.76øF,32.40%,63øF (Wall),65øF (Ambient2),Comfort
9-Apr,23:56:06,64.76øF,32.40%,63øF (Wall),65øF (Ambient2),Comfort
9-Apr,23:56:08,64.76øF,32.50%,63øF (Wall),65øF (Ambient2),Comfort
9-Apr,23:56:11,64.76øF,32.50%,63øF (Wall),65øF (Ambient2),Comfort
9-Apr,23:56:13,64.76øF,32.50%,63øF (Wall),65øF (Ambient2),Comfort
9-Apr,23:56:15,64.76øF,32.50%,63øF (Wall),65øF (Ambient2),Comfort
9-Apr,23:56:17,64.76øF,32.40%,63øF (Wall),65øF (Ambient2),Comfort
9-Apr,23:56:19,64.76øF,32.30%,63øF (Wall),65øF (Ambient2),Comfort
9-Apr,23:56:21,64.76øF,32.30%,63øF (Wall),65øF (Ambient2),Comfort
9-Apr,23:56:23,64.76øF,32.30%,63øF (Wall),65øF (Ambient2),Comfort
9-Apr,23:56:25,64.76øF,32.20%,63øF (Wall),65øF (Ambient2),Comfort
9-Apr,23:56:27,64.76øF,32.20%,63øF (Wall),65øF (Ambient2),Comfort
9-Apr,23:56:29,64.76øF,32.30%,63øF (Wall),65øF (Ambient2),Comfort
9-Apr,23:56:31,64.76øF,32.30%,63øF (Wall),65øF (Ambient2),Comfort
9-Apr,23:56:33,64.76øF,32.20%,63øF (Wall),65øF (Ambient2),Comfort
9-Apr,23:56:35,64.76øF,32.20%,63øF (Wall),65øF (Ambient2),Comfort
9-Apr,23:56:37,64.76øF,32.20%,63øF (Wall),65øF (Ambient2),Comfort
9-Apr,23:56:39,64.76øF,32.20%,63øF (Wall),65øF (Ambient2),Comfort
9-Apr,23:56:41,64.76øF,32.10%,63øF (Wall),65øF (Ambient2),Comfort
9-Apr,23:56:43,64.76øF,32.00%,63øF (Wall),65øF (Ambient2),Comfort
9-Apr,23:56:45,64.76øF,31.90%,63øF (Wall),65øF (Ambient2),Comfort
9-Apr,23:56:47,64.76øF,31.90%,63øF (Wall),65øF (Ambient2),Comfort
9-Apr,23:56:49,64.76øF,32.00%,63øF (Wall),65øF (Ambient2),Comfort
9-Apr,23:56:51,64.76øF,32.10%,63øF (Wall),65øF (Ambient2),Comfort
9-Apr,23:56:53,64.76øF,32.20%,63øF (Wall),65øF (Ambient2),Comfort
9-Apr,23:56:55,64.76øF,32.20%,63øF (Wall),65øF (Ambient2),Comfort
9-Apr,23:56:57,64.76øF,32.30%,63øF (Wall),65øF (Ambient2),Comfort
9-Apr,23:56:59,64.76øF,32.40%,63øF (Wall),65øF (Ambient2),Comfort
9-Apr,23:57:01,64.76øF,32.40%,63øF (Wall),65øF (Ambient2),Comfort
9-Apr,23:57:04,64.76øF,32.50%,63øF (Wall),65øF (Ambient2),Comfort
9-Apr,23:57:06,64.76øF,32.50%,63øF (Wall),65øF (Ambient2),Comfort
9-Apr,23:57:08,64.76øF,32.50%,63øF (Wall),65øF (Ambient2),Comfort
9-Apr,23:57:10,64.76øF,32.50%,63øF (Wall),65øF (Ambient2),Comfort
9-Apr,23:57:12,64.76øF,32.50%,63øF (Wall),65øF (Ambient2),Comfort
9-Apr,23:57:14,64.76øF,32.40%,63øF (Wall),65øF (Ambient2),Comfort
9-Apr,23:57:16,64.94øF,32.40%,63øF (Wall),65øF (Ambient2),Comfort
9-Apr,23:57:18,64.94øF,32.30%,63øF (Wall),65øF (Ambient2),Comfort
9-Apr,23:57:20,64.94øF,32.30%,63øF (Wall),65øF (Ambient2),Comfort
9-Apr,23:57:22,64.94øF,32.30%,63øF (Wall),65øF (Ambient2),Comfort
9-Apr,23:57:24,64.94øF,32.20%,63øF (Wall),65øF (Ambient2),Comfort
9-Apr,23:57:26,64.94øF,32.20%,63øF (Wall),65øF (Ambient2),Comfort
9-Apr,23:57:28,64.94øF,32.20%,63øF (Wall),65øF (Ambient2),Comfort
9-Apr,23:57:30,64.94øF,32.20%,63øF (Wall),65øF (Ambient2),Comfort
9-Apr,23:57:32,64.94øF,32.20%,63øF (Wall),65øF (Ambient2),Comfort
9-Apr,23:57:34,64.94øF,32.30%,63øF (Wall),65øF (Ambient2),Comfort
9-Apr,23:57:36,64.94øF,32.30%,63øF (Wall),65øF (Ambient2),Comfort
9-Apr,23:57:38,64.94øF,32.20%,63øF (Wall),65øF (Ambient2),Comfort
9-Apr,23:57:40,64.94øF,32.30%,63øF (Wall),65øF (Ambient2),Comfort
9-Apr,23:57:42,64.94øF,32.30%,63øF (Wall),65øF (Ambient2),Comfort
9-Apr,23:57:44,64.94øF,32.40%,63øF (Wall),65øF (Ambient2),Comfort
9-Apr,23:57:46,64.94øF,32.40%,63øF (Wall),65øF (Ambient2),Comfort
9-Apr,23:57:48,64.94øF,32.50%,63øF (Wall),65øF (Ambient2),Comfort
9-Apr,23:57:50,64.94øF,32.60%,63øF (Wall),65øF (Ambient2),Comfort
9-Apr,23:57:52,64.94øF,32.60%,63øF (Wall),65øF (Ambient2),Comfort
9-Apr,23:57:54,64.94øF,32.70%,63øF (Wall),65øF (Ambient2),Comfort
9-Apr,23:57:57,64.94øF,32.80%,63øF (Wall),65øF (Ambient2),Comfort
9-Apr,23:57:59,64.94øF,32.90%,63øF (Wall),65øF (Ambient2),Comfort
9-Apr,23:58:01,64.94øF,32.90%,63øF (Wall),65øF (Ambient2),Comfort
9-Apr,23:58:03,64.94øF,32.90%,63øF (Wall),65øF (Ambient2),Comfort
9-Apr,23:58:05,64.94øF,33.00%,63øF (Wall),65øF (Ambient2),Comfort
9-Apr,23:58:07,64.94øF,33.00%,63øF (Wall),65øF (Ambient2),Comfort
9-Apr,23:58:09,64.94øF,32.80%,63øF (Wall),65øF (Ambient2),Comfort
9-Apr,23:58:11,64.94øF,32.60%,63øF (Wall),65øF (Ambient2),Comfort
9-Apr,23:58:13,64.94øF,32.50%,63øF (Wall),65øF (Ambient2),Comfort
9-Apr,23:58:15,64.94øF,32.30%,63øF (Wall),65øF (Ambient2),Comfort
9-Apr,23:58:17,64.94øF,32.10%,63øF (Wall),65øF (Ambient2),Comfort
9-Apr,23:58:19,64.94øF,32.00%,63øF (Wall),65øF (Ambient2),Comfort
9-Apr,23:58:21,64.94øF,31.90%,63øF (Wall),65øF (Ambient2),Comfort
9-Apr,23:58:23,64.94øF,31.70%,63øF (Wall),65øF (Ambient2),Comfort
9-Apr,23:58:25,64.94øF,31.60%,63øF (Wall),65øF (Ambient2),Comfort
9-Apr,23:58:27,64.76øF,31.50%,63øF (Wall),65øF (Ambient2),Comfort
9-Apr,23:58:29,64.94øF,31.50%,63øF (Wall),65øF (Ambient2),Comfort
9-Apr,23:58:31,64.94øF,31.50%,63øF (Wall),65øF (Ambient2),Comfort
9-Apr,23:58:33,64.76øF,31.30%,63øF (Wall),65øF (Ambient2),Comfort
9-Apr,23:58:35,64.94øF,31.30%,63øF (Wall),65øF (Ambient2),Comfort
9-Apr,23:58:37,64.76øF,31.10%,63øF (Wall),65øF (Ambient2),Comfort
9-Apr,23:58:39,64.76øF,31.00%,63øF (Wall),65øF (Ambient2),Comfort
9-Apr,23:58:41,64.76øF,30.90%,63øF (Wall),65øF (Ambient2),Comfort
9-Apr,23:58:43,64.94øF,31.00%,63øF (Wall),65øF (Ambient2),Comfort
9-Apr,23:58:45,64.76øF,30.80%,63øF (Wall),65øF (Ambient2),Comfort
9-Apr,23:58:47,64.76øF,30.80%,63øF (Wall),65øF (Ambient2),Comfort
9-Apr,23:58:50,64.76øF,30.80%,63øF (Wall),65øF (Ambient2),Comfort
9-Apr,23:58:52,64.76øF,30.80%,63øF (Wall),65øF (Ambient2),Comfort
9-Apr,23:58:54,64.76øF,30.80%,63øF (Wall),65øF (Ambient2),Comfort
9-Apr,23:58:56,64.94øF,30.90%,63øF (Wall),65øF (Ambient2),Comfort
9-Apr,23:58:58,64.94øF,30.80%,63øF (Wall),65øF (Ambient2),Comfort
9-Apr,23:59:00,64.76øF,30.70%,63øF (Wall),64øF (Ambient2),Comfort
9-Apr,23:59:02,64.76øF,30.70%,63øF (Wall),65øF (Ambient2),Comfort
9-Apr,23:59:04,64.94øF,30.90%,63øF (Wall),65øF (Ambient2),Comfort
9-Apr,23:59:06,64.76øF,30.70%,63øF (Wall),64øF (Ambient2),Comfort
9-Apr,23:59:08,64.76øF,30.60%,63øF (Wall),65øF (Ambient2),Comfort
9-Apr,23:59:10,64.76øF,30.60%,63øF (Wall),64øF (Ambient2),Comfort
9-Apr,23:59:12,64.76øF,30.60%,63øF (Wall),64øF (Ambient2),Comfort
9-Apr,23:59:14,64.76øF,30.70%,63øF (Wall),64øF (Ambient2),Comfort
9-Apr,23:59:16,64.94øF,30.80%,63øF (Wall),64øF (Ambient2),Comfort
9-Apr,23:59:18,64.76øF,30.90%,63øF (Wall),64øF (Ambient2),Comfort
9-Apr,23:59:20,64.76øF,30.90%,63øF (Wall),64øF (Ambient2),Comfort
9-Apr,23:59:22,64.76øF,30.90%,63øF (Wall),64øF (Ambient2),Comfort
9-Apr,23:59:24,64.76øF,30.70%,63øF (Wall),64øF (Ambient2),Comfort
9-Apr,23:59:26,64.76øF,30.60%,63øF (Wall),65øF (Ambient2),Comfort
9-Apr,23:59:28,64.76øF,30.50%,63øF (Wall),64øF (Ambient2),Comfort
9-Apr,23:59:30,64.76øF,30.40%,63øF (Wall),64øF (Ambient2),Comfort
9-Apr,23:59:32,64.76øF,30.50%,63øF (Wall),64øF (Ambient2),Comfort
9-Apr,23:59:34,64.76øF,30.50%,63øF (Wall),64øF (Ambient2),Comfort
9-Apr,23:59:36,64.76øF,30.60%,63øF (Wall),64øF (Ambient2),Comfort
9-Apr,23:59:38,64.76øF,30.70%,63øF (Wall),64øF (Ambient2),Comfort
9-Apr,23:59:40,64.76øF,30.80%,63øF (Wall),64øF (Ambient2),Comfort
9-Apr,23:59:43,64.76øF,31.00%,63øF (Wall),64øF (Ambient2),Comfort
9-Apr,23:59:45,64.76øF,31.10%,63øF (Wall),64øF (Ambient2),Comfort
9-Apr,23:59:47,64.76øF,31.20%,63øF (Wall),64øF (Ambient2),Comfort
9-Apr,23:59:49,64.76øF,31.30%,63øF (Wall),64øF (Ambient2),Comfort
9-Apr,23:59:51,64.76øF,31.40%,63øF (Wall),64øF (Ambient2),Comfort
9-Apr,23:59:53,64.76øF,31.40%,63øF (Wall),64øF (Ambient2),Comfort
9-Apr,23:59:55,64.76øF,31.50%,63øF (Wall),64øF (Ambient2),Comfort
9-Apr,23:59:57,64.76øF,31.60%,63øF (Wall),64øF (Ambient2),Comfort
9-Apr,23:59:59,64.76øF,31.70%,63øF (Wall),64øF (Ambient2),Comfort
10-Apr,0:00:01,64.76øF,31.80%,63øF (Wall),64øF (Ambient2),Comfort
10-Apr,0:00:03,64.76øF,31.80%,63øF (Wall),64øF (Ambient2),Comfort
10-Apr,0:00:05,64.76øF,31.90%,63øF (Wall),64øF (Ambient2),Comfort
10-Apr,0:00:07,64.76øF,31.90%,63øF (Wall),64øF (Ambient2),Comfort
10-Apr,0:00:09,64.76øF,31.80%,63øF (Wall),64øF (Ambient2),Comfort
10-Apr,0:00:11,64.76øF,31.80%,63øF (Wall),64øF (Ambient2),Comfort
10-Apr,0:00:13,64.76øF,31.80%,63øF (Wall),64øF (Ambient2),Comfort
10-Apr,0:00:15,64.76øF,31.80%,63øF (Wall),64øF (Ambient2),Comfort
10-Apr,0:00:17,64.76øF,31.80%,63øF (Wall),64øF (Ambient2),Comfort
10-Apr,0:00:19,64.76øF,31.80%,63øF (Wall),64øF (Ambient2),Comfort
10-Apr,0:00:21,64.76øF,31.70%,63øF (Wall),64øF (Ambient2),Comfort
10-Apr,0:00:23,64.76øF,31.60%,63øF (Wall),64øF (Ambient2),Comfort
10-Apr,0:00:25,64.76øF,31.50%,63øF (Wall),64øF (Ambient2),Comfort
10-Apr,0:00:27,64.76øF,31.50%,63øF (Wall),64øF (Ambient2),Comfort
10-Apr,0:00:29,64.76øF,31.40%,63øF (Wall),64øF (Ambient2),Comfort
10-Apr,0:00:31,64.76øF,31.20%,63øF (Wall),64øF (Ambient2),Comfort
10-Apr,0:00:33,64.76øF,31.10%,63øF (Wall),64øF (Ambient2),Comfort
10-Apr,0:00:35,64.76øF,31.10%,63øF (Wall),64øF (Ambient2),Comfort
10-Apr,0:00:38,64.76øF,31.00%,63øF (Wall),64øF (Ambient2),Comfort
10-Apr,0:00:40,64.76øF,31.00%,63øF (Wall),64øF (Ambient2),Comfort
10-Apr,0:00:42,64.76øF,31.00%,63øF (Wall),64øF (Ambient2),Comfort
10-Apr,0:00:44,64.76øF,31.00%,63øF (Wall),64øF (Ambient2),Comfort
10-Apr,0:00:46,64.76øF,31.00%,63øF (Wall),64øF (Ambient2),Comfort
10-Apr,0:00:48,64.76øF,31.10%,63øF (Wall),64øF (Ambient2),Comfort
10-Apr,0:00:50,64.76øF,31.10%,63øF (Wall),64øF (Ambient2),Comfort
10-Apr,0:00:52,64.76øF,31.20%,63øF (Wall),64øF (Ambient2),Comfort
10-Apr,0:00:54,64.76øF,31.30%,63øF (Wall),64øF (Ambient2),Comfort
10-Apr,0:00:56,64.76øF,31.30%,63øF (Wall),64øF (Ambient2),Comfort
10-Apr,0:00:58,64.76øF,31.30%,63øF (Wall),64øF (Ambient2),Comfort
10-Apr,0:01:00,64.76øF,31.30%,63øF (Wall),64øF (Ambient2),Comfort
10-Apr,0:01:02,64.76øF,31.20%,63øF (Wall),64øF (Ambient2),Comfort
10-Apr,0:01:04,64.76øF,31.10%,63øF (Wall),64øF (Ambient2),Comfort
10-Apr,0:01:06,64.76øF,31.00%,63øF (Wall),64øF (Ambient2),Comfort
10-Apr,0:01:08,64.76øF,30.90%,63øF (Wall),64øF (Ambient2),Comfort
10-Apr,0:01:10,64.76øF,30.90%,63øF (Wall),64øF (Ambient2),Comfort
10-Apr,0:01:12,64.76øF,30.90%,63øF (Wall),64øF (Ambient2),Comfort
10-Apr,0:01:14,64.76øF,31.00%,63øF (Wall),64øF (Ambient2),Comfort
10-Apr,0:01:16,64.76øF,30.90%,63øF (Wall),64øF (Ambient2),Comfort
10-Apr,0:01:18,64.76øF,30.90%,63øF (Wall),64øF (Ambient2),Comfort
10-Apr,0:01:20,64.76øF,30.80%,63øF (Wall),64øF (Ambient2),Comfort
10-Apr,0:01:22,64.76øF,30.80%,63øF (Wall),64øF (Ambient2),Comfort
10-Apr,0:01:24,64.76øF,30.80%,63øF (Wall),64øF (Ambient2),Comfort
10-Apr,0:01:26,64.76øF,30.90%,63øF (Wall),64øF (Ambient2),Comfort
10-Apr,0:01:28,64.76øF,30.80%,63øF (Wall),64øF (Ambient2),Comfort
10-Apr,0:01:30,64.76øF,30.80%,63øF (Wall),64øF (Ambient2),Comfort
10-Apr,0:01:33,64.76øF,30.80%,63øF (Wall),64øF (Ambient2),Comfort
10-Apr,0:01:35,64.76øF,30.70%,63øF (Wall),64øF (Ambient2),Comfort
10-Apr,0:01:37,64.76øF,30.70%,63øF (Wall),64øF (Ambient2),Comfort
10-Apr,0:01:39,64.76øF,30.70%,63øF (Wall),64øF (Ambient2),Comfort
10-Apr,0:01:41,64.76øF,30.70%,63øF (Wall),64øF (Ambient2),Comfort
10-Apr,0:01:43,64.76øF,30.70%,63øF (Wall),64øF (Ambient2),Comfort
10-Apr,0:01:45,64.76øF,30.60%,63øF (Wall),64øF (Ambient2),Comfort
10-Apr,0:01:47,64.76øF,30.60%,63øF (Wall),64øF (Ambient2),Comfort
10-Apr,0:01:49,64.76øF,30.50%,63øF (Wall),64øF (Ambient2),Comfort
10-Apr,0:01:51,64.76øF,30.40%,63øF (Wall),64øF (Ambient2),Comfort
10-Apr,0:01:53,64.76øF,30.40%,63øF (Wall),64øF (Ambient2),Comfort
10-Apr,0:01:55,64.76øF,30.40%,63øF (Wall),64øF (Ambient2),Comfort
10-Apr,0:01:57,64.76øF,30.30%,63øF (Wall),64øF (Ambient2),Comfort
10-Apr,0:01:59,64.76øF,30.30%,63øF (Wall),64øF (Ambient2),Comfort
10-Apr,0:02:01,64.76øF,30.30%,63øF (Wall),64øF (Ambient2),Comfort
10-Apr,0:02:03,64.76øF,30.30%,63øF (Wall),64øF (Ambient2),Comfort
10-Apr,0:02:05,64.76øF,30.30%,63øF (Wall),64øF (Ambient2),Comfort
10-Apr,0:02:07,64.76øF,30.30%,63øF (Wall),64øF (Ambient2),Comfort
10-Apr,0:02:09,64.76øF,30.20%,63øF (Wall),64øF (Ambient2),Comfort
10-Apr,0:02:11,64.76øF,30.20%,63øF (Wall),64øF (Ambient2),Comfort
10-Apr,0:02:13,64.76øF,30.10%,63øF (Wall),64øF (Ambient2),Comfort
10-Apr,0:02:15,64.76øF,30.10%,63øF (Wall),64øF (Ambient2),Comfort
10-Apr,0:02:17,64.76øF,30.10%,63øF (Wall),64øF (Ambient2),Comfort
10-Apr,0:02:19,64.76øF,30.10%,63øF (Wall),64øF (Ambient2),Comfort
10-Apr,0:02:21,64.76øF,30.10%,63øF (Wall),64øF (Ambient2),Comfort
10-Apr,0:02:23,64.76øF,30.10%,63øF (Wall),64øF (Ambient2),Comfort
10-Apr,0:02:26,64.76øF,30.20%,63øF (Wall),64øF (Ambient2),Comfort
10-Apr,0:02:28,64.76øF,30.30%,63øF (Wall),64øF (Ambient2),Comfort
10-Apr,0:02:30,64.76øF,30.40%,63øF (Wall),64øF (Ambient2),Comfort
10-Apr,0:02:32,64.76øF,30.50%,63øF (Wall),64øF (Ambient2),Comfort
10-Apr,0:02:34,64.76øF,30.60%,63øF (Wall),64øF (Ambient2),Comfort
10-Apr,0:02:36,64.76øF,30.60%,63øF (Wall),64øF (Ambient2),Comfort
10-Apr,0:02:38,64.76øF,30.60%,63øF (Wall),64øF (Ambient2),Comfort
10-Apr,0:02:40,64.76øF,30.60%,63øF (Wall),64øF (Ambient2),Comfort
10-Apr,0:02:42,64.76øF,30.60%,63øF (Wall),64øF (Ambient2),Comfort
10-Apr,0:02:44,64.76øF,30.50%,63øF (Wall),64øF (Ambient2),Comfort
10-Apr,0:02:46,64.76øF,30.50%,63øF (Wall),64øF (Ambient2),Comfort
10-Apr,0:02:48,64.76øF,30.40%,63øF (Wall),64øF (Ambient2),Comfort
10-Apr,0:02:50,64.76øF,30.40%,63øF (Wall),64øF (Ambient2),Comfort
10-Apr,0:02:52,64.76øF,30.40%,63øF (Wall),64øF (Ambient2),Comfort
10-Apr,0:02:54,64.76øF,30.50%,63øF (Wall),64øF (Ambient2),Comfort
10-Apr,0:02:56,64.76øF,30.40%,63øF (Wall),64øF (Ambient2),Comfort
10-Apr,0:02:58,64.76øF,30.40%,63øF (Wall),64øF (Ambient2),Comfort
10-Apr,0:03:00,64.76øF,30.40%,63øF (Wall),64øF (Ambient2),Comfort
10-Apr,0:03:02,64.76øF,30.40%,63øF (Wall),64øF (Ambient2),Comfort
10-Apr,0:03:04,64.76øF,30.40%,63øF (Wall),64øF (Ambient2),Comfort
10-Apr,0:03:06,64.76øF,30.30%,63øF (Wall),64øF (Ambient2),Comfort
10-Apr,0:03:08,64.76øF,30.30%,63øF (Wall),64øF (Ambient2),Comfort
10-Apr,0:03:10,64.76øF,30.30%,63øF (Wall),64øF (Ambient2),Comfort
10-Apr,0:03:12,64.76øF,30.30%,63øF (Wall),64øF (Ambient2),Comfort
10-Apr,0:03:14,64.76øF,30.30%,63øF (Wall),64øF (Ambient2),Comfort
10-Apr,0:03:16,64.76øF,30.30%,63øF (Wall),64øF (Ambient2),Comfort
10-Apr,0:03:18,64.76øF,30.30%,63øF (Wall),64øF (Ambient2),Comfort
10-Apr,0:03:21,64.76øF,30.20%,63øF (Wall),64øF (Ambient2),Comfort
10-Apr,0:03:23,64.76øF,30.20%,63øF (Wall),64øF (Ambient2),Comfort
10-Apr,0:03:25,64.76øF,30.10%,63øF (Wall),64øF (Ambient2),Comfort
10-Apr,0:03:27,64.76øF,30.20%,63øF (Wall),64øF (Ambient2),Comfort
10-Apr,0:03:29,64.76øF,30.20%,63øF (Wall),64øF (Ambient2),Comfort
10-Apr,0:03:31,64.76øF,30.20%,63øF (Wall),64øF (Ambient2),Comfort
10-Apr,0:03:33,64.76øF,30.20%,63øF (Wall),64øF (Ambient2),Comfort
10-Apr,0:03:35,64.76øF,30.30%,63øF (Wall),64øF (Ambient2),Comfort
10-Apr,0:03:37,64.76øF,30.30%,63øF (Wall),64øF (Ambient2),Comfort
10-Apr,0:03:39,64.76øF,30.40%,63øF (Wall),64øF (Ambient2),Comfort
10-Apr,0:03:41,64.76øF,30.40%,63øF (Wall),64øF (Ambient2),Comfort
10-Apr,0:03:43,64.76øF,30.50%,63øF (Wall),64øF (Ambient2),Comfort
10-Apr,0:03:45,64.76øF,30.50%,63øF (Wall),64øF (Ambient2),Comfort
10-Apr,0:03:47,64.58øF,30.40%,63øF (Wall),64øF (Ambient2),Comfort
10-Apr,0:03:49,64.58øF,30.40%,63øF (Wall),64øF (Ambient2),Comfort
10-Apr,0:03:51,64.76øF,30.50%,63øF (Wall),64øF (Ambient2),Comfort
10-Apr,0:03:53,64.76øF,30.40%,63øF (Wall),64øF (Ambient2),Comfort
10-Apr,0:03:55,64.76øF,30.40%,63øF (Wall),64øF (Ambient2),Comfort
10-Apr,0:03:57,64.76øF,30.40%,63øF (Wall),64øF (Ambient2),Comfort
10-Apr,0:03:59,64.76øF,30.30%,63øF (Wall),64øF (Ambient2),Comfort
10-Apr,0:04:01,64.76øF,30.40%,63øF (Wall),64øF (Ambient2),Comfort
10-Apr,0:04:03,64.76øF,30.50%,63øF (Wall),64øF (Ambient2),Comfort
10-Apr,0:04:05,64.58øF,30.50%,63øF (Wall),64øF (Ambient2),Comfort
10-Apr,0:04:07,64.76øF,30.60%,63øF (Wall),64øF (Ambient2),Comfort
10-Apr,0:04:09,64.58øF,30.60%,63øF (Wall),64øF (Ambient2),Comfort
10-Apr,0:04:11,64.58øF,30.60%,63øF (Wall),64øF (Ambient2),Comfort
10-Apr,0:04:13,64.76øF,30.70%,63øF (Wall),64øF (Ambient2),Comfort
10-Apr,0:04:16,64.58øF,30.70%,63øF (Wall),64øF (Ambient2),Comfort
10-Apr,0:04:18,64.58øF,30.70%,63øF (Wall),64øF (Ambient2),Comfort
10-Apr,0:04:20,64.58øF,30.70%,63øF (Wall),64øF (Ambient2),Comfort
10-Apr,0:04:22,64.58øF,30.70%,63øF (Wall),64øF (Ambient2),Comfort
10-Apr,0:04:24,64.58øF,30.70%,63øF (Wall),64øF (Ambient2),Comfort
10-Apr,0:04:26,64.58øF,30.70%,63øF (Wall),64øF (Ambient2),Comfort
10-Apr,0:04:28,64.58øF,30.80%,63øF (Wall),64øF (Ambient2),Comfort
10-Apr,0:04:30,64.58øF,30.80%,63øF (Wall),64øF (Ambient2),Comfort
10-Apr,0:04:32,64.58øF,30.80%,63øF (Wall),64øF (Ambient2),Comfort
10-Apr,0:04:34,64.58øF,30.70%,63øF (Wall),64øF (Ambient2),Comfort
10-Apr,0:04:36,64.58øF,30.80%,63øF (Wall),64øF (Ambient2),Comfort
10-Apr,0:04:38,64.58øF,30.80%,63øF (Wall),64øF (Ambient2),Comfort
10-Apr,0:04:40,64.58øF,30.90%,63øF (Wall),64øF (Ambient2),Comfort
10-Apr,0:04:42,64.58øF,30.90%,63øF (Wall),64øF (Ambient2),Comfort
10-Apr,0:04:44,64.58øF,30.90%,63øF (Wall),64øF (Ambient2),Comfort
10-Apr,0:04:46,64.58øF,31.00%,63øF (Wall),64øF (Ambient2),Comfort
10-Apr,0:04:48,64.58øF,31.00%,63øF (Wall),64øF (Ambient2),Comfort
10-Apr,0:04:50,64.58øF,31.00%,63øF (Wall),64øF (Ambient2),Comfort
10-Apr,0:04:52,64.58øF,31.00%,63øF (Wall),64øF (Ambient2),Comfort
10-Apr,0:04:54,64.58øF,30.90%,63øF (Wall),64øF (Ambient2),Comfort
10-Apr,0:04:56,64.58øF,30.80%,63øF (Wall),64øF (Ambient2),Comfort
10-Apr,0:04:58,64.76øF,30.80%,63øF (Wall),64øF (Ambient2),Comfort
10-Apr,0:05:00,64.58øF,30.70%,63øF (Wall),64øF (Ambient2),Comfort
10-Apr,0:05:02,64.76øF,30.70%,63øF (Wall),64øF (Ambient2),Comfort
10-Apr,0:05:04,64.58øF,30.70%,63øF (Wall),64øF (Ambient2),Comfort
10-Apr,0:05:06,64.58øF,30.70%,63øF (Wall),64øF (Ambient2),Comfort
10-Apr,0:05:09,64.58øF,30.70%,63øF (Wall),64øF (Ambient2),Comfort
10-Apr,0:05:11,64.76øF,30.80%,63øF (Wall),64øF (Ambient2),Comfort
10-Apr,0:05:13,64.58øF,30.70%,63øF (Wall),64øF (Ambient2),Comfort
10-Apr,0:05:15,64.58øF,30.70%,63øF (Wall),64øF (Ambient2),Comfort
10-Apr,0:05:17,64.58øF,30.70%,63øF (Wall),64øF (Ambient2),Comfort
10-Apr,0:05:19,64.58øF,30.70%,63øF (Wall),64øF (Ambient2),Comfort
10-Apr,0:05:21,64.58øF,30.70%,63øF (Wall),64øF (Ambient2),Comfort
10-Apr,0:05:23,64.58øF,30.70%,63øF (Wall),64øF (Ambient2),Comfort
10-Apr,0:05:25,64.76øF,30.70%,63øF (Wall),64øF (Ambient2),Comfort
10-Apr,0:05:27,64.58øF,30.60%,63øF (Wall),64øF (Ambient2),Comfort
10-Apr,0:05:29,64.58øF,30.60%,63øF (Wall),64øF (Ambient2),Comfort
10-Apr,0:05:31,64.58øF,30.50%,63øF (Wall),64øF (Ambient2),Comfort
10-Apr,0:05:33,64.58øF,30.60%,63øF (Wall),64øF (Ambient2),Comfort
10-Apr,0:05:35,64.58øF,30.60%,63øF (Wall),64øF (Ambient2),Comfort
10-Apr,0:05:37,64.58øF,30.70%,63øF (Wall),64øF (Ambient2),Comfort
10-Apr,0:05:39,64.58øF,30.80%,63øF (Wall),64øF (Ambient2),Comfort
10-Apr,0:05:41,64.58øF,30.90%,63øF (Wall),64øF (Ambient2),Comfort
10-Apr,0:05:43,64.58øF,30.90%,63øF (Wall),64øF (Ambient2),Comfort
10-Apr,0:05:45,64.58øF,30.90%,63øF (Wall),64øF (Ambient2),Comfort
10-Apr,0:05:47,64.58øF,31.00%,63øF (Wall),64øF (Ambient2),Comfort
10-Apr,0:05:49,64.76øF,31.30%,63øF (Wall),64øF (Ambient2),Comfort
10-Apr,0:05:51,64.58øF,31.40%,63øF (Wall),64øF (Ambient2),Comfort
10-Apr,0:05:53,64.58øF,31.50%,63øF (Wall),64øF (Ambient2),Comfort
10-Apr,0:05:55,64.58øF,31.50%,63øF (Wall),64øF (Ambient2),Comfort
10-Apr,0:05:57,64.58øF,31.50%,63øF (Wall),64øF (Ambient2),Comfort
10-Apr,0:05:59,64.58øF,31.60%,63øF (Wall),64øF (Ambient2),Comfort
10-Apr,0:06:01,64.76øF,31.70%,63øF (Wall),64øF (Ambient2),Comfort
10-Apr,0:06:04,64.58øF,31.60%,63øF (Wall),64øF (Ambient2),Comfort
10-Apr,0:06:06,64.58øF,31.60%,63øF (Wall),64øF (Ambient2),Comfort
10-Apr,0:06:08,64.58øF,31.60%,63øF (Wall),64øF (Ambient2),Comfort
10-Apr,0:06:10,64.58øF,31.60%,63øF (Wall),64øF (Ambient2),Comfort
10-Apr,0:06:12,64.58øF,31.60%,63øF (Wall),64øF (Ambient2),Comfort
10-Apr,0:06:14,64.58øF,31.70%,63øF (Wall),64øF (Ambient2),Comfort
10-Apr,0:06:16,64.58øF,31.70%,63øF (Wall),64øF (Ambient2),Comfort
10-Apr,0:06:18,64.58øF,31.80%,63øF (Wall),64øF (Ambient2),Comfort
10-Apr,0:06:20,64.58øF,31.80%,63øF (Wall),64øF (Ambient2),Comfort
10-Apr,0:06:22,64.58øF,31.90%,63øF (Wall),64øF (Ambient2),Comfort
10-Apr,0:06:24,64.76øF,32.10%,63øF (Wall),64øF (Ambient2),Comfort
10-Apr,0:06:26,64.58øF,32.10%,63øF (Wall),64øF (Ambient2),Comfort
10-Apr,0:06:28,64.58øF,32.20%,63øF (Wall),64øF (Ambient2),Comfort
10-Apr,0:06:30,64.58øF,32.20%,63øF (Wall),64øF (Ambient2),Comfort
10-Apr,0:06:32,64.58øF,32.20%,63øF (Wall),64øF (Ambient2),Comfort
10-Apr,0:06:34,64.58øF,32.30%,63øF (Wall),64øF (Ambient2),Comfort
10-Apr,0:06:36,64.58øF,32.30%,63øF (Wall),64øF (Ambient2),Comfort
10-Apr,0:06:38,64.58øF,32.40%,63øF (Wall),64øF (Ambient2),Comfort
10-Apr,0:06:40,64.58øF,32.60%,63øF (Wall),64øF (Ambient2),Comfort
10-Apr,0:06:42,64.58øF,32.70%,63øF (Wall),64øF (Ambient2),Comfort
10-Apr,0:06:44,64.58øF,32.90%,63øF (Wall),64øF (Ambient2),Comfort
10-Apr,0:06:46,64.76øF,33.00%,63øF (Wall),64øF (Ambient2),Comfort
10-Apr,0:06:48,64.58øF,33.00%,63øF (Wall),64øF (Ambient2),Comfort
10-Apr,0:06:50,64.58øF,33.10%,63øF (Wall),64øF (Ambient2),Comfort
10-Apr,0:06:52,64.76øF,33.20%,63øF (Wall),64øF (Ambient2),Comfort
10-Apr,0:06:54,64.58øF,33.10%,63øF (Wall),64øF (Ambient2),Comfort
10-Apr,0:06:56,64.58øF,33.20%,63øF (Wall),64øF (Ambient2),Comfort
10-Apr,0:06:59,64.58øF,33.20%,63øF (Wall),64øF (Ambient2),Comfort
10-Apr,0:07:01,64.58øF,33.20%,63øF (Wall),64øF (Ambient2),Comfort
10-Apr,0:07:03,64.58øF,33.20%,63øF (Wall),64øF (Ambient2),Comfort
10-Apr,0:07:05,64.58øF,33.20%,63øF (Wall),64øF (Ambient2),Comfort
10-Apr,0:07:07,64.58øF,33.30%,63øF (Wall),64øF (Ambient2),Comfort
10-Apr,0:07:09,64.76øF,33.50%,63øF (Wall),64øF (Ambient2),Comfort
10-Apr,0:07:11,64.76øF,33.60%,63øF (Wall),64øF (Ambient2),Comfort
10-Apr,0:07:13,64.76øF,33.70%,63øF (Wall),64øF (Ambient2),Comfort
10-Apr,0:07:15,64.58øF,33.60%,63øF (Wall),64øF (Ambient2),Comfort
10-Apr,0:07:17,64.58øF,33.60%,63øF (Wall),64øF (Ambient2),Comfort
10-Apr,0:07:19,64.76øF,33.70%,63øF (Wall),64øF (Ambient2),Comfort
10-Apr,0:07:21,64.58øF,33.50%,63øF (Wall),64øF (Ambient2),Comfort
10-Apr,0:07:23,64.58øF,33.50%,63øF (Wall),64øF (Ambient2),Comfort
10-Apr,0:07:25,64.76øF,33.60%,63øF (Wall),64øF (Ambient2),Comfort
10-Apr,0:07:27,64.58øF,33.60%,63øF (Wall),64øF (Ambient2),Comfort
10-Apr,0:07:29,64.76øF,33.80%,63øF (Wall),64øF (Ambient2),Comfort
10-Apr,0:07:31,64.58øF,33.80%,63øF (Wall),64øF (Ambient2),Comfort
10-Apr,0:07:33,64.58øF,33.80%,63øF (Wall),64øF (Ambient2),Comfort
10-Apr,0:07:35,64.76øF,34.00%,63øF (Wall),64øF (Ambient2),Comfort
10-Apr,0:07:37,64.76øF,34.00%,63øF (Wall),64øF (Ambient2),Comfort
10-Apr,0:07:39,64.58øF,34.00%,63øF (Wall),64øF (Ambient2),Comfort
10-Apr,0:07:41,64.76øF,34.10%,63øF (Wall),64øF (Ambient2),Comfort
10-Apr,0:07:43,64.76øF,34.10%,63øF (Wall),64øF (Ambient2),Comfort
10-Apr,0:07:45,64.76øF,34.20%,63øF (Wall),64øF (Ambient2),Comfort
10-Apr,0:07:47,64.76øF,34.10%,63øF (Wall),64øF (Ambient2),Comfort
10-Apr,0:07:49,64.76øF,34.10%,63øF (Wall),64øF (Ambient2),Comfort
10-Apr,0:07:51,64.76øF,34.00%,63øF (Wall),64øF (Ambient2),Comfort
10-Apr,0:07:54,64.76øF,34.00%,63øF (Wall),64øF (Ambient2),Comfort
10-Apr,0:07:56,64.76øF,33.90%,63øF (Wall),64øF (Ambient2),Comfort
10-Apr,0:07:58,64.76øF,33.90%,63øF (Wall),64øF (Ambient2),Comfort
10-Apr,0:08:00,64.76øF,33.90%,63øF (Wall),64øF (Ambient2),Comfort
10-Apr,0:08:02,64.76øF,33.90%,63øF (Wall),64øF (Ambient2),Comfort
10-Apr,0:08:04,64.76øF,33.80%,63øF (Wall),64øF (Ambient2),Comfort
10-Apr,0:08:06,64.76øF,33.80%,63øF (Wall),64øF (Ambient2),Comfort
10-Apr,0:08:08,64.76øF,33.80%,63øF (Wall),64øF (Ambient2),Comfort
10-Apr,0:08:10,64.76øF,33.90%,63øF (Wall),64øF (Ambient2),Comfort
10-Apr,0:08:12,64.76øF,33.80%,63øF (Wall),64øF (Ambient2),Comfort
10-Apr,0:08:14,64.76øF,33.80%,63øF (Wall),64øF (Ambient2),Comfort
10-Apr,0:08:16,64.76øF,33.80%,63øF (Wall),64øF (Ambient2),Comfort
10-Apr,0:08:18,64.76øF,33.80%,63øF (Wall),64øF (Ambient2),Comfort
10-Apr,0:08:20,64.76øF,33.80%,63øF (Wall),64øF (Ambient2),Comfort
10-Apr,0:08:22,64.76øF,33.80%,63øF (Wall),64øF (Ambient2),Comfort
10-Apr,0:08:24,64.76øF,33.80%,63øF (Wall),64øF (Ambient2),Comfort
10-Apr,0:08:26,64.76øF,33.90%,63øF (Wall),64øF (Ambient2),Comfort
10-Apr,0:08:28,64.76øF,33.90%,63øF (Wall),64øF (Ambient2),Comfort
10-Apr,0:08:30,64.76øF,33.90%,63øF (Wall),64øF (Ambient2),Comfort
10-Apr,0:08:32,64.76øF,33.90%,63øF (Wall),64øF (Ambient2),Comfort
10-Apr,0:08:34,64.76øF,33.80%,63øF (Wall),64øF (Ambient2),Comfort
10-Apr,0:08:36,64.76øF,33.80%,63øF (Wall),64øF (Ambient2),Comfort
10-Apr,0:08:38,64.76øF,33.70%,63øF (Wall),64øF (Ambient2),Comfort
10-Apr,0:08:40,64.76øF,33.60%,63øF (Wall),64øF (Ambient2),Comfort
10-Apr,0:08:43,64.76øF,33.50%,63øF (Wall),64øF (Ambient2),Comfort
10-Apr,0:08:45,64.76øF,33.40%,63øF (Wall),64øF (Ambient2),Comfort
10-Apr,0:08:47,64.76øF,33.40%,63øF (Wall),64øF (Ambient2),Comfort
10-Apr,0:08:49,64.76øF,33.40%,63øF (Wall),64øF (Ambient2),Comfort
10-Apr,0:08:51,64.76øF,33.30%,63øF (Wall),64øF (Ambient2),Comfort
10-Apr,0:08:53,64.58øF,33.10%,63øF (Wall),64øF (Ambient2),Comfort
10-Apr,0:08:55,64.76øF,33.00%,63øF (Wall),64øF (Ambient2),Comfort
10-Apr,0:08:57,64.76øF,32.90%,63øF (Wall),64øF (Ambient2),Comfort
10-Apr,0:08:59,64.76øF,32.90%,63øF (Wall),64øF (Ambient2),Comfort
10-Apr,0:09:01,64.76øF,32.80%,63øF (Wall),64øF (Ambient2),Comfort
10-Apr,0:09:03,64.58øF,32.70%,63øF (Wall),64øF (Ambient2),Comfort
10-Apr,0:09:05,64.76øF,32.80%,63øF (Wall),64øF (Ambient2),Comfort
10-Apr,0:09:07,64.58øF,32.70%,63øF (Wall),64øF (Ambient2),Comfort
10-Apr,0:09:09,64.76øF,32.80%,63øF (Wall),64øF (Ambient2),Comfort
10-Apr,0:09:11,64.76øF,32.70%,63øF (Wall),64øF (Ambient2),Comfort
10-Apr,0:09:13,64.76øF,32.60%,63øF (Wall),64øF (Ambient2),Comfort
10-Apr,0:09:15,64.76øF,32.60%,63øF (Wall),64øF (Ambient2),Comfort
10-Apr,0:09:17,64.76øF,32.50%,63øF (Wall),64øF (Ambient2),Comfort
10-Apr,0:09:19,64.58øF,32.40%,63øF (Wall),64øF (Ambient2),Comfort
10-Apr,0:09:21,64.76øF,32.40%,63øF (Wall),64øF (Ambient2),Comfort
10-Apr,0:09:23,64.58øF,32.40%,63øF (Wall),64øF (Ambient2),Comfort
10-Apr,0:09:25,64.58øF,32.40%,63øF (Wall),64øF (Ambient2),Comfort
10-Apr,0:09:27,64.76øF,32.40%,63øF (Wall),64øF (Ambient2),Comfort
10-Apr,0:09:29,64.76øF,32.40%,63øF (Wall),64øF (Ambient2),Comfort
10-Apr,0:09:31,64.76øF,32.40%,63øF (Wall),64øF (Ambient2),Comfort
10-Apr,0:09:33,64.76øF,32.40%,63øF (Wall),64øF (Ambient2),Comfort
10-Apr,0:09:35,64.76øF,32.40%,63øF (Wall),64øF (Ambient2),Comfort
10-Apr,0:09:38,64.76øF,32.40%,63øF (Wall),64øF (Ambient2),Comfort
10-Apr,0:09:40,64.58øF,32.30%,63øF (Wall),64øF (Ambient2),Comfort
10-Apr,0:09:42,64.76øF,32.50%,63øF (Wall),64øF (Ambient2),Comfort
10-Apr,0:09:44,64.76øF,32.50%,63øF (Wall),64øF (Ambient2),Comfort
10-Apr,0:09:46,64.76øF,32.60%,63øF (Wall),64øF (Ambient2),Comfort
10-Apr,0:09:48,64.58øF,32.50%,63øF (Wall),64øF (Ambient2),Comfort
10-Apr,0:09:50,64.58øF,32.50%,63øF (Wall),64øF (Ambient2),Comfort
10-Apr,0:09:52,64.58øF,32.50%,63øF (Wall),64øF (Ambient2),Comfort
10-Apr,0:09:54,64.58øF,32.50%,63øF (Wall),64øF (Ambient2),Comfort
10-Apr,0:09:56,64.58øF,32.50%,63øF (Wall),64øF (Ambient2),Comfort
10-Apr,0:09:58,64.58øF,32.60%,63øF (Wall),64øF (Ambient2),Comfort
10-Apr,0:10:00,64.58øF,32.60%,63øF (Wall),64øF (Ambient2),Comfort
10-Apr,0:10:02,64.76øF,32.70%,63øF (Wall),64øF (Ambient2),Comfort
10-Apr,0:10:04,64.58øF,32.70%,63øF (Wall),64øF (Ambient2),Comfort
10-Apr,0:10:06,64.58øF,32.70%,63øF (Wall),64øF (Ambient2),Comfort
10-Apr,0:10:08,64.76øF,32.80%,63øF (Wall),64øF (Ambient2),Comfort
10-Apr,0:10:10,64.76øF,32.90%,63øF (Wall),64øF (Ambient2),Comfort
10-Apr,0:10:12,64.76øF,33.00%,63øF (Wall),64øF (Ambient2),Comfort
10-Apr,0:10:14,64.76øF,33.10%,63øF (Wall),64øF (Ambient2),Comfort
10-Apr,0:10:16,64.76øF,33.20%,63øF (Wall),64øF (Ambient2),Comfort
10-Apr,0:10:18,64.58øF,33.10%,63øF (Wall),64øF (Ambient2),Comfort
10-Apr,0:10:20,64.76øF,33.30%,63øF (Wall),64øF (Ambient2),Comfort
10-Apr,0:10:22,64.76øF,33.30%,63øF (Wall),64øF (Ambient2),Comfort
10-Apr,0:10:24,64.58øF,33.30%,63øF (Wall),64øF (Ambient2),Comfort
10-Apr,0:10:26,64.58øF,33.30%,63øF (Wall),64øF (Ambient2),Comfort
10-Apr,0:10:28,64.76øF,33.50%,63øF (Wall),64øF (Ambient2),Comfort
10-Apr,0:10:31,64.58øF,33.40%,63øF (Wall),64øF (Ambient2),Comfort
10-Apr,0:10:33,64.76øF,33.60%,63øF (Wall),64øF (Ambient2),Comfort
10-Apr,0:10:35,64.76øF,33.60%,63øF (Wall),64øF (Ambient2),Comfort
10-Apr,0:10:37,64.76øF,33.50%,63øF (Wall),64øF (Ambient2),Comfort
10-Apr,0:10:39,64.58øF,33.30%,63øF (Wall),64øF (Ambient2),Comfort
10-Apr,0:10:41,64.58øF,33.20%,63øF (Wall),64øF (Ambient2),Comfort
10-Apr,0:10:43,64.76øF,33.30%,63øF (Wall),64øF (Ambient2),Comfort
10-Apr,0:10:45,64.58øF,33.20%,63øF (Wall),64øF (Ambient2),Comfort
10-Apr,0:10:47,64.76øF,33.40%,63øF (Wall),64øF (Ambient2),Comfort
10-Apr,0:10:49,64.58øF,33.30%,63øF (Wall),64øF (Ambient2),Comfort
10-Apr,0:10:51,64.76øF,33.50%,63øF (Wall),64øF (Ambient2),Comfort
10-Apr,0:10:53,64.58øF,33.40%,63øF (Wall),64øF (Ambient2),Comfort
10-Apr,0:10:55,64.76øF,33.60%,63øF (Wall),64øF (Ambient2),Comfort
10-Apr,0:10:57,64.76øF,33.70%,63øF (Wall),64øF (Ambient2),Comfort
10-Apr,0:10:59,64.76øF,33.70%,63øF (Wall),64øF (Ambient2),Comfort
10-Apr,0:11:01,64.76øF,33.70%,63øF (Wall),64øF (Ambient2),Comfort
10-Apr,0:11:03,64.76øF,33.70%,63øF (Wall),64øF (Ambient2),Comfort
10-Apr,0:11:05,64.76øF,33.70%,63øF (Wall),64øF (Ambient2),Comfort
10-Apr,0:11:07,64.58øF,33.60%,63øF (Wall),64øF (Ambient2),Comfort
10-Apr,0:11:09,64.76øF,33.70%,63øF (Wall),64øF (Ambient2),Comfort
10-Apr,0:11:11,64.58øF,33.70%,63øF (Wall),64øF (Ambient2),Comfort
10-Apr,0:11:13,64.76øF,33.80%,63øF (Wall),64øF (Ambient2),Comfort
10-Apr,0:11:15,64.76øF,33.80%,63øF (Wall),64øF (Ambient2),Comfort
10-Apr,0:11:17,64.58øF,33.80%,63øF (Wall),64øF (Ambient2),Comfort
10-Apr,0:11:19,64.76øF,33.90%,63øF (Wall),64øF (Ambient2),Comfort
10-Apr,0:11:21,64.76øF,33.80%,63øF (Wall),64øF (Ambient2),Comfort
10-Apr,0:11:24,64.76øF,33.80%,63øF (Wall),64øF (Ambient2),Comfort
10-Apr,0:11:26,64.76øF,33.80%,63øF (Wall),64øF (Ambient2),Comfort
10-Apr,0:11:28,64.76øF,33.80%,63øF (Wall),64øF (Ambient2),Comfort
10-Apr,0:11:30,64.58øF,33.70%,63øF (Wall),64øF (Ambient2),Comfort
10-Apr,0:11:32,64.76øF,33.70%,63øF (Wall),64øF (Ambient2),Comfort
10-Apr,0:11:34,64.76øF,33.70%,63øF (Wall),64øF (Ambient2),Comfort
10-Apr,0:11:36,64.76øF,33.70%,63øF (Wall),64øF (Ambient2),Comfort
10-Apr,0:11:38,64.76øF,33.60%,63øF (Wall),64øF (Ambient2),Comfort
10-Apr,0:11:40,64.76øF,33.60%,63øF (Wall),64øF (Ambient2),Comfort
10-Apr,0:11:42,64.58øF,33.50%,63øF (Wall),64øF (Ambient2),Comfort
10-Apr,0:11:44,64.58øF,33.40%,63øF (Wall),64øF (Ambient2),Comfort
10-Apr,0:11:46,64.76øF,33.40%,63øF (Wall),64øF (Ambient2),Comfort
10-Apr,0:11:48,64.76øF,33.40%,63øF (Wall),64øF (Ambient2),Comfort
10-Apr,0:11:50,64.76øF,33.40%,63øF (Wall),64øF (Ambient2),Comfort
10-Apr,0:11:52,64.76øF,33.40%,63øF (Wall),64øF (Ambient2),Comfort
10-Apr,0:11:54,64.76øF,33.40%,63øF (Wall),64øF (Ambient2),Comfort
10-Apr,0:11:56,64.76øF,33.50%,63øF (Wall),64øF (Ambient2),Comfort
10-Apr,0:11:58,64.76øF,33.50%,63øF (Wall),64øF (Ambient2),Comfort
10-Apr,0:12:00,64.76øF,33.50%,63øF (Wall),64øF (Ambient2),Comfort
10-Apr,0:12:02,64.76øF,33.40%,63øF (Wall),64øF (Ambient2),Comfort
10-Apr,0:12:04,64.76øF,33.40%,63øF (Wall),64øF (Ambient2),Comfort
10-Apr,0:12:06,64.76øF,33.40%,63øF (Wall),64øF (Ambient2),Comfort
10-Apr,0:12:08,64.76øF,33.40%,63øF (Wall),64øF (Ambient2),Comfort
10-Apr,0:12:10,64.76øF,33.40%,63øF (Wall),64øF (Ambient2),Comfort
10-Apr,0:12:12,64.58øF,33.20%,63øF (Wall),64øF (Ambient2),Comfort
10-Apr,0:12:14,64.76øF,33.20%,63øF (Wall),64øF (Ambient2),Comfort
10-Apr,0:12:17,64.76øF,33.10%,63øF (Wall),64øF (Ambient2),Comfort
10-Apr,0:12:19,64.58øF,32.90%,63øF (Wall),64øF (Ambient2),Comfort
10-Apr,0:12:21,64.76øF,32.90%,63øF (Wall),64øF (Ambient2),Comfort
10-Apr,0:12:23,64.76øF,32.80%,63øF (Wall),64øF (Ambient2),Comfort
10-Apr,0:12:25,64.76øF,32.70%,63øF (Wall),64øF (Ambient2),Comfort
10-Apr,0:12:27,64.76øF,32.70%,63øF (Wall),64øF (Ambient2),Comfort
10-Apr,0:12:29,64.58øF,32.60%,63øF (Wall),64øF (Ambient2),Comfort
10-Apr,0:12:31,64.76øF,32.70%,63øF (Wall),64øF (Ambient2),Comfort
10-Apr,0:12:33,64.76øF,32.70%,63øF (Wall),64øF (Ambient2),Comfort
10-Apr,0:12:35,64.76øF,32.80%,63øF (Wall),64øF (Ambient2),Comfort
10-Apr,0:12:37,64.76øF,32.90%,63øF (Wall),64øF (Ambient2),Comfort
10-Apr,0:12:39,64.76øF,32.90%,63øF (Wall),64øF (Ambient2),Comfort
10-Apr,0:12:41,64.76øF,33.00%,63øF (Wall),64øF (Ambient2),Comfort
10-Apr,0:12:43,64.58øF,33.00%,63øF (Wall),64øF (Ambient2),Comfort
10-Apr,0:12:45,64.76øF,33.10%,63øF (Wall),64øF (Ambient2),Comfort
10-Apr,0:12:47,64.76øF,33.10%,63øF (Wall),64øF (Ambient2),Comfort
10-Apr,0:12:49,64.76øF,33.10%,63øF (Wall),64øF (Ambient2),Comfort
10-Apr,0:12:51,64.58øF,33.10%,63øF (Wall),64øF (Ambient2),Comfort
10-Apr,0:12:53,64.76øF,33.30%,63øF (Wall),64øF (Ambient2),Comfort
10-Apr,0:12:55,64.58øF,33.20%,63øF (Wall),64øF (Ambient2),Comfort
10-Apr,0:12:57,64.76øF,33.40%,63øF (Wall),64øF (Ambient2),Comfort
10-Apr,0:12:59,64.58øF,33.40%,63øF (Wall),64øF (Ambient2),Comfort
10-Apr,0:13:01,64.76øF,33.60%,63øF (Wall),64øF (Ambient2),Comfort
10-Apr,0:13:03,64.76øF,33.70%,63øF (Wall),64øF (Ambient2),Comfort
10-Apr,0:13:05,64.76øF,33.70%,63øF (Wall),64øF (Ambient2),Comfort
10-Apr,0:13:07,64.76øF,33.80%,63øF (Wall),64øF (Ambient2),Comfort
10-Apr,0:13:09,64.76øF,33.70%,63øF (Wall),64øF (Ambient2),Comfort
10-Apr,0:13:12,64.76øF,33.80%,63øF (Wall),64øF (Ambient2),Comfort
10-Apr,0:13:14,64.58øF,33.70%,63øF (Wall),64øF (Ambient2),Comfort
10-Apr,0:13:16,64.58øF,33.70%,63øF (Wall),64øF (Ambient2),Comfort
10-Apr,0:13:18,64.76øF,33.70%,63øF (Wall),64øF (Ambient2),Comfort
10-Apr,0:13:20,64.76øF,33.50%,63øF (Wall),64øF (Ambient2),Comfort
10-Apr,0:13:22,64.76øF,33.30%,63øF (Wall),64øF (Ambient2),Comfort
10-Apr,0:13:24,64.58øF,33.10%,63øF (Wall),64øF (Ambient2),Comfort
10-Apr,0:13:26,64.76øF,33.10%,63øF (Wall),64øF (Ambient2),Comfort
10-Apr,0:13:28,64.76øF,33.10%,63øF (Wall),64øF (Ambient2),Comfort
10-Apr,0:13:30,64.76øF,33.10%,63øF (Wall),64øF (Ambient2),Comfort
10-Apr,0:13:32,64.76øF,33.10%,63øF (Wall),64øF (Ambient2),Comfort
10-Apr,0:13:34,64.76øF,33.20%,63øF (Wall),64øF (Ambient2),Comfort
10-Apr,0:13:36,64.76øF,33.20%,63øF (Wall),64øF (Ambient2),Comfort
10-Apr,0:13:38,64.76øF,33.20%,63øF (Wall),64øF (Ambient2),Comfort
10-Apr,0:13:40,64.76øF,33.30%,63øF (Wall),64øF (Ambient2),Comfort
10-Apr,0:13:42,64.76øF,33.30%,63øF (Wall),64øF (Ambient2),Comfort
10-Apr,0:13:44,64.58øF,33.30%,63øF (Wall),64øF (Ambient2),Comfort
10-Apr,0:13:46,64.76øF,33.40%,63øF (Wall),64øF (Ambient2),Comfort
10-Apr,0:13:48,64.76øF,33.50%,63øF (Wall),64øF (Ambient2),Comfort
10-Apr,0:13:50,64.76øF,33.50%,63øF (Wall),64øF (Ambient2),Comfort
10-Apr,0:13:52,64.76øF,33.60%,63øF (Wall),64øF (Ambient2),Comfort
10-Apr,0:13:54,64.76øF,33.70%,63øF (Wall),64øF (Ambient2),Comfort
10-Apr,0:13:56,64.76øF,33.70%,63øF (Wall),64øF (Ambient2),Comfort
10-Apr,0:13:58,64.76øF,33.80%,63øF (Wall),64øF (Ambient2),Comfort
10-Apr,0:14:00,64.76øF,33.80%,63øF (Wall),64øF (Ambient2),Comfort
10-Apr,0:14:02,64.76øF,33.80%,63øF (Wall),64øF (Ambient2),Comfort
10-Apr,0:14:05,64.76øF,33.80%,63øF (Wall),64øF (Ambient2),Comfort
10-Apr,0:14:07,64.76øF,33.80%,63øF (Wall),64øF (Ambient2),Comfort
10-Apr,0:14:09,64.76øF,33.80%,63øF (Wall),64øF (Ambient2),Comfort
10-Apr,0:14:11,64.76øF,33.80%,63øF (Wall),64øF (Ambient2),Comfort
10-Apr,0:14:13,64.76øF,33.80%,63øF (Wall),64øF (Ambient2),Comfort
10-Apr,0:14:15,64.76øF,33.80%,63øF (Wall),64øF (Ambient2),Comfort
10-Apr,0:14:17,64.76øF,33.90%,63øF (Wall),64øF (Ambient2),Comfort
10-Apr,0:14:19,64.76øF,34.00%,63øF (Wall),64øF (Ambient2),Comfort
10-Apr,0:14:21,64.76øF,34.00%,63øF (Wall),64øF (Ambient2),Comfort
10-Apr,0:14:23,64.76øF,34.10%,63øF (Wall),64øF (Ambient2),Comfort
10-Apr,0:14:25,64.76øF,34.10%,63øF (Wall),64øF (Ambient2),Comfort
10-Apr,0:14:27,64.76øF,34.10%,63øF (Wall),64øF (Ambient2),Comfort
10-Apr,0:14:29,64.76øF,34.10%,63øF (Wall),64øF (Ambient2),Comfort
10-Apr,0:14:31,64.76øF,34.10%,63øF (Wall),64øF (Ambient2),Comfort
10-Apr,0:14:33,64.76øF,34.20%,63øF (Wall),64øF (Ambient2),Comfort
10-Apr,0:14:35,64.76øF,34.10%,63øF (Wall),64øF (Ambient2),Comfort
10-Apr,0:14:37,64.76øF,34.10%,63øF (Wall),64øF (Ambient2),Comfort
10-Apr,0:14:39,64.76øF,34.10%,63øF (Wall),64øF (Ambient2),Comfort
10-Apr,0:14:41,64.76øF,34.00%,63øF (Wall),64øF (Ambient2),Comfort
10-Apr,0:14:43,64.76øF,34.00%,63øF (Wall),64øF (Ambient2),Comfort
10-Apr,0:14:45,64.76øF,34.00%,63øF (Wall),64øF (Ambient2),Comfort
10-Apr,0:14:47,64.76øF,34.00%,63øF (Wall),64øF (Ambient2),Comfort
10-Apr,0:14:49,64.76øF,34.00%,63øF (Wall),64øF (Ambient2),Comfort
10-Apr,0:14:51,64.76øF,34.10%,63øF (Wall),64øF (Ambient2),Comfort
10-Apr,0:14:53,64.76øF,34.10%,63øF (Wall),64øF (Ambient2),Comfort
10-Apr,0:14:55,64.76øF,34.10%,63øF (Wall),64øF (Ambient2),Comfort
10-Apr,0:14:58,64.76øF,34.10%,63øF (Wall),64øF (Ambient2),Comfort
10-Apr,0:15:00,64.76øF,34.10%,63øF (Wall),64øF (Ambient2),Comfort
10-Apr,0:15:02,64.76øF,34.10%,63øF (Wall),64øF (Ambient2),Comfort
10-Apr,0:15:04,64.76øF,34.20%,63øF (Wall),64øF (Ambient2),Comfort
10-Apr,0:15:06,64.76øF,34.20%,63øF (Wall),64øF (Ambient2),Comfort
10-Apr,0:15:08,64.76øF,34.20%,63øF (Wall),64øF (Ambient2),Comfort
10-Apr,0:15:10,64.76øF,34.20%,63øF (Wall),64øF (Ambient2),Comfort
10-Apr,0:15:12,64.76øF,34.10%,63øF (Wall),64øF (Ambient2),Comfort
10-Apr,0:15:14,64.76øF,34.00%,63øF (Wall),64øF (Ambient2),Comfort
10-Apr,0:15:16,64.76øF,33.90%,63øF (Wall),64øF (Ambient2),Comfort
10-Apr,0:15:18,64.76øF,33.90%,63øF (Wall),64øF (Ambient2),Comfort
10-Apr,0:15:20,64.76øF,33.80%,63øF (Wall),64øF (Ambient2),Comfort
10-Apr,0:15:22,64.76øF,33.80%,63øF (Wall),64øF (Ambient2),Comfort
10-Apr,0:15:24,64.76øF,33.80%,63øF (Wall),64øF (Ambient2),Comfort
10-Apr,0:15:26,64.76øF,33.80%,63øF (Wall),64øF (Ambient2),Comfort
10-Apr,0:15:28,64.76øF,33.80%,63øF (Wall),64øF (Ambient2),Comfort
10-Apr,0:15:30,64.76øF,33.70%,63øF (Wall),64øF (Ambient2),Comfort
10-Apr,0:15:32,64.76øF,33.70%,63øF (Wall),64øF (Ambient2),Comfort
10-Apr,0:15:34,64.76øF,33.70%,63øF (Wall),64øF (Ambient2),Comfort
10-Apr,0:15:36,64.76øF,33.70%,63øF (Wall),64øF (Ambient2),Comfort
10-Apr,0:15:38,64.76øF,33.70%,63øF (Wall),64øF (Ambient2),Comfort
10-Apr,0:15:40,64.76øF,33.60%,63øF (Wall),64øF (Ambient2),Comfort
10-Apr,0:15:42,64.76øF,33.60%,63øF (Wall),64øF (Ambient2),Comfort
10-Apr,0:15:44,64.76øF,33.50%,63øF (Wall),64øF (Ambient2),Comfort
10-Apr,0:15:46,64.76øF,33.50%,63øF (Wall),64øF (Ambient2),Comfort
10-Apr,0:15:48,64.76øF,33.50%,63øF (Wall),64øF (Ambient2),Comfort
10-Apr,0:15:51,64.76øF,33.50%,63øF (Wall),64øF (Ambient2),Comfort
10-Apr,0:15:53,64.76øF,33.40%,63øF (Wall),64øF (Ambient2),Comfort
10-Apr,0:15:55,64.76øF,33.40%,63øF (Wall),64øF (Ambient2),Comfort
10-Apr,0:15:57,64.76øF,33.40%,63øF (Wall),64øF (Ambient2),Comfort
10-Apr,0:15:59,64.76øF,33.40%,63øF (Wall),64øF (Ambient2),Comfort
10-Apr,0:16:01,64.76øF,33.40%,63øF (Wall),64øF (Ambient2),Comfort
10-Apr,0:16:03,64.76øF,33.50%,63øF (Wall),64øF (Ambient2),Comfort
10-Apr,0:16:05,64.76øF,33.60%,63øF (Wall),64øF (Ambient2),Comfort
10-Apr,0:16:07,64.76øF,33.60%,63øF (Wall),64øF (Ambient2),Comfort
10-Apr,0:16:09,64.76øF,33.50%,63øF (Wall),64øF (Ambient2),Comfort
10-Apr,0:16:11,64.76øF,33.50%,63øF (Wall),64øF (Ambient2),Comfort
10-Apr,0:16:13,64.76øF,33.50%,63øF (Wall),64øF (Ambient2),Comfort
10-Apr,0:16:15,64.76øF,33.50%,63øF (Wall),64øF (Ambient2),Comfort
10-Apr,0:16:17,64.76øF,33.40%,63øF (Wall),64øF (Ambient2),Comfort
10-Apr,0:16:19,64.76øF,33.40%,63øF (Wall),64øF (Ambient2),Comfort
10-Apr,0:16:21,64.76øF,33.40%,63øF (Wall),64øF (Ambient2),Comfort
10-Apr,0:16:23,64.76øF,33.40%,63øF (Wall),64øF (Ambient2),Comfort
10-Apr,0:16:25,64.76øF,33.40%,63øF (Wall),64øF (Ambient2),Comfort
10-Apr,0:16:27,64.76øF,33.40%,63øF (Wall),64øF (Ambient2),Comfort
10-Apr,0:16:29,64.76øF,33.40%,63øF (Wall),64øF (Ambient2),Comfort
10-Apr,0:16:31,64.76øF,33.30%,63øF (Wall),64øF (Ambient2),Comfort
10-Apr,0:16:33,64.58øF,33.10%,63øF (Wall),64øF (Ambient2),Comfort
10-Apr,0:16:35,64.58øF,33.10%,63øF (Wall),64øF (Ambient2),Comfort
10-Apr,0:16:37,64.76øF,33.20%,63øF (Wall),64øF (Ambient2),Comfort
10-Apr,0:16:39,64.76øF,33.20%,63øF (Wall),64øF (Ambient2),Comfort
10-Apr,0:16:41,64.76øF,33.20%,63øF (Wall),64øF (Ambient2),Comfort
10-Apr,0:16:44,64.58øF,33.10%,63øF (Wall),64øF (Ambient2),Comfort
10-Apr,0:16:46,64.58øF,33.10%,63øF (Wall),64øF (Ambient2),Comfort
10-Apr,0:16:48,64.58øF,33.10%,63øF (Wall),64øF (Ambient2),Comfort
10-Apr,0:16:50,64.58øF,33.10%,63øF (Wall),64øF (Ambient2),Comfort
10-Apr,0:16:52,64.76øF,33.20%,63øF (Wall),64øF (Ambient2),Comfort
10-Apr,0:16:54,64.76øF,33.30%,63øF (Wall),64øF (Ambient2),Comfort
10-Apr,0:16:56,64.58øF,33.20%,63øF (Wall),64øF (Ambient2),Comfort
10-Apr,0:16:58,64.76øF,33.40%,63øF (Wall),64øF (Ambient2),Comfort
10-Apr,0:17:00,64.58øF,33.30%,63øF (Wall),64øF (Ambient2),Comfort
10-Apr,0:17:02,64.76øF,33.50%,63øF (Wall),64øF (Ambient2),Comfort
10-Apr,0:17:04,64.58øF,33.40%,63øF (Wall),64øF (Ambient2),Comfort
10-Apr,0:17:06,64.76øF,33.60%,63øF (Wall),64øF (Ambient2),Comfort
10-Apr,0:17:08,64.58øF,33.60%,63øF (Wall),64øF (Ambient2),Comfort
10-Apr,0:17:10,64.76øF,33.80%,63øF (Wall),64øF (Ambient2),Comfort
10-Apr,0:17:12,64.76øF,33.90%,63øF (Wall),64øF (Ambient2),Comfort
10-Apr,0:17:14,64.58øF,33.90%,63øF (Wall),64øF (Ambient2),Comfort
10-Apr,0:17:16,64.76øF,34.00%,63øF (Wall),64øF (Ambient2),Comfort
10-Apr,0:17:18,64.76øF,33.90%,63øF (Wall),64øF (Ambient2),Comfort
10-Apr,0:17:20,64.58øF,33.80%,63øF (Wall),64øF (Ambient2),Comfort
10-Apr,0:17:22,64.76øF,33.70%,63øF (Wall),64øF (Ambient2),Comfort
10-Apr,0:17:24,64.76øF,33.60%,63øF (Wall),64øF (Ambient2),Comfort
10-Apr,0:17:26,64.76øF,33.60%,63øF (Wall),64øF (Ambient2),Comfort
10-Apr,0:17:28,64.76øF,33.50%,63øF (Wall),64øF (Ambient2),Comfort
10-Apr,0:17:30,64.76øF,33.40%,63øF (Wall),64øF (Ambient2),Comfort
10-Apr,0:17:32,64.76øF,33.40%,63øF (Wall),64øF (Ambient2),Comfort
10-Apr,0:17:34,64.76øF,33.50%,63øF (Wall),64øF (Ambient2),Comfort
10-Apr,0:17:37,64.58øF,33.40%,63øF (Wall),64øF (Ambient2),Comfort
10-Apr,0:17:39,64.76øF,33.50%,63øF (Wall),64øF (Ambient2),Comfort
10-Apr,0:17:41,64.76øF,33.50%,63øF (Wall),64øF (Ambient2),Comfort
10-Apr,0:17:43,64.76øF,33.40%,63øF (Wall),64øF (Ambient2),Comfort
10-Apr,0:17:45,64.76øF,33.40%,63øF (Wall),64øF (Ambient2),Comfort
10-Apr,0:17:47,64.76øF,33.30%,63øF (Wall),64øF (Ambient2),Comfort
10-Apr,0:17:49,64.76øF,33.30%,63øF (Wall),64øF (Ambient2),Comfort
10-Apr,0:17:51,64.76øF,33.30%,63øF (Wall),64øF (Ambient2),Comfort
10-Apr,0:17:53,64.76øF,33.30%,63øF (Wall),64øF (Ambient2),Comfort
10-Apr,0:17:55,64.76øF,33.30%,63øF (Wall),64øF (Ambient2),Comfort
10-Apr,0:17:57,64.76øF,33.30%,63øF (Wall),64øF (Ambient2),Comfort
10-Apr,0:17:59,64.76øF,33.20%,63øF (Wall),64øF (Ambient2),Comfort
10-Apr,0:18:01,64.76øF,33.20%,63øF (Wall),64øF (Ambient2),Comfort
10-Apr,0:18:03,64.76øF,33.10%,63øF (Wall),64øF (Ambient2),Comfort
10-Apr,0:18:05,64.76øF,33.00%,63øF (Wall),64øF (Ambient2),Comfort
10-Apr,0:18:07,64.76øF,33.00%,63øF (Wall),64øF (Ambient2),Comfort
10-Apr,0:18:09,64.76øF,32.90%,63øF (Wall),64øF (Ambient2),Comfort
10-Apr,0:18:11,64.76øF,32.90%,63øF (Wall),64øF (Ambient2),Comfort
10-Apr,0:18:13,64.76øF,32.90%,63øF (Wall),64øF (Ambient2),Comfort
10-Apr,0:18:15,64.58øF,32.90%,63øF (Wall),64øF (Ambient2),Comfort
10-Apr,0:18:17,64.76øF,32.90%,63øF (Wall),64øF (Ambient2),Comfort
10-Apr,0:18:19,64.76øF,33.00%,63øF (Wall),64øF (Ambient2),Comfort
10-Apr,0:18:21,64.76øF,33.00%,63øF (Wall),64øF (Ambient2),Comfort
10-Apr,0:18:23,64.76øF,33.10%,63øF (Wall),64øF (Ambient2),Comfort
10-Apr,0:18:25,64.76øF,33.10%,63øF (Wall),64øF (Ambient2),Comfort
10-Apr,0:18:27,64.76øF,33.20%,63øF (Wall),64øF (Ambient2),Comfort
10-Apr,0:18:29,64.76øF,33.30%,63øF (Wall),64øF (Ambient2),Comfort
10-Apr,0:18:32,64.58øF,33.20%,63øF (Wall),64øF (Ambient2),Comfort
10-Apr,0:18:34,64.76øF,33.40%,63øF (Wall),64øF (Ambient2),Comfort
10-Apr,0:18:36,64.76øF,33.40%,63øF (Wall),64øF (Ambient2),Comfort
10-Apr,0:18:38,64.76øF,33.40%,63øF (Wall),64øF (Ambient2),Comfort
10-Apr,0:18:40,64.76øF,33.40%,63øF (Wall),64øF (Ambient2),Comfort
10-Apr,0:18:42,64.58øF,33.30%,63øF (Wall),64øF (Ambient2),Comfort
10-Apr,0:18:44,64.58øF,33.40%,63øF (Wall),64øF (Ambient2),Comfort
10-Apr,0:18:46,64.76øF,33.50%,63øF (Wall),64øF (Ambient2),Comfort
10-Apr,0:18:48,64.76øF,33.60%,63øF (Wall),64øF (Ambient2),Comfort
10-Apr,0:18:50,64.76øF,33.60%,63øF (Wall),64øF (Ambient2),Comfort
10-Apr,0:18:52,64.76øF,33.70%,63øF (Wall),64øF (Ambient2),Comfort
10-Apr,0:18:54,64.58øF,33.60%,63øF (Wall),64øF (Ambient2),Comfort
10-Apr,0:18:56,64.76øF,33.70%,63øF (Wall),64øF (Ambient2),Comfort
10-Apr,0:18:58,64.76øF,33.70%,63øF (Wall),64øF (Ambient2),Comfort
10-Apr,0:19:00,64.76øF,33.70%,63øF (Wall),64øF (Ambient2),Comfort
10-Apr,0:19:02,64.76øF,33.80%,63øF (Wall),64øF (Ambient2),Comfort
10-Apr,0:19:04,64.76øF,33.80%,63øF (Wall),64øF (Ambient2),Comfort
10-Apr,0:19:06,64.76øF,33.90%,63øF (Wall),64øF (Ambient2),Comfort
10-Apr,0:19:08,64.58øF,33.80%,63øF (Wall),64øF (Ambient2),Comfort
10-Apr,0:19:10,64.58øF,33.70%,63øF (Wall),64øF (Ambient2),Comfort
10-Apr,0:19:12,64.76øF,33.70%,63øF (Wall),64øF (Ambient2),Comfort
10-Apr,0:19:14,64.76øF,33.60%,63øF (Wall),64øF (Ambient2),Comfort
10-Apr,0:19:16,64.76øF,33.60%,63øF (Wall),64øF (Ambient2),Comfort
10-Apr,0:19:18,64.58øF,33.30%,63øF (Wall),64øF (Ambient2),Comfort
10-Apr,0:19:20,64.58øF,33.20%,63øF (Wall),64øF (Ambient2),Comfort
10-Apr,0:19:22,64.76øF,33.10%,63øF (Wall),64øF (Ambient2),Comfort
10-Apr,0:19:25,64.58øF,33.00%,63øF (Wall),64øF (Ambient2),Comfort
10-Apr,0:19:27,64.58øF,33.00%,63øF (Wall),64øF (Ambient2),Comfort
10-Apr,0:19:29,64.58øF,33.00%,63øF (Wall),64øF (Ambient2),Comfort
10-Apr,0:19:31,64.76øF,33.10%,63øF (Wall),64øF (Ambient2),Comfort
10-Apr,0:19:33,64.76øF,33.10%,63øF (Wall),64øF (Ambient2),Comfort
10-Apr,0:19:35,64.76øF,33.10%,63øF (Wall),64øF (Ambient2),Comfort
10-Apr,0:19:37,64.58øF,32.90%,63øF (Wall),64øF (Ambient2),Comfort
10-Apr,0:19:39,64.58øF,32.90%,63øF (Wall),64øF (Ambient2),Comfort
10-Apr,0:19:41,64.58øF,32.90%,63øF (Wall),64øF (Ambient2),Comfort
10-Apr,0:19:43,64.58øF,32.90%,63øF (Wall),64øF (Ambient2),Comfort
10-Apr,0:19:45,64.76øF,33.00%,63øF (Wall),64øF (Ambient2),Comfort
10-Apr,0:19:47,64.76øF,33.10%,63øF (Wall),64øF (Ambient2),Comfort
10-Apr,0:19:49,64.76øF,33.10%,63øF (Wall),64øF (Ambient2),Comfort
10-Apr,0:19:51,64.76øF,33.10%,63øF (Wall),64øF (Ambient2),Comfort
10-Apr,0:19:53,64.76øF,33.10%,63øF (Wall),64øF (Ambient2),Comfort
10-Apr,0:19:55,64.58øF,33.00%,63øF (Wall),64øF (Ambient2),Comfort
10-Apr,0:19:57,64.76øF,33.00%,63øF (Wall),64øF (Ambient2),Comfort
10-Apr,0:19:59,64.76øF,33.00%,63øF (Wall),64øF (Ambient2),Comfort
10-Apr,0:20:01,64.58øF,32.90%,63øF (Wall),64øF (Ambient2),Comfort
10-Apr,0:20:03,64.76øF,33.00%,63øF (Wall),64øF (Ambient2),Comfort
10-Apr,0:20:05,64.58øF,32.90%,63øF (Wall),64øF (Ambient2),Comfort
10-Apr,0:20:07,64.58øF,32.90%,63øF (Wall),64øF (Ambient2),Comfort
10-Apr,0:20:09,64.58øF,33.00%,63øF (Wall),64øF (Ambient2),Comfort
10-Apr,0:20:11,64.58øF,33.00%,63øF (Wall),64øF (Ambient2),Comfort
10-Apr,0:20:13,64.58øF,33.00%,63øF (Wall),64øF (Ambient2),Comfort
10-Apr,0:20:15,64.76øF,33.10%,63øF (Wall),64øF (Ambient2),Comfort
10-Apr,0:20:18,64.58øF,33.00%,63øF (Wall),64øF (Ambient2),Comfort
10-Apr,0:20:20,64.58øF,33.10%,63øF (Wall),64øF (Ambient2),Comfort
10-Apr,0:20:22,64.76øF,33.20%,63øF (Wall),64øF (Ambient2),Comfort
10-Apr,0:20:24,64.58øF,33.20%,63øF (Wall),64øF (Ambient2),Comfort
10-Apr,0:20:26,64.58øF,33.20%,63øF (Wall),64øF (Ambient2),Comfort
10-Apr,0:20:28,64.76øF,33.30%,63øF (Wall),64øF (Ambient2),Comfort
10-Apr,0:20:30,64.76øF,33.30%,63øF (Wall),64øF (Ambient2),Comfort
10-Apr,0:20:32,64.76øF,33.20%,63øF (Wall),64øF (Ambient2),Comfort
10-Apr,0:20:34,64.76øF,33.20%,63øF (Wall),64øF (Ambient2),Comfort
10-Apr,0:20:36,64.76øF,33.10%,63øF (Wall),64øF (Ambient2),Comfort
10-Apr,0:20:38,64.76øF,33.10%,63øF (Wall),64øF (Ambient2),Comfort
10-Apr,0:20:40,64.76øF,33.10%,63øF (Wall),64øF (Ambient2),Comfort
10-Apr,0:20:42,64.76øF,33.10%,63øF (Wall),64øF (Ambient2),Comfort
10-Apr,0:20:44,64.76øF,33.10%,63øF (Wall),64øF (Ambient2),Comfort
10-Apr,0:20:46,64.76øF,33.10%,63øF (Wall),64øF (Ambient2),Comfort
10-Apr,0:20:48,64.58øF,33.00%,63øF (Wall),64øF (Ambient2),Comfort
10-Apr,0:20:50,64.58øF,33.10%,63øF (Wall),64øF (Ambient2),Comfort
10-Apr,0:20:52,64.76øF,33.20%,63øF (Wall),64øF (Ambient2),Comfort
10-Apr,0:20:54,64.76øF,33.20%,63øF (Wall),64øF (Ambient2),Comfort
10-Apr,0:20:56,64.76øF,33.10%,63øF (Wall),64øF (Ambient2),Comfort
10-Apr,0:20:58,64.76øF,33.10%,63øF (Wall),65øF (Ambient2),Comfort
10-Apr,0:21:00,64.76øF,33.20%,63øF (Wall),65øF (Ambient2),Comfort
10-Apr,0:21:02,64.76øF,33.30%,63øF (Wall),64øF (Ambient2),Comfort
10-Apr,0:21:04,64.76øF,33.30%,63øF (Wall),65øF (Ambient2),Comfort
10-Apr,0:21:06,64.76øF,33.40%,63øF (Wall),65øF (Ambient2),Comfort
10-Apr,0:21:08,64.76øF,33.40%,63øF (Wall),65øF (Ambient2),Comfort
10-Apr,0:21:11,64.76øF,33.40%,63øF (Wall),65øF (Ambient2),Comfort
10-Apr,0:21:13,64.76øF,33.40%,63øF (Wall),65øF (Ambient2),Comfort
10-Apr,0:21:15,64.76øF,33.30%,63øF (Wall),65øF (Ambient2),Comfort
10-Apr,0:21:17,64.76øF,33.30%,63øF (Wall),65øF (Ambient2),Comfort
10-Apr,0:21:19,64.76øF,33.30%,63øF (Wall),65øF (Ambient2),Comfort
10-Apr,0:21:21,64.76øF,33.30%,63øF (Wall),65øF (Ambient2),Comfort
10-Apr,0:21:23,64.76øF,33.40%,63øF (Wall),65øF (Ambient2),Comfort
10-Apr,0:21:25,64.76øF,33.40%,63øF (Wall),65øF (Ambient2),Comfort
10-Apr,0:21:27,64.76øF,33.30%,63øF (Wall),65øF (Ambient2),Comfort
10-Apr,0:21:29,64.76øF,33.20%,63øF (Wall),65øF (Ambient2),Comfort
10-Apr,0:21:31,64.76øF,33.20%,63øF (Wall),65øF (Ambient2),Comfort
10-Apr,0:21:33,64.76øF,33.20%,63øF (Wall),65øF (Ambient2),Comfort
10-Apr,0:21:35,64.76øF,33.10%,63øF (Wall),65øF (Ambient2),Comfort
10-Apr,0:21:37,64.76øF,33.10%,63øF (Wall),65øF (Ambient2),Comfort
10-Apr,0:21:39,64.76øF,33.10%,63øF (Wall),65øF (Ambient2),Comfort
10-Apr,0:21:41,64.76øF,33.10%,63øF (Wall),65øF (Ambient2),Comfort
10-Apr,0:21:43,64.76øF,33.10%,63øF (Wall),65øF (Ambient2),Comfort
10-Apr,0:21:45,64.76øF,33.10%,63øF (Wall),65øF (Ambient2),Comfort
10-Apr,0:21:47,64.76øF,33.10%,63øF (Wall),65øF (Ambient2),Comfort
10-Apr,0:21:49,64.76øF,33.20%,63øF (Wall),65øF (Ambient2),Comfort
10-Apr,0:21:51,64.76øF,33.20%,63øF (Wall),65øF (Ambient2),Comfort
10-Apr,0:21:53,64.76øF,33.10%,63øF (Wall),65øF (Ambient2),Comfort
10-Apr,0:21:55,64.76øF,33.10%,63øF (Wall),65øF (Ambient2),Comfort
10-Apr,0:21:57,64.76øF,33.00%,63øF (Wall),65øF (Ambient2),Comfort
10-Apr,0:21:59,64.76øF,32.90%,63øF (Wall),65øF (Ambient2),Comfort
10-Apr,0:22:01,64.76øF,32.90%,63øF (Wall),65øF (Ambient2),Comfort
10-Apr,0:22:04,64.76øF,32.90%,63øF (Wall),65øF (Ambient2),Comfort
10-Apr,0:22:06,64.76øF,32.80%,63øF (Wall),65øF (Ambient2),Comfort
10-Apr,0:22:08,64.76øF,32.80%,63øF (Wall),65øF (Ambient2),Comfort
10-Apr,0:22:10,64.76øF,32.70%,63øF (Wall),65øF (Ambient2),Comfort
10-Apr,0:22:12,64.76øF,32.70%,63øF (Wall),65øF (Ambient2),Comfort
10-Apr,0:22:14,64.76øF,32.70%,63øF (Wall),65øF (Ambient2),Comfort
10-Apr,0:22:16,64.76øF,32.70%,63øF (Wall),65øF (Ambient2),Comfort
10-Apr,0:22:18,64.76øF,32.60%,63øF (Wall),65øF (Ambient2),Comfort
10-Apr,0:22:20,64.76øF,32.60%,63øF (Wall),65øF (Ambient2),Comfort
10-Apr,0:22:22,64.76øF,32.60%,63øF (Wall),65øF (Ambient2),Comfort
10-Apr,0:22:24,64.76øF,32.60%,63øF (Wall),65øF (Ambient2),Comfort
10-Apr,0:22:26,64.76øF,32.60%,63øF (Wall),65øF (Ambient2),Comfort
10-Apr,0:22:28,64.76øF,32.60%,63øF (Wall),65øF (Ambient2),Comfort
10-Apr,0:22:30,64.76øF,32.60%,63øF (Wall),65øF (Ambient2),Comfort
10-Apr,0:22:32,64.76øF,32.50%,63øF (Wall),65øF (Ambient2),Comfort
10-Apr,0:22:34,64.76øF,32.40%,63øF (Wall),65øF (Ambient2),Comfort
10-Apr,0:22:36,64.76øF,32.40%,63øF (Wall),65øF (Ambient2),Comfort
10-Apr,0:22:38,64.76øF,32.40%,63øF (Wall),65øF (Ambient2),Comfort
10-Apr,0:22:40,64.94øF,32.40%,63øF (Wall),65øF (Ambient2),Comfort
10-Apr,0:22:42,64.76øF,32.30%,63øF (Wall),65øF (Ambient2),Comfort
10-Apr,0:22:44,64.76øF,32.30%,63øF (Wall),65øF (Ambient2),Comfort
10-Apr,0:22:46,64.76øF,32.30%,63øF (Wall),65øF (Ambient2),Comfort
10-Apr,0:22:48,64.76øF,32.30%,63øF (Wall),65øF (Ambient2),Comfort
10-Apr,0:22:50,64.76øF,32.30%,63øF (Wall),65øF (Ambient2),Comfort
10-Apr,0:22:52,64.76øF,32.30%,63øF (Wall),65øF (Ambient2),Comfort
10-Apr,0:22:54,64.76øF,32.30%,63øF (Wall),65øF (Ambient2),Comfort
10-Apr,0:22:57,64.76øF,32.30%,63øF (Wall),65øF (Ambient2),Comfort
10-Apr,0:22:59,64.76øF,32.30%,63øF (Wall),65øF (Ambient2),Comfort
10-Apr,0:23:01,64.76øF,32.30%,63øF (Wall),65øF (Ambient2),Comfort
10-Apr,0:23:03,64.76øF,32.30%,63øF (Wall),65øF (Ambient2),Comfort
10-Apr,0:23:05,64.76øF,32.20%,63øF (Wall),65øF (Ambient2),Comfort
10-Apr,0:23:07,64.76øF,32.20%,63øF (Wall),65øF (Ambient2),Comfort
10-Apr,0:23:09,64.76øF,32.10%,63øF (Wall),65øF (Ambient2),Comfort
10-Apr,0:23:11,64.76øF,32.00%,63øF (Wall),65øF (Ambient2),Comfort
10-Apr,0:23:13,64.76øF,32.00%,63øF (Wall),65øF (Ambient2),Comfort
10-Apr,0:23:15,64.76øF,32.00%,63øF (Wall),65øF (Ambient2),Comfort
10-Apr,0:23:17,64.76øF,31.90%,63øF (Wall),65øF (Ambient2),Comfort
10-Apr,0:23:19,64.76øF,31.90%,63øF (Wall),65øF (Ambient2),Comfort
10-Apr,0:23:21,64.76øF,31.90%,63øF (Wall),65øF (Ambient2),Comfort
10-Apr,0:23:23,64.76øF,31.90%,63øF (Wall),65øF (Ambient2),Comfort
10-Apr,0:23:25,64.76øF,31.90%,63øF (Wall),65øF (Ambient2),Comfort
10-Apr,0:23:27,64.76øF,31.90%,63øF (Wall),65øF (Ambient2),Comfort
10-Apr,0:23:29,64.76øF,31.90%,63øF (Wall),65øF (Ambient2),Comfort
10-Apr,0:23:31,64.76øF,31.90%,63øF (Wall),65øF (Ambient2),Comfort
10-Apr,0:23:33,64.76øF,31.90%,63øF (Wall),65øF (Ambient2),Comfort
10-Apr,0:23:35,64.76øF,32.00%,63øF (Wall),65øF (Ambient2),Comfort
10-Apr,0:23:37,64.76øF,32.00%,63øF (Wall),65øF (Ambient2),Comfort
10-Apr,0:23:39,64.76øF,32.10%,63øF (Wall),65øF (Ambient2),Comfort
10-Apr,0:23:41,64.76øF,32.10%,63øF (Wall),65øF (Ambient2),Comfort
10-Apr,0:23:43,64.76øF,32.00%,63øF (Wall),65øF (Ambient2),Comfort
10-Apr,0:23:45,64.76øF,32.00%,63øF (Wall),65øF (Ambient2),Comfort
10-Apr,0:23:47,64.76øF,32.00%,63øF (Wall),65øF (Ambient2),Comfort
10-Apr,0:23:49,64.76øF,31.90%,63øF (Wall),65øF (Ambient2),Comfort
10-Apr,0:23:52,64.76øF,31.90%,63øF (Wall),65øF (Ambient2),Comfort
10-Apr,0:23:54,64.76øF,31.90%,63øF (Wall),65øF (Ambient2),Comfort
10-Apr,0:23:56,64.76øF,31.90%,63øF (Wall),65øF (Ambient2),Comfort
10-Apr,0:23:58,64.76øF,32.00%,63øF (Wall),65øF (Ambient2),Comfort
10-Apr,0:24:00,64.76øF,32.00%,63øF (Wall),65øF (Ambient2),Comfort
10-Apr,0:24:02,64.76øF,32.00%,63øF (Wall),65øF (Ambient2),Comfort
10-Apr,0:24:04,64.76øF,32.10%,63øF (Wall),65øF (Ambient2),Comfort
10-Apr,0:24:06,64.76øF,32.10%,63øF (Wall),65øF (Ambient2),Comfort
10-Apr,0:24:08,64.76øF,32.10%,63øF (Wall),65øF (Ambient2),Comfort
10-Apr,0:24:10,64.76øF,32.00%,63øF (Wall),65øF (Ambient2),Comfort
10-Apr,0:24:12,64.94øF,32.00%,63øF (Wall),65øF (Ambient2),Comfort
10-Apr,0:24:14,64.76øF,31.90%,63øF (Wall),65øF (Ambient2),Comfort
10-Apr,0:24:16,64.76øF,31.80%,63øF (Wall),65øF (Ambient2),Comfort
10-Apr,0:24:18,64.76øF,31.80%,63øF (Wall),65øF (Ambient2),Comfort
10-Apr,0:24:20,64.94øF,31.90%,63øF (Wall),65øF (Ambient2),Comfort
10-Apr,0:24:22,64.76øF,31.90%,63øF (Wall),65øF (Ambient2),Comfort
10-Apr,0:24:24,64.76øF,31.80%,63øF (Wall),65øF (Ambient2),Comfort
10-Apr,0:24:26,64.76øF,31.80%,63øF (Wall),65øF (Ambient2),Comfort
10-Apr,0:24:28,64.76øF,31.80%,63øF (Wall),65øF (Ambient2),Comfort
10-Apr,0:24:30,64.76øF,31.80%,63øF (Wall),65øF (Ambient2),Comfort
10-Apr,0:24:32,64.76øF,31.80%,63øF (Wall),65øF (Ambient2),Comfort
10-Apr,0:24:34,64.76øF,31.80%,63øF (Wall),65øF (Ambient2),Comfort
10-Apr,0:24:36,64.76øF,31.80%,63øF (Wall),65øF (Ambient2),Comfort
10-Apr,0:24:39,64.94øF,31.80%,63øF (Wall),65øF (Ambient2),Comfort
10-Apr,0:24:41,64.76øF,31.90%,63øF (Wall),65øF (Ambient2),Comfort
10-Apr,0:24:43,64.94øF,32.00%,63øF (Wall),65øF (Ambient2),Comfort
10-Apr,0:24:45,64.76øF,31.90%,63øF (Wall),65øF (Ambient2),Comfort
10-Apr,0:24:47,64.76øF,31.80%,63øF (Wall),65øF (Ambient2),Comfort
10-Apr,0:24:49,64.76øF,31.80%,63øF (Wall),65øF (Ambient2),Comfort
10-Apr,0:24:51,64.76øF,31.90%,63øF (Wall),65øF (Ambient2),Comfort
10-Apr,0:24:53,64.94øF,31.90%,63øF (Wall),65øF (Ambient2),Comfort
10-Apr,0:24:55,64.76øF,31.80%,63øF (Wall),65øF (Ambient2),Comfort
10-Apr,0:24:57,64.94øF,31.80%,63øF (Wall),65øF (Ambient2),Comfort
10-Apr,0:24:59,64.76øF,31.70%,63øF (Wall),65øF (Ambient2),Comfort
10-Apr,0:25:01,64.94øF,31.70%,63øF (Wall),65øF (Ambient2),Comfort
10-Apr,0:25:03,64.76øF,31.70%,63øF (Wall),65øF (Ambient2),Comfort
10-Apr,0:25:05,64.76øF,31.70%,63øF (Wall),65øF (Ambient2),Comfort
10-Apr,0:25:07,64.76øF,31.80%,63øF (Wall),65øF (Ambient2),Comfort
10-Apr,0:25:09,64.76øF,31.80%,63øF (Wall),65øF (Ambient2),Comfort
10-Apr,0:25:11,64.76øF,31.90%,63øF (Wall),65øF (Ambient2),Comfort
10-Apr,0:25:13,64.76øF,32.00%,63øF (Wall),65øF (Ambient2),Comfort
10-Apr,0:25:15,64.76øF,32.10%,63øF (Wall),65øF (Ambient2),Comfort
10-Apr,0:25:17,64.76øF,32.10%,63øF (Wall),65øF (Ambient2),Comfort
10-Apr,0:25:19,64.76øF,32.20%,63øF (Wall),65øF (Ambient2),Comfort
10-Apr,0:25:21,64.76øF,32.30%,63øF (Wall),65øF (Ambient2),Comfort
10-Apr,0:25:23,64.76øF,32.30%,63øF (Wall),65øF (Ambient2),Comfort
10-Apr,0:25:25,64.94øF,32.30%,63øF (Wall),65øF (Ambient2),Comfort
10-Apr,0:25:27,64.76øF,32.10%,63øF (Wall),65øF (Ambient2),Comfort
10-Apr,0:25:29,64.76øF,32.00%,63øF (Wall),65øF (Ambient2),Comfort
10-Apr,0:25:32,64.76øF,31.90%,63øF (Wall),65øF (Ambient2),Comfort
10-Apr,0:25:34,64.76øF,31.70%,63øF (Wall),65øF (Ambient2),Comfort
10-Apr,0:25:36,64.76øF,31.60%,63øF (Wall),65øF (Ambient2),Comfort
10-Apr,0:25:38,64.76øF,31.50%,63øF (Wall),65øF (Ambient2),Comfort
10-Apr,0:25:40,64.76øF,31.40%,63øF (Wall),65øF (Ambient2),Comfort
10-Apr,0:25:42,64.76øF,31.30%,63øF (Wall),65øF (Ambient2),Comfort
10-Apr,0:25:44,64.76øF,31.10%,63øF (Wall),65øF (Ambient2),Comfort
10-Apr,0:25:46,64.76øF,31.00%,63øF (Wall),65øF (Ambient2),Comfort
10-Apr,0:25:48,64.76øF,30.90%,63øF (Wall),65øF (Ambient2),Comfort
10-Apr,0:25:50,64.76øF,30.80%,63øF (Wall),65øF (Ambient2),Comfort
10-Apr,0:25:52,64.76øF,30.80%,63øF (Wall),65øF (Ambient2),Comfort
10-Apr,0:25:54,64.76øF,30.70%,63øF (Wall),65øF (Ambient2),Comfort
10-Apr,0:25:56,64.76øF,30.70%,63øF (Wall),65øF (Ambient2),Comfort
10-Apr,0:25:58,64.76øF,30.60%,63øF (Wall),65øF (Ambient2),Comfort
10-Apr,0:26:00,64.76øF,30.50%,63øF (Wall),65øF (Ambient2),Comfort
10-Apr,0:26:02,64.76øF,30.50%,63øF (Wall),65øF (Ambient2),Comfort
10-Apr,0:26:04,64.76øF,30.40%,63øF (Wall),65øF (Ambient2),Comfort
10-Apr,0:26:06,64.76øF,30.40%,63øF (Wall),65øF (Ambient2),Comfort
10-Apr,0:26:08,64.76øF,30.40%,63øF (Wall),65øF (Ambient2),Comfort
10-Apr,0:26:10,64.76øF,30.40%,63øF (Wall),65øF (Ambient2),Comfort
10-Apr,0:26:12,64.76øF,30.30%,63øF (Wall),65øF (Ambient2),Comfort
10-Apr,0:26:14,64.76øF,30.20%,63øF (Wall),65øF (Ambient2),Comfort
10-Apr,0:26:16,64.76øF,30.20%,63øF (Wall),65øF (Ambient2),Comfort
10-Apr,0:26:18,64.76øF,30.10%,63øF (Wall),65øF (Ambient2),Comfort
10-Apr,0:26:20,64.76øF,30.20%,63øF (Wall),64øF (Ambient2),Comfort
10-Apr,0:26:22,64.76øF,30.30%,63øF (Wall),65øF (Ambient2),Comfort
10-Apr,0:26:25,64.76øF,30.40%,63øF (Wall),64øF (Ambient2),Comfort
10-Apr,0:26:27,64.76øF,30.30%,63øF (Wall),65øF (Ambient2),Comfort
10-Apr,0:26:29,64.76øF,30.30%,63øF (Wall),65øF (Ambient2),Comfort
10-Apr,0:26:31,64.76øF,30.20%,63øF (Wall),64øF (Ambient2),Comfort
10-Apr,0:26:33,64.76øF,30.10%,63øF (Wall),64øF (Ambient2),Comfort
10-Apr,0:26:35,64.76øF,30.20%,63øF (Wall),64øF (Ambient2),Comfort
10-Apr,0:26:37,64.76øF,30.20%,63øF (Wall),64øF (Ambient2),Comfort
10-Apr,0:26:39,64.76øF,30.20%,63øF (Wall),65øF (Ambient2),Comfort
10-Apr,0:26:41,64.76øF,30.20%,63øF (Wall),64øF (Ambient2),Comfort
10-Apr,0:26:43,64.76øF,30.10%,63øF (Wall),64øF (Ambient2),Comfort
10-Apr,0:26:45,64.76øF,30.10%,63øF (Wall),64øF (Ambient2),Comfort
10-Apr,0:26:47,64.76øF,30.10%,63øF (Wall),64øF (Ambient2),Comfort
10-Apr,0:26:49,64.76øF,30.00%,63øF (Wall),64øF (Ambient2),Comfort
10-Apr,0:26:51,64.76øF,30.00%,63øF (Wall),64øF (Ambient2),Comfort
10-Apr,0:26:53,64.76øF,30.00%,63øF (Wall),64øF (Ambient2),Comfort
10-Apr,0:26:55,64.76øF,30.00%,63øF (Wall),64øF (Ambient2),Comfort
10-Apr,0:26:57,64.76øF,30.10%,63øF (Wall),64øF (Ambient2),Comfort
10-Apr,0:26:59,64.76øF,30.20%,63øF (Wall),64øF (Ambient2),Comfort
10-Apr,0:27:01,64.76øF,30.20%,63øF (Wall),64øF (Ambient2),Comfort
10-Apr,0:27:03,64.76øF,30.20%,63øF (Wall),64øF (Ambient2),Comfort
10-Apr,0:27:05,64.76øF,30.30%,63øF (Wall),64øF (Ambient2),Comfort
10-Apr,0:27:07,64.76øF,30.40%,63øF (Wall),64øF (Ambient2),Comfort
10-Apr,0:27:09,64.76øF,30.50%,63øF (Wall),64øF (Ambient2),Comfort
10-Apr,0:27:11,64.76øF,30.60%,63øF (Wall),64øF (Ambient2),Comfort
10-Apr,0:27:13,64.76øF,30.70%,63øF (Wall),64øF (Ambient2),Comfort
10-Apr,0:27:15,64.76øF,30.70%,63øF (Wall),64øF (Ambient2),Comfort
10-Apr,0:27:18,64.76øF,30.90%,63øF (Wall),64øF (Ambient2),Comfort
10-Apr,0:27:20,64.76øF,31.00%,63øF (Wall),64øF (Ambient2),Comfort
10-Apr,0:27:22,64.76øF,31.10%,63øF (Wall),64øF (Ambient2),Comfort
10-Apr,0:27:24,64.76øF,31.30%,63øF (Wall),64øF (Ambient2),Comfort
10-Apr,0:27:26,64.76øF,31.40%,63øF (Wall),64øF (Ambient2),Comfort
10-Apr,0:27:28,64.76øF,31.50%,63øF (Wall),64øF (Ambient2),Comfort
10-Apr,0:27:30,64.76øF,31.50%,63øF (Wall),64øF (Ambient2),Comfort
10-Apr,0:27:32,64.76øF,31.50%,63øF (Wall),64øF (Ambient2),Comfort
10-Apr,0:27:34,64.76øF,31.50%,63øF (Wall),64øF (Ambient2),Comfort
10-Apr,0:27:36,64.76øF,31.40%,63øF (Wall),64øF (Ambient2),Comfort
10-Apr,0:27:38,64.76øF,31.20%,63øF (Wall),64øF (Ambient2),Comfort
10-Apr,0:27:40,64.76øF,31.10%,63øF (Wall),64øF (Ambient2),Comfort
10-Apr,0:27:42,64.76øF,31.00%,63øF (Wall),64øF (Ambient2),Comfort
10-Apr,0:27:44,64.76øF,30.90%,63øF (Wall),64øF (Ambient2),Comfort
10-Apr,0:27:46,64.76øF,30.80%,63øF (Wall),64øF (Ambient2),Comfort
10-Apr,0:27:48,64.76øF,30.70%,63øF (Wall),64øF (Ambient2),Comfort
10-Apr,0:27:50,64.76øF,30.70%,63øF (Wall),64øF (Ambient2),Comfort
10-Apr,0:27:52,64.76øF,30.60%,63øF (Wall),64øF (Ambient2),Comfort
10-Apr,0:27:54,64.76øF,30.60%,63øF (Wall),64øF (Ambient2),Comfort
10-Apr,0:27:56,64.76øF,30.60%,63øF (Wall),64øF (Ambient2),Comfort
10-Apr,0:27:58,64.76øF,30.60%,63øF (Wall),64øF (Ambient2),Comfort
10-Apr,0:28:00,64.76øF,30.60%,63øF (Wall),64øF (Ambient2),Comfort
10-Apr,0:28:02,64.76øF,30.50%,63øF (Wall),64øF (Ambient2),Comfort
10-Apr,0:28:04,64.76øF,30.50%,63øF (Wall),64øF (Ambient2),Comfort
10-Apr,0:28:06,64.76øF,30.40%,63øF (Wall),64øF (Ambient2),Comfort
10-Apr,0:28:08,64.76øF,30.30%,63øF (Wall),64øF (Ambient2),Comfort
10-Apr,0:28:11,64.76øF,30.20%,63øF (Wall),64øF (Ambient2),Comfort
10-Apr,0:28:13,64.76øF,30.10%,63øF (Wall),64øF (Ambient2),Comfort
10-Apr,0:28:15,64.76øF,30.10%,63øF (Wall),64øF (Ambient2),Comfort
10-Apr,0:28:17,64.76øF,30.00%,63øF (Wall),64øF (Ambient2),Comfort
10-Apr,0:28:19,64.76øF,30.00%,63øF (Wall),64øF (Ambient2),Comfort
10-Apr,0:28:21,64.76øF,30.00%,63øF (Wall),64øF (Ambient2),Comfort
10-Apr,0:28:23,64.76øF,30.00%,63øF (Wall),64øF (Ambient2),Comfort
10-Apr,0:28:25,64.76øF,30.00%,63øF (Wall),64øF (Ambient2),Comfort
10-Apr,0:28:27,64.76øF,30.00%,63øF (Wall),64øF (Ambient2),Comfort
10-Apr,0:28:29,64.76øF,29.90%,63øF (Wall),64øF (Ambient2),Comfort
10-Apr,0:28:31,64.76øF,29.90%,63øF (Wall),64øF (Ambient2),Comfort
10-Apr,0:28:33,64.76øF,29.90%,63øF (Wall),64øF (Ambient2),Comfort
10-Apr,0:28:35,64.58øF,29.90%,63øF (Wall),64øF (Ambient2),Comfort
10-Apr,0:28:37,64.76øF,29.90%,63øF (Wall),64øF (Ambient2),Comfort
10-Apr,0:28:39,64.76øF,29.90%,63øF (Wall),64øF (Ambient2),Comfort
10-Apr,0:28:41,64.76øF,29.90%,63øF (Wall),64øF (Ambient2),Comfort
10-Apr,0:28:43,64.76øF,29.90%,63øF (Wall),64øF (Ambient2),Comfort
10-Apr,0:28:45,64.58øF,29.80%,63øF (Wall),64øF (Ambient2),Comfort
10-Apr,0:28:47,64.76øF,29.90%,63øF (Wall),64øF (Ambient2),Comfort
10-Apr,0:28:49,64.76øF,30.00%,63øF (Wall),64øF (Ambient2),Comfort
10-Apr,0:28:51,64.58øF,29.90%,63øF (Wall),64øF (Ambient2),Comfort
10-Apr,0:28:53,64.58øF,30.00%,63øF (Wall),64øF (Ambient2),Comfort
10-Apr,0:28:55,64.58øF,30.00%,63øF (Wall),64øF (Ambient2),Comfort
10-Apr,0:28:57,64.58øF,30.00%,63øF (Wall),64øF (Ambient2),Comfort
10-Apr,0:28:59,64.58øF,30.00%,63øF (Wall),64øF (Ambient2),Comfort
10-Apr,0:29:01,64.58øF,29.90%,63øF (Wall),64øF (Ambient2),Comfort
10-Apr,0:29:04,64.58øF,29.90%,63øF (Wall),64øF (Ambient2),Comfort
10-Apr,0:29:06,64.58øF,29.90%,63øF (Wall),64øF (Ambient2),Comfort
10-Apr,0:29:08,64.58øF,29.80%,63øF (Wall),64øF (Ambient2),Comfort
10-Apr,0:29:10,64.58øF,29.80%,63øF (Wall),64øF (Ambient2),Comfort
10-Apr,0:29:12,64.58øF,29.80%,63øF (Wall),64øF (Ambient2),Comfort
10-Apr,0:29:14,64.58øF,29.80%,63øF (Wall),64øF (Ambient2),Comfort
10-Apr,0:29:16,64.58øF,29.80%,63øF (Wall),64øF (Ambient2),Comfort
10-Apr,0:29:18,64.58øF,29.80%,63øF (Wall),64øF (Ambient2),Comfort
10-Apr,0:29:20,64.58øF,29.80%,63øF (Wall),64øF (Ambient2),Comfort
10-Apr,0:29:22,64.58øF,29.80%,63øF (Wall),64øF (Ambient2),Comfort
10-Apr,0:29:24,64.58øF,29.70%,63øF (Wall),64øF (Ambient2),Comfort
10-Apr,0:29:26,64.58øF,29.70%,63øF (Wall),64øF (Ambient2),Comfort
10-Apr,0:29:28,64.58øF,29.70%,63øF (Wall),64øF (Ambient2),Comfort
10-Apr,0:29:30,64.58øF,29.60%,63øF (Wall),64øF (Ambient2),Comfort
10-Apr,0:29:32,64.58øF,29.60%,63øF (Wall),64øF (Ambient2),Comfort
10-Apr,0:29:34,64.58øF,29.70%,63øF (Wall),64øF (Ambient2),Comfort
10-Apr,0:29:36,64.58øF,29.70%,63øF (Wall),64øF (Ambient2),Comfort
10-Apr,0:29:38,64.58øF,29.70%,63øF (Wall),64øF (Ambient2),Comfort
10-Apr,0:29:40,64.58øF,29.70%,63øF (Wall),64øF (Ambient2),Comfort
10-Apr,0:29:42,64.58øF,29.80%,63øF (Wall),64øF (Ambient2),Comfort
10-Apr,0:29:44,64.58øF,29.80%,63øF (Wall),64øF (Ambient2),Comfort
10-Apr,0:29:46,64.58øF,29.80%,63øF (Wall),64øF (Ambient2),Comfort
10-Apr,0:29:48,64.58øF,29.70%,63øF (Wall),64øF (Ambient2),Comfort
10-Apr,0:29:50,64.58øF,29.70%,63øF (Wall),64øF (Ambient2),Comfort
10-Apr,0:29:52,64.58øF,29.70%,63øF (Wall),64øF (Ambient2),Comfort
10-Apr,0:29:54,64.58øF,29.70%,63øF (Wall),64øF (Ambient2),Comfort
10-Apr,0:29:57,64.58øF,29.70%,63øF (Wall),64øF (Ambient2),Comfort
10-Apr,0:29:59,64.58øF,29.70%,63øF (Wall),64øF (Ambient2),Comfort
10-Apr,0:30:01,64.58øF,29.70%,63øF (Wall),64øF (Ambient2),Comfort
10-Apr,0:30:03,64.58øF,29.70%,63øF (Wall),64øF (Ambient2),Comfort
10-Apr,0:30:05,64.58øF,29.70%,63øF (Wall),64øF (Ambient2),Comfort
10-Apr,0:30:07,64.58øF,29.80%,63øF (Wall),64øF (Ambient2),Comfort
10-Apr,0:30:09,64.58øF,29.80%,63øF (Wall),64øF (Ambient2),Comfort
10-Apr,0:30:11,64.58øF,29.80%,63øF (Wall),64øF (Ambient2),Comfort
10-Apr,0:30:13,64.58øF,29.80%,63øF (Wall),64øF (Ambient2),Comfort
10-Apr,0:30:15,64.58øF,29.80%,63øF (Wall),64øF (Ambient2),Comfort
10-Apr,0:30:17,64.58øF,29.80%,63øF (Wall),64øF (Ambient2),Comfort
10-Apr,0:30:19,64.58øF,29.80%,63øF (Wall),64øF (Ambient2),Comfort
10-Apr,0:30:21,64.58øF,29.70%,63øF (Wall),64øF (Ambient2),Comfort
10-Apr,12:59:55,70.52øF,37.70%,69øF (Wall),71øF (Ambient2),Comfort
10-Apr,12:59:57,70.34øF,38.80%,69øF (Wall),71øF (Ambient2),Cold
10-Apr,12:59:59,70.34øF,38.90%,69øF (Wall),71øF (Ambient2),Cold
10-Apr,13:00:01,70.52øF,38.90%,69øF (Wall),71øF (Ambient2),Cold
10-Apr,13:00:03,70.34øF,38.80%,69øF (Wall),71øF (Ambient2),Cold
10-Apr,13:00:05,70.52øF,38.80%,69øF (Wall),71øF (Ambient2),Cold
10-Apr,13:00:07,70.52øF,38.70%,69øF (Wall),71øF (Ambient2),Cold
10-Apr,13:00:09,70.52øF,38.70%,69øF (Wall),71øF (Ambient2),Cold
10-Apr,13:00:11,70.52øF,38.60%,69øF (Wall),71øF (Ambient2),Cold
10-Apr,13:00:13,70.52øF,38.50%,69øF (Wall),71øF (Ambient2),Cold
10-Apr,13:00:15,70.52øF,38.40%,69øF (Wall),71øF (Ambient2),Cold
10-Apr,13:00:18,70.52øF,38.40%,69øF (Wall),71øF (Ambient2),Cold
10-Apr,13:00:20,70.52øF,38.30%,69øF (Wall),71øF (Ambient2),Cold
10-Apr,13:00:22,70.52øF,38.20%,69øF (Wall),71øF (Ambient2),Cold
10-Apr,13:00:24,70.52øF,38.20%,70øF (Wall),71øF (Ambient2),Cold
10-Apr,13:00:26,70.52øF,38.20%,70øF (Wall),71øF (Ambient2),Cold
10-Apr,13:00:28,70.52øF,38.10%,70øF (Wall),71øF (Ambient2),Cold
10-Apr,13:00:30,70.52øF,38.10%,70øF (Wall),71øF (Ambient2),Cold
10-Apr,13:00:32,70.52øF,38.00%,69øF (Wall),71øF (Ambient2),Cold
10-Apr,13:00:34,70.52øF,38.00%,70øF (Wall),71øF (Ambient2),Cold
10-Apr,13:00:36,70.52øF,38.00%,70øF (Wall),71øF (Ambient2),Cold
10-Apr,13:00:38,70.52øF,38.00%,70øF (Wall),71øF (Ambient2),Cold
10-Apr,13:00:40,70.52øF,37.90%,70øF (Wall),71øF (Ambient2),Cold
10-Apr,13:00:42,70.52øF,37.90%,70øF (Wall),71øF (Ambient2),Cold
10-Apr,13:00:44,70.52øF,37.90%,70øF (Wall),71øF (Ambient2),Cold
10-Apr,13:00:46,70.52øF,37.90%,70øF (Wall),71øF (Ambient2),Cold
10-Apr,13:00:48,70.52øF,37.80%,70øF (Wall),71øF (Ambient2),Cold
10-Apr,13:00:50,70.52øF,37.80%,70øF (Wall),71øF (Ambient2),Cold
10-Apr,13:00:52,70.52øF,37.70%,70øF (Wall),71øF (Ambient2),Cold
10-Apr,13:00:54,70.52øF,37.70%,70øF (Wall),71øF (Ambient2),Cold
10-Apr,13:00:56,70.52øF,37.70%,70øF (Wall),71øF (Ambient2),Cold
10-Apr,13:00:58,70.52øF,37.70%,70øF (Wall),71øF (Ambient2),Cold
10-Apr,13:01:00,70.52øF,37.60%,70øF (Wall),71øF (Ambient2),Cold
10-Apr,13:01:02,70.52øF,37.60%,70øF (Wall),71øF (Ambient2),Cold
10-Apr,13:01:04,70.52øF,37.60%,70øF (Wall),71øF (Ambient2),Cold
10-Apr,13:01:06,70.52øF,37.60%,70øF (Wall),71øF (Ambient2),Cold
10-Apr,13:01:08,70.52øF,37.60%,70øF (Wall),71øF (Ambient2),Cold
10-Apr,13:01:10,70.52øF,37.60%,70øF (Wall),71øF (Ambient2),Cold
10-Apr,13:01:12,70.52øF,37.60%,70øF (Wall),71øF (Ambient2),Cold
10-Apr,13:01:15,70.52øF,37.60%,70øF (Wall),71øF (Ambient2),Cold
10-Apr,13:01:17,70.52øF,37.60%,70øF (Wall),71øF (Ambient2),Cold
10-Apr,13:01:19,70.52øF,37.60%,70øF (Wall),71øF (Ambient2),Cold
10-Apr,13:01:21,70.52øF,37.60%,70øF (Wall),71øF (Ambient2),Cold
10-Apr,13:01:23,70.52øF,37.60%,70øF (Wall),71øF (Ambient2),Cold
10-Apr,13:01:25,70.52øF,37.60%,70øF (Wall),70øF (Ambient2),Cold
10-Apr,13:01:27,70.52øF,37.60%,70øF (Wall),70øF (Ambient2),Cold
10-Apr,13:01:29,70.52øF,37.60%,70øF (Wall),71øF (Ambient2),Cold
10-Apr,13:01:31,70.52øF,37.60%,70øF (Wall),70øF (Ambient2),Cold
10-Apr,13:01:33,70.52øF,37.60%,70øF (Wall),70øF (Ambient2),Cold
10-Apr,13:01:35,70.34øF,37.50%,70øF (Wall),70øF (Ambient2),Cold
10-Apr,13:01:37,70.52øF,37.60%,70øF (Wall),70øF (Ambient2),Cold
10-Apr,13:01:39,70.34øF,37.50%,69øF (Wall),70øF (Ambient2),Cold
10-Apr,13:01:41,70.52øF,37.60%,69øF (Wall),70øF (Ambient2),Cold
10-Apr,13:01:43,70.52øF,37.60%,70øF (Wall),70øF (Ambient2),Cold
10-Apr,13:01:45,70.34øF,37.50%,70øF (Wall),70øF (Ambient2),Cold
10-Apr,13:01:47,70.52øF,37.60%,69øF (Wall),70øF (Ambient2),Cold
10-Apr,13:01:49,70.34øF,37.60%,69øF (Wall),70øF (Ambient2),Cold
10-Apr,13:01:51,70.34øF,37.60%,69øF (Wall),70øF (Ambient2),Cold
10-Apr,13:01:53,70.34øF,37.60%,70øF (Wall),70øF (Ambient2),Cold
10-Apr,13:01:55,70.34øF,37.60%,69øF (Wall),70øF (Ambient2),Cold
10-Apr,13:01:57,70.34øF,37.60%,70øF (Wall),70øF (Ambient2),Cold
10-Apr,13:01:59,70.34øF,37.60%,70øF (Wall),70øF (Ambient2),Cold
10-Apr,13:02:01,70.34øF,37.60%,69øF (Wall),70øF (Ambient2),Cold
10-Apr,13:02:03,70.34øF,37.70%,70øF (Wall),70øF (Ambient2),Cold
10-Apr,13:02:05,70.34øF,37.70%,69øF (Wall),70øF (Ambient2),Cold
10-Apr,13:02:07,70.34øF,37.70%,69øF (Wall),70øF (Ambient2),Cold
10-Apr,13:02:09,70.34øF,37.70%,69øF (Wall),70øF (Ambient2),Cold
10-Apr,13:02:12,70.34øF,37.70%,70øF (Wall),70øF (Ambient2),Cold
10-Apr,13:02:14,70.34øF,37.80%,70øF (Wall),70øF (Ambient2),Cold
10-Apr,13:02:16,70.34øF,37.80%,69øF (Wall),70øF (Ambient2),Cold
10-Apr,13:02:18,70.34øF,37.80%,69øF (Wall),70øF (Ambient2),Cold
10-Apr,13:02:20,70.34øF,37.90%,70øF (Wall),70øF (Ambient2),Cold
10-Apr,13:02:22,70.34øF,37.90%,69øF (Wall),70øF (Ambient2),Cold
10-Apr,13:02:24,70.34øF,37.90%,69øF (Wall),70øF (Ambient2),Cold
10-Apr,13:02:26,70.34øF,37.90%,69øF (Wall),70øF (Ambient2),Cold
10-Apr,13:02:28,70.34øF,37.90%,69øF (Wall),70øF (Ambient2),Cold
10-Apr,13:02:30,70.34øF,37.90%,69øF (Wall),70øF (Ambient2),Cold
10-Apr,13:02:32,70.34øF,37.90%,69øF (Wall),70øF (Ambient2),Cold
10-Apr,13:02:34,70.34øF,37.90%,69øF (Wall),70øF (Ambient2),Cold
10-Apr,13:02:36,70.34øF,37.90%,70øF (Wall),70øF (Ambient2),Cold
10-Apr,13:02:38,70.34øF,37.90%,70øF (Wall),70øF (Ambient2),Cold
