28-Mar,23:50:08,68.54°F,26.90%,72°F (Wall),72°F (Ambient2),Comfort
28-Mar,23:50:10,69.26°F,26.20%,72°F (Wall),72°F (Ambient2),Comfort
28-Mar,23:50:12,69.26°F,26.20%,73°F (Wall),72°F (Ambient2),Comfort
28-Mar,23:50:14,69.26°F,26.20%,73°F (Wall),72°F (Ambient2),Comfort
28-Mar,23:50:16,69.26°F,26.20%,73°F (Wall),72°F (Ambient2),Comfort
28-Mar,23:50:18,69.26°F,26.20%,73°F (Wall),72°F (Ambient2),Comfort
28-Mar,23:50:20,69.26°F,26.20%,73°F (Wall),72°F (Ambient2),Comfort
28-Mar,23:50:22,69.26°F,26.20%,90°F (Wall),72°F (Ambient2),Comfort
28-Mar,23:50:24,69.26°F,26.10%,90°F (Wall),72°F (Ambient2),Comfort
28-Mar,23:50:26,69.26°F,26.10%,73°F (Wall),72°F (Ambient2),Comfort
28-Mar,23:50:28,69.26°F,26.10%,72°F (Wall),72°F (Ambient2),Comfort
28-Mar,23:50:31,69.26°F,26.20%,72°F (Wall),72°F (Ambient2),Comfort
28-Mar,23:50:33,69.26°F,26.20%,73°F (Wall),72°F (Ambient2),Comfort
28-Mar,23:50:35,69.26°F,26.20%,73°F (Wall),72°F (Ambient2),Comfort
28-Mar,23:50:37,69.26°F,26.20%,72°F (Wall),72°F (Ambient2),Comfort
28-Mar,23:50:39,69.26°F,26.20%,73°F (Wall),73°F (Ambient2),Comfort
28-Mar,23:50:41,69.26°F,26.20%,73°F (Wall),72°F (Ambient2),Comfort
28-Mar,23:50:43,69.26°F,26.20%,72°F (Wall),73°F (Ambient2),Comfort
28-Mar,23:50:45,69.26°F,26.20%,73°F (Wall),73°F (Ambient2),Comfort
28-Mar,23:50:47,69.26°F,26.20%,73°F (Wall),73°F (Ambient2),Comfort
28-Mar,23:50:49,69.26°F,26.20%,73°F (Wall),73°F (Ambient2),Comfort
28-Mar,23:50:51,69.26°F,26.20%,72°F (Wall),73°F (Ambient2),Comfort
28-Mar,23:50:53,69.26°F,26.20%,72°F (Wall),73°F (Ambient2),Comfort
28-Mar,23:50:55,69.26°F,26.20%,72°F (Wall),73°F (Ambient2),Comfort
28-Mar,23:50:57,69.44°F,26.20%,72°F (Wall),73°F (Ambient2),Comfort
28-Mar,23:50:59,69.26°F,26.20%,72°F (Wall),73°F (Ambient2),Comfort
28-Mar,23:51:01,69.44°F,26.30%,72°F (Wall),73°F (Ambient2),Comfort
28-Mar,23:51:03,69.44°F,26.30%,73°F (Wall),73°F (Ambient2),Comfort
28-Mar,23:51:05,69.44°F,26.20%,72°F (Wall),73°F (Ambient2),Comfort
28-Mar,23:51:07,69.44°F,26.20%,72°F (Wall),73°F (Ambient2),Comfort
28-Mar,23:51:09,69.44°F,26.20%,72°F (Wall),73°F (Ambient2),Comfort
28-Mar,23:51:11,69.44°F,26.20%,73°F (Wall),73°F (Ambient2),Comfort
28-Mar,23:51:13,69.44°F,26.20%,73°F (Wall),73°F (Ambient2),Comfort
28-Mar,23:51:15,69.44°F,26.20%,72°F (Wall),73°F (Ambient2),Comfort
28-Mar,23:51:17,69.44°F,26.20%,72°F (Wall),73°F (Ambient2),Comfort
28-Mar,23:51:19,69.44°F,26.20%,72°F (Wall),73°F (Ambient2),Comfort
28-Mar,23:51:21,69.44°F,26.20%,73°F (Wall),73°F (Ambient2),Comfort
28-Mar,23:51:23,69.44°F,26.10%,72°F (Wall),73°F (Ambient2),Comfort
28-Mar,23:51:25,69.44°F,26.10%,72°F (Wall),73°F (Ambient2),Comfort
28-Mar,23:51:28,69.44°F,26.10%,72°F (Wall),73°F (Ambient2),Comfort
28-Mar,23:51:30,69.44°F,26.10%,73°F (Wall),73°F (Ambient2),Comfort
28-Mar,23:51:32,69.44°F,26.10%,72°F (Wall),73°F (Ambient2),Comfort
28-Mar,23:51:34,69.44°F,26.10%,72°F (Wall),73°F (Ambient2),Comfort
2-Apr,12:38:37,69.62°F,44.40%,69°F (Wall),70°F (Ambient2),Comfort
2-Apr,12:38:39,69.08°F,45.30%,69°F (Wall),70°F (Ambient2),Comfort
2-Apr,12:38:41,68.90°F,45.20%,69°F (Wall),70°F (Ambient2),Comfort
2-Apr,12:38:43,68.90°F,45.20%,69°F (Wall),70°F (Ambient2),Comfort
2-Apr,12:38:45,68.90°F,45.20%,69°F (Wall),70°F (Ambient2),Comfort
2-Apr,12:38:47,68.90°F,45.20%,69°F (Wall),70°F (Ambient2),Comfort
2-Apr,12:38:49,68.90°F,45.30%,69°F (Wall),70°F (Ambient2),Comfort
2-Apr,12:38:51,68.90°F,45.20%,69°F (Wall),70°F (Ambient2),Comfort
2-Apr,12:38:53,68.90°F,45.30%,69°F (Wall),70°F (Ambient2),Comfort
2-Apr,12:38:55,68.90°F,45.20%,69°F (Wall),70°F (Ambient2),Comfort
2-Apr,12:38:57,68.90°F,45.30%,69°F (Wall),70°F (Ambient2),Comfort
2-Apr,12:39:00,68.90°F,45.30%,69°F (Wall),70°F (Ambient2),Comfort
2-Apr,12:39:02,68.90°F,45.30%,69°F (Wall),70°F (Ambient2),Comfort
2-Apr,12:39:04,68.90°F,45.30%,69°F (Wall),70°F (Ambient2),Comfort
2-Apr,12:39:06,68.90°F,45.30%,69°F (Wall),70°F (Ambient2),Comfort
2-Apr,12:39:08,68.72°F,45.20%,69°F (Wall),70°F (Ambient2),Comfort
2-Apr,12:39:10,68.90°F,45.30%,69°F (Wall),70°F (Ambient2),Comfort
2-Apr,12:39:12,68.72°F,45.20%,69°F (Wall),70°F (Ambient2),Comfort
2-Apr,12:39:14,68.72°F,45.30%,69°F (Wall),70°F (Ambient2),Comfort
2-Apr,12:39:16,68.72°F,45.30%,69°F (Wall),70°F (Ambient2),Comfort
2-Apr,12:39:18,68.72°F,45.30%,69°F (Wall),70°F (Ambient2),Comfort
2-Apr,12:39:20,68.72°F,45.30%,69°F (Wall),70°F (Ambient2),Comfort
2-Apr,12:39:22,68.72°F,45.30%,69°F (Wall),70°F (Ambient2),Comfort
2-Apr,12:39:24,68.90°F,45.40%,69°F (Wall),70°F (Ambient2),Comfort
2-Apr,12:39:26,68.72°F,45.40%,69°F (Wall),70°F (Ambient2),Comfort
2-Apr,12:39:28,68.90°F,45.50%,69°F (Wall),70°F (Ambient2),Comfort
2-Apr,12:39:30,68.72°F,45.40%,69°F (Wall),70°F (Ambient2),Comfort
2-Apr,12:39:32,68.72°F,45.40%,69°F (Wall),70°F (Ambient2),Comfort
2-Apr,12:39:34,68.72°F,45.40%,69°F (Wall),70°F (Ambient2),Comfort
2-Apr,12:39:36,68.72°F,45.50%,69°F (Wall),70°F (Ambient2),Comfort
2-Apr,12:39:38,68.72°F,45.50%,69°F (Wall),70°F (Ambient2),Comfort
2-Apr,12:39:40,68.72°F,45.50%,69°F (Wall),70°F (Ambient2),Comfort
2-Apr,12:39:42,68.72°F,45.50%,69°F (Wall),70°F (Ambient2),Comfort
2-Apr,12:39:44,68.72°F,45.60%,70°F (Wall),70°F (Ambient2),Comfort
2-Apr,12:39:46,68.72°F,45.60%,69°F (Wall),70°F (Ambient2),Comfort
2-Apr,12:39:48,68.72°F,45.60%,69°F (Wall),70°F (Ambient2),Comfort
2-Apr,12:39:50,68.72°F,45.70%,70°F (Wall),70°F (Ambient2),Comfort
2-Apr,12:39:52,68.72°F,45.70%,69°F (Wall),70°F (Ambient2),Comfort
2-Apr,12:39:54,68.72°F,45.70%,70°F (Wall),70°F (Ambient2),Comfort
2-Apr,12:39:57,68.54°F,45.70%,69°F (Wall),70°F (Ambient2),Comfort
2-Apr,12:39:59,68.72°F,45.70%,70°F (Wall),70°F (Ambient2),Comfort
2-Apr,12:40:01,68.54°F,45.70%,70°F (Wall),70°F (Ambient2),Comfort
2-Apr,12:40:03,68.54°F,45.70%,70°F (Wall),70°F (Ambient2),Comfort
2-Apr,12:40:05,68.54°F,45.70%,69°F (Wall),70°F (Ambient2),Comfort
2-Apr,12:40:07,68.54°F,45.70%,70°F (Wall),70°F (Ambient2),Comfort
2-Apr,12:40:09,68.54°F,45.70%,70°F (Wall),70°F (Ambient2),Comfort
2-Apr,12:40:11,68.54°F,45.70%,70°F (Wall),70°F (Ambient2),Comfort
2-Apr,12:40:32,68.54°F,45.80%,70°F (Wall),69°F (Ambient2),Comfort
2-Apr,12:40:34,68.54°F,45.90%,69°F (Wall),69°F (Ambient2),Comfort
2-Apr,12:40:36,68.54°F,45.90%,70°F (Wall),70°F (Ambient2),Comfort
2-Apr,12:40:38,68.54°F,45.90%,70°F (Wall),69°F (Ambient2),Comfort
2-Apr,12:40:40,68.54°F,45.90%,69°F (Wall),70°F (Ambient2),Comfort
2-Apr,12:40:42,68.54°F,45.90%,67°F (Wall),70°F (Ambient2),Comfort
2-Apr,12:40:44,68.54°F,45.90%,68°F (Wall),70°F (Ambient2),Comfort
2-Apr,12:40:46,68.54°F,45.90%,68°F (Wall),70°F (Ambient2),Comfort
2-Apr,12:40:48,68.54°F,46.00%,68°F (Wall),70°F (Ambient2),Comfort
2-Apr,12:40:50,68.54°F,46.00%,68°F (Wall),70°F (Ambient2),Comfort
2-Apr,12:40:52,68.54°F,46.00%,67°F (Wall),70°F (Ambient2),Comfort
2-Apr,12:40:55,68.36°F,45.90%,67°F (Wall),70°F (Ambient2),Comfort
2-Apr,12:40:57,68.54°F,46.00%,67°F (Wall),70°F (Ambient2),Comfort
2-Apr,12:40:59,68.54°F,46.00%,68°F (Wall),70°F (Ambient2),Comfort
2-Apr,12:41:01,68.54°F,46.00%,68°F (Wall),70°F (Ambient2),Comfort
2-Apr,12:41:03,68.54°F,46.00%,68°F (Wall),70°F (Ambient2),Comfort
2-Apr,12:41:05,68.54°F,46.00%,68°F (Wall),70°F (Ambient2),Comfort
2-Apr,12:41:07,68.54°F,46.00%,67°F (Wall),70°F (Ambient2),Comfort
2-Apr,12:41:09,68.54°F,46.00%,67°F (Wall),70°F (Ambient2),Comfort
2-Apr,12:41:11,68.54°F,46.00%,67°F (Wall),70°F (Ambient2),Comfort
2-Apr,12:41:13,68.54°F,46.00%,67°F (Wall),70°F (Ambient2),Comfort
2-Apr,12:41:15,68.54°F,46.00%,67°F (Wall),70°F (Ambient2),Comfort
2-Apr,12:41:17,68.54°F,46.00%,79°F (Wall),70°F (Ambient2),Comfort
2-Apr,12:41:19,68.54°F,46.00%,79°F (Wall),70°F (Ambient2),Comfort
2-Apr,12:41:21,68.36°F,45.90%,78°F (Wall),70°F (Ambient2),Comfort
2-Apr,12:41:23,68.54°F,46.00%,81°F (Wall),70°F (Ambient2),Comfort
2-Apr,12:41:25,68.54°F,46.00%,67°F (Wall),70°F (Ambient2),Comfort
2-Apr,12:41:27,68.54°F,46.10%,67°F (Wall),70°F (Ambient2),Comfort
2-Apr,12:41:29,68.36°F,46.00%,67°F (Wall),70°F (Ambient2),Comfort
2-Apr,12:41:31,68.54°F,46.10%,67°F (Wall),70°F (Ambient2),Comfort
2-Apr,12:41:33,68.54°F,46.10%,67°F (Wall),70°F (Ambient2),Comfort
2-Apr,12:41:35,68.54°F,46.10%,67°F (Wall),70°F (Ambient2),Comfort
2-Apr,12:41:37,68.54°F,46.10%,67°F (Wall),70°F (Ambient2),Comfort
2-Apr,12:41:39,68.36°F,46.00%,67°F (Wall),70°F (Ambient2),Comfort
2-Apr,12:41:41,68.54°F,46.10%,67°F (Wall),70°F (Ambient2),Comfort
2-Apr,12:41:43,68.36°F,46.10%,67°F (Wall),70°F (Ambient2),Comfort
2-Apr,12:41:45,68.36°F,46.10%,67°F (Wall),70°F (Ambient2),Comfort
2-Apr,12:41:47,68.54°F,46.20%,67°F (Wall),70°F (Ambient2),Cold
2-Apr,12:41:49,68.36°F,46.10%,67°F (Wall),70°F (Ambient2),Cold
2-Apr,12:41:52,68.54°F,46.20%,67°F (Wall),70°F (Ambient2),Cold
2-Apr,12:41:54,68.54°F,46.20%,67°F (Wall),70°F (Ambient2),Cold
2-Apr,12:41:56,68.54°F,46.20%,67°F (Wall),70°F (Ambient2),Cold
2-Apr,12:41:58,68.54°F,46.20%,67°F (Wall),70°F (Ambient2),Cold
2-Apr,12:42:00,68.36°F,46.10%,67°F (Wall),70°F (Ambient2),Cold
2-Apr,12:42:02,68.54°F,46.20%,67°F (Wall),70°F (Ambient2),Cold
2-Apr,12:42:04,68.36°F,46.10%,67°F (Wall),70°F (Ambient2),Cold
2-Apr,12:42:06,68.36°F,46.10%,67°F (Wall),70°F (Ambient2),Cold
2-Apr,12:42:08,68.36°F,46.10%,67°F (Wall),70°F (Ambient2),Cold
2-Apr,12:42:10,68.36°F,46.10%,67°F (Wall),70°F (Ambient2),Cold
2-Apr,12:42:12,68.36°F,46.10%,67°F (Wall),70°F (Ambient2),Cold
2-Apr,12:42:14,68.36°F,46.10%,67°F (Wall),70°F (Ambient2),Cold
2-Apr,12:42:16,68.36°F,46.10%,67°F (Wall),70°F (Ambient2),Cold
2-Apr,12:42:18,68.36°F,46.10%,67°F (Wall),70°F (Ambient2),Cold
2-Apr,12:42:20,68.36°F,46.10%,67°F (Wall),70°F (Ambient2),Cold
2-Apr,12:42:22,68.36°F,46.10%,67°F (Wall),70°F (Ambient2),Cold
2-Apr,12:42:24,68.36°F,46.10%,67°F (Wall),70°F (Ambient2),Cold
2-Apr,12:42:26,68.36°F,46.10%,67°F (Wall),70°F (Ambient2),Cold
2-Apr,12:42:28,68.36°F,46.10%,67°F (Wall),70°F (Ambient2),Cold
2-Apr,12:42:30,68.36°F,46.10%,67°F (Wall),70°F (Ambient2),Cold
2-Apr,12:42:32,68.36°F,46.10%,67°F (Wall),70°F (Ambient2),Cold
2-Apr,12:42:34,68.36°F,46.10%,67°F (Wall),70°F (Ambient2),Cold
2-Apr,12:42:36,68.54°F,46.10%,67°F (Wall),70°F (Ambient2),Cold
2-Apr,12:42:38,68.36°F,46.00%,67°F (Wall),70°F (Ambient2),Cold
2-Apr,12:42:40,68.36°F,46.10%,67°F (Wall),70°F (Ambient2),Cold
2-Apr,12:42:42,68.54°F,46.10%,67°F (Wall),70°F (Ambient2),Cold
2-Apr,12:42:44,68.36°F,46.00%,67°F (Wall),70°F (Ambient2),Cold
2-Apr,12:42:46,68.36°F,46.00%,67°F (Wall),70°F (Ambient2),Cold
2-Apr,12:42:48,68.36°F,46.00%,67°F (Wall),70°F (Ambient2),Cold
2-Apr,12:42:50,68.36°F,46.00%,67°F (Wall),70°F (Ambient2),Cold
2-Apr,12:42:53,68.36°F,46.00%,67°F (Wall),70°F (Ambient2),Cold
2-Apr,12:42:55,68.36°F,46.00%,67°F (Wall),70°F (Ambient2),Cold
2-Apr,12:42:57,68.36°F,46.00%,67°F (Wall),70°F (Ambient2),Cold
2-Apr,12:42:59,68.36°F,46.00%,67°F (Wall),70°F (Ambient2),Cold
2-Apr,12:43:01,68.36°F,46.00%,67°F (Wall),70°F (Ambient2),Cold
2-Apr,12:43:03,68.36°F,46.00%,67°F (Wall),70°F (Ambient2),Cold
2-Apr,12:43:05,68.36°F,46.00%,67°F (Wall),70°F (Ambient2),Cold
2-Apr,12:43:07,68.36°F,46.00%,67°F (Wall),70°F (Ambient2),Cold
2-Apr,12:43:09,68.36°F,45.90%,67°F (Wall),70°F (Ambient2),Cold
2-Apr,12:43:11,68.18°F,45.90%,67°F (Wall),70°F (Ambient2),Cold
2-Apr,12:43:13,68.36°F,45.90%,67°F (Wall),70°F (Ambient2),Cold
2-Apr,12:43:15,68.36°F,45.90%,67°F (Wall),70°F (Ambient2),Cold
2-Apr,12:43:17,68.36°F,45.90%,67°F (Wall),70°F (Ambient2),Cold
2-Apr,12:43:19,68.36°F,45.90%,67°F (Wall),70°F (Ambient2),Cold
2-Apr,12:43:21,68.36°F,45.90%,67°F (Wall),70°F (Ambient2),Cold
2-Apr,12:43:23,68.36°F,45.90%,67°F (Wall),70°F (Ambient2),Cold
2-Apr,12:43:25,68.36°F,45.90%,67°F (Wall),70°F (Ambient2),Cold
2-Apr,12:43:27,68.36°F,45.90%,67°F (Wall),70°F (Ambient2),Cold
2-Apr,12:43:29,68.36°F,45.90%,67°F (Wall),70°F (Ambient2),Cold
2-Apr,12:43:31,68.36°F,45.90%,67°F (Wall),70°F (Ambient2),Cold
2-Apr,12:43:33,68.36°F,45.80%,67°F (Wall),70°F (Ambient2),Cold
2-Apr,12:43:35,68.36°F,45.80%,67°F (Wall),70°F (Ambient2),Cold
2-Apr,12:43:37,68.36°F,45.80%,67°F (Wall),70°F (Ambient2),Cold
2-Apr,12:43:39,68.36°F,45.80%,67°F (Wall),70°F (Ambient2),Cold
2-Apr,12:43:41,68.36°F,45.80%,67°F (Wall),70°F (Ambient2),Cold
2-Apr,12:43:43,68.36°F,45.80%,67°F (Wall),70°F (Ambient2),Cold
2-Apr,12:43:45,68.36°F,45.70%,67°F (Wall),70°F (Ambient2),Cold
2-Apr,12:43:47,68.18°F,45.60%,67°F (Wall),70°F (Ambient2),Cold
2-Apr,12:43:49,68.36°F,45.70%,67°F (Wall),70°F (Ambient2),Cold
2-Apr,12:43:51,68.36°F,45.60%,67°F (Wall),70°F (Ambient2),Cold
2-Apr,12:43:53,68.36°F,45.60%,67°F (Wall),70°F (Ambient2),Cold
2-Apr,12:43:56,68.36°F,45.60%,67°F (Wall),70°F (Ambient2),Cold
2-Apr,12:43:58,68.36°F,45.50%,67°F (Wall),70°F (Ambient2),Cold
2-Apr,12:44:00,68.36°F,45.50%,67°F (Wall),70°F (Ambient2),Cold
2-Apr,12:44:02,68.18°F,45.40%,67°F (Wall),70°F (Ambient2),Cold
2-Apr,12:44:04,68.18°F,45.40%,67°F (Wall),70°F (Ambient2),Cold
2-Apr,12:44:06,68.36°F,45.50%,67°F (Wall),70°F (Ambient2),Cold
2-Apr,12:44:08,68.36°F,45.50%,67°F (Wall),70°F (Ambient2),Cold
2-Apr,12:44:10,68.18°F,45.40%,67°F (Wall),70°F (Ambient2),Cold
2-Apr,12:44:12,68.36°F,45.40%,67°F (Wall),70°F (Ambient2),Cold
2-Apr,12:44:14,68.36°F,45.40%,67°F (Wall),70°F (Ambient2),Cold
2-Apr,12:44:16,68.36°F,45.30%,67°F (Wall),70°F (Ambient2),Cold
2-Apr,12:44:18,68.36°F,45.30%,67°F (Wall),70°F (Ambient2),Cold
2-Apr,12:44:20,68.36°F,45.30%,67°F (Wall),70°F (Ambient2),Cold
2-Apr,12:44:22,68.36°F,45.30%,67°F (Wall),70°F (Ambient2),Cold
2-Apr,12:44:24,68.36°F,45.30%,67°F (Wall),70°F (Ambient2),Cold
2-Apr,12:44:26,68.18°F,45.20%,67°F (Wall),70°F (Ambient2),Cold
2-Apr,12:44:28,68.36°F,45.30%,67°F (Wall),70°F (Ambient2),Cold
2-Apr,12:44:30,68.36°F,45.30%,67°F (Wall),70°F (Ambient2),Cold
2-Apr,12:44:32,68.36°F,45.30%,67°F (Wall),70°F (Ambient2),Cold
2-Apr,12:44:34,68.36°F,45.30%,67°F (Wall),70°F (Ambient2),Cold
2-Apr,12:44:36,68.18°F,45.20%,67°F (Wall),70°F (Ambient2),Cold
2-Apr,12:44:38,68.36°F,45.30%,67°F (Wall),70°F (Ambient2),Cold
2-Apr,12:44:40,68.36°F,45.30%,67°F (Wall),70°F (Ambient2),Cold
2-Apr,12:44:42,68.36°F,45.30%,67°F (Wall),70°F (Ambient2),Cold
2-Apr,12:44:44,68.36°F,45.30%,67°F (Wall),70°F (Ambient2),Cold
2-Apr,12:44:46,68.36°F,45.30%,67°F (Wall),70°F (Ambient2),Cold
2-Apr,12:44:48,68.36°F,45.30%,67°F (Wall),70°F (Ambient2),Cold
2-Apr,12:44:50,68.36°F,45.30%,67°F (Wall),70°F (Ambient2),Cold
2-Apr,12:44:52,68.18°F,45.30%,67°F (Wall),69°F (Ambient2),Cold
2-Apr,12:44:54,68.18°F,45.30%,67°F (Wall),69°F (Ambient2),Cold
2-Apr,12:44:57,68.18°F,45.30%,67°F (Wall),70°F (Ambient2),Cold
2-Apr,12:44:59,68.18°F,45.30%,67°F (Wall),70°F (Ambient2),Cold
2-Apr,12:45:01,68.36°F,45.30%,67°F (Wall),70°F (Ambient2),Cold
2-Apr,12:45:03,68.36°F,45.30%,67°F (Wall),70°F (Ambient2),Cold
2-Apr,12:45:05,68.36°F,45.30%,67°F (Wall),70°F (Ambient2),Cold
2-Apr,12:45:07,68.36°F,45.30%,67°F (Wall),70°F (Ambient2),Cold
2-Apr,12:45:09,68.18°F,45.20%,67°F (Wall),70°F (Ambient2),Cold
2-Apr,12:45:11,68.36°F,45.30%,67°F (Wall),70°F (Ambient2),Cold
2-Apr,12:45:13,68.36°F,45.30%,67°F (Wall),70°F (Ambient2),Cold
2-Apr,12:45:15,68.36°F,45.30%,67°F (Wall),70°F (Ambient2),Cold
2-Apr,12:45:17,68.18°F,45.20%,67°F (Wall),70°F (Ambient2),Cold
2-Apr,12:45:19,68.18°F,45.20%,67°F (Wall),70°F (Ambient2),Cold
2-Apr,12:45:21,68.18°F,45.20%,67°F (Wall),69°F (Ambient2),Cold
2-Apr,12:45:23,68.36°F,45.30%,67°F (Wall),69°F (Ambient2),Cold
2-Apr,12:45:25,68.36°F,45.30%,67°F (Wall),70°F (Ambient2),Cold
2-Apr,12:45:27,68.36°F,45.20%,67°F (Wall),69°F (Ambient2),Cold
2-Apr,12:45:29,68.36°F,45.20%,67°F (Wall),69°F (Ambient2),Cold
2-Apr,12:45:31,68.36°F,45.20%,67°F (Wall),69°F (Ambient2),Cold
2-Apr,12:45:33,68.18°F,45.10%,67°F (Wall),69°F (Ambient2),Cold
2-Apr,12:45:35,68.36°F,45.20%,67°F (Wall),70°F (Ambient2),Cold
2-Apr,12:45:37,68.36°F,45.20%,67°F (Wall),70°F (Ambient2),Cold
2-Apr,12:45:39,68.36°F,45.20%,67°F (Wall),69°F (Ambient2),Cold
2-Apr,12:45:41,68.36°F,45.30%,67°F (Wall),69°F (Ambient2),Cold
2-Apr,12:45:43,68.18°F,45.20%,67°F (Wall),69°F (Ambient2),Cold
2-Apr,12:45:45,68.36°F,45.30%,67°F (Wall),69°F (Ambient2),Cold
2-Apr,12:45:47,68.36°F,45.30%,67°F (Wall),70°F (Ambient2),Cold
2-Apr,12:45:49,68.36°F,45.30%,67°F (Wall),69°F (Ambient2),Cold
2-Apr,12:45:51,68.36°F,45.30%,67°F (Wall),70°F (Ambient2),Cold
2-Apr,12:45:53,68.36°F,45.30%,67°F (Wall),70°F (Ambient2),Cold
2-Apr,12:45:55,68.36°F,45.30%,67°F (Wall),69°F (Ambient2),Cold
2-Apr,12:45:57,68.36°F,45.30%,67°F (Wall),69°F (Ambient2),Cold
2-Apr,12:46:00,68.36°F,45.30%,67°F (Wall),69°F (Ambient2),Cold
2-Apr,12:46:02,68.36°F,45.30%,67°F (Wall),69°F (Ambient2),Cold
2-Apr,12:46:04,68.36°F,45.30%,67°F (Wall),70°F (Ambient2),Cold
2-Apr,12:46:06,68.36°F,45.30%,67°F (Wall),70°F (Ambient2),Cold
2-Apr,12:46:08,68.36°F,45.30%,67°F (Wall),69°F (Ambient2),Cold
2-Apr,12:46:10,68.36°F,45.30%,67°F (Wall),69°F (Ambient2),Cold
2-Apr,12:46:12,68.36°F,45.30%,67°F (Wall),69°F (Ambient2),Cold
2-Apr,12:46:14,68.18°F,45.20%,67°F (Wall),69°F (Ambient2),Cold
2-Apr,12:46:16,68.36°F,45.30%,67°F (Wall),69°F (Ambient2),Cold
2-Apr,12:46:18,68.18°F,45.20%,67°F (Wall),70°F (Ambient2),Cold
2-Apr,12:46:20,68.36°F,45.30%,67°F (Wall),69°F (Ambient2),Cold
2-Apr,12:46:22,68.36°F,45.30%,67°F (Wall),69°F (Ambient2),Cold
2-Apr,12:46:24,68.36°F,45.30%,67°F (Wall),69°F (Ambient2),Cold
2-Apr,12:46:26,68.36°F,45.30%,67°F (Wall),70°F (Ambient2),Cold
2-Apr,12:46:28,68.36°F,45.20%,67°F (Wall),69°F (Ambient2),Cold
2-Apr,12:46:30,68.36°F,45.20%,67°F (Wall),69°F (Ambient2),Cold
2-Apr,12:46:32,68.36°F,45.20%,67°F (Wall),69°F (Ambient2),Cold
2-Apr,12:46:34,68.18°F,45.10%,67°F (Wall),69°F (Ambient2),Cold
2-Apr,12:46:36,68.36°F,45.20%,67°F (Wall),69°F (Ambient2),Cold
2-Apr,12:46:38,68.36°F,45.10%,67°F (Wall),69°F (Ambient2),Cold
2-Apr,12:46:40,68.18°F,44.90%,67°F (Wall),69°F (Ambient2),Cold
2-Apr,12:46:42,68.36°F,44.90%,67°F (Wall),69°F (Ambient2),Cold
2-Apr,12:46:44,68.36°F,44.90%,67°F (Wall),69°F (Ambient2),Cold
2-Apr,12:46:46,68.36°F,44.80%,67°F (Wall),69°F (Ambient2),Cold
2-Apr,12:46:48,68.18°F,44.70%,67°F (Wall),69°F (Ambient2),Cold
2-Apr,12:46:50,68.36°F,44.80%,67°F (Wall),69°F (Ambient2),Cold
2-Apr,12:46:52,68.36°F,44.70%,67°F (Wall),69°F (Ambient2),Cold
2-Apr,12:46:54,68.36°F,44.70%,67°F (Wall),69°F (Ambient2),Cold
2-Apr,12:46:56,68.18°F,44.60%,67°F (Wall),69°F (Ambient2),Cold
2-Apr,12:46:58,68.36°F,44.80%,67°F (Wall),69°F (Ambient2),Cold
2-Apr,12:47:01,68.36°F,44.80%,67°F (Wall),69°F (Ambient2),Cold
2-Apr,12:47:03,68.36°F,44.80%,68°F (Wall),69°F (Ambient2),Cold
2-Apr,12:47:05,68.36°F,44.80%,67°F (Wall),69°F (Ambient2),Cold
2-Apr,12:47:07,68.36°F,44.90%,67°F (Wall),69°F (Ambient2),Cold
2-Apr,12:47:09,68.36°F,44.90%,67°F (Wall),69°F (Ambient2),Cold
2-Apr,12:47:11,68.36°F,44.90%,67°F (Wall),69°F (Ambient2),Cold
2-Apr,12:47:13,68.36°F,44.90%,67°F (Wall),69°F (Ambient2),Cold
2-Apr,12:47:15,68.18°F,44.80%,67°F (Wall),69°F (Ambient2),Cold
2-Apr,12:47:17,68.36°F,44.90%,67°F (Wall),69°F (Ambient2),Cold
2-Apr,12:47:19,68.36°F,44.90%,67°F (Wall),69°F (Ambient2),Cold
2-Apr,12:47:21,68.36°F,45.00%,68°F (Wall),69°F (Ambient2),Cold
2-Apr,12:47:23,68.36°F,45.00%,67°F (Wall),69°F (Ambient2),Cold
2-Apr,12:47:25,68.18°F,44.90%,67°F (Wall),69°F (Ambient2),Cold
2-Apr,12:47:27,68.36°F,45.00%,67°F (Wall),69°F (Ambient2),Cold
2-Apr,12:47:29,68.36°F,45.00%,67°F (Wall),69°F (Ambient2),Cold
2-Apr,12:47:31,68.36°F,45.00%,67°F (Wall),69°F (Ambient2),Cold
2-Apr,12:47:33,68.36°F,45.00%,67°F (Wall),69°F (Ambient2),Cold
2-Apr,12:47:35,68.36°F,45.00%,67°F (Wall),69°F (Ambient2),Cold
2-Apr,12:47:37,68.36°F,45.00%,67°F (Wall),69°F (Ambient2),Cold
2-Apr,12:47:39,68.36°F,45.00%,67°F (Wall),69°F (Ambient2),Cold
2-Apr,12:47:41,68.18°F,44.90%,67°F (Wall),69°F (Ambient2),Cold
2-Apr,12:47:43,68.18°F,44.90%,67°F (Wall),69°F (Ambient2),Cold
2-Apr,12:47:45,68.36°F,45.00%,67°F (Wall),69°F (Ambient2),Cold
2-Apr,12:47:47,68.36°F,45.00%,67°F (Wall),69°F (Ambient2),Cold
2-Apr,12:47:49,68.36°F,45.00%,67°F (Wall),69°F (Ambient2),Cold
2-Apr,12:47:51,68.36°F,45.00%,67°F (Wall),69°F (Ambient2),Cold
2-Apr,12:47:53,68.36°F,44.90%,68°F (Wall),69°F (Ambient2),Cold
2-Apr,12:47:55,68.36°F,44.90%,67°F (Wall),69°F (Ambient2),Cold
2-Apr,12:47:57,68.36°F,44.90%,67°F (Wall),70°F (Ambient2),Cold
2-Apr,12:47:59,68.36°F,44.80%,67°F (Wall),69°F (Ambient2),Cold
2-Apr,12:48:01,68.36°F,44.80%,68°F (Wall),69°F (Ambient2),Cold
2-Apr,12:48:04,68.36°F,44.80%,67°F (Wall),69°F (Ambient2),Cold
2-Apr,12:48:06,68.36°F,44.80%,67°F (Wall),69°F (Ambient2),Cold
2-Apr,12:48:08,68.36°F,44.80%,68°F (Wall),69°F (Ambient2),Cold
2-Apr,12:48:10,68.18°F,44.70%,67°F (Wall),69°F (Ambient2),Cold
2-Apr,12:48:12,68.36°F,44.70%,67°F (Wall),69°F (Ambient2),Cold
2-Apr,12:48:14,68.36°F,44.70%,67°F (Wall),69°F (Ambient2),Cold
2-Apr,12:48:16,68.36°F,44.70%,67°F (Wall),69°F (Ambient2),Cold
2-Apr,12:48:18,68.36°F,44.60%,67°F (Wall),69°F (Ambient2),Cold
2-Apr,12:48:20,68.36°F,44.50%,67°F (Wall),69°F (Ambient2),Cold
2-Apr,12:48:22,68.36°F,44.50%,67°F (Wall),69°F (Ambient2),Cold
2-Apr,12:48:24,68.36°F,44.40%,67°F (Wall),69°F (Ambient2),Cold
2-Apr,12:48:26,68.36°F,44.40%,67°F (Wall),69°F (Ambient2),Cold
2-Apr,12:48:28,68.36°F,44.30%,68°F (Wall),69°F (Ambient2),Cold
2-Apr,12:48:30,68.36°F,44.30%,67°F (Wall),69°F (Ambient2),Cold
2-Apr,12:48:32,68.36°F,44.20%,67°F (Wall),69°F (Ambient2),Cold
2-Apr,12:48:34,68.36°F,44.20%,68°F (Wall),69°F (Ambient2),Cold
2-Apr,12:48:36,68.36°F,44.10%,67°F (Wall),69°F (Ambient2),Cold
2-Apr,12:48:38,68.36°F,44.10%,67°F (Wall),69°F (Ambient2),Cold
2-Apr,12:48:40,68.36°F,44.10%,67°F (Wall),69°F (Ambient2),Cold
2-Apr,12:48:42,68.18°F,44.00%,68°F (Wall),69°F (Ambient2),Cold
2-Apr,12:48:44,68.36°F,44.10%,67°F (Wall),69°F (Ambient2),Cold
2-Apr,12:48:46,68.18°F,44.00%,68°F (Wall),69°F (Ambient2),Cold
2-Apr,12:48:48,68.36°F,44.10%,68°F (Wall),69°F (Ambient2),Cold
2-Apr,12:48:50,68.36°F,44.10%,68°F (Wall),69°F (Ambient2),Cold
2-Apr,12:48:52,68.36°F,44.00%,68°F (Wall),69°F (Ambient2),Cold
2-Apr,12:48:54,68.36°F,44.00%,68°F (Wall),69°F (Ambient2),Cold
2-Apr,12:48:56,68.36°F,43.90%,67°F (Wall),69°F (Ambient2),Cold
2-Apr,12:48:58,68.36°F,43.90%,68°F (Wall),69°F (Ambient2),Cold
2-Apr,12:49:00,68.36°F,43.90%,67°F (Wall),69°F (Ambient2),Cold
2-Apr,12:49:02,68.36°F,43.80%,68°F (Wall),69°F (Ambient2),Cold
2-Apr,12:49:05,68.36°F,43.80%,67°F (Wall),70°F (Ambient2),Cold
2-Apr,12:49:07,68.36°F,43.80%,67°F (Wall),69°F (Ambient2),Cold
2-Apr,12:49:09,68.36°F,43.70%,67°F (Wall),69°F (Ambient2),Cold
2-Apr,12:49:11,68.36°F,43.70%,68°F (Wall),69°F (Ambient2),Cold
2-Apr,12:49:13,68.36°F,43.70%,68°F (Wall),69°F (Ambient2),Cold
2-Apr,12:49:15,68.36°F,43.70%,67°F (Wall),69°F (Ambient2),Cold
2-Apr,12:49:17,68.36°F,43.60%,67°F (Wall),70°F (Ambient2),Cold
2-Apr,12:49:19,68.36°F,43.60%,68°F (Wall),69°F (Ambient2),Cold
2-Apr,12:49:21,68.36°F,43.60%,67°F (Wall),69°F (Ambient2),Cold
2-Apr,12:49:23,68.36°F,43.60%,67°F (Wall),69°F (Ambient2),Cold
2-Apr,12:49:25,68.36°F,43.60%,68°F (Wall),69°F (Ambient2),Cold
2-Apr,12:49:27,68.18°F,43.50%,67°F (Wall),69°F (Ambient2),Cold
2-Apr,12:49:29,68.36°F,43.60%,68°F (Wall),70°F (Ambient2),Cold
2-Apr,12:49:31,68.36°F,43.60%,67°F (Wall),69°F (Ambient2),Cold
2-Apr,12:49:33,68.36°F,43.60%,67°F (Wall),69°F (Ambient2),Cold
2-Apr,12:49:35,68.36°F,43.60%,67°F (Wall),69°F (Ambient2),Cold
2-Apr,12:49:37,68.18°F,43.50%,67°F (Wall),69°F (Ambient2),Cold
2-Apr,12:49:39,68.36°F,43.60%,68°F (Wall),69°F (Ambient2),Cold
2-Apr,12:49:41,68.36°F,43.60%,67°F (Wall),69°F (Ambient2),Cold
2-Apr,12:49:43,68.36°F,43.50%,67°F (Wall),69°F (Ambient2),Cold
2-Apr,12:49:45,68.36°F,43.60%,68°F (Wall),69°F (Ambient2),Cold
2-Apr,12:49:47,68.36°F,43.50%,68°F (Wall),69°F (Ambient2),Cold
2-Apr,12:49:49,68.36°F,43.60%,67°F (Wall),69°F (Ambient2),Cold
2-Apr,12:49:51,68.36°F,43.60%,68°F (Wall),69°F (Ambient2),Cold
2-Apr,12:49:53,68.36°F,43.60%,67°F (Wall),69°F (Ambient2),Cold
2-Apr,12:49:55,68.18°F,43.50%,67°F (Wall),69°F (Ambient2),Cold
2-Apr,12:49:57,68.36°F,43.60%,68°F (Wall),69°F (Ambient2),Cold
2-Apr,12:49:59,68.36°F,43.60%,68°F (Wall),69°F (Ambient2),Cold
2-Apr,12:50:01,68.36°F,43.60%,68°F (Wall),69°F (Ambient2),Cold
2-Apr,12:50:03,68.36°F,43.60%,67°F (Wall),69°F (Ambient2),Cold
2-Apr,12:50:06,68.36°F,43.60%,67°F (Wall),69°F (Ambient2),Cold
2-Apr,12:50:08,68.36°F,43.60%,67°F (Wall),69°F (Ambient2),Cold
2-Apr,12:50:10,68.36°F,43.60%,68°F (Wall),69°F (Ambient2),Cold
2-Apr,12:50:12,68.36°F,43.60%,67°F (Wall),69°F (Ambient2),Cold
2-Apr,12:50:14,68.36°F,43.60%,67°F (Wall),69°F (Ambient2),Cold
2-Apr,12:50:16,68.18°F,43.50%,67°F (Wall),69°F (Ambient2),Cold
2-Apr,12:50:18,68.36°F,43.60%,67°F (Wall),69°F (Ambient2),Cold
2-Apr,12:50:20,68.36°F,43.60%,68°F (Wall),69°F (Ambient2),Cold
2-Apr,12:50:22,68.36°F,43.60%,68°F (Wall),69°F (Ambient2),Cold
2-Apr,12:50:24,68.36°F,43.60%,68°F (Wall),69°F (Ambient2),Cold
2-Apr,12:50:26,68.36°F,43.60%,68°F (Wall),69°F (Ambient2),Cold
2-Apr,12:50:28,68.36°F,43.70%,67°F (Wall),69°F (Ambient2),Cold
2-Apr,12:50:30,68.36°F,43.60%,67°F (Wall),69°F (Ambient2),Cold
2-Apr,12:50:32,68.36°F,43.60%,67°F (Wall),69°F (Ambient2),Cold
2-Apr,12:50:34,68.36°F,43.60%,67°F (Wall),69°F (Ambient2),Cold
2-Apr,12:50:36,68.36°F,43.70%,67°F (Wall),69°F (Ambient2),Cold
2-Apr,12:50:38,68.36°F,43.70%,68°F (Wall),69°F (Ambient2),Cold
2-Apr,12:50:40,68.36°F,43.70%,67°F (Wall),69°F (Ambient2),Cold
2-Apr,12:50:42,68.36°F,43.60%,68°F (Wall),69°F (Ambient2),Cold
2-Apr,12:50:44,68.36°F,43.70%,68°F (Wall),69°F (Ambient2),Cold
2-Apr,12:50:46,68.36°F,43.70%,68°F (Wall),69°F (Ambient2),Cold
2-Apr,12:50:48,68.36°F,43.70%,68°F (Wall),69°F (Ambient2),Cold
2-Apr,12:50:50,68.36°F,43.70%,67°F (Wall),69°F (Ambient2),Cold
2-Apr,12:50:52,68.36°F,43.70%,67°F (Wall),69°F (Ambient2),Cold
2-Apr,12:50:54,68.36°F,43.70%,67°F (Wall),69°F (Ambient2),Cold
2-Apr,12:50:56,68.36°F,43.70%,67°F (Wall),69°F (Ambient2),Cold
2-Apr,12:50:58,68.36°F,43.70%,68°F (Wall),69°F (Ambient2),Cold
2-Apr,12:51:00,68.36°F,43.70%,67°F (Wall),69°F (Ambient2),Cold
2-Apr,12:51:02,68.36°F,43.70%,67°F (Wall),69°F (Ambient2),Cold
2-Apr,12:51:04,68.36°F,43.70%,67°F (Wall),69°F (Ambient2),Cold
2-Apr,12:51:07,68.36°F,43.70%,67°F (Wall),69°F (Ambient2),Cold
2-Apr,12:51:09,68.18°F,43.60%,67°F (Wall),69°F (Ambient2),Cold
2-Apr,12:51:11,68.18°F,43.60%,67°F (Wall),69°F (Ambient2),Cold
2-Apr,12:51:13,68.36°F,43.70%,67°F (Wall),69°F (Ambient2),Cold
2-Apr,12:51:15,68.18°F,43.50%,67°F (Wall),69°F (Ambient2),Cold
2-Apr,12:51:17,68.18°F,43.60%,67°F (Wall),69°F (Ambient2),Cold
2-Apr,12:51:19,68.18°F,43.50%,68°F (Wall),69°F (Ambient2),Cold
2-Apr,12:51:21,68.36°F,43.70%,68°F (Wall),69°F (Ambient2),Cold
2-Apr,12:51:23,68.36°F,43.70%,68°F (Wall),69°F (Ambient2),Cold
2-Apr,12:51:25,68.18°F,43.50%,67°F (Wall),69°F (Ambient2),Cold
2-Apr,12:51:27,68.18°F,43.60%,67°F (Wall),69°F (Ambient2),Cold
2-Apr,12:51:29,68.18°F,43.60%,68°F (Wall),69°F (Ambient2),Cold
2-Apr,12:51:31,68.36°F,43.60%,67°F (Wall),69°F (Ambient2),Cold
2-Apr,12:51:33,68.36°F,43.70%,67°F (Wall),69°F (Ambient2),Cold
2-Apr,12:51:35,68.18°F,43.50%,67°F (Wall),69°F (Ambient2),Cold
2-Apr,12:51:37,68.18°F,43.60%,68°F (Wall),69°F (Ambient2),Cold
2-Apr,12:51:39,68.36°F,43.60%,68°F (Wall),69°F (Ambient2),Cold
2-Apr,12:51:41,68.36°F,43.70%,67°F (Wall),69°F (Ambient2),Cold
2-Apr,12:51:43,68.36°F,43.60%,68°F (Wall),69°F (Ambient2),Cold
2-Apr,12:51:45,68.36°F,43.70%,68°F (Wall),69°F (Ambient2),Cold
2-Apr,12:51:47,68.18°F,43.60%,68°F (Wall),69°F (Ambient2),Cold
2-Apr,12:51:49,68.18°F,43.60%,67°F (Wall),69°F (Ambient2),Cold
2-Apr,12:51:51,68.18°F,43.60%,68°F (Wall),69°F (Ambient2),Cold
2-Apr,12:51:53,68.18°F,43.60%,68°F (Wall),69°F (Ambient2),Cold
2-Apr,12:51:55,68.36°F,43.70%,68°F (Wall),69°F (Ambient2),Cold
2-Apr,12:51:57,68.18°F,43.60%,68°F (Wall),69°F (Ambient2),Cold
2-Apr,12:51:59,68.18°F,43.60%,67°F (Wall),69°F (Ambient2),Cold
2-Apr,12:52:01,68.36°F,43.70%,68°F (Wall),69°F (Ambient2),Cold
2-Apr,12:52:03,68.18°F,43.60%,68°F (Wall),69°F (Ambient2),Cold
2-Apr,12:52:05,68.18°F,43.60%,68°F (Wall),69°F (Ambient2),Cold
2-Apr,12:52:07,68.36°F,43.70%,68°F (Wall),69°F (Ambient2),Cold
2-Apr,12:52:10,68.36°F,43.70%,68°F (Wall),69°F (Ambient2),Cold
2-Apr,12:52:12,68.36°F,43.70%,68°F (Wall),69°F (Ambient2),Cold
2-Apr,12:52:14,68.36°F,43.70%,68°F (Wall),69°F (Ambient2),Cold
2-Apr,12:52:16,68.18°F,43.50%,68°F (Wall),69°F (Ambient2),Cold
2-Apr,12:52:18,68.36°F,43.70%,68°F (Wall),69°F (Ambient2),Cold
2-Apr,12:52:20,68.36°F,43.60%,67°F (Wall),69°F (Ambient2),Cold
2-Apr,12:52:22,68.36°F,43.60%,68°F (Wall),69°F (Ambient2),Cold
2-Apr,12:52:24,68.18°F,43.50%,68°F (Wall),69°F (Ambient2),Cold
2-Apr,12:52:26,68.18°F,43.50%,68°F (Wall),69°F (Ambient2),Cold
2-Apr,12:52:28,68.18°F,43.50%,68°F (Wall),69°F (Ambient2),Cold
2-Apr,12:52:30,68.36°F,43.60%,68°F (Wall),69°F (Ambient2),Cold
2-Apr,12:52:32,68.18°F,43.50%,68°F (Wall),69°F (Ambient2),Cold
2-Apr,12:52:34,68.36°F,43.60%,68°F (Wall),69°F (Ambient2),Cold
2-Apr,12:52:36,68.18°F,43.50%,68°F (Wall),69°F (Ambient2),Cold
2-Apr,12:52:38,68.18°F,43.50%,67°F (Wall),69°F (Ambient2),Cold
2-Apr,12:52:40,68.36°F,43.60%,68°F (Wall),69°F (Ambient2),Cold
2-Apr,12:52:42,68.18°F,43.50%,67°F (Wall),69°F (Ambient2),Cold
2-Apr,12:52:44,68.36°F,43.60%,68°F (Wall),69°F (Ambient2),Cold
2-Apr,12:52:46,68.18°F,43.50%,68°F (Wall),69°F (Ambient2),Cold
2-Apr,12:52:48,68.18°F,43.50%,68°F (Wall),69°F (Ambient2),Cold
2-Apr,12:52:50,68.36°F,43.60%,68°F (Wall),69°F (Ambient2),Cold
2-Apr,12:52:52,68.18°F,43.50%,68°F (Wall),69°F (Ambient2),Cold
2-Apr,12:52:54,68.36°F,43.60%,68°F (Wall),69°F (Ambient2),Cold
2-Apr,12:52:56,68.18°F,43.50%,68°F (Wall),69°F (Ambient2),Cold
2-Apr,12:52:58,68.18°F,43.50%,68°F (Wall),69°F (Ambient2),Cold
2-Apr,12:53:00,68.18°F,43.50%,68°F (Wall),69°F (Ambient2),Cold
2-Apr,12:53:02,68.18°F,43.50%,68°F (Wall),69°F (Ambient2),Cold
2-Apr,12:53:04,68.36°F,43.60%,68°F (Wall),69°F (Ambient2),Cold
2-Apr,12:53:06,68.36°F,43.60%,68°F (Wall),69°F (Ambient2),Cold
2-Apr,12:53:08,68.36°F,43.60%,68°F (Wall),69°F (Ambient2),Cold
2-Apr,12:53:11,68.18°F,43.50%,68°F (Wall),69°F (Ambient2),Cold
2-Apr,12:53:13,68.36°F,43.50%,68°F (Wall),69°F (Ambient2),Cold
2-Apr,12:53:15,68.18°F,43.50%,68°F (Wall),69°F (Ambient2),Cold
2-Apr,12:53:17,68.18°F,43.50%,68°F (Wall),69°F (Ambient2),Cold
2-Apr,12:53:19,68.18°F,43.50%,68°F (Wall),69°F (Ambient2),Cold
2-Apr,12:53:21,68.36°F,43.60%,68°F (Wall),69°F (Ambient2),Cold
2-Apr,12:53:23,68.18°F,43.50%,68°F (Wall),69°F (Ambient2),Cold
2-Apr,12:53:25,68.36°F,43.50%,68°F (Wall),69°F (Ambient2),Cold
2-Apr,12:53:27,68.18°F,43.40%,68°F (Wall),69°F (Ambient2),Cold
2-Apr,12:53:29,68.18°F,43.40%,68°F (Wall),69°F (Ambient2),Cold
2-Apr,12:53:31,68.36°F,43.60%,68°F (Wall),69°F (Ambient2),Cold
2-Apr,12:53:33,68.18°F,43.50%,68°F (Wall),69°F (Ambient2),Cold
2-Apr,12:53:35,68.18°F,43.50%,68°F (Wall),69°F (Ambient2),Cold
2-Apr,12:53:37,68.18°F,43.40%,68°F (Wall),69°F (Ambient2),Cold
2-Apr,12:53:39,68.18°F,43.40%,68°F (Wall),69°F (Ambient2),Cold
2-Apr,12:53:41,68.18°F,43.40%,67°F (Wall),69°F (Ambient2),Cold
2-Apr,12:53:43,68.18°F,43.40%,68°F (Wall),69°F (Ambient2),Cold
2-Apr,12:53:45,68.18°F,43.40%,68°F (Wall),69°F (Ambient2),Cold
2-Apr,12:53:47,68.18°F,43.50%,68°F (Wall),69°F (Ambient2),Cold
2-Apr,12:53:49,68.18°F,43.50%,68°F (Wall),69°F (Ambient2),Cold
2-Apr,12:53:51,68.18°F,43.40%,68°F (Wall),69°F (Ambient2),Cold
2-Apr,12:53:53,68.18°F,43.40%,68°F (Wall),69°F (Ambient2),Cold
2-Apr,12:53:55,68.18°F,43.40%,68°F (Wall),69°F (Ambient2),Cold
2-Apr,12:53:57,68.18°F,43.40%,68°F (Wall),69°F (Ambient2),Cold
2-Apr,12:53:59,68.18°F,43.40%,68°F (Wall),69°F (Ambient2),Cold
2-Apr,12:54:01,68.18°F,43.40%,68°F (Wall),69°F (Ambient2),Cold
2-Apr,12:54:03,68.18°F,43.40%,68°F (Wall),69°F (Ambient2),Cold
2-Apr,12:54:05,68.18°F,43.40%,68°F (Wall),69°F (Ambient2),Cold
2-Apr,12:54:07,68.18°F,43.40%,68°F (Wall),69°F (Ambient2),Cold
2-Apr,12:54:09,68.18°F,43.40%,68°F (Wall),69°F (Ambient2),Cold
2-Apr,12:54:12,68.18°F,43.40%,68°F (Wall),69°F (Ambient2),Cold
2-Apr,12:54:14,68.18°F,43.40%,68°F (Wall),69°F (Ambient2),Cold
2-Apr,12:54:16,68.18°F,43.40%,68°F (Wall),69°F (Ambient2),Cold
2-Apr,12:54:18,68.18°F,43.40%,68°F (Wall),69°F (Ambient2),Cold
2-Apr,12:54:20,68.18°F,43.40%,68°F (Wall),69°F (Ambient2),Cold
2-Apr,12:54:22,68.18°F,43.40%,68°F (Wall),69°F (Ambient2),Cold
2-Apr,12:54:24,68.18°F,43.40%,68°F (Wall),69°F (Ambient2),Cold
2-Apr,12:54:26,68.18°F,43.40%,68°F (Wall),69°F (Ambient2),Cold
2-Apr,12:54:28,68.18°F,43.40%,68°F (Wall),69°F (Ambient2),Cold
2-Apr,12:54:30,68.18°F,43.40%,68°F (Wall),69°F (Ambient2),Cold
2-Apr,12:54:32,68.36°F,43.50%,68°F (Wall),69°F (Ambient2),Cold
2-Apr,12:54:34,68.18°F,43.40%,68°F (Wall),69°F (Ambient2),Cold
2-Apr,12:54:36,68.18°F,43.40%,68°F (Wall),69°F (Ambient2),Cold
2-Apr,12:54:38,68.18°F,43.40%,68°F (Wall),69°F (Ambient2),Cold
2-Apr,12:54:40,68.18°F,43.40%,68°F (Wall),69°F (Ambient2),Cold
2-Apr,12:54:42,68.18°F,43.40%,67°F (Wall),69°F (Ambient2),Cold
2-Apr,12:54:44,68.18°F,43.40%,68°F (Wall),69°F (Ambient2),Cold
2-Apr,12:54:46,68.18°F,43.40%,68°F (Wall),69°F (Ambient2),Cold
2-Apr,12:54:48,68.18°F,43.40%,67°F (Wall),69°F (Ambient2),Cold
2-Apr,12:54:50,68.18°F,43.30%,68°F (Wall),69°F (Ambient2),Cold
2-Apr,12:54:52,68.18°F,43.40%,68°F (Wall),69°F (Ambient2),Cold
2-Apr,12:54:54,68.18°F,43.30%,68°F (Wall),69°F (Ambient2),Cold
2-Apr,12:54:56,68.18°F,43.30%,68°F (Wall),69°F (Ambient2),Cold
2-Apr,12:54:58,68.18°F,43.30%,68°F (Wall),69°F (Ambient2),Cold
2-Apr,12:55:00,68.18°F,43.30%,68°F (Wall),69°F (Ambient2),Cold
2-Apr,12:55:02,68.36°F,43.40%,68°F (Wall),69°F (Ambient2),Cold
2-Apr,12:55:04,68.18°F,43.30%,68°F (Wall),69°F (Ambient2),Cold
2-Apr,12:55:06,68.18°F,43.30%,68°F (Wall),69°F (Ambient2),Cold
2-Apr,12:55:09,68.18°F,43.30%,68°F (Wall),69°F (Ambient2),Cold
2-Apr,12:55:11,68.18°F,43.30%,68°F (Wall),69°F (Ambient2),Cold
2-Apr,12:55:13,68.18°F,43.30%,68°F (Wall),69°F (Ambient2),Cold
2-Apr,12:55:15,68.36°F,43.40%,68°F (Wall),69°F (Ambient2),Cold
2-Apr,12:55:17,68.18°F,43.30%,68°F (Wall),69°F (Ambient2),Cold
2-Apr,12:55:19,68.18°F,43.30%,68°F (Wall),69°F (Ambient2),Cold
2-Apr,12:55:21,68.36°F,43.40%,68°F (Wall),69°F (Ambient2),Cold
2-Apr,12:55:23,68.18°F,43.30%,68°F (Wall),69°F (Ambient2),Cold
2-Apr,12:55:25,68.18°F,43.30%,68°F (Wall),69°F (Ambient2),Cold
2-Apr,12:55:27,68.18°F,43.30%,68°F (Wall),69°F (Ambient2),Cold
2-Apr,12:55:29,68.18°F,43.30%,68°F (Wall),69°F (Ambient2),Cold
2-Apr,12:55:31,68.18°F,43.30%,68°F (Wall),69°F (Ambient2),Cold
2-Apr,12:55:33,68.36°F,43.40%,68°F (Wall),69°F (Ambient2),Cold
2-Apr,12:55:35,68.18°F,43.30%,68°F (Wall),69°F (Ambient2),Cold
2-Apr,12:55:37,68.18°F,43.30%,68°F (Wall),69°F (Ambient2),Cold
2-Apr,12:55:39,68.18°F,43.20%,68°F (Wall),69°F (Ambient2),Cold
2-Apr,12:55:41,68.18°F,43.30%,68°F (Wall),69°F (Ambient2),Cold
2-Apr,12:55:43,68.18°F,43.30%,67°F (Wall),69°F (Ambient2),Cold
2-Apr,12:55:45,68.18°F,43.30%,68°F (Wall),69°F (Ambient2),Cold
2-Apr,12:55:47,68.18°F,43.20%,68°F (Wall),69°F (Ambient2),Cold
2-Apr,12:55:49,68.18°F,43.20%,68°F (Wall),69°F (Ambient2),Cold
2-Apr,12:55:51,68.18°F,43.20%,68°F (Wall),69°F (Ambient2),Cold
2-Apr,12:55:53,68.18°F,43.20%,68°F (Wall),69°F (Ambient2),Cold
2-Apr,12:55:55,68.18°F,43.20%,68°F (Wall),69°F (Ambient2),Cold
2-Apr,12:55:57,68.18°F,43.20%,68°F (Wall),69°F (Ambient2),Cold
2-Apr,12:55:59,68.18°F,43.20%,68°F (Wall),69°F (Ambient2),Cold
2-Apr,12:56:01,68.18°F,43.20%,68°F (Wall),69°F (Ambient2),Cold
2-Apr,12:56:03,68.18°F,43.20%,68°F (Wall),69°F (Ambient2),Cold
2-Apr,12:56:06,68.18°F,43.20%,68°F (Wall),69°F (Ambient2),Cold
2-Apr,12:56:08,68.18°F,43.20%,68°F (Wall),69°F (Ambient2),Cold
2-Apr,12:56:10,68.18°F,43.20%,68°F (Wall),69°F (Ambient2),Cold
2-Apr,12:56:12,68.18°F,43.20%,68°F (Wall),69°F (Ambient2),Cold
2-Apr,12:56:14,68.36°F,43.30%,68°F (Wall),69°F (Ambient2),Cold
2-Apr,12:56:16,68.18°F,43.20%,68°F (Wall),69°F (Ambient2),Cold
2-Apr,12:56:18,68.18°F,43.20%,68°F (Wall),69°F (Ambient2),Cold
2-Apr,12:56:20,68.18°F,43.20%,68°F (Wall),69°F (Ambient2),Cold
2-Apr,12:56:22,68.18°F,43.20%,68°F (Wall),69°F (Ambient2),Cold
2-Apr,12:56:24,68.18°F,43.20%,68°F (Wall),69°F (Ambient2),Cold
2-Apr,12:56:26,68.18°F,43.20%,68°F (Wall),69°F (Ambient2),Cold
2-Apr,12:56:28,68.18°F,43.20%,68°F (Wall),69°F (Ambient2),Cold
2-Apr,12:56:30,68.18°F,43.20%,68°F (Wall),69°F (Ambient2),Cold
2-Apr,12:56:32,68.18°F,43.20%,68°F (Wall),69°F (Ambient2),Cold
2-Apr,12:56:34,68.18°F,43.20%,68°F (Wall),69°F (Ambient2),Cold
2-Apr,12:56:36,68.18°F,43.20%,68°F (Wall),69°F (Ambient2),Cold
2-Apr,12:56:38,68.18°F,43.20%,68°F (Wall),69°F (Ambient2),Cold
2-Apr,12:56:40,68.18°F,43.20%,68°F (Wall),69°F (Ambient2),Cold
2-Apr,12:56:42,68.18°F,43.20%,68°F (Wall),69°F (Ambient2),Cold
2-Apr,12:56:44,68.18°F,43.20%,68°F (Wall),69°F (Ambient2),Cold
2-Apr,12:56:46,68.18°F,43.20%,68°F (Wall),69°F (Ambient2),Cold
2-Apr,12:56:48,68.18°F,43.20%,68°F (Wall),69°F (Ambient2),Cold
2-Apr,12:56:50,68.18°F,43.20%,68°F (Wall),69°F (Ambient2),Cold
2-Apr,12:56:52,68.18°F,43.20%,68°F (Wall),69°F (Ambient2),Cold
2-Apr,12:56:54,68.18°F,43.20%,68°F (Wall),69°F (Ambient2),Cold
2-Apr,12:56:56,68.18°F,43.20%,68°F (Wall),69°F (Ambient2),Cold
2-Apr,12:56:58,68.18°F,43.20%,68°F (Wall),69°F (Ambient2),Cold
2-Apr,12:57:00,68.18°F,43.20%,68°F (Wall),69°F (Ambient2),Cold
2-Apr,12:57:03,68.18°F,43.20%,68°F (Wall),69°F (Ambient2),Cold
2-Apr,12:57:05,68.18°F,43.20%,68°F (Wall),69°F (Ambient2),Cold
2-Apr,12:57:07,68.18°F,43.20%,68°F (Wall),69°F (Ambient2),Cold
2-Apr,12:57:09,68.18°F,43.20%,68°F (Wall),69°F (Ambient2),Cold
2-Apr,12:57:11,68.18°F,43.20%,68°F (Wall),69°F (Ambient2),Cold
2-Apr,12:57:13,68.36°F,43.30%,68°F (Wall),69°F (Ambient2),Cold
2-Apr,12:57:15,68.36°F,43.30%,68°F (Wall),69°F (Ambient2),Cold
2-Apr,12:57:17,68.18°F,43.20%,68°F (Wall),69°F (Ambient2),Cold
2-Apr,12:57:19,68.18°F,43.20%,68°F (Wall),69°F (Ambient2),Cold
2-Apr,12:57:21,68.18°F,43.20%,68°F (Wall),69°F (Ambient2),Cold
2-Apr,12:57:23,68.36°F,43.30%,68°F (Wall),69°F (Ambient2),Cold
2-Apr,12:57:25,68.18°F,43.20%,68°F (Wall),69°F (Ambient2),Cold
2-Apr,12:57:27,68.18°F,43.20%,68°F (Wall),69°F (Ambient2),Cold
2-Apr,12:57:29,68.18°F,43.20%,68°F (Wall),69°F (Ambient2),Cold
2-Apr,12:57:31,68.18°F,43.20%,68°F (Wall),69°F (Ambient2),Cold
2-Apr,12:57:33,68.18°F,43.20%,68°F (Wall),69°F (Ambient2),Cold
2-Apr,12:57:35,68.18°F,43.20%,68°F (Wall),69°F (Ambient2),Cold
2-Apr,12:57:37,68.18°F,43.20%,68°F (Wall),69°F (Ambient2),Cold
2-Apr,12:57:39,68.18°F,43.20%,68°F (Wall),69°F (Ambient2),Cold
2-Apr,12:57:41,68.36°F,43.30%,68°F (Wall),69°F (Ambient2),Cold
2-Apr,12:57:43,68.18°F,43.20%,68°F (Wall),69°F (Ambient2),Cold
2-Apr,12:57:45,68.18°F,43.10%,68°F (Wall),69°F (Ambient2),Cold
2-Apr,12:57:47,68.18°F,43.10%,68°F (Wall),69°F (Ambient2),Cold
2-Apr,12:57:49,68.36°F,43.20%,68°F (Wall),69°F (Ambient2),Cold
2-Apr,12:57:51,68.18°F,43.20%,68°F (Wall),69°F (Ambient2),Cold
2-Apr,12:57:53,68.18°F,43.10%,68°F (Wall),69°F (Ambient2),Cold
2-Apr,12:57:55,68.18°F,43.10%,68°F (Wall),69°F (Ambient2),Cold
2-Apr,12:57:57,68.18°F,43.10%,68°F (Wall),69°F (Ambient2),Cold
2-Apr,12:58:00,68.18°F,43.10%,68°F (Wall),69°F (Ambient2),Cold
2-Apr,12:58:02,68.18°F,43.10%,68°F (Wall),69°F (Ambient2),Cold
2-Apr,12:58:04,68.36°F,43.20%,68°F (Wall),69°F (Ambient2),Cold
2-Apr,12:58:06,68.18°F,43.10%,68°F (Wall),69°F (Ambient2),Cold
2-Apr,12:58:08,68.18°F,43.10%,68°F (Wall),69°F (Ambient2),Cold
2-Apr,12:58:10,68.18°F,43.10%,68°F (Wall),69°F (Ambient2),Cold
2-Apr,12:58:12,68.18°F,43.10%,68°F (Wall),69°F (Ambient2),Cold
2-Apr,12:58:14,68.36°F,43.30%,68°F (Wall),69°F (Ambient2),Cold
2-Apr,12:58:16,68.18°F,43.10%,68°F (Wall),69°F (Ambient2),Cold
2-Apr,12:58:18,68.18°F,43.10%,68°F (Wall),69°F (Ambient2),Cold
2-Apr,12:58:20,68.18°F,43.10%,68°F (Wall),69°F (Ambient2),Cold
2-Apr,12:58:22,68.18°F,43.10%,68°F (Wall),69°F (Ambient2),Cold
2-Apr,12:58:24,68.18°F,43.10%,68°F (Wall),69°F (Ambient2),Cold
2-Apr,12:58:26,68.18°F,43.10%,68°F (Wall),69°F (Ambient2),Cold
2-Apr,12:58:28,68.18°F,43.10%,68°F (Wall),69°F (Ambient2),Cold
2-Apr,12:58:30,68.36°F,43.20%,68°F (Wall),69°F (Ambient2),Cold
2-Apr,12:58:32,68.18°F,43.20%,68°F (Wall),69°F (Ambient2),Cold
2-Apr,12:58:34,68.18°F,43.20%,68°F (Wall),69°F (Ambient2),Cold
2-Apr,12:58:36,68.36°F,43.30%,68°F (Wall),69°F (Ambient2),Cold
2-Apr,12:58:38,68.18°F,43.10%,68°F (Wall),69°F (Ambient2),Cold
2-Apr,12:58:40,68.18°F,43.10%,68°F (Wall),69°F (Ambient2),Cold
2-Apr,12:58:42,68.18°F,43.10%,68°F (Wall),69°F (Ambient2),Cold
2-Apr,12:58:44,68.18°F,43.20%,68°F (Wall),69°F (Ambient2),Cold
2-Apr,12:58:46,68.18°F,43.20%,68°F (Wall),69°F (Ambient2),Cold
2-Apr,12:58:48,68.18°F,43.10%,68°F (Wall),69°F (Ambient2),Cold
2-Apr,12:58:50,68.18°F,43.10%,68°F (Wall),69°F (Ambient2),Cold
2-Apr,12:58:52,68.18°F,43.10%,68°F (Wall),69°F (Ambient2),Cold
2-Apr,12:58:54,68.18°F,43.10%,68°F (Wall),69°F (Ambient2),Cold
2-Apr,12:58:57,68.18°F,43.10%,68°F (Wall),69°F (Ambient2),Cold
2-Apr,12:58:59,68.18°F,43.10%,68°F (Wall),69°F (Ambient2),Cold
2-Apr,12:59:01,68.18°F,43.10%,68°F (Wall),69°F (Ambient2),Cold
2-Apr,12:59:03,68.18°F,43.10%,68°F (Wall),69°F (Ambient2),Cold
2-Apr,12:59:05,68.18°F,43.10%,68°F (Wall),69°F (Ambient2),Cold
2-Apr,12:59:07,68.18°F,43.10%,68°F (Wall),69°F (Ambient2),Cold
2-Apr,12:59:09,68.18°F,43.10%,68°F (Wall),69°F (Ambient2),Cold
2-Apr,12:59:11,68.18°F,43.10%,68°F (Wall),69°F (Ambient2),Cold
2-Apr,12:59:13,68.18°F,43.10%,68°F (Wall),69°F (Ambient2),Cold
2-Apr,12:59:15,68.18°F,43.10%,68°F (Wall),69°F (Ambient2),Cold
2-Apr,12:59:17,68.36°F,43.20%,68°F (Wall),69°F (Ambient2),Cold
2-Apr,12:59:19,68.18°F,43.10%,68°F (Wall),69°F (Ambient2),Cold
2-Apr,12:59:21,68.18°F,43.10%,68°F (Wall),69°F (Ambient2),Cold
2-Apr,12:59:23,68.18°F,43.10%,68°F (Wall),69°F (Ambient2),Cold
2-Apr,12:59:25,68.18°F,43.10%,68°F (Wall),69°F (Ambient2),Cold
2-Apr,12:59:27,68.18°F,43.10%,68°F (Wall),69°F (Ambient2),Cold
2-Apr,12:59:29,68.18°F,43.20%,68°F (Wall),69°F (Ambient2),Cold
2-Apr,12:59:31,68.18°F,43.10%,68°F (Wall),69°F (Ambient2),Cold
2-Apr,12:59:33,68.18°F,43.10%,68°F (Wall),69°F (Ambient2),Cold
2-Apr,12:59:35,68.18°F,43.10%,68°F (Wall),69°F (Ambient2),Cold
2-Apr,12:59:37,68.18°F,43.10%,68°F (Wall),69°F (Ambient2),Cold
2-Apr,12:59:39,68.36°F,43.20%,68°F (Wall),69°F (Ambient2),Cold
2-Apr,12:59:41,68.18°F,43.10%,68°F (Wall),69°F (Ambient2),Cold
2-Apr,12:59:43,68.18°F,43.10%,68°F (Wall),69°F (Ambient2),Cold
2-Apr,12:59:45,68.18°F,43.10%,68°F (Wall),69°F (Ambient2),Cold
2-Apr,12:59:47,68.36°F,43.20%,68°F (Wall),69°F (Ambient2),Cold
2-Apr,12:59:49,68.18°F,43.20%,68°F (Wall),69°F (Ambient2),Cold
2-Apr,12:59:51,68.18°F,43.20%,68°F (Wall),69°F (Ambient2),Cold
2-Apr,12:59:54,68.18°F,43.10%,68°F (Wall),69°F (Ambient2),Cold
2-Apr,12:59:56,68.18°F,43.10%,68°F (Wall),69°F (Ambient2),Cold
2-Apr,12:59:58,68.18°F,43.20%,68°F (Wall),69°F (Ambient2),Cold
2-Apr,13:00:00,68.18°F,43.10%,68°F (Wall),69°F (Ambient2),Cold
2-Apr,13:00:02,68.36°F,43.20%,68°F (Wall),69°F (Ambient2),Cold
2-Apr,13:00:04,68.18°F,43.10%,68°F (Wall),69°F (Ambient2),Cold
2-Apr,13:00:06,68.18°F,43.20%,68°F (Wall),69°F (Ambient2),Cold
2-Apr,13:00:08,68.18°F,43.20%,68°F (Wall),69°F (Ambient2),Cold
2-Apr,13:00:10,68.18°F,43.20%,68°F (Wall),69°F (Ambient2),Cold
2-Apr,13:00:12,68.18°F,43.20%,68°F (Wall),69°F (Ambient2),Cold
2-Apr,13:00:14,68.18°F,43.10%,68°F (Wall),69°F (Ambient2),Cold
2-Apr,13:00:16,68.18°F,43.10%,68°F (Wall),69°F (Ambient2),Cold
2-Apr,13:00:18,68.18°F,43.10%,68°F (Wall),69°F (Ambient2),Cold
2-Apr,13:00:20,68.18°F,43.10%,68°F (Wall),69°F (Ambient2),Cold
2-Apr,13:00:22,68.18°F,43.20%,68°F (Wall),69°F (Ambient2),Cold
2-Apr,13:00:24,68.18°F,43.10%,68°F (Wall),69°F (Ambient2),Cold
2-Apr,13:00:26,68.18°F,43.10%,68°F (Wall),69°F (Ambient2),Cold
2-Apr,13:00:28,68.18°F,43.10%,68°F (Wall),69°F (Ambient2),Cold
2-Apr,13:00:30,68.18°F,43.10%,68°F (Wall),69°F (Ambient2),Cold
2-Apr,13:00:32,68.18°F,43.10%,68°F (Wall),69°F (Ambient2),Cold
2-Apr,13:00:34,68.18°F,43.10%,68°F (Wall),69°F (Ambient2),Cold
2-Apr,13:00:36,68.18°F,43.10%,68°F (Wall),69°F (Ambient2),Cold
2-Apr,13:00:38,68.36°F,43.20%,68°F (Wall),69°F (Ambient2),Cold
2-Apr,13:00:40,68.18°F,43.10%,68°F (Wall),69°F (Ambient2),Cold
2-Apr,13:00:42,68.36°F,43.30%,68°F (Wall),69°F (Ambient2),Cold
2-Apr,13:00:44,68.18°F,43.10%,68°F (Wall),69°F (Ambient2),Cold
2-Apr,13:00:46,68.18°F,43.20%,68°F (Wall),69°F (Ambient2),Cold
2-Apr,13:00:48,68.18°F,43.20%,68°F (Wall),69°F (Ambient2),Cold
2-Apr,13:00:51,68.18°F,43.10%,68°F (Wall),69°F (Ambient2),Cold
2-Apr,13:00:53,68.18°F,43.20%,68°F (Wall),69°F (Ambient2),Cold
2-Apr,13:00:55,68.18°F,43.20%,68°F (Wall),69°F (Ambient2),Cold
2-Apr,13:00:57,68.18°F,43.20%,68°F (Wall),69°F (Ambient2),Cold
2-Apr,13:00:59,68.18°F,43.10%,68°F (Wall),69°F (Ambient2),Cold
2-Apr,13:01:01,68.18°F,43.20%,68°F (Wall),69°F (Ambient2),Cold
2-Apr,13:01:03,68.18°F,43.10%,68°F (Wall),69°F (Ambient2),Cold
2-Apr,13:01:05,68.18°F,43.10%,68°F (Wall),69°F (Ambient2),Cold
2-Apr,13:01:07,68.18°F,43.10%,68°F (Wall),69°F (Ambient2),Cold
2-Apr,13:01:09,68.18°F,43.10%,68°F (Wall),69°F (Ambient2),Cold
2-Apr,13:01:11,68.18°F,43.10%,68°F (Wall),69°F (Ambient2),Cold
2-Apr,13:01:13,68.18°F,43.10%,68°F (Wall),69°F (Ambient2),Cold
2-Apr,13:01:15,68.18°F,43.10%,68°F (Wall),69°F (Ambient2),Cold
2-Apr,13:01:17,68.18°F,43.10%,68°F (Wall),69°F (Ambient2),Cold
2-Apr,13:01:19,68.18°F,43.10%,68°F (Wall),69°F (Ambient2),Cold
2-Apr,13:01:21,68.36°F,43.20%,68°F (Wall),69°F (Ambient2),Cold
2-Apr,13:01:23,68.18°F,43.10%,68°F (Wall),69°F (Ambient2),Cold
2-Apr,13:01:25,68.18°F,43.10%,68°F (Wall),69°F (Ambient2),Cold
2-Apr,13:01:27,68.18°F,43.10%,68°F (Wall),69°F (Ambient2),Cold
2-Apr,13:01:29,68.18°F,43.10%,68°F (Wall),69°F (Ambient2),Cold
2-Apr,13:01:31,68.36°F,43.20%,68°F (Wall),69°F (Ambient2),Cold
2-Apr,13:01:33,68.18°F,43.10%,68°F (Wall),69°F (Ambient2),Cold
2-Apr,13:01:35,68.18°F,43.10%,68°F (Wall),69°F (Ambient2),Cold
2-Apr,13:01:37,68.36°F,43.20%,68°F (Wall),69°F (Ambient2),Cold
2-Apr,13:01:39,68.36°F,43.20%,68°F (Wall),69°F (Ambient2),Cold
2-Apr,13:01:41,68.18°F,43.10%,68°F (Wall),69°F (Ambient2),Cold
2-Apr,13:01:43,68.18°F,43.10%,68°F (Wall),69°F (Ambient2),Cold
2-Apr,13:01:45,68.18°F,43.10%,68°F (Wall),69°F (Ambient2),Cold
2-Apr,13:01:48,68.18°F,43.10%,68°F (Wall),69°F (Ambient2),Cold
2-Apr,13:01:50,68.36°F,43.20%,68°F (Wall),69°F (Ambient2),Cold
2-Apr,13:01:52,68.18°F,43.10%,68°F (Wall),69°F (Ambient2),Cold
2-Apr,13:01:54,68.18°F,43.10%,68°F (Wall),69°F (Ambient2),Cold
2-Apr,13:01:56,68.18°F,43.10%,68°F (Wall),69°F (Ambient2),Cold
2-Apr,13:01:58,68.18°F,43.10%,68°F (Wall),69°F (Ambient2),Cold
2-Apr,13:02:00,68.36°F,43.20%,68°F (Wall),69°F (Ambient2),Cold
2-Apr,13:02:02,68.18°F,43.10%,68°F (Wall),69°F (Ambient2),Cold
2-Apr,13:02:04,68.18°F,43.10%,68°F (Wall),69°F (Ambient2),Cold
2-Apr,13:02:06,68.18°F,43.10%,68°F (Wall),69°F (Ambient2),Cold
2-Apr,13:02:08,68.18°F,43.10%,68°F (Wall),69°F (Ambient2),Cold
2-Apr,13:02:10,68.18°F,43.10%,68°F (Wall),69°F (Ambient2),Cold
2-Apr,13:02:12,68.18°F,43.10%,68°F (Wall),69°F (Ambient2),Cold
2-Apr,13:02:14,68.18°F,43.10%,68°F (Wall),69°F (Ambient2),Cold
2-Apr,13:02:16,68.18°F,43.10%,68°F (Wall),69°F (Ambient2),Cold
2-Apr,13:02:18,68.18°F,43.10%,68°F (Wall),69°F (Ambient2),Cold
2-Apr,13:02:20,68.18°F,43.10%,68°F (Wall),69°F (Ambient2),Cold
2-Apr,13:02:22,68.18°F,43.10%,68°F (Wall),69°F (Ambient2),Cold
2-Apr,13:02:24,68.36°F,43.20%,68°F (Wall),69°F (Ambient2),Cold
2-Apr,13:02:26,68.18°F,43.10%,68°F (Wall),69°F (Ambient2),Cold
2-Apr,13:02:28,68.18°F,43.10%,68°F (Wall),69°F (Ambient2),Cold
2-Apr,13:02:30,68.18°F,43.10%,68°F (Wall),69°F (Ambient2),Cold
2-Apr,13:02:32,68.18°F,43.10%,68°F (Wall),69°F (Ambient2),Cold
2-Apr,13:02:34,68.36°F,43.20%,68°F (Wall),69°F (Ambient2),Cold
2-Apr,13:02:36,68.36°F,43.20%,68°F (Wall),69°F (Ambient2),Cold
2-Apr,13:02:38,68.18°F,43.10%,68°F (Wall),69°F (Ambient2),Cold
2-Apr,13:02:40,68.18°F,43.10%,68°F (Wall),69°F (Ambient2),Cold
2-Apr,13:02:42,68.18°F,43.10%,68°F (Wall),69°F (Ambient2),Cold
2-Apr,13:02:45,68.36°F,43.10%,68°F (Wall),69°F (Ambient2),Cold
2-Apr,13:02:47,68.18°F,43.10%,68°F (Wall),69°F (Ambient2),Cold
2-Apr,13:02:49,68.18°F,43.00%,68°F (Wall),69°F (Ambient2),Cold
2-Apr,13:02:51,68.18°F,43.10%,68°F (Wall),69°F (Ambient2),Cold
2-Apr,13:02:53,68.18°F,43.00%,68°F (Wall),69°F (Ambient2),Cold
2-Apr,13:02:55,68.18°F,43.10%,68°F (Wall),69°F (Ambient2),Cold
2-Apr,13:02:57,68.36°F,43.10%,68°F (Wall),69°F (Ambient2),Cold
2-Apr,13:02:59,68.36°F,43.20%,68°F (Wall),69°F (Ambient2),Cold
2-Apr,13:03:01,68.36°F,43.20%,68°F (Wall),69°F (Ambient2),Cold
2-Apr,13:03:03,68.18°F,43.10%,68°F (Wall),69°F (Ambient2),Cold
2-Apr,13:03:05,68.18°F,43.00%,68°F (Wall),69°F (Ambient2),Cold
2-Apr,13:03:07,68.18°F,43.00%,68°F (Wall),69°F (Ambient2),Cold
2-Apr,13:03:09,68.18°F,43.00%,68°F (Wall),69°F (Ambient2),Cold
2-Apr,13:03:11,68.18°F,43.00%,68°F (Wall),69°F (Ambient2),Cold
2-Apr,13:03:13,68.18°F,43.00%,68°F (Wall),69°F (Ambient2),Cold
2-Apr,13:03:15,68.18°F,43.00%,68°F (Wall),69°F (Ambient2),Cold
2-Apr,13:03:17,68.18°F,43.00%,68°F (Wall),69°F (Ambient2),Cold
2-Apr,13:03:19,68.18°F,43.00%,68°F (Wall),69°F (Ambient2),Cold
2-Apr,13:03:21,68.18°F,43.00%,68°F (Wall),69°F (Ambient2),Cold
2-Apr,13:03:23,68.18°F,43.00%,68°F (Wall),69°F (Ambient2),Cold
2-Apr,13:03:25,68.18°F,43.00%,68°F (Wall),69°F (Ambient2),Cold
2-Apr,13:03:27,68.18°F,43.00%,68°F (Wall),69°F (Ambient2),Cold
2-Apr,13:03:29,68.18°F,43.00%,68°F (Wall),69°F (Ambient2),Cold
2-Apr,13:03:31,68.18°F,43.00%,68°F (Wall),69°F (Ambient2),Cold
2-Apr,13:03:33,68.18°F,43.00%,68°F (Wall),69°F (Ambient2),Cold
2-Apr,13:03:35,68.18°F,43.00%,68°F (Wall),69°F (Ambient2),Cold
2-Apr,13:03:37,68.18°F,43.00%,68°F (Wall),69°F (Ambient2),Cold
2-Apr,13:03:39,68.36°F,43.10%,68°F (Wall),69°F (Ambient2),Cold
2-Apr,13:03:42,68.18°F,43.00%,68°F (Wall),69°F (Ambient2),Cold
2-Apr,13:03:44,68.18°F,43.00%,68°F (Wall),69°F (Ambient2),Cold
2-Apr,13:03:46,68.18°F,43.00%,68°F (Wall),69°F (Ambient2),Cold
2-Apr,13:03:48,68.18°F,43.00%,68°F (Wall),69°F (Ambient2),Cold
2-Apr,13:03:50,68.18°F,43.00%,68°F (Wall),69°F (Ambient2),Cold
2-Apr,13:03:52,68.36°F,43.10%,68°F (Wall),69°F (Ambient2),Cold
2-Apr,13:03:54,68.18°F,43.00%,68°F (Wall),69°F (Ambient2),Cold
2-Apr,13:03:56,68.18°F,43.00%,68°F (Wall),69°F (Ambient2),Cold
2-Apr,13:03:58,68.18°F,43.00%,68°F (Wall),69°F (Ambient2),Cold
2-Apr,13:04:00,68.18°F,43.00%,68°F (Wall),69°F (Ambient2),Cold
2-Apr,13:04:02,68.18°F,43.00%,68°F (Wall),69°F (Ambient2),Cold
2-Apr,13:04:04,68.18°F,43.00%,68°F (Wall),69°F (Ambient2),Cold
2-Apr,13:04:06,68.18°F,43.00%,68°F (Wall),69°F (Ambient2),Cold
2-Apr,13:04:08,68.36°F,43.00%,68°F (Wall),69°F (Ambient2),Cold
2-Apr,13:04:10,68.18°F,43.00%,68°F (Wall),69°F (Ambient2),Cold
2-Apr,13:04:12,68.18°F,43.00%,68°F (Wall),69°F (Ambient2),Cold
2-Apr,13:04:14,68.18°F,43.00%,68°F (Wall),69°F (Ambient2),Cold
2-Apr,13:04:16,68.36°F,43.00%,68°F (Wall),69°F (Ambient2),Cold
2-Apr,13:04:18,68.18°F,42.90%,68°F (Wall),69°F (Ambient2),Cold
2-Apr,13:04:20,68.18°F,42.90%,68°F (Wall),69°F (Ambient2),Cold
2-Apr,13:04:22,68.18°F,42.90%,68°F (Wall),69°F (Ambient2),Cold
2-Apr,13:04:24,68.36°F,43.00%,68°F (Wall),69°F (Ambient2),Cold
2-Apr,13:04:26,68.36°F,42.90%,68°F (Wall),69°F (Ambient2),Cold
2-Apr,13:04:28,68.18°F,42.80%,68°F (Wall),69°F (Ambient2),Cold
2-Apr,13:04:30,68.18°F,42.80%,68°F (Wall),69°F (Ambient2),Cold
2-Apr,13:04:32,68.18°F,42.80%,68°F (Wall),69°F (Ambient2),Cold
2-Apr,13:04:34,68.18°F,42.80%,68°F (Wall),69°F (Ambient2),Cold
2-Apr,13:04:36,68.18°F,42.80%,68°F (Wall),69°F (Ambient2),Cold
2-Apr,13:04:38,68.18°F,42.80%,68°F (Wall),69°F (Ambient2),Cold
2-Apr,13:04:41,68.18°F,42.80%,68°F (Wall),69°F (Ambient2),Cold
2-Apr,13:04:43,68.18°F,42.80%,68°F (Wall),69°F (Ambient2),Cold
2-Apr,13:04:45,68.18°F,42.80%,68°F (Wall),69°F (Ambient2),Cold
2-Apr,13:04:47,68.18°F,42.80%,68°F (Wall),69°F (Ambient2),Cold
2-Apr,13:04:49,68.18°F,42.80%,68°F (Wall),69°F (Ambient2),Cold
2-Apr,13:04:51,68.18°F,42.80%,68°F (Wall),69°F (Ambient2),Cold
2-Apr,13:04:53,68.36°F,42.90%,68°F (Wall),69°F (Ambient2),Cold
2-Apr,13:04:55,68.36°F,42.90%,68°F (Wall),69°F (Ambient2),Cold
2-Apr,13:04:57,68.36°F,42.90%,68°F (Wall),69°F (Ambient2),Cold
2-Apr,13:04:59,68.18°F,42.80%,68°F (Wall),69°F (Ambient2),Cold
2-Apr,13:05:01,68.18°F,42.80%,68°F (Wall),69°F (Ambient2),Cold
2-Apr,13:05:03,68.18°F,42.80%,68°F (Wall),69°F (Ambient2),Cold
2-Apr,13:05:05,68.18°F,42.80%,68°F (Wall),69°F (Ambient2),Cold
2-Apr,13:05:07,68.36°F,42.90%,68°F (Wall),69°F (Ambient2),Cold
2-Apr,13:05:09,68.18°F,42.80%,68°F (Wall),69°F (Ambient2),Cold
2-Apr,13:05:11,68.18°F,42.80%,68°F (Wall),69°F (Ambient2),Cold
2-Apr,13:05:13,68.18°F,42.80%,68°F (Wall),69°F (Ambient2),Cold
2-Apr,13:05:15,68.18°F,42.80%,68°F (Wall),69°F (Ambient2),Cold
2-Apr,13:05:17,68.18°F,42.80%,68°F (Wall),69°F (Ambient2),Cold
2-Apr,13:05:19,68.18°F,42.80%,68°F (Wall),69°F (Ambient2),Cold
2-Apr,13:05:21,68.18°F,42.80%,68°F (Wall),69°F (Ambient2),Cold
2-Apr,13:05:23,68.18°F,42.80%,68°F (Wall),69°F (Ambient2),Cold
2-Apr,13:05:25,68.36°F,42.90%,68°F (Wall),69°F (Ambient2),Cold
2-Apr,13:05:27,68.18°F,42.80%,68°F (Wall),69°F (Ambient2),Cold
2-Apr,13:05:29,68.18°F,42.80%,68°F (Wall),69°F (Ambient2),Cold
2-Apr,13:05:31,68.18°F,42.80%,68°F (Wall),69°F (Ambient2),Cold
2-Apr,13:05:33,68.18°F,42.80%,68°F (Wall),69°F (Ambient2),Cold
2-Apr,13:05:35,68.18°F,42.80%,68°F (Wall),69°F (Ambient2),Cold
2-Apr,13:05:38,68.18°F,42.80%,68°F (Wall),69°F (Ambient2),Cold
2-Apr,13:05:40,68.18°F,42.80%,68°F (Wall),69°F (Ambient2),Cold
2-Apr,13:05:42,68.36°F,42.90%,68°F (Wall),69°F (Ambient2),Cold
2-Apr,13:05:44,68.18°F,42.80%,68°F (Wall),69°F (Ambient2),Cold
2-Apr,13:05:46,68.18°F,42.80%,68°F (Wall),69°F (Ambient2),Cold
2-Apr,13:05:48,68.36°F,42.90%,68°F (Wall),69°F (Ambient2),Cold
2-Apr,13:05:50,68.18°F,42.80%,68°F (Wall),69°F (Ambient2),Cold
2-Apr,13:05:52,68.18°F,42.80%,68°F (Wall),69°F (Ambient2),Cold
2-Apr,13:05:54,68.18°F,42.80%,68°F (Wall),69°F (Ambient2),Cold
2-Apr,13:05:56,68.18°F,42.80%,68°F (Wall),69°F (Ambient2),Cold
2-Apr,13:05:58,68.18°F,42.80%,68°F (Wall),69°F (Ambient2),Cold
2-Apr,13:06:00,68.18°F,42.80%,68°F (Wall),69°F (Ambient2),Cold
2-Apr,13:06:02,68.36°F,42.90%,68°F (Wall),69°F (Ambient2),Cold
2-Apr,13:06:04,68.36°F,42.90%,68°F (Wall),69°F (Ambient2),Cold
2-Apr,13:06:06,68.18°F,42.80%,68°F (Wall),69°F (Ambient2),Cold
2-Apr,13:06:08,68.18°F,42.80%,68°F (Wall),69°F (Ambient2),Cold
2-Apr,13:06:10,68.18°F,42.80%,68°F (Wall),69°F (Ambient2),Cold
2-Apr,13:06:12,68.18°F,42.80%,68°F (Wall),69°F (Ambient2),Cold
2-Apr,13:06:14,68.18°F,42.80%,68°F (Wall),69°F (Ambient2),Cold
2-Apr,13:06:16,68.18°F,42.80%,68°F (Wall),69°F (Ambient2),Cold
2-Apr,13:06:18,68.36°F,42.80%,68°F (Wall),69°F (Ambient2),Cold
2-Apr,13:06:20,68.36°F,42.80%,68°F (Wall),69°F (Ambient2),Cold
2-Apr,13:06:22,68.36°F,42.90%,68°F (Wall),69°F (Ambient2),Cold
2-Apr,13:06:24,68.36°F,42.90%,68°F (Wall),69°F (Ambient2),Cold
2-Apr,13:06:26,68.18°F,42.80%,68°F (Wall),69°F (Ambient2),Cold
2-Apr,13:06:28,68.36°F,42.90%,68°F (Wall),69°F (Ambient2),Cold
2-Apr,13:06:30,68.36°F,42.80%,68°F (Wall),69°F (Ambient2),Cold
2-Apr,13:06:32,68.18°F,42.80%,68°F (Wall),69°F (Ambient2),Cold
2-Apr,13:06:35,68.36°F,42.80%,68°F (Wall),69°F (Ambient2),Cold
2-Apr,13:06:37,68.18°F,42.80%,68°F (Wall),69°F (Ambient2),Cold
2-Apr,13:06:39,68.18°F,42.80%,68°F (Wall),69°F (Ambient2),Cold
2-Apr,13:06:41,68.36°F,42.80%,68°F (Wall),69°F (Ambient2),Cold
2-Apr,13:06:43,68.36°F,42.90%,68°F (Wall),69°F (Ambient2),Cold
2-Apr,13:06:45,68.18°F,42.80%,68°F (Wall),69°F (Ambient2),Cold
2-Apr,13:06:47,68.36°F,42.80%,68°F (Wall),69°F (Ambient2),Cold
2-Apr,13:06:49,68.36°F,42.80%,68°F (Wall),69°F (Ambient2),Cold
2-Apr,13:06:51,68.36°F,42.80%,68°F (Wall),69°F (Ambient2),Cold
2-Apr,13:06:53,68.18°F,42.80%,68°F (Wall),69°F (Ambient2),Cold
2-Apr,13:06:55,68.36°F,42.80%,68°F (Wall),69°F (Ambient2),Cold
2-Apr,13:06:57,68.36°F,42.80%,68°F (Wall),69°F (Ambient2),Cold
2-Apr,13:06:59,68.18°F,42.80%,68°F (Wall),69°F (Ambient2),Cold
2-Apr,13:07:01,68.18°F,42.80%,68°F (Wall),69°F (Ambient2),Cold
2-Apr,13:07:03,68.36°F,42.90%,68°F (Wall),69°F (Ambient2),Cold
2-Apr,13:07:05,68.36°F,42.80%,68°F (Wall),69°F (Ambient2),Cold
2-Apr,13:07:07,68.18°F,42.80%,68°F (Wall),69°F (Ambient2),Cold
2-Apr,13:07:09,68.18°F,42.80%,68°F (Wall),69°F (Ambient2),Cold
2-Apr,13:07:11,68.18°F,42.80%,68°F (Wall),69°F (Ambient2),Cold
2-Apr,13:07:13,68.36°F,42.80%,68°F (Wall),69°F (Ambient2),Cold
2-Apr,13:07:15,68.36°F,42.80%,68°F (Wall),69°F (Ambient2),Cold
2-Apr,13:07:17,68.36°F,42.80%,68°F (Wall),69°F (Ambient2),Cold
2-Apr,13:07:19,68.18°F,42.80%,68°F (Wall),69°F (Ambient2),Cold
2-Apr,13:07:21,68.36°F,42.80%,68°F (Wall),69°F (Ambient2),Cold
2-Apr,13:07:23,68.36°F,42.80%,68°F (Wall),69°F (Ambient2),Cold
2-Apr,13:07:25,68.36°F,42.80%,68°F (Wall),69°F (Ambient2),Cold
2-Apr,13:07:27,68.36°F,42.80%,68°F (Wall),69°F (Ambient2),Cold
2-Apr,13:07:29,68.36°F,42.80%,68°F (Wall),69°F (Ambient2),Cold
2-Apr,13:07:32,68.36°F,42.80%,68°F (Wall),69°F (Ambient2),Cold
2-Apr,13:07:34,68.18°F,42.70%,68°F (Wall),69°F (Ambient2),Cold
2-Apr,13:07:36,68.36°F,42.80%,68°F (Wall),69°F (Ambient2),Cold
2-Apr,13:07:38,68.36°F,42.80%,68°F (Wall),69°F (Ambient2),Cold
2-Apr,13:07:40,68.18°F,42.70%,68°F (Wall),69°F (Ambient2),Cold
2-Apr,13:07:42,68.18°F,42.70%,68°F (Wall),69°F (Ambient2),Cold
2-Apr,13:07:44,68.36°F,42.80%,68°F (Wall),69°F (Ambient2),Cold
2-Apr,13:07:46,68.36°F,42.80%,68°F (Wall),69°F (Ambient2),Cold
2-Apr,13:07:48,68.18°F,42.70%,68°F (Wall),69°F (Ambient2),Cold
2-Apr,13:07:50,68.36°F,42.80%,68°F (Wall),69°F (Ambient2),Cold
2-Apr,13:07:52,68.36°F,42.70%,68°F (Wall),69°F (Ambient2),Cold
2-Apr,13:07:54,68.18°F,42.70%,68°F (Wall),69°F (Ambient2),Cold
2-Apr,13:07:56,68.36°F,42.70%,68°F (Wall),69°F (Ambient2),Cold
2-Apr,13:07:58,68.18°F,42.70%,68°F (Wall),69°F (Ambient2),Cold
2-Apr,13:08:00,68.36°F,42.80%,68°F (Wall),69°F (Ambient2),Cold
2-Apr,13:08:02,68.36°F,42.80%,68°F (Wall),69°F (Ambient2),Cold
2-Apr,13:08:04,68.36°F,42.80%,68°F (Wall),69°F (Ambient2),Cold
2-Apr,13:08:06,68.36°F,42.70%,68°F (Wall),69°F (Ambient2),Cold
2-Apr,13:08:08,68.18°F,42.70%,68°F (Wall),69°F (Ambient2),Cold
2-Apr,13:08:10,68.36°F,42.70%,68°F (Wall),69°F (Ambient2),Cold
2-Apr,13:08:12,68.18°F,42.70%,68°F (Wall),69°F (Ambient2),Cold
2-Apr,13:08:14,68.36°F,42.70%,68°F (Wall),69°F (Ambient2),Cold
2-Apr,13:08:16,68.18°F,42.70%,68°F (Wall),69°F (Ambient2),Cold
2-Apr,13:08:18,68.36°F,42.70%,68°F (Wall),69°F (Ambient2),Cold
2-Apr,13:08:20,68.36°F,42.70%,68°F (Wall),69°F (Ambient2),Cold
2-Apr,13:08:22,68.36°F,42.70%,68°F (Wall),69°F (Ambient2),Cold
2-Apr,13:08:24,68.36°F,42.70%,68°F (Wall),69°F (Ambient2),Cold
2-Apr,13:08:26,68.36°F,42.70%,68°F (Wall),69°F (Ambient2),Cold
2-Apr,13:08:29,68.18°F,42.60%,68°F (Wall),69°F (Ambient2),Cold
2-Apr,13:08:31,68.36°F,42.70%,68°F (Wall),69°F (Ambient2),Cold
2-Apr,13:08:33,68.36°F,42.70%,68°F (Wall),69°F (Ambient2),Cold
2-Apr,13:08:35,68.36°F,42.70%,68°F (Wall),69°F (Ambient2),Cold
2-Apr,13:08:37,68.36°F,42.70%,68°F (Wall),69°F (Ambient2),Cold
2-Apr,13:08:39,68.18°F,42.60%,68°F (Wall),69°F (Ambient2),Cold
2-Apr,13:08:41,68.36°F,42.70%,68°F (Wall),69°F (Ambient2),Cold
2-Apr,13:08:43,68.36°F,42.70%,68°F (Wall),69°F (Ambient2),Cold
2-Apr,13:08:45,68.36°F,42.70%,68°F (Wall),69°F (Ambient2),Cold
2-Apr,13:08:47,68.18°F,42.60%,68°F (Wall),69°F (Ambient2),Cold
2-Apr,13:08:49,68.36°F,42.70%,68°F (Wall),69°F (Ambient2),Cold
2-Apr,13:08:51,68.36°F,42.70%,68°F (Wall),69°F (Ambient2),Cold
2-Apr,13:08:53,68.36°F,42.70%,68°F (Wall),69°F (Ambient2),Cold
2-Apr,13:08:55,68.18°F,42.60%,68°F (Wall),69°F (Ambient2),Cold
2-Apr,13:08:57,68.36°F,42.60%,68°F (Wall),69°F (Ambient2),Cold
2-Apr,13:08:59,68.36°F,42.60%,68°F (Wall),69°F (Ambient2),Cold
2-Apr,13:09:01,68.36°F,42.60%,68°F (Wall),69°F (Ambient2),Cold
2-Apr,13:09:03,68.36°F,42.60%,68°F (Wall),69°F (Ambient2),Cold
2-Apr,13:09:05,68.36°F,42.60%,68°F (Wall),69°F (Ambient2),Cold
2-Apr,13:09:07,68.36°F,42.60%,68°F (Wall),69°F (Ambient2),Cold
2-Apr,13:09:09,68.36°F,42.60%,68°F (Wall),69°F (Ambient2),Cold
2-Apr,13:09:11,68.36°F,42.60%,68°F (Wall),69°F (Ambient2),Cold
2-Apr,13:09:13,68.36°F,42.60%,68°F (Wall),69°F (Ambient2),Cold
2-Apr,13:09:15,68.18°F,42.50%,68°F (Wall),69°F (Ambient2),Cold
2-Apr,13:09:17,68.36°F,42.60%,68°F (Wall),69°F (Ambient2),Cold
2-Apr,13:09:19,68.36°F,42.60%,68°F (Wall),69°F (Ambient2),Cold
2-Apr,13:09:21,68.18°F,42.50%,68°F (Wall),69°F (Ambient2),Cold
2-Apr,13:09:23,68.36°F,42.60%,68°F (Wall),69°F (Ambient2),Cold
2-Apr,13:09:26,68.36°F,42.60%,68°F (Wall),69°F (Ambient2),Cold
2-Apr,13:09:28,68.36°F,42.50%,68°F (Wall),69°F (Ambient2),Cold
2-Apr,13:09:30,68.36°F,42.60%,68°F (Wall),69°F (Ambient2),Cold
2-Apr,13:09:32,68.18°F,42.50%,68°F (Wall),69°F (Ambient2),Cold
2-Apr,13:09:34,68.36°F,42.50%,68°F (Wall),69°F (Ambient2),Cold
2-Apr,13:09:36,68.18°F,42.50%,68°F (Wall),69°F (Ambient2),Cold
2-Apr,13:09:38,68.18°F,42.50%,68°F (Wall),69°F (Ambient2),Cold
2-Apr,13:09:40,68.36°F,42.60%,68°F (Wall),69°F (Ambient2),Cold
2-Apr,13:09:42,68.36°F,42.60%,68°F (Wall),69°F (Ambient2),Cold
2-Apr,13:09:44,68.36°F,42.50%,68°F (Wall),69°F (Ambient2),Cold
2-Apr,13:09:46,68.36°F,42.50%,68°F (Wall),69°F (Ambient2),Cold
2-Apr,13:09:48,68.18°F,42.50%,68°F (Wall),69°F (Ambient2),Cold
2-Apr,13:09:50,68.36°F,42.50%,68°F (Wall),69°F (Ambient2),Cold
2-Apr,13:09:52,68.36°F,42.50%,68°F (Wall),69°F (Ambient2),Cold
2-Apr,13:09:54,68.36°F,42.50%,68°F (Wall),69°F (Ambient2),Cold
2-Apr,13:09:56,68.36°F,42.50%,68°F (Wall),69°F (Ambient2),Cold
2-Apr,13:09:58,68.36°F,42.50%,68°F (Wall),69°F (Ambient2),Cold
2-Apr,13:10:00,68.36°F,42.50%,68°F (Wall),69°F (Ambient2),Cold
2-Apr,13:10:02,68.36°F,42.50%,68°F (Wall),69°F (Ambient2),Cold
2-Apr,13:10:04,68.36°F,42.50%,68°F (Wall),69°F (Ambient2),Cold
2-Apr,13:10:06,68.36°F,42.50%,68°F (Wall),69°F (Ambient2),Cold
2-Apr,13:10:08,68.36°F,42.50%,68°F (Wall),69°F (Ambient2),Cold
2-Apr,13:10:10,68.36°F,42.50%,68°F (Wall),69°F (Ambient2),Cold
2-Apr,13:10:12,68.36°F,42.50%,68°F (Wall),69°F (Ambient2),Cold
2-Apr,13:10:14,68.36°F,42.50%,68°F (Wall),69°F (Ambient2),Cold
2-Apr,13:10:16,68.18°F,42.40%,68°F (Wall),69°F (Ambient2),Cold
2-Apr,13:10:18,68.36°F,42.50%,68°F (Wall),69°F (Ambient2),Cold
2-Apr,13:10:20,68.36°F,42.50%,68°F (Wall),69°F (Ambient2),Cold
2-Apr,13:10:23,68.36°F,42.50%,68°F (Wall),69°F (Ambient2),Cold
2-Apr,13:10:25,68.36°F,42.50%,68°F (Wall),69°F (Ambient2),Cold
2-Apr,13:10:27,68.36°F,42.50%,68°F (Wall),69°F (Ambient2),Cold
2-Apr,13:10:29,68.18°F,42.40%,68°F (Wall),69°F (Ambient2),Cold
2-Apr,13:10:31,68.36°F,42.50%,68°F (Wall),69°F (Ambient2),Cold
2-Apr,13:10:33,68.36°F,42.50%,68°F (Wall),69°F (Ambient2),Cold
2-Apr,13:10:35,68.36°F,42.50%,68°F (Wall),69°F (Ambient2),Cold
2-Apr,13:10:37,68.36°F,42.50%,68°F (Wall),69°F (Ambient2),Cold
2-Apr,13:10:39,68.36°F,42.50%,68°F (Wall),69°F (Ambient2),Cold
2-Apr,13:10:41,68.18°F,42.40%,68°F (Wall),69°F (Ambient2),Cold
2-Apr,13:10:43,68.36°F,42.50%,68°F (Wall),69°F (Ambient2),Cold
2-Apr,13:10:45,68.36°F,42.50%,68°F (Wall),69°F (Ambient2),Cold
2-Apr,13:10:47,68.36°F,42.50%,68°F (Wall),69°F (Ambient2),Cold
2-Apr,13:10:49,68.36°F,42.50%,68°F (Wall),69°F (Ambient2),Cold
2-Apr,13:10:51,68.36°F,42.50%,68°F (Wall),69°F (Ambient2),Cold
2-Apr,13:10:53,68.36°F,42.40%,68°F (Wall),69°F (Ambient2),Cold
2-Apr,13:10:55,68.36°F,42.40%,68°F (Wall),69°F (Ambient2),Cold
2-Apr,13:10:57,68.36°F,42.50%,68°F (Wall),69°F (Ambient2),Cold
2-Apr,13:10:59,68.36°F,42.40%,68°F (Wall),69°F (Ambient2),Cold
2-Apr,13:11:01,68.36°F,42.40%,68°F (Wall),69°F (Ambient2),Cold
2-Apr,13:11:03,68.36°F,42.40%,68°F (Wall),69°F (Ambient2),Cold
2-Apr,13:11:05,68.36°F,42.40%,68°F (Wall),69°F (Ambient2),Cold
2-Apr,13:11:07,68.36°F,42.40%,68°F (Wall),69°F (Ambient2),Cold
2-Apr,13:11:09,68.36°F,42.40%,68°F (Wall),69°F (Ambient2),Cold
2-Apr,13:11:11,68.36°F,42.40%,68°F (Wall),69°F (Ambient2),Cold
2-Apr,13:11:13,68.36°F,42.40%,68°F (Wall),69°F (Ambient2),Cold
2-Apr,13:11:15,68.36°F,42.40%,68°F (Wall),69°F (Ambient2),Cold
2-Apr,13:11:17,68.36°F,42.40%,68°F (Wall),69°F (Ambient2),Cold
2-Apr,13:11:20,68.36°F,42.40%,68°F (Wall),69°F (Ambient2),Cold
2-Apr,13:11:22,68.36°F,42.40%,68°F (Wall),69°F (Ambient2),Cold
2-Apr,13:11:24,68.36°F,42.50%,68°F (Wall),69°F (Ambient2),Cold
2-Apr,13:11:26,68.36°F,42.40%,68°F (Wall),69°F (Ambient2),Cold
2-Apr,13:11:28,68.36°F,42.40%,68°F (Wall),69°F (Ambient2),Cold
2-Apr,13:11:30,68.36°F,42.40%,68°F (Wall),69°F (Ambient2),Cold
2-Apr,13:11:32,68.36°F,42.40%,68°F (Wall),69°F (Ambient2),Cold
2-Apr,13:11:34,68.36°F,42.40%,68°F (Wall),69°F (Ambient2),Cold
2-Apr,13:11:36,68.36°F,42.40%,68°F (Wall),69°F (Ambient2),Cold
2-Apr,13:11:38,68.36°F,42.40%,68°F (Wall),69°F (Ambient2),Cold
2-Apr,13:11:40,68.36°F,42.40%,68°F (Wall),69°F (Ambient2),Cold
2-Apr,13:11:42,68.36°F,42.40%,68°F (Wall),69°F (Ambient2),Cold
2-Apr,13:11:44,68.36°F,42.40%,68°F (Wall),69°F (Ambient2),Cold
2-Apr,13:11:46,68.18°F,42.30%,68°F (Wall),69°F (Ambient2),Cold
2-Apr,13:11:48,68.36°F,42.40%,68°F (Wall),69°F (Ambient2),Cold
2-Apr,13:11:50,68.36°F,42.40%,68°F (Wall),69°F (Ambient2),Cold
2-Apr,13:11:52,68.36°F,42.40%,68°F (Wall),69°F (Ambient2),Cold
2-Apr,13:11:54,68.18°F,42.40%,68°F (Wall),69°F (Ambient2),Cold
2-Apr,13:11:56,68.36°F,42.40%,68°F (Wall),69°F (Ambient2),Cold
2-Apr,13:11:58,68.36°F,42.40%,68°F (Wall),69°F (Ambient2),Cold
2-Apr,13:12:00,68.36°F,42.40%,68°F (Wall),69°F (Ambient2),Cold
2-Apr,13:12:02,68.36°F,42.40%,68°F (Wall),69°F (Ambient2),Cold
2-Apr,13:12:04,68.36°F,42.40%,68°F (Wall),69°F (Ambient2),Cold
2-Apr,13:12:06,68.36°F,42.40%,68°F (Wall),69°F (Ambient2),Cold
2-Apr,13:12:08,68.36°F,42.40%,68°F (Wall),69°F (Ambient2),Cold
2-Apr,13:12:10,68.36°F,42.40%,68°F (Wall),69°F (Ambient2),Cold
2-Apr,13:12:12,68.36°F,42.30%,68°F (Wall),69°F (Ambient2),Cold
2-Apr,13:12:14,68.18°F,42.30%,68°F (Wall),69°F (Ambient2),Cold
2-Apr,13:12:17,68.18°F,42.30%,68°F (Wall),69°F (Ambient2),Cold
2-Apr,13:12:19,68.36°F,42.30%,68°F (Wall),69°F (Ambient2),Cold
2-Apr,13:12:21,68.36°F,42.30%,68°F (Wall),69°F (Ambient2),Cold
2-Apr,13:12:23,68.36°F,42.30%,68°F (Wall),69°F (Ambient2),Cold
2-Apr,13:12:25,68.36°F,42.30%,68°F (Wall),69°F (Ambient2),Cold
2-Apr,13:12:27,68.36°F,42.30%,68°F (Wall),69°F (Ambient2),Cold
2-Apr,13:12:29,68.36°F,42.30%,68°F (Wall),69°F (Ambient2),Cold
2-Apr,13:12:31,68.36°F,42.30%,68°F (Wall),69°F (Ambient2),Cold
2-Apr,13:12:33,68.36°F,42.30%,68°F (Wall),69°F (Ambient2),Cold
2-Apr,13:12:35,68.36°F,42.30%,68°F (Wall),69°F (Ambient2),Cold
2-Apr,13:12:37,68.18°F,42.20%,68°F (Wall),69°F (Ambient2),Cold
2-Apr,13:12:39,68.36°F,42.30%,68°F (Wall),69°F (Ambient2),Cold
2-Apr,13:12:41,68.36°F,42.30%,68°F (Wall),69°F (Ambient2),Cold
2-Apr,13:12:43,68.36°F,42.30%,68°F (Wall),69°F (Ambient2),Cold
2-Apr,13:12:45,68.18°F,42.20%,68°F (Wall),69°F (Ambient2),Cold
2-Apr,13:12:47,68.36°F,42.30%,68°F (Wall),69°F (Ambient2),Cold
2-Apr,13:12:49,68.36°F,42.30%,68°F (Wall),69°F (Ambient2),Cold
2-Apr,13:12:51,68.36°F,42.30%,68°F (Wall),69°F (Ambient2),Cold
2-Apr,13:12:53,68.36°F,42.30%,68°F (Wall),69°F (Ambient2),Cold
2-Apr,13:12:55,68.36°F,42.30%,68°F (Wall),69°F (Ambient2),Cold
2-Apr,13:12:57,68.36°F,42.30%,68°F (Wall),69°F (Ambient2),Cold
2-Apr,13:12:59,68.36°F,42.30%,68°F (Wall),69°F (Ambient2),Cold
2-Apr,13:13:01,68.36°F,42.30%,68°F (Wall),69°F (Ambient2),Cold
2-Apr,13:13:03,68.36°F,42.30%,68°F (Wall),69°F (Ambient2),Cold
2-Apr,13:13:05,68.36°F,42.30%,68°F (Wall),69°F (Ambient2),Cold
2-Apr,13:13:07,68.36°F,42.30%,68°F (Wall),69°F (Ambient2),Cold
2-Apr,13:13:09,68.36°F,42.30%,68°F (Wall),69°F (Ambient2),Cold
2-Apr,13:13:11,68.18°F,42.20%,68°F (Wall),69°F (Ambient2),Cold
2-Apr,13:13:14,68.36°F,42.30%,68°F (Wall),69°F (Ambient2),Cold
2-Apr,13:13:16,68.36°F,42.30%,68°F (Wall),69°F (Ambient2),Cold
2-Apr,13:13:18,68.36°F,42.30%,68°F (Wall),69°F (Ambient2),Cold
2-Apr,13:13:20,68.36°F,42.30%,68°F (Wall),69°F (Ambient2),Cold
2-Apr,13:13:22,68.36°F,42.30%,68°F (Wall),69°F (Ambient2),Cold
2-Apr,13:13:24,68.36°F,42.30%,68°F (Wall),69°F (Ambient2),Cold
2-Apr,13:13:26,68.36°F,42.30%,68°F (Wall),69°F (Ambient2),Cold
2-Apr,13:13:28,68.18°F,42.20%,68°F (Wall),69°F (Ambient2),Cold
2-Apr,13:13:30,68.36°F,42.30%,68°F (Wall),69°F (Ambient2),Cold
2-Apr,13:13:32,68.36°F,42.30%,68°F (Wall),69°F (Ambient2),Cold
2-Apr,13:13:34,68.36°F,42.30%,68°F (Wall),69°F (Ambient2),Cold
2-Apr,13:13:36,68.36°F,42.30%,68°F (Wall),69°F (Ambient2),Cold
2-Apr,13:13:38,68.36°F,42.30%,68°F (Wall),69°F (Ambient2),Cold
2-Apr,13:13:40,68.36°F,42.30%,68°F (Wall),69°F (Ambient2),Cold
2-Apr,13:13:42,68.36°F,42.30%,68°F (Wall),69°F (Ambient2),Cold
2-Apr,13:13:44,68.36°F,42.30%,68°F (Wall),69°F (Ambient2),Cold
2-Apr,13:13:46,68.36°F,42.30%,68°F (Wall),69°F (Ambient2),Cold
2-Apr,13:13:48,68.36°F,42.30%,68°F (Wall),69°F (Ambient2),Cold
2-Apr,13:13:50,68.18°F,42.20%,68°F (Wall),69°F (Ambient2),Cold
2-Apr,13:13:52,68.36°F,42.30%,68°F (Wall),69°F (Ambient2),Cold
2-Apr,13:13:54,68.36°F,42.30%,68°F (Wall),69°F (Ambient2),Cold
2-Apr,13:13:56,68.36°F,42.30%,68°F (Wall),69°F (Ambient2),Cold
2-Apr,13:13:58,68.18°F,42.20%,68°F (Wall),69°F (Ambient2),Cold
2-Apr,13:14:00,68.36°F,42.30%,68°F (Wall),69°F (Ambient2),Cold
2-Apr,13:14:02,68.36°F,42.30%,68°F (Wall),69°F (Ambient2),Cold
2-Apr,13:14:04,68.36°F,42.20%,68°F (Wall),69°F (Ambient2),Cold
2-Apr,13:14:06,68.36°F,42.20%,68°F (Wall),69°F (Ambient2),Cold
2-Apr,13:14:08,68.36°F,42.30%,68°F (Wall),69°F (Ambient2),Cold
2-Apr,13:14:11,68.36°F,42.20%,68°F (Wall),69°F (Ambient2),Cold
2-Apr,13:14:13,68.36°F,42.20%,68°F (Wall),69°F (Ambient2),Cold
2-Apr,13:14:15,68.36°F,42.20%,68°F (Wall),69°F (Ambient2),Cold
2-Apr,13:14:17,68.36°F,42.20%,68°F (Wall),69°F (Ambient2),Cold
2-Apr,13:14:19,68.36°F,42.20%,68°F (Wall),69°F (Ambient2),Cold
2-Apr,13:14:21,68.36°F,42.20%,68°F (Wall),69°F (Ambient2),Cold
2-Apr,13:14:23,68.36°F,42.20%,68°F (Wall),69°F (Ambient2),Cold
2-Apr,13:14:25,68.36°F,42.20%,68°F (Wall),69°F (Ambient2),Cold
2-Apr,13:14:27,68.36°F,42.20%,68°F (Wall),69°F (Ambient2),Cold
2-Apr,13:14:29,68.36°F,42.20%,68°F (Wall),69°F (Ambient2),Cold
2-Apr,13:14:31,68.36°F,42.30%,68°F (Wall),69°F (Ambient2),Cold
2-Apr,13:14:33,68.36°F,42.30%,68°F (Wall),69°F (Ambient2),Cold
2-Apr,13:14:35,68.36°F,42.20%,68°F (Wall),69°F (Ambient2),Cold
2-Apr,13:14:37,68.36°F,42.30%,68°F (Wall),69°F (Ambient2),Cold
2-Apr,13:14:39,68.36°F,42.30%,68°F (Wall),69°F (Ambient2),Cold
2-Apr,13:14:41,68.36°F,42.30%,68°F (Wall),69°F (Ambient2),Cold
2-Apr,13:14:43,68.36°F,42.20%,68°F (Wall),69°F (Ambient2),Cold
2-Apr,13:14:45,68.36°F,42.20%,68°F (Wall),69°F (Ambient2),Cold
2-Apr,13:14:47,68.36°F,42.30%,68°F (Wall),69°F (Ambient2),Cold
2-Apr,13:14:49,68.36°F,42.20%,68°F (Wall),69°F (Ambient2),Cold
2-Apr,13:14:51,68.36°F,42.20%,68°F (Wall),69°F (Ambient2),Cold
2-Apr,13:14:53,68.36°F,42.20%,68°F (Wall),69°F (Ambient2),Cold
2-Apr,13:14:55,68.54°F,42.30%,68°F (Wall),69°F (Ambient2),Cold
2-Apr,13:14:57,68.36°F,42.20%,68°F (Wall),69°F (Ambient2),Cold
2-Apr,13:14:59,68.36°F,42.20%,68°F (Wall),69°F (Ambient2),Cold
2-Apr,13:15:01,68.36°F,42.20%,68°F (Wall),69°F (Ambient2),Cold
2-Apr,13:15:03,68.36°F,42.20%,68°F (Wall),69°F (Ambient2),Cold
2-Apr,13:15:05,68.54°F,42.30%,68°F (Wall),69°F (Ambient2),Cold
2-Apr,13:15:08,68.36°F,42.20%,68°F (Wall),69°F (Ambient2),Cold
2-Apr,13:15:10,68.36°F,42.20%,68°F (Wall),69°F (Ambient2),Cold
2-Apr,13:15:12,68.36°F,42.20%,68°F (Wall),69°F (Ambient2),Cold
2-Apr,13:15:14,68.36°F,42.20%,68°F (Wall),69°F (Ambient2),Cold
2-Apr,13:15:16,68.54°F,42.30%,68°F (Wall),69°F (Ambient2),Cold
2-Apr,13:15:18,68.36°F,42.20%,68°F (Wall),69°F (Ambient2),Cold
2-Apr,13:15:20,68.36°F,42.20%,68°F (Wall),69°F (Ambient2),Cold
2-Apr,13:15:22,68.36°F,42.20%,68°F (Wall),69°F (Ambient2),Cold
2-Apr,13:15:24,68.36°F,42.20%,68°F (Wall),69°F (Ambient2),Cold
2-Apr,13:15:26,68.36°F,42.20%,68°F (Wall),69°F (Ambient2),Cold
2-Apr,13:15:28,68.36°F,42.20%,68°F (Wall),69°F (Ambient2),Cold
2-Apr,13:15:30,68.36°F,42.20%,68°F (Wall),69°F (Ambient2),Cold
2-Apr,13:15:32,68.36°F,42.20%,68°F (Wall),69°F (Ambient2),Cold
2-Apr,13:15:34,68.36°F,42.20%,68°F (Wall),69°F (Ambient2),Cold
2-Apr,13:15:36,68.36°F,42.20%,68°F (Wall),69°F (Ambient2),Cold
2-Apr,13:15:38,68.36°F,42.20%,68°F (Wall),69°F (Ambient2),Cold
2-Apr,13:15:40,68.36°F,42.20%,68°F (Wall),69°F (Ambient2),Cold
2-Apr,13:15:42,68.36°F,42.20%,68°F (Wall),69°F (Ambient2),Cold
2-Apr,13:15:44,68.36°F,42.10%,68°F (Wall),69°F (Ambient2),Cold
2-Apr,13:15:46,68.36°F,42.10%,68°F (Wall),69°F (Ambient2),Cold
2-Apr,13:15:48,68.36°F,42.10%,68°F (Wall),69°F (Ambient2),Cold
2-Apr,13:15:50,68.36°F,42.10%,68°F (Wall),69°F (Ambient2),Cold
2-Apr,13:15:52,68.36°F,42.10%,68°F (Wall),69°F (Ambient2),Cold
2-Apr,13:15:54,68.36°F,42.10%,68°F (Wall),69°F (Ambient2),Cold
2-Apr,13:15:56,68.54°F,42.20%,68°F (Wall),69°F (Ambient2),Cold
2-Apr,13:15:58,68.36°F,42.10%,68°F (Wall),69°F (Ambient2),Cold
2-Apr,13:16:00,68.36°F,42.10%,68°F (Wall),69°F (Ambient2),Cold
2-Apr,13:16:02,68.54°F,42.20%,68°F (Wall),69°F (Ambient2),Cold
2-Apr,13:16:05,68.36°F,42.10%,68°F (Wall),69°F (Ambient2),Cold
2-Apr,13:16:07,68.36°F,42.10%,68°F (Wall),69°F (Ambient2),Cold
2-Apr,13:16:09,68.36°F,42.10%,68°F (Wall),69°F (Ambient2),Cold
2-Apr,13:16:11,68.36°F,42.10%,68°F (Wall),69°F (Ambient2),Cold
2-Apr,13:16:13,68.36°F,42.10%,68°F (Wall),69°F (Ambient2),Cold
2-Apr,13:16:15,68.36°F,42.20%,68°F (Wall),69°F (Ambient2),Cold
2-Apr,13:16:17,68.36°F,42.20%,68°F (Wall),69°F (Ambient2),Cold
2-Apr,13:16:19,68.36°F,42.20%,68°F (Wall),69°F (Ambient2),Cold
2-Apr,13:16:21,68.36°F,42.20%,68°F (Wall),69°F (Ambient2),Cold
2-Apr,13:16:23,68.36°F,42.20%,68°F (Wall),69°F (Ambient2),Cold
2-Apr,13:16:25,68.36°F,42.20%,68°F (Wall),69°F (Ambient2),Cold
2-Apr,13:16:27,68.36°F,42.20%,68°F (Wall),69°F (Ambient2),Cold
2-Apr,13:16:29,68.36°F,42.20%,68°F (Wall),69°F (Ambient2),Cold
2-Apr,13:16:31,68.36°F,42.20%,68°F (Wall),69°F (Ambient2),Cold
2-Apr,13:16:33,68.54°F,42.20%,68°F (Wall),69°F (Ambient2),Cold
2-Apr,13:16:35,68.36°F,42.20%,68°F (Wall),69°F (Ambient2),Cold
2-Apr,13:16:37,68.36°F,42.20%,68°F (Wall),69°F (Ambient2),Cold
2-Apr,13:16:39,68.36°F,42.10%,68°F (Wall),69°F (Ambient2),Cold
2-Apr,13:16:41,68.54°F,42.20%,68°F (Wall),69°F (Ambient2),Cold
2-Apr,13:16:43,68.36°F,42.10%,68°F (Wall),69°F (Ambient2),Cold
2-Apr,13:16:45,68.36°F,42.10%,68°F (Wall),69°F (Ambient2),Cold
2-Apr,13:16:47,68.36°F,42.10%,68°F (Wall),69°F (Ambient2),Cold
2-Apr,13:16:49,68.36°F,42.10%,68°F (Wall),69°F (Ambient2),Cold
2-Apr,13:16:51,68.36°F,42.10%,68°F (Wall),69°F (Ambient2),Cold
2-Apr,13:16:53,68.36°F,42.10%,68°F (Wall),69°F (Ambient2),Cold
2-Apr,13:16:55,68.36°F,42.10%,68°F (Wall),69°F (Ambient2),Cold
2-Apr,13:16:57,68.36°F,42.10%,68°F (Wall),69°F (Ambient2),Cold
2-Apr,13:16:59,68.36°F,42.10%,68°F (Wall),69°F (Ambient2),Cold
2-Apr,13:17:02,68.36°F,42.10%,68°F (Wall),69°F (Ambient2),Cold
2-Apr,13:17:04,68.36°F,42.10%,68°F (Wall),69°F (Ambient2),Cold
2-Apr,13:17:06,68.36°F,42.10%,68°F (Wall),69°F (Ambient2),Cold
2-Apr,13:17:08,68.54°F,42.10%,68°F (Wall),69°F (Ambient2),Cold
2-Apr,13:17:10,68.36°F,42.10%,68°F (Wall),69°F (Ambient2),Cold
2-Apr,13:17:12,68.36°F,42.10%,68°F (Wall),69°F (Ambient2),Cold
2-Apr,13:17:14,68.36°F,42.10%,68°F (Wall),69°F (Ambient2),Cold
2-Apr,13:17:16,68.36°F,42.10%,68°F (Wall),69°F (Ambient2),Cold
2-Apr,13:17:18,68.36°F,42.10%,68°F (Wall),69°F (Ambient2),Cold
2-Apr,13:17:20,68.36°F,42.10%,68°F (Wall),69°F (Ambient2),Cold
2-Apr,13:17:22,68.54°F,42.10%,68°F (Wall),69°F (Ambient2),Cold
2-Apr,13:17:24,68.36°F,42.10%,68°F (Wall),69°F (Ambient2),Cold
2-Apr,13:17:26,68.54°F,42.10%,68°F (Wall),69°F (Ambient2),Cold
2-Apr,13:17:28,68.36°F,42.10%,68°F (Wall),69°F (Ambient2),Cold
2-Apr,13:17:30,68.36°F,42.10%,68°F (Wall),69°F (Ambient2),Cold
2-Apr,13:17:32,68.36°F,42.10%,68°F (Wall),69°F (Ambient2),Cold
2-Apr,13:17:34,68.36°F,42.10%,68°F (Wall),69°F (Ambient2),Cold
2-Apr,13:17:36,68.36°F,42.10%,68°F (Wall),69°F (Ambient2),Cold
2-Apr,13:17:38,68.36°F,42.10%,68°F (Wall),69°F (Ambient2),Cold
2-Apr,13:17:40,68.54°F,42.20%,68°F (Wall),69°F (Ambient2),Cold
2-Apr,13:17:42,68.36°F,42.10%,68°F (Wall),69°F (Ambient2),Cold
2-Apr,13:17:44,68.36°F,42.10%,68°F (Wall),69°F (Ambient2),Cold
2-Apr,13:17:46,68.36°F,42.10%,68°F (Wall),69°F (Ambient2),Cold
2-Apr,13:17:48,68.36°F,42.10%,68°F (Wall),69°F (Ambient2),Cold
2-Apr,13:17:50,68.54°F,42.20%,68°F (Wall),69°F (Ambient2),Cold
2-Apr,13:17:52,68.54°F,42.20%,68°F (Wall),69°F (Ambient2),Cold
2-Apr,13:17:54,68.54°F,42.10%,68°F (Wall),69°F (Ambient2),Cold
2-Apr,13:17:56,68.36°F,42.10%,68°F (Wall),69°F (Ambient2),Cold
2-Apr,13:17:59,68.36°F,42.10%,68°F (Wall),69°F (Ambient2),Cold
2-Apr,13:18:01,68.54°F,42.10%,68°F (Wall),69°F (Ambient2),Cold
2-Apr,13:18:03,68.54°F,42.10%,68°F (Wall),69°F (Ambient2),Cold
2-Apr,13:18:05,68.36°F,42.10%,68°F (Wall),69°F (Ambient2),Cold
2-Apr,13:18:07,68.36°F,42.10%,68°F (Wall),69°F (Ambient2),Cold
2-Apr,13:18:09,68.36°F,42.10%,68°F (Wall),69°F (Ambient2),Cold
2-Apr,13:18:11,68.54°F,42.20%,68°F (Wall),69°F (Ambient2),Cold
2-Apr,13:18:13,68.36°F,42.10%,68°F (Wall),69°F (Ambient2),Cold
2-Apr,13:18:15,68.54°F,42.20%,68°F (Wall),69°F (Ambient2),Cold
2-Apr,13:18:17,68.36°F,42.10%,68°F (Wall),69°F (Ambient2),Cold
2-Apr,13:18:19,68.36°F,42.10%,68°F (Wall),69°F (Ambient2),Cold
2-Apr,13:18:21,68.36°F,42.10%,68°F (Wall),69°F (Ambient2),Cold
2-Apr,13:18:23,68.36°F,42.10%,68°F (Wall),69°F (Ambient2),Cold
2-Apr,13:18:25,68.36°F,42.10%,68°F (Wall),69°F (Ambient2),Cold
2-Apr,13:18:27,68.36°F,42.10%,68°F (Wall),69°F (Ambient2),Cold
2-Apr,13:18:29,68.36°F,42.10%,68°F (Wall),69°F (Ambient2),Cold
2-Apr,13:18:31,68.36°F,42.10%,68°F (Wall),69°F (Ambient2),Cold
2-Apr,13:18:33,68.36°F,42.10%,68°F (Wall),69°F (Ambient2),Cold
2-Apr,13:18:35,68.36°F,42.10%,68°F (Wall),69°F (Ambient2),Cold
2-Apr,13:18:37,68.36°F,42.10%,68°F (Wall),69°F (Ambient2),Cold
2-Apr,13:18:39,68.54°F,42.20%,68°F (Wall),69°F (Ambient2),Cold
2-Apr,13:18:41,68.54°F,42.20%,68°F (Wall),69°F (Ambient2),Cold
2-Apr,13:18:43,68.36°F,42.10%,68°F (Wall),69°F (Ambient2),Cold
2-Apr,13:18:45,68.36°F,42.10%,68°F (Wall),69°F (Ambient2),Cold
2-Apr,13:18:47,68.54°F,42.20%,68°F (Wall),69°F (Ambient2),Cold
2-Apr,13:18:49,68.36°F,42.10%,68°F (Wall),69°F (Ambient2),Cold
2-Apr,13:18:51,68.54°F,42.20%,68°F (Wall),69°F (Ambient2),Cold
2-Apr,13:18:53,68.36°F,42.10%,68°F (Wall),69°F (Ambient2),Cold
2-Apr,13:18:56,68.36°F,42.10%,68°F (Wall),69°F (Ambient2),Cold
2-Apr,13:18:58,68.54°F,42.20%,68°F (Wall),69°F (Ambient2),Cold
2-Apr,13:19:00,68.36°F,42.10%,68°F (Wall),69°F (Ambient2),Cold
2-Apr,13:19:02,68.36°F,42.10%,68°F (Wall),69°F (Ambient2),Cold
2-Apr,13:19:04,68.36°F,42.10%,68°F (Wall),69°F (Ambient2),Cold
2-Apr,13:19:06,68.36°F,42.10%,68°F (Wall),69°F (Ambient2),Cold
2-Apr,13:19:08,68.36°F,42.10%,68°F (Wall),69°F (Ambient2),Cold
2-Apr,13:19:10,68.36°F,42.10%,68°F (Wall),69°F (Ambient2),Cold
2-Apr,13:19:12,68.54°F,42.20%,68°F (Wall),69°F (Ambient2),Cold
2-Apr,13:19:14,68.36°F,42.10%,68°F (Wall),69°F (Ambient2),Cold
2-Apr,13:19:16,68.54°F,42.20%,68°F (Wall),69°F (Ambient2),Cold
2-Apr,13:19:18,68.36°F,42.10%,68°F (Wall),69°F (Ambient2),Cold
2-Apr,13:19:20,68.36°F,42.10%,68°F (Wall),69°F (Ambient2),Cold
2-Apr,13:19:22,68.36°F,42.10%,68°F (Wall),69°F (Ambient2),Cold
2-Apr,13:19:24,68.36°F,42.10%,68°F (Wall),69°F (Ambient2),Cold
2-Apr,13:19:26,68.36°F,42.10%,68°F (Wall),69°F (Ambient2),Cold
2-Apr,13:19:28,68.36°F,42.10%,68°F (Wall),69°F (Ambient2),Cold
2-Apr,13:19:30,68.36°F,42.10%,68°F (Wall),69°F (Ambient2),Cold
2-Apr,13:19:32,68.36°F,42.10%,68°F (Wall),69°F (Ambient2),Cold
2-Apr,13:19:34,68.54°F,42.20%,68°F (Wall),69°F (Ambient2),Cold
2-Apr,13:19:36,68.36°F,42.10%,68°F (Wall),69°F (Ambient2),Cold
2-Apr,13:19:38,68.54°F,42.20%,68°F (Wall),69°F (Ambient2),Cold
2-Apr,13:19:40,68.36°F,42.10%,68°F (Wall),69°F (Ambient2),Cold
2-Apr,13:19:42,68.54°F,42.20%,68°F (Wall),69°F (Ambient2),Cold
2-Apr,13:19:44,68.54°F,42.20%,68°F (Wall),69°F (Ambient2),Cold
2-Apr,13:19:46,68.36°F,42.10%,68°F (Wall),69°F (Ambient2),Cold
2-Apr,13:19:48,68.54°F,42.20%,68°F (Wall),69°F (Ambient2),Cold
2-Apr,13:19:50,68.54°F,42.20%,68°F (Wall),69°F (Ambient2),Cold
2-Apr,13:19:53,68.36°F,42.10%,68°F (Wall),69°F (Ambient2),Cold
2-Apr,13:19:55,68.54°F,42.20%,68°F (Wall),69°F (Ambient2),Cold
2-Apr,13:19:57,68.36°F,42.10%,68°F (Wall),69°F (Ambient2),Cold
2-Apr,13:19:59,68.54°F,42.20%,68°F (Wall),69°F (Ambient2),Cold
2-Apr,13:20:01,68.36°F,42.10%,68°F (Wall),69°F (Ambient2),Cold
2-Apr,13:20:03,68.36°F,42.10%,68°F (Wall),69°F (Ambient2),Cold
2-Apr,13:20:05,68.36°F,42.10%,68°F (Wall),69°F (Ambient2),Cold
2-Apr,13:20:07,68.54°F,42.20%,68°F (Wall),69°F (Ambient2),Cold
2-Apr,13:20:09,68.36°F,42.10%,68°F (Wall),69°F (Ambient2),Cold
2-Apr,13:20:11,68.54°F,42.20%,68°F (Wall),69°F (Ambient2),Cold
2-Apr,13:20:13,68.36°F,42.10%,68°F (Wall),69°F (Ambient2),Cold
2-Apr,13:20:15,68.54°F,42.20%,68°F (Wall),69°F (Ambient2),Cold
2-Apr,13:20:17,68.54°F,42.20%,68°F (Wall),69°F (Ambient2),Cold
2-Apr,13:20:19,68.54°F,42.20%,68°F (Wall),69°F (Ambient2),Cold
2-Apr,13:20:21,68.36°F,42.10%,68°F (Wall),69°F (Ambient2),Cold
2-Apr,13:20:23,68.36°F,42.10%,68°F (Wall),69°F (Ambient2),Cold
2-Apr,13:20:25,68.36°F,42.10%,68°F (Wall),69°F (Ambient2),Cold
2-Apr,13:20:27,68.36°F,42.10%,68°F (Wall),69°F (Ambient2),Cold
2-Apr,13:20:29,68.54°F,42.10%,68°F (Wall),69°F (Ambient2),Cold
2-Apr,13:20:31,68.36°F,42.00%,68°F (Wall),69°F (Ambient2),Cold
2-Apr,13:20:33,68.36°F,42.00%,68°F (Wall),69°F (Ambient2),Cold
2-Apr,13:20:35,68.36°F,42.00%,68°F (Wall),69°F (Ambient2),Cold
2-Apr,13:20:37,68.54°F,42.10%,68°F (Wall),69°F (Ambient2),Cold
2-Apr,13:20:39,68.36°F,42.00%,68°F (Wall),69°F (Ambient2),Cold
2-Apr,13:20:41,68.54°F,42.10%,68°F (Wall),69°F (Ambient2),Cold
2-Apr,13:20:43,68.36°F,42.00%,68°F (Wall),69°F (Ambient2),Cold
2-Apr,13:20:45,68.54°F,42.10%,68°F (Wall),69°F (Ambient2),Cold
2-Apr,13:20:47,68.36°F,42.00%,68°F (Wall),69°F (Ambient2),Cold
2-Apr,13:20:50,68.36°F,42.00%,68°F (Wall),69°F (Ambient2),Cold
2-Apr,13:20:52,68.36°F,42.00%,68°F (Wall),69°F (Ambient2),Cold
2-Apr,13:20:54,68.36°F,42.00%,68°F (Wall),69°F (Ambient2),Cold
2-Apr,13:20:56,68.54°F,42.10%,68°F (Wall),69°F (Ambient2),Cold
2-Apr,13:20:58,68.54°F,42.10%,68°F (Wall),69°F (Ambient2),Cold
2-Apr,13:21:00,68.36°F,42.00%,68°F (Wall),69°F (Ambient2),Cold
2-Apr,13:21:02,68.54°F,42.10%,68°F (Wall),69°F (Ambient2),Cold
2-Apr,13:21:04,68.36°F,42.00%,68°F (Wall),69°F (Ambient2),Cold
2-Apr,13:21:06,68.54°F,42.10%,68°F (Wall),69°F (Ambient2),Cold
2-Apr,13:21:08,68.36°F,42.00%,68°F (Wall),69°F (Ambient2),Cold
2-Apr,13:21:10,68.54°F,42.10%,68°F (Wall),69°F (Ambient2),Cold
2-Apr,13:21:12,68.54°F,42.10%,68°F (Wall),69°F (Ambient2),Cold
2-Apr,13:21:14,68.54°F,42.10%,68°F (Wall),69°F (Ambient2),Cold
2-Apr,13:21:16,68.54°F,42.10%,68°F (Wall),69°F (Ambient2),Cold
2-Apr,13:21:18,68.36°F,42.00%,68°F (Wall),69°F (Ambient2),Cold
2-Apr,13:21:20,68.54°F,42.10%,68°F (Wall),69°F (Ambient2),Cold
2-Apr,13:21:22,68.54°F,42.00%,68°F (Wall),69°F (Ambient2),Cold
2-Apr,13:21:24,68.54°F,42.00%,68°F (Wall),69°F (Ambient2),Cold
2-Apr,13:21:26,68.54°F,42.00%,68°F (Wall),69°F (Ambient2),Cold
2-Apr,13:21:28,68.36°F,42.00%,68°F (Wall),69°F (Ambient2),Cold
2-Apr,13:21:30,68.54°F,42.00%,68°F (Wall),69°F (Ambient2),Cold
2-Apr,13:21:32,68.36°F,42.00%,68°F (Wall),69°F (Ambient2),Cold
2-Apr,13:21:34,68.54°F,42.00%,68°F (Wall),69°F (Ambient2),Cold
2-Apr,13:21:36,68.36°F,42.00%,68°F (Wall),69°F (Ambient2),Cold
2-Apr,13:21:38,68.54°F,42.00%,68°F (Wall),69°F (Ambient2),Cold
2-Apr,13:21:40,68.54°F,42.10%,68°F (Wall),69°F (Ambient2),Cold
2-Apr,13:21:42,68.36°F,42.00%,68°F (Wall),69°F (Ambient2),Cold
2-Apr,13:21:44,68.36°F,42.00%,68°F (Wall),69°F (Ambient2),Cold
2-Apr,13:21:47,68.36°F,42.00%,68°F (Wall),69°F (Ambient2),Cold
2-Apr,13:21:49,68.54°F,42.00%,68°F (Wall),69°F (Ambient2),Cold
2-Apr,13:21:51,68.36°F,42.00%,68°F (Wall),69°F (Ambient2),Cold
2-Apr,13:21:53,68.54°F,42.00%,68°F (Wall),69°F (Ambient2),Cold
2-Apr,13:21:55,68.36°F,42.00%,68°F (Wall),69°F (Ambient2),Cold
2-Apr,13:21:57,68.36°F,42.00%,68°F (Wall),69°F (Ambient2),Cold
2-Apr,13:21:59,68.36°F,42.00%,68°F (Wall),69°F (Ambient2),Cold
2-Apr,13:22:01,68.36°F,41.90%,68°F (Wall),69°F (Ambient2),Cold
2-Apr,13:22:03,68.36°F,42.00%,68°F (Wall),69°F (Ambient2),Cold
2-Apr,13:22:05,68.36°F,42.00%,68°F (Wall),69°F (Ambient2),Cold
2-Apr,13:22:07,68.54°F,42.00%,68°F (Wall),69°F (Ambient2),Cold
2-Apr,13:22:09,68.54°F,42.00%,68°F (Wall),69°F (Ambient2),Cold
2-Apr,13:22:11,68.36°F,42.00%,68°F (Wall),69°F (Ambient2),Cold
2-Apr,13:22:13,68.36°F,42.00%,68°F (Wall),69°F (Ambient2),Cold
2-Apr,13:22:15,68.36°F,42.00%,68°F (Wall),69°F (Ambient2),Cold
2-Apr,13:22:17,68.54°F,42.00%,68°F (Wall),69°F (Ambient2),Cold
2-Apr,13:22:19,68.54°F,42.10%,68°F (Wall),69°F (Ambient2),Cold
2-Apr,13:22:21,68.36°F,42.00%,68°F (Wall),69°F (Ambient2),Cold
2-Apr,13:22:23,68.36°F,42.00%,68°F (Wall),69°F (Ambient2),Cold
2-Apr,13:22:25,68.36°F,42.00%,68°F (Wall),69°F (Ambient2),Cold
2-Apr,13:22:27,68.54°F,42.00%,68°F (Wall),69°F (Ambient2),Cold
2-Apr,13:22:29,68.36°F,41.90%,68°F (Wall),69°F (Ambient2),Cold
2-Apr,13:22:31,68.36°F,42.00%,68°F (Wall),69°F (Ambient2),Cold
2-Apr,13:22:33,68.54°F,42.00%,68°F (Wall),69°F (Ambient2),Cold
2-Apr,13:22:35,68.36°F,41.90%,68°F (Wall),69°F (Ambient2),Cold
2-Apr,13:22:37,68.36°F,41.90%,68°F (Wall),69°F (Ambient2),Cold
2-Apr,13:22:39,68.54°F,42.00%,68°F (Wall),69°F (Ambient2),Cold
2-Apr,13:22:41,68.54°F,42.00%,68°F (Wall),69°F (Ambient2),Cold
2-Apr,13:22:44,68.36°F,41.90%,68°F (Wall),69°F (Ambient2),Cold
2-Apr,13:22:46,68.36°F,41.90%,68°F (Wall),69°F (Ambient2),Cold
2-Apr,13:22:48,68.54°F,42.00%,68°F (Wall),69°F (Ambient2),Cold
2-Apr,13:22:50,68.36°F,41.90%,68°F (Wall),69°F (Ambient2),Cold
2-Apr,13:22:52,68.54°F,42.00%,68°F (Wall),69°F (Ambient2),Cold
2-Apr,13:22:54,68.36°F,41.90%,68°F (Wall),69°F (Ambient2),Cold
2-Apr,13:22:56,68.36°F,41.90%,68°F (Wall),69°F (Ambient2),Cold
2-Apr,13:22:58,68.36°F,41.90%,68°F (Wall),69°F (Ambient2),Cold
2-Apr,13:23:00,68.36°F,41.90%,68°F (Wall),69°F (Ambient2),Cold
2-Apr,13:23:02,68.54°F,42.00%,68°F (Wall),69°F (Ambient2),Cold
2-Apr,13:23:04,68.36°F,41.90%,68°F (Wall),69°F (Ambient2),Cold
2-Apr,13:23:06,68.36°F,41.90%,68°F (Wall),69°F (Ambient2),Cold
2-Apr,13:23:08,68.36°F,41.90%,68°F (Wall),69°F (Ambient2),Cold
2-Apr,13:23:10,68.54°F,42.00%,68°F (Wall),69°F (Ambient2),Cold
2-Apr,13:23:12,68.36°F,41.90%,68°F (Wall),69°F (Ambient2),Cold
2-Apr,13:23:14,68.54°F,42.00%,68°F (Wall),69°F (Ambient2),Cold
2-Apr,13:23:16,68.54°F,42.00%,68°F (Wall),69°F (Ambient2),Cold
2-Apr,13:23:18,68.36°F,41.90%,68°F (Wall),69°F (Ambient2),Cold
2-Apr,13:23:20,68.36°F,41.90%,68°F (Wall),69°F (Ambient2),Cold
2-Apr,13:23:22,68.36°F,41.90%,68°F (Wall),69°F (Ambient2),Cold
2-Apr,13:23:24,68.36°F,41.90%,68°F (Wall),69°F (Ambient2),Cold
2-Apr,13:23:26,68.36°F,41.90%,68°F (Wall),69°F (Ambient2),Cold
2-Apr,13:23:28,68.54°F,42.00%,68°F (Wall),69°F (Ambient2),Cold
2-Apr,13:23:30,68.36°F,41.90%,68°F (Wall),69°F (Ambient2),Cold
2-Apr,13:23:32,68.36°F,41.90%,68°F (Wall),69°F (Ambient2),Cold
2-Apr,13:23:34,68.54°F,42.00%,68°F (Wall),69°F (Ambient2),Cold
2-Apr,13:23:36,68.36°F,41.90%,68°F (Wall),69°F (Ambient2),Cold
2-Apr,13:23:38,68.54°F,42.00%,68°F (Wall),69°F (Ambient2),Cold
2-Apr,13:23:41,68.54°F,42.00%,68°F (Wall),69°F (Ambient2),Cold
2-Apr,13:23:43,68.54°F,42.00%,68°F (Wall),69°F (Ambient2),Cold
2-Apr,13:23:45,68.36°F,41.90%,68°F (Wall),69°F (Ambient2),Cold
2-Apr,13:23:47,68.36°F,41.90%,68°F (Wall),69°F (Ambient2),Cold
2-Apr,13:23:49,68.36°F,41.90%,68°F (Wall),69°F (Ambient2),Cold
2-Apr,13:23:51,68.54°F,41.90%,68°F (Wall),69°F (Ambient2),Cold
2-Apr,13:23:53,68.54°F,42.00%,68°F (Wall),69°F (Ambient2),Cold
2-Apr,13:23:55,68.54°F,41.90%,68°F (Wall),69°F (Ambient2),Cold
2-Apr,13:23:57,68.36°F,41.90%,68°F (Wall),69°F (Ambient2),Cold
2-Apr,13:23:59,68.54°F,42.00%,68°F (Wall),69°F (Ambient2),Cold
2-Apr,13:24:01,68.36°F,41.90%,68°F (Wall),69°F (Ambient2),Cold
2-Apr,13:24:03,68.36°F,41.90%,68°F (Wall),69°F (Ambient2),Cold
2-Apr,13:24:05,68.36°F,41.90%,68°F (Wall),69°F (Ambient2),Cold
2-Apr,13:24:07,68.54°F,42.00%,68°F (Wall),69°F (Ambient2),Cold
2-Apr,13:24:09,68.54°F,42.00%,68°F (Wall),69°F (Ambient2),Cold
2-Apr,13:24:11,68.54°F,42.00%,68°F (Wall),69°F (Ambient2),Cold
2-Apr,13:24:13,68.54°F,42.00%,68°F (Wall),69°F (Ambient2),Cold
2-Apr,13:24:15,68.36°F,41.90%,68°F (Wall),69°F (Ambient2),Cold
2-Apr,13:24:17,68.54°F,42.00%,68°F (Wall),69°F (Ambient2),Cold
2-Apr,13:24:19,68.36°F,41.90%,68°F (Wall),69°F (Ambient2),Cold
2-Apr,13:24:21,68.54°F,41.90%,68°F (Wall),69°F (Ambient2),Cold
2-Apr,13:24:23,68.54°F,41.90%,68°F (Wall),69°F (Ambient2),Cold
2-Apr,13:24:25,68.36°F,41.90%,68°F (Wall),69°F (Ambient2),Cold
2-Apr,13:24:27,68.54°F,42.00%,68°F (Wall),69°F (Ambient2),Cold
2-Apr,13:24:29,68.54°F,42.00%,68°F (Wall),69°F (Ambient2),Cold
2-Apr,13:24:31,68.36°F,41.90%,68°F (Wall),69°F (Ambient2),Cold
2-Apr,13:24:33,68.36°F,41.90%,68°F (Wall),69°F (Ambient2),Cold
2-Apr,13:24:35,68.36°F,41.90%,68°F (Wall),69°F (Ambient2),Cold
2-Apr,13:24:37,68.36°F,41.90%,68°F (Wall),69°F (Ambient2),Cold
2-Apr,13:24:40,68.36°F,41.90%,68°F (Wall),69°F (Ambient2),Cold
2-Apr,13:24:42,68.54°F,41.90%,68°F (Wall),69°F (Ambient2),Cold
2-Apr,13:24:44,68.54°F,41.90%,68°F (Wall),69°F (Ambient2),Cold
2-Apr,13:24:46,68.36°F,41.90%,68°F (Wall),69°F (Ambient2),Cold
2-Apr,13:24:48,68.54°F,41.90%,68°F (Wall),69°F (Ambient2),Cold
2-Apr,13:24:50,68.54°F,41.90%,68°F (Wall),69°F (Ambient2),Cold
2-Apr,13:24:52,68.36°F,41.80%,68°F (Wall),69°F (Ambient2),Cold
2-Apr,13:24:54,68.54°F,41.90%,68°F (Wall),69°F (Ambient2),Cold
2-Apr,13:24:56,68.54°F,41.90%,68°F (Wall),69°F (Ambient2),Cold
2-Apr,13:24:58,68.54°F,41.90%,68°F (Wall),69°F (Ambient2),Cold
2-Apr,13:25:00,68.54°F,41.90%,68°F (Wall),69°F (Ambient2),Cold
2-Apr,13:25:02,68.54°F,41.90%,68°F (Wall),69°F (Ambient2),Cold
2-Apr,13:25:04,68.54°F,41.90%,68°F (Wall),69°F (Ambient2),Cold
2-Apr,13:25:06,68.36°F,41.80%,68°F (Wall),69°F (Ambient2),Cold
2-Apr,13:25:08,68.36°F,41.80%,68°F (Wall),69°F (Ambient2),Cold
2-Apr,13:25:10,68.54°F,41.90%,68°F (Wall),69°F (Ambient2),Cold
2-Apr,13:25:12,68.36°F,41.80%,68°F (Wall),69°F (Ambient2),Cold
2-Apr,13:25:14,68.36°F,41.80%,68°F (Wall),69°F (Ambient2),Cold
2-Apr,13:25:16,68.36°F,41.80%,68°F (Wall),69°F (Ambient2),Cold
2-Apr,13:25:18,68.36°F,41.80%,68°F (Wall),69°F (Ambient2),Cold
2-Apr,13:25:20,68.54°F,41.90%,68°F (Wall),69°F (Ambient2),Cold
2-Apr,13:25:22,68.36°F,41.80%,68°F (Wall),69°F (Ambient2),Cold
2-Apr,13:25:24,68.36°F,41.80%,68°F (Wall),69°F (Ambient2),Cold
2-Apr,13:25:26,68.36°F,41.80%,68°F (Wall),69°F (Ambient2),Cold
2-Apr,13:25:28,68.36°F,41.80%,68°F (Wall),69°F (Ambient2),Cold
2-Apr,13:25:30,68.54°F,41.90%,68°F (Wall),69°F (Ambient2),Cold
2-Apr,13:25:32,68.54°F,41.90%,68°F (Wall),69°F (Ambient2),Cold
2-Apr,13:25:34,68.54°F,41.90%,68°F (Wall),69°F (Ambient2),Cold
2-Apr,13:25:37,68.36°F,41.80%,68°F (Wall),69°F (Ambient2),Cold
2-Apr,13:25:39,68.36°F,41.80%,68°F (Wall),69°F (Ambient2),Cold
2-Apr,13:25:41,68.54°F,41.90%,68°F (Wall),69°F (Ambient2),Cold
2-Apr,13:25:43,68.36°F,41.80%,68°F (Wall),69°F (Ambient2),Cold
2-Apr,13:25:45,68.36°F,41.80%,68°F (Wall),69°F (Ambient2),Cold
2-Apr,13:25:47,68.36°F,41.80%,68°F (Wall),69°F (Ambient2),Cold
2-Apr,13:25:49,68.54°F,41.90%,68°F (Wall),69°F (Ambient2),Cold
2-Apr,13:25:51,68.54°F,41.90%,68°F (Wall),69°F (Ambient2),Cold
2-Apr,13:25:53,68.54°F,41.80%,68°F (Wall),69°F (Ambient2),Cold
2-Apr,13:25:55,68.54°F,41.80%,68°F (Wall),69°F (Ambient2),Cold
2-Apr,13:25:57,68.54°F,41.80%,68°F (Wall),69°F (Ambient2),Cold
2-Apr,13:25:59,68.54°F,41.80%,68°F (Wall),69°F (Ambient2),Cold
2-Apr,13:26:01,68.54°F,41.80%,68°F (Wall),69°F (Ambient2),Cold
2-Apr,13:26:03,68.54°F,41.80%,68°F (Wall),69°F (Ambient2),Cold
2-Apr,13:26:05,68.54°F,41.80%,68°F (Wall),69°F (Ambient2),Cold
2-Apr,13:26:07,68.36°F,41.80%,68°F (Wall),69°F (Ambient2),Cold
2-Apr,13:26:09,68.54°F,41.80%,68°F (Wall),69°F (Ambient2),Cold
2-Apr,13:26:11,68.54°F,41.80%,68°F (Wall),69°F (Ambient2),Cold
2-Apr,13:26:13,68.54°F,41.80%,68°F (Wall),69°F (Ambient2),Cold
2-Apr,13:26:15,68.36°F,41.80%,68°F (Wall),69°F (Ambient2),Cold
2-Apr,13:26:17,68.36°F,41.80%,68°F (Wall),69°F (Ambient2),Cold
2-Apr,13:26:19,68.54°F,41.80%,68°F (Wall),69°F (Ambient2),Cold
2-Apr,13:26:21,68.36°F,41.80%,68°F (Wall),69°F (Ambient2),Cold
2-Apr,13:26:23,68.36°F,41.80%,68°F (Wall),69°F (Ambient2),Cold
2-Apr,13:26:25,68.36°F,41.80%,68°F (Wall),69°F (Ambient2),Cold
2-Apr,13:26:27,68.54°F,41.90%,68°F (Wall),69°F (Ambient2),Cold
2-Apr,13:26:29,68.36°F,41.80%,68°F (Wall),69°F (Ambient2),Cold
2-Apr,13:26:31,68.36°F,41.80%,68°F (Wall),69°F (Ambient2),Cold
2-Apr,13:26:34,68.54°F,41.90%,68°F (Wall),69°F (Ambient2),Cold
2-Apr,13:26:36,68.36°F,41.80%,68°F (Wall),69°F (Ambient2),Cold
2-Apr,13:26:38,68.36°F,41.80%,68°F (Wall),69°F (Ambient2),Cold
2-Apr,13:26:40,68.54°F,41.90%,68°F (Wall),69°F (Ambient2),Cold
2-Apr,13:26:42,68.54°F,41.90%,68°F (Wall),69°F (Ambient2),Cold
2-Apr,13:26:44,68.36°F,41.80%,68°F (Wall),69°F (Ambient2),Cold
2-Apr,13:26:46,68.36°F,41.80%,68°F (Wall),69°F (Ambient2),Cold
2-Apr,13:26:48,68.36°F,41.80%,68°F (Wall),69°F (Ambient2),Cold
2-Apr,13:26:50,68.36°F,41.80%,68°F (Wall),69°F (Ambient2),Cold
2-Apr,13:26:52,68.36°F,41.80%,68°F (Wall),69°F (Ambient2),Cold
2-Apr,13:26:54,68.36°F,41.80%,68°F (Wall),69°F (Ambient2),Cold
2-Apr,13:26:56,68.54°F,41.90%,68°F (Wall),69°F (Ambient2),Cold
2-Apr,13:26:58,68.36°F,41.80%,68°F (Wall),69°F (Ambient2),Cold
2-Apr,13:27:00,68.36°F,41.80%,68°F (Wall),69°F (Ambient2),Cold
2-Apr,13:27:02,68.36°F,41.80%,68°F (Wall),69°F (Ambient2),Cold
2-Apr,13:27:04,68.54°F,41.90%,68°F (Wall),69°F (Ambient2),Cold
2-Apr,13:27:06,68.54°F,41.90%,68°F (Wall),69°F (Ambient2),Cold
2-Apr,13:27:08,68.54°F,41.90%,68°F (Wall),69°F (Ambient2),Cold
2-Apr,13:27:10,68.54°F,41.90%,68°F (Wall),69°F (Ambient2),Cold
2-Apr,13:27:12,68.36°F,41.80%,68°F (Wall),69°F (Ambient2),Cold
2-Apr,13:27:14,68.36°F,41.80%,68°F (Wall),69°F (Ambient2),Cold
2-Apr,13:27:16,68.36°F,41.80%,68°F (Wall),69°F (Ambient2),Cold
2-Apr,13:27:18,68.54°F,41.80%,68°F (Wall),69°F (Ambient2),Cold
2-Apr,13:27:20,68.54°F,41.80%,68°F (Wall),69°F (Ambient2),Cold
2-Apr,13:27:22,68.36°F,41.80%,68°F (Wall),69°F (Ambient2),Cold
2-Apr,13:27:24,68.36°F,41.80%,68°F (Wall),69°F (Ambient2),Cold
2-Apr,13:27:26,68.54°F,41.80%,68°F (Wall),69°F (Ambient2),Cold
2-Apr,13:27:28,68.54°F,41.80%,68°F (Wall),69°F (Ambient2),Cold
2-Apr,13:27:31,68.54°F,41.80%,68°F (Wall),69°F (Ambient2),Cold
2-Apr,13:27:33,68.54°F,41.80%,68°F (Wall),69°F (Ambient2),Cold
2-Apr,13:27:35,68.54°F,41.80%,68°F (Wall),69°F (Ambient2),Cold
2-Apr,13:27:37,68.54°F,41.80%,68°F (Wall),69°F (Ambient2),Cold
2-Apr,13:27:39,68.36°F,41.70%,68°F (Wall),69°F (Ambient2),Cold
2-Apr,13:27:41,68.54°F,41.80%,68°F (Wall),69°F (Ambient2),Cold
2-Apr,13:27:43,68.54°F,41.80%,68°F (Wall),69°F (Ambient2),Cold
2-Apr,13:27:45,68.54°F,41.80%,68°F (Wall),69°F (Ambient2),Cold
2-Apr,13:27:47,68.36°F,41.70%,68°F (Wall),69°F (Ambient2),Cold
2-Apr,13:27:49,68.54°F,41.80%,68°F (Wall),69°F (Ambient2),Cold
2-Apr,13:27:51,68.36°F,41.70%,68°F (Wall),69°F (Ambient2),Cold
2-Apr,13:27:53,68.54°F,41.80%,68°F (Wall),69°F (Ambient2),Cold
2-Apr,13:27:55,68.54°F,41.80%,68°F (Wall),69°F (Ambient2),Cold
2-Apr,13:27:57,68.54°F,41.80%,68°F (Wall),69°F (Ambient2),Cold
2-Apr,13:27:59,68.54°F,41.80%,68°F (Wall),69°F (Ambient2),Cold
2-Apr,13:28:01,68.54°F,41.80%,68°F (Wall),69°F (Ambient2),Cold
2-Apr,13:28:03,68.54°F,41.80%,68°F (Wall),69°F (Ambient2),Cold
2-Apr,13:28:05,68.36°F,41.70%,68°F (Wall),69°F (Ambient2),Cold
2-Apr,13:28:07,68.36°F,41.70%,68°F (Wall),69°F (Ambient2),Cold
2-Apr,13:28:09,68.36°F,41.70%,68°F (Wall),69°F (Ambient2),Cold
2-Apr,13:28:11,68.54°F,41.80%,68°F (Wall),69°F (Ambient2),Cold
2-Apr,13:28:13,68.36°F,41.70%,68°F (Wall),69°F (Ambient2),Cold
2-Apr,13:28:15,68.36°F,41.70%,68°F (Wall),69°F (Ambient2),Cold
2-Apr,13:28:17,68.36°F,41.70%,68°F (Wall),69°F (Ambient2),Cold
2-Apr,13:28:19,68.36°F,41.70%,68°F (Wall),69°F (Ambient2),Cold
2-Apr,13:28:21,68.36°F,41.70%,68°F (Wall),69°F (Ambient2),Cold
2-Apr,13:28:23,68.36°F,41.70%,68°F (Wall),69°F (Ambient2),Cold
2-Apr,13:28:25,68.54°F,41.80%,68°F (Wall),69°F (Ambient2),Cold
2-Apr,13:28:28,68.54°F,41.80%,68°F (Wall),69°F (Ambient2),Cold
2-Apr,13:28:30,68.36°F,41.70%,68°F (Wall),69°F (Ambient2),Cold
2-Apr,13:28:32,68.36°F,41.70%,68°F (Wall),69°F (Ambient2),Cold
2-Apr,13:28:34,68.54°F,41.80%,68°F (Wall),69°F (Ambient2),Cold
2-Apr,13:28:36,68.54°F,41.70%,68°F (Wall),69°F (Ambient2),Cold
2-Apr,13:28:38,68.36°F,41.70%,68°F (Wall),69°F (Ambient2),Cold
2-Apr,13:28:40,68.36°F,41.70%,68°F (Wall),69°F (Ambient2),Cold
2-Apr,13:28:42,68.54°F,41.80%,68°F (Wall),69°F (Ambient2),Cold
2-Apr,13:28:44,68.36°F,41.70%,68°F (Wall),69°F (Ambient2),Cold
2-Apr,13:28:46,68.36°F,41.70%,68°F (Wall),69°F (Ambient2),Cold
2-Apr,13:28:48,68.36°F,41.70%,68°F (Wall),69°F (Ambient2),Cold
2-Apr,13:28:50,68.36°F,41.70%,68°F (Wall),69°F (Ambient2),Cold
2-Apr,13:28:52,68.36°F,41.70%,68°F (Wall),69°F (Ambient2),Cold
2-Apr,13:28:54,68.54°F,41.80%,68°F (Wall),69°F (Ambient2),Cold
2-Apr,13:28:56,68.36°F,41.70%,68°F (Wall),69°F (Ambient2),Cold
2-Apr,13:28:58,68.54°F,41.80%,68°F (Wall),69°F (Ambient2),Cold
2-Apr,13:29:00,68.54°F,41.80%,68°F (Wall),69°F (Ambient2),Cold
2-Apr,13:29:02,68.36°F,41.70%,68°F (Wall),69°F (Ambient2),Cold
2-Apr,13:29:04,68.54°F,41.80%,68°F (Wall),69°F (Ambient2),Cold
2-Apr,13:29:06,68.54°F,41.80%,68°F (Wall),69°F (Ambient2),Cold
2-Apr,13:29:08,68.54°F,41.80%,68°F (Wall),69°F (Ambient2),Cold
2-Apr,13:29:10,68.36°F,41.70%,68°F (Wall),69°F (Ambient2),Cold
2-Apr,13:29:12,68.54°F,41.80%,68°F (Wall),69°F (Ambient2),Cold
2-Apr,13:29:14,68.54°F,41.80%,68°F (Wall),69°F (Ambient2),Cold
2-Apr,13:29:16,68.36°F,41.70%,68°F (Wall),69°F (Ambient2),Cold
2-Apr,13:29:18,68.54°F,41.80%,68°F (Wall),69°F (Ambient2),Cold
2-Apr,13:29:20,68.36°F,41.70%,68°F (Wall),69°F (Ambient2),Cold
2-Apr,13:29:23,68.36°F,41.70%,68°F (Wall),69°F (Ambient2),Cold
2-Apr,13:29:25,68.36°F,41.70%,68°F (Wall),69°F (Ambient2),Cold
2-Apr,13:29:27,68.36°F,41.70%,68°F (Wall),69°F (Ambient2),Cold
2-Apr,13:29:29,68.54°F,41.80%,68°F (Wall),69°F (Ambient2),Cold
2-Apr,13:29:31,68.54°F,41.80%,68°F (Wall),69°F (Ambient2),Cold
2-Apr,13:29:33,68.54°F,41.80%,68°F (Wall),69°F (Ambient2),Cold
2-Apr,13:29:35,68.54°F,41.70%,68°F (Wall),69°F (Ambient2),Cold
2-Apr,13:29:37,68.54°F,41.80%,68°F (Wall),69°F (Ambient2),Cold
2-Apr,13:29:39,68.36°F,41.70%,68°F (Wall),69°F (Ambient2),Cold
2-Apr,13:29:41,68.36°F,41.70%,68°F (Wall),69°F (Ambient2),Cold
2-Apr,13:29:43,68.54°F,41.70%,68°F (Wall),69°F (Ambient2),Cold
2-Apr,13:29:45,68.54°F,41.70%,68°F (Wall),69°F (Ambient2),Cold
2-Apr,13:29:47,68.54°F,41.80%,68°F (Wall),69°F (Ambient2),Cold
2-Apr,13:29:49,68.36°F,41.70%,68°F (Wall),69°F (Ambient2),Cold
2-Apr,13:29:51,68.54°F,41.70%,68°F (Wall),69°F (Ambient2),Cold
2-Apr,13:29:53,68.54°F,41.70%,68°F (Wall),69°F (Ambient2),Cold
2-Apr,13:29:55,68.54°F,41.70%,68°F (Wall),69°F (Ambient2),Cold
2-Apr,13:29:57,68.54°F,41.70%,68°F (Wall),69°F (Ambient2),Cold
2-Apr,13:29:59,68.54°F,41.70%,68°F (Wall),69°F (Ambient2),Cold
2-Apr,13:30:01,68.54°F,41.70%,68°F (Wall),69°F (Ambient2),Cold
2-Apr,13:30:03,68.54°F,41.70%,68°F (Wall),69°F (Ambient2),Cold
2-Apr,13:30:05,68.54°F,41.70%,68°F (Wall),69°F (Ambient2),Cold
2-Apr,13:30:07,68.54°F,41.70%,68°F (Wall),69°F (Ambient2),Cold
2-Apr,13:30:09,68.54°F,41.70%,68°F (Wall),69°F (Ambient2),Cold
2-Apr,13:30:11,68.54°F,41.70%,68°F (Wall),69°F (Ambient2),Cold
2-Apr,13:30:13,68.54°F,41.70%,68°F (Wall),69°F (Ambient2),Cold
2-Apr,13:30:15,68.54°F,41.70%,68°F (Wall),69°F (Ambient2),Cold
2-Apr,13:30:17,68.54°F,41.70%,68°F (Wall),69°F (Ambient2),Cold
2-Apr,13:30:20,68.54°F,41.70%,68°F (Wall),69°F (Ambient2),Cold
2-Apr,13:30:22,68.36°F,41.60%,68°F (Wall),69°F (Ambient2),Cold
2-Apr,13:30:24,68.54°F,41.70%,68°F (Wall),69°F (Ambient2),Cold
2-Apr,13:30:26,68.54°F,41.70%,68°F (Wall),69°F (Ambient2),Cold
2-Apr,13:30:28,68.54°F,41.70%,68°F (Wall),69°F (Ambient2),Cold
2-Apr,13:30:30,68.36°F,41.60%,68°F (Wall),69°F (Ambient2),Cold
2-Apr,13:30:32,68.36°F,41.60%,68°F (Wall),69°F (Ambient2),Cold
2-Apr,13:30:34,68.36°F,41.60%,68°F (Wall),69°F (Ambient2),Cold
2-Apr,13:30:36,68.54°F,41.70%,68°F (Wall),69°F (Ambient2),Cold
2-Apr,13:30:38,68.54°F,41.70%,68°F (Wall),69°F (Ambient2),Cold
2-Apr,13:30:40,68.54°F,41.70%,68°F (Wall),69°F (Ambient2),Cold
2-Apr,13:30:42,68.36°F,41.60%,68°F (Wall),69°F (Ambient2),Cold
2-Apr,13:30:44,68.54°F,41.70%,68°F (Wall),69°F (Ambient2),Cold
2-Apr,13:30:46,68.54°F,41.70%,68°F (Wall),69°F (Ambient2),Cold
2-Apr,13:30:48,68.54°F,41.70%,68°F (Wall),69°F (Ambient2),Cold
2-Apr,13:30:50,68.54°F,41.70%,68°F (Wall),69°F (Ambient2),Cold
2-Apr,13:30:52,68.36°F,41.60%,68°F (Wall),69°F (Ambient2),Cold
2-Apr,13:30:54,68.54°F,41.70%,68°F (Wall),69°F (Ambient2),Cold
2-Apr,13:30:56,68.54°F,41.70%,68°F (Wall),69°F (Ambient2),Cold
2-Apr,13:30:58,68.54°F,41.70%,68°F (Wall),69°F (Ambient2),Cold
2-Apr,13:31:00,68.54°F,41.70%,68°F (Wall),69°F (Ambient2),Cold
2-Apr,13:31:02,68.54°F,41.70%,68°F (Wall),69°F (Ambient2),Cold
2-Apr,13:31:04,68.36°F,41.60%,68°F (Wall),69°F (Ambient2),Cold
2-Apr,13:31:06,68.54°F,41.70%,68°F (Wall),69°F (Ambient2),Cold
2-Apr,13:31:08,68.54°F,41.70%,68°F (Wall),69°F (Ambient2),Cold
2-Apr,13:31:10,68.36°F,41.60%,68°F (Wall),69°F (Ambient2),Cold
2-Apr,13:31:12,68.54°F,41.70%,68°F (Wall),69°F (Ambient2),Cold
2-Apr,13:31:14,68.54°F,41.70%,68°F (Wall),69°F (Ambient2),Cold
2-Apr,13:31:17,68.36°F,41.60%,68°F (Wall),69°F (Ambient2),Cold
2-Apr,13:31:19,68.36°F,41.60%,68°F (Wall),69°F (Ambient2),Cold
2-Apr,13:31:21,68.36°F,41.60%,68°F (Wall),69°F (Ambient2),Cold
2-Apr,13:31:23,68.54°F,41.70%,68°F (Wall),69°F (Ambient2),Cold
2-Apr,13:31:25,68.54°F,41.70%,68°F (Wall),69°F (Ambient2),Cold
2-Apr,13:31:27,68.54°F,41.70%,68°F (Wall),69°F (Ambient2),Cold
2-Apr,13:31:29,68.54°F,41.70%,68°F (Wall),69°F (Ambient2),Cold
2-Apr,13:31:31,68.54°F,41.70%,68°F (Wall),69°F (Ambient2),Cold
2-Apr,13:31:33,68.54°F,41.70%,68°F (Wall),69°F (Ambient2),Cold
2-Apr,13:31:35,68.54°F,41.70%,68°F (Wall),69°F (Ambient2),Cold
2-Apr,13:31:37,68.36°F,41.60%,68°F (Wall),69°F (Ambient2),Cold
2-Apr,13:31:39,68.54°F,41.70%,68°F (Wall),69°F (Ambient2),Cold
2-Apr,13:31:41,68.54°F,41.70%,68°F (Wall),69°F (Ambient2),Cold
2-Apr,13:31:43,68.54°F,41.70%,68°F (Wall),69°F (Ambient2),Cold
2-Apr,13:31:45,68.54°F,41.70%,68°F (Wall),69°F (Ambient2),Cold
2-Apr,13:31:47,68.54°F,41.70%,68°F (Wall),69°F (Ambient2),Cold
2-Apr,13:31:49,68.54°F,41.70%,68°F (Wall),69°F (Ambient2),Cold
2-Apr,13:31:51,68.36°F,41.60%,68°F (Wall),69°F (Ambient2),Cold
2-Apr,13:31:53,68.54°F,41.70%,68°F (Wall),69°F (Ambient2),Cold
2-Apr,13:31:55,68.54°F,41.70%,68°F (Wall),69°F (Ambient2),Cold
2-Apr,13:31:57,68.36°F,41.60%,68°F (Wall),69°F (Ambient2),Cold
2-Apr,13:31:59,68.54°F,41.70%,68°F (Wall),69°F (Ambient2),Cold
2-Apr,13:32:01,68.54°F,41.60%,68°F (Wall),69°F (Ambient2),Cold
2-Apr,13:32:03,68.54°F,41.60%,68°F (Wall),69°F (Ambient2),Cold
2-Apr,13:32:05,68.54°F,41.60%,68°F (Wall),69°F (Ambient2),Cold
2-Apr,13:32:07,68.54°F,41.60%,68°F (Wall),69°F (Ambient2),Cold
2-Apr,13:32:09,68.54°F,41.60%,68°F (Wall),69°F (Ambient2),Cold
2-Apr,13:32:11,68.54°F,41.60%,68°F (Wall),69°F (Ambient2),Cold
2-Apr,13:32:14,68.36°F,41.60%,68°F (Wall),69°F (Ambient2),Cold
2-Apr,13:32:16,68.54°F,41.60%,68°F (Wall),69°F (Ambient2),Cold
2-Apr,13:32:18,68.54°F,41.60%,68°F (Wall),69°F (Ambient2),Cold
2-Apr,13:32:20,68.54°F,41.60%,68°F (Wall),69°F (Ambient2),Cold
2-Apr,13:32:22,68.54°F,41.60%,68°F (Wall),69°F (Ambient2),Cold
2-Apr,13:32:24,68.54°F,41.60%,68°F (Wall),69°F (Ambient2),Cold
2-Apr,13:32:26,68.54°F,41.60%,68°F (Wall),69°F (Ambient2),Cold
2-Apr,13:32:28,68.54°F,41.60%,68°F (Wall),69°F (Ambient2),Cold
2-Apr,13:32:30,68.54°F,41.60%,68°F (Wall),69°F (Ambient2),Cold
2-Apr,13:32:32,68.54°F,41.60%,68°F (Wall),69°F (Ambient2),Cold
2-Apr,13:32:34,68.54°F,41.60%,68°F (Wall),69°F (Ambient2),Cold
2-Apr,13:32:36,68.54°F,41.60%,68°F (Wall),69°F (Ambient2),Cold
2-Apr,13:32:38,68.36°F,41.50%,68°F (Wall),69°F (Ambient2),Cold
2-Apr,13:32:40,68.54°F,41.60%,68°F (Wall),69°F (Ambient2),Cold
2-Apr,13:32:42,68.54°F,41.60%,68°F (Wall),69°F (Ambient2),Cold
2-Apr,13:32:44,68.54°F,41.60%,68°F (Wall),69°F (Ambient2),Cold
2-Apr,13:32:46,68.54°F,41.60%,68°F (Wall),69°F (Ambient2),Cold
2-Apr,13:32:48,68.54°F,41.60%,68°F (Wall),69°F (Ambient2),Cold
2-Apr,13:32:50,68.54°F,41.60%,68°F (Wall),69°F (Ambient2),Cold
2-Apr,13:32:52,68.54°F,41.60%,68°F (Wall),69°F (Ambient2),Cold
2-Apr,13:32:54,68.54°F,41.60%,68°F (Wall),69°F (Ambient2),Cold
2-Apr,13:32:56,68.54°F,41.60%,68°F (Wall),69°F (Ambient2),Cold
2-Apr,13:32:58,68.54°F,41.60%,68°F (Wall),69°F (Ambient2),Cold
2-Apr,13:33:00,68.54°F,41.60%,68°F (Wall),69°F (Ambient2),Cold
2-Apr,13:33:02,68.54°F,41.60%,68°F (Wall),69°F (Ambient2),Cold
2-Apr,13:33:04,68.54°F,41.60%,68°F (Wall),69°F (Ambient2),Cold
2-Apr,13:33:06,68.54°F,41.50%,68°F (Wall),69°F (Ambient2),Cold
2-Apr,13:33:08,68.54°F,41.50%,68°F (Wall),69°F (Ambient2),Cold
2-Apr,13:33:11,68.54°F,41.50%,68°F (Wall),69°F (Ambient2),Cold
2-Apr,13:33:13,68.54°F,41.50%,68°F (Wall),69°F (Ambient2),Cold
2-Apr,13:33:15,68.54°F,41.50%,68°F (Wall),69°F (Ambient2),Cold
2-Apr,13:33:17,68.54°F,41.60%,68°F (Wall),69°F (Ambient2),Cold
2-Apr,13:33:19,68.72°F,41.70%,68°F (Wall),69°F (Ambient2),Cold
2-Apr,13:33:21,68.54°F,41.60%,68°F (Wall),69°F (Ambient2),Cold
2-Apr,13:33:23,68.54°F,41.60%,68°F (Wall),69°F (Ambient2),Cold
2-Apr,13:33:25,68.54°F,41.60%,68°F (Wall),69°F (Ambient2),Cold
2-Apr,13:33:27,68.54°F,41.60%,68°F (Wall),69°F (Ambient2),Cold
2-Apr,13:33:29,68.54°F,41.60%,68°F (Wall),69°F (Ambient2),Cold
2-Apr,13:33:31,68.54°F,41.60%,68°F (Wall),69°F (Ambient2),Cold
2-Apr,13:33:33,68.54°F,41.60%,68°F (Wall),69°F (Ambient2),Cold
2-Apr,13:33:35,68.54°F,41.60%,68°F (Wall),69°F (Ambient2),Cold
2-Apr,13:33:37,68.54°F,41.60%,68°F (Wall),69°F (Ambient2),Cold
2-Apr,13:33:39,68.72°F,41.70%,68°F (Wall),69°F (Ambient2),Cold
2-Apr,13:33:41,68.54°F,41.60%,68°F (Wall),69°F (Ambient2),Cold
2-Apr,13:33:43,68.54°F,41.60%,68°F (Wall),69°F (Ambient2),Cold
2-Apr,13:33:45,68.54°F,41.60%,68°F (Wall),69°F (Ambient2),Cold
2-Apr,13:33:47,68.54°F,41.60%,68°F (Wall),69°F (Ambient2),Cold
2-Apr,13:33:49,68.54°F,41.60%,68°F (Wall),69°F (Ambient2),Cold
2-Apr,13:33:51,68.54°F,41.60%,68°F (Wall),69°F (Ambient2),Cold
2-Apr,13:33:53,68.54°F,41.60%,68°F (Wall),69°F (Ambient2),Cold
2-Apr,13:33:55,68.54°F,41.60%,68°F (Wall),69°F (Ambient2),Cold
2-Apr,13:33:57,68.54°F,41.60%,68°F (Wall),69°F (Ambient2),Cold
2-Apr,13:33:59,68.54°F,41.60%,68°F (Wall),69°F (Ambient2),Cold
2-Apr,13:34:01,68.54°F,41.60%,68°F (Wall),69°F (Ambient2),Cold
2-Apr,13:34:03,68.54°F,41.60%,68°F (Wall),69°F (Ambient2),Cold
2-Apr,13:34:05,68.54°F,41.60%,68°F (Wall),69°F (Ambient2),Cold
2-Apr,13:34:07,68.54°F,41.60%,68°F (Wall),69°F (Ambient2),Cold
2-Apr,13:34:10,68.54°F,41.60%,68°F (Wall),69°F (Ambient2),Cold
2-Apr,13:34:12,68.54°F,41.60%,68°F (Wall),69°F (Ambient2),Cold
2-Apr,13:34:14,68.54°F,41.60%,68°F (Wall),69°F (Ambient2),Cold
2-Apr,13:34:16,68.54°F,41.60%,68°F (Wall),69°F (Ambient2),Cold
2-Apr,13:34:18,68.72°F,41.70%,68°F (Wall),69°F (Ambient2),Cold
2-Apr,13:34:20,68.54°F,41.60%,68°F (Wall),69°F (Ambient2),Cold
2-Apr,13:34:22,68.54°F,41.60%,68°F (Wall),69°F (Ambient2),Cold
2-Apr,13:34:24,68.54°F,41.60%,68°F (Wall),69°F (Ambient2),Cold
2-Apr,13:34:26,68.72°F,41.70%,68°F (Wall),69°F (Ambient2),Cold
2-Apr,13:34:28,68.72°F,41.70%,68°F (Wall),69°F (Ambient2),Cold
2-Apr,13:34:30,68.54°F,41.60%,68°F (Wall),69°F (Ambient2),Cold
2-Apr,13:34:32,68.54°F,41.60%,68°F (Wall),69°F (Ambient2),Cold
2-Apr,13:34:34,68.54°F,41.60%,68°F (Wall),69°F (Ambient2),Cold
2-Apr,13:34:36,68.54°F,41.60%,68°F (Wall),69°F (Ambient2),Cold
2-Apr,13:34:38,68.54°F,41.60%,68°F (Wall),69°F (Ambient2),Cold
2-Apr,13:34:40,68.54°F,41.60%,68°F (Wall),69°F (Ambient2),Cold
2-Apr,13:34:42,68.54°F,41.50%,68°F (Wall),69°F (Ambient2),Cold
2-Apr,13:34:44,68.54°F,41.50%,68°F (Wall),69°F (Ambient2),Cold
2-Apr,13:34:46,68.54°F,41.50%,68°F (Wall),69°F (Ambient2),Cold
2-Apr,13:34:48,68.54°F,41.50%,68°F (Wall),69°F (Ambient2),Cold
2-Apr,13:34:50,68.54°F,41.50%,68°F (Wall),69°F (Ambient2),Cold
2-Apr,13:34:52,68.54°F,41.50%,68°F (Wall),69°F (Ambient2),Cold
2-Apr,13:34:54,68.54°F,41.50%,68°F (Wall),69°F (Ambient2),Cold
2-Apr,13:34:56,68.54°F,41.50%,68°F (Wall),69°F (Ambient2),Cold
2-Apr,13:34:58,68.54°F,41.50%,68°F (Wall),69°F (Ambient2),Cold
2-Apr,13:35:00,68.72°F,41.60%,68°F (Wall),69°F (Ambient2),Cold
2-Apr,13:35:02,68.72°F,41.60%,68°F (Wall),69°F (Ambient2),Cold
2-Apr,13:35:04,68.54°F,41.50%,68°F (Wall),69°F (Ambient2),Cold
2-Apr,13:35:07,68.54°F,41.50%,68°F (Wall),69°F (Ambient2),Cold
2-Apr,13:35:09,68.54°F,41.50%,68°F (Wall),69°F (Ambient2),Cold
2-Apr,13:35:11,68.54°F,41.50%,68°F (Wall),69°F (Ambient2),Cold
2-Apr,13:35:13,68.54°F,41.50%,68°F (Wall),69°F (Ambient2),Cold
2-Apr,13:35:15,68.54°F,41.50%,68°F (Wall),69°F (Ambient2),Cold
2-Apr,13:35:17,68.54°F,41.50%,68°F (Wall),69°F (Ambient2),Cold
2-Apr,13:35:19,68.54°F,41.50%,68°F (Wall),69°F (Ambient2),Cold
2-Apr,13:35:21,68.54°F,41.50%,68°F (Wall),69°F (Ambient2),Cold
2-Apr,13:35:23,68.54°F,41.50%,68°F (Wall),69°F (Ambient2),Cold
2-Apr,13:35:25,68.54°F,41.50%,68°F (Wall),69°F (Ambient2),Cold
2-Apr,13:35:27,68.54°F,41.50%,68°F (Wall),69°F (Ambient2),Cold
2-Apr,13:35:29,68.54°F,41.50%,68°F (Wall),69°F (Ambient2),Cold
2-Apr,13:35:31,68.54°F,41.50%,68°F (Wall),69°F (Ambient2),Cold
2-Apr,13:35:33,68.54°F,41.50%,68°F (Wall),69°F (Ambient2),Cold
2-Apr,13:35:35,68.54°F,41.50%,68°F (Wall),69°F (Ambient2),Cold
2-Apr,13:35:37,68.72°F,41.60%,68°F (Wall),69°F (Ambient2),Cold
2-Apr,13:35:39,68.54°F,41.50%,68°F (Wall),69°F (Ambient2),Cold
2-Apr,13:35:41,68.54°F,41.50%,68°F (Wall),69°F (Ambient2),Cold
2-Apr,13:35:43,68.72°F,41.60%,68°F (Wall),69°F (Ambient2),Cold
2-Apr,13:35:45,68.72°F,41.60%,68°F (Wall),69°F (Ambient2),Cold
2-Apr,13:35:47,68.54°F,41.50%,68°F (Wall),69°F (Ambient2),Cold
2-Apr,13:35:49,68.54°F,41.50%,68°F (Wall),69°F (Ambient2),Cold
2-Apr,13:35:51,68.54°F,41.50%,68°F (Wall),69°F (Ambient2),Cold
2-Apr,13:35:53,68.54°F,41.50%,68°F (Wall),69°F (Ambient2),Cold
2-Apr,13:35:55,68.54°F,41.50%,68°F (Wall),69°F (Ambient2),Cold
2-Apr,13:35:57,68.54°F,41.50%,68°F (Wall),69°F (Ambient2),Cold
2-Apr,13:35:59,68.54°F,41.50%,68°F (Wall),69°F (Ambient2),Cold
2-Apr,13:36:01,68.54°F,41.50%,68°F (Wall),69°F (Ambient2),Cold
2-Apr,13:36:04,68.54°F,41.50%,68°F (Wall),69°F (Ambient2),Cold
2-Apr,13:36:06,68.54°F,41.50%,68°F (Wall),69°F (Ambient2),Cold
2-Apr,13:36:08,68.54°F,41.50%,68°F (Wall),69°F (Ambient2),Cold
2-Apr,13:36:10,68.72°F,41.60%,68°F (Wall),69°F (Ambient2),Cold
2-Apr,13:36:12,68.54°F,41.50%,68°F (Wall),69°F (Ambient2),Cold
2-Apr,13:36:14,68.54°F,41.50%,68°F (Wall),69°F (Ambient2),Cold
2-Apr,13:36:16,68.54°F,41.50%,68°F (Wall),69°F (Ambient2),Cold
2-Apr,13:36:18,68.54°F,41.50%,68°F (Wall),69°F (Ambient2),Cold
2-Apr,13:36:20,68.54°F,41.50%,68°F (Wall),69°F (Ambient2),Cold
2-Apr,13:36:22,68.54°F,41.50%,68°F (Wall),69°F (Ambient2),Cold
2-Apr,13:36:24,68.72°F,41.50%,68°F (Wall),69°F (Ambient2),Cold
2-Apr,13:36:26,68.54°F,41.50%,68°F (Wall),69°F (Ambient2),Cold
2-Apr,13:36:28,68.72°F,41.50%,68°F (Wall),69°F (Ambient2),Cold
2-Apr,13:36:30,68.54°F,41.50%,68°F (Wall),69°F (Ambient2),Cold
2-Apr,13:36:32,68.54°F,41.50%,68°F (Wall),69°F (Ambient2),Cold
2-Apr,13:36:34,68.54°F,41.50%,68°F (Wall),69°F (Ambient2),Cold
2-Apr,13:36:36,68.54°F,41.50%,68°F (Wall),69°F (Ambient2),Cold
2-Apr,13:36:38,68.54°F,41.50%,68°F (Wall),69°F (Ambient2),Cold
2-Apr,13:36:40,68.54°F,41.50%,68°F (Wall),69°F (Ambient2),Cold
2-Apr,13:36:42,68.54°F,41.50%,68°F (Wall),69°F (Ambient2),Cold
2-Apr,13:36:44,68.54°F,41.50%,68°F (Wall),69°F (Ambient2),Cold
2-Apr,13:36:46,68.54°F,41.50%,68°F (Wall),69°F (Ambient2),Cold
2-Apr,13:36:48,68.54°F,41.50%,68°F (Wall),69°F (Ambient2),Cold
2-Apr,13:36:50,68.54°F,41.50%,68°F (Wall),69°F (Ambient2),Cold
2-Apr,13:36:52,68.54°F,41.50%,68°F (Wall),69°F (Ambient2),Cold
2-Apr,13:36:54,68.72°F,41.50%,68°F (Wall),69°F (Ambient2),Cold
2-Apr,13:36:56,68.54°F,41.50%,68°F (Wall),69°F (Ambient2),Cold
2-Apr,13:36:59,68.54°F,41.50%,68°F (Wall),69°F (Ambient2),Cold
2-Apr,13:37:01,68.54°F,41.50%,68°F (Wall),69°F (Ambient2),Cold
2-Apr,13:37:03,68.54°F,41.50%,68°F (Wall),69°F (Ambient2),Cold
2-Apr,13:37:05,68.54°F,41.50%,68°F (Wall),69°F (Ambient2),Cold
2-Apr,13:37:07,68.54°F,41.50%,68°F (Wall),69°F (Ambient2),Cold
2-Apr,13:37:09,68.72°F,41.60%,68°F (Wall),69°F (Ambient2),Cold
2-Apr,13:37:11,68.72°F,41.60%,68°F (Wall),69°F (Ambient2),Cold
2-Apr,13:37:13,68.54°F,41.50%,68°F (Wall),69°F (Ambient2),Cold
2-Apr,13:37:15,68.72°F,41.60%,68°F (Wall),69°F (Ambient2),Cold
2-Apr,13:37:17,68.54°F,41.50%,68°F (Wall),69°F (Ambient2),Cold
2-Apr,13:37:19,68.54°F,41.50%,68°F (Wall),69°F (Ambient2),Cold
2-Apr,13:37:21,68.54°F,41.50%,68°F (Wall),69°F (Ambient2),Cold
2-Apr,13:37:23,68.54°F,41.50%,68°F (Wall),69°F (Ambient2),Cold
2-Apr,13:37:25,68.54°F,41.50%,68°F (Wall),69°F (Ambient2),Cold
2-Apr,13:37:27,68.72°F,41.60%,68°F (Wall),69°F (Ambient2),Cold
2-Apr,13:37:29,68.54°F,41.50%,68°F (Wall),69°F (Ambient2),Cold
2-Apr,13:37:31,68.54°F,41.50%,68°F (Wall),69°F (Ambient2),Cold
2-Apr,13:37:33,68.54°F,41.50%,68°F (Wall),69°F (Ambient2),Cold
2-Apr,13:37:35,68.54°F,41.50%,68°F (Wall),69°F (Ambient2),Cold
2-Apr,13:37:37,68.54°F,41.50%,68°F (Wall),69°F (Ambient2),Cold
2-Apr,13:37:39,68.54°F,41.50%,68°F (Wall),69°F (Ambient2),Cold
2-Apr,13:37:41,68.54°F,41.40%,68°F (Wall),69°F (Ambient2),Cold
2-Apr,13:37:43,68.72°F,41.50%,68°F (Wall),69°F (Ambient2),Cold
2-Apr,13:37:45,68.54°F,41.40%,68°F (Wall),69°F (Ambient2),Cold
2-Apr,13:37:47,68.72°F,41.50%,68°F (Wall),69°F (Ambient2),Cold
2-Apr,13:37:49,68.54°F,41.40%,68°F (Wall),69°F (Ambient2),Cold
2-Apr,13:37:51,68.72°F,41.50%,68°F (Wall),69°F (Ambient2),Cold
2-Apr,13:37:53,68.54°F,41.40%,68°F (Wall),69°F (Ambient2),Cold
2-Apr,13:37:56,68.54°F,41.40%,68°F (Wall),69°F (Ambient2),Cold
2-Apr,13:37:58,68.72°F,41.50%,68°F (Wall),69°F (Ambient2),Cold
2-Apr,13:38:00,68.54°F,41.40%,68°F (Wall),69°F (Ambient2),Cold
2-Apr,13:38:02,68.72°F,41.50%,68°F (Wall),69°F (Ambient2),Cold
2-Apr,13:38:04,68.54°F,41.40%,68°F (Wall),69°F (Ambient2),Cold
2-Apr,13:38:06,68.54°F,41.40%,68°F (Wall),69°F (Ambient2),Cold
2-Apr,13:38:08,68.54°F,41.40%,68°F (Wall),69°F (Ambient2),Cold
2-Apr,13:38:10,68.54°F,41.40%,68°F (Wall),69°F (Ambient2),Cold
2-Apr,13:38:12,68.72°F,41.50%,68°F (Wall),69°F (Ambient2),Cold
2-Apr,13:38:14,68.54°F,41.40%,68°F (Wall),69°F (Ambient2),Cold
2-Apr,13:38:16,68.54°F,41.40%,68°F (Wall),69°F (Ambient2),Cold
2-Apr,13:38:18,68.54°F,41.40%,68°F (Wall),69°F (Ambient2),Cold
2-Apr,13:38:20,68.54°F,41.40%,68°F (Wall),69°F (Ambient2),Cold
2-Apr,13:38:22,68.72°F,41.50%,68°F (Wall),69°F (Ambient2),Cold
2-Apr,13:38:24,68.72°F,41.50%,68°F (Wall),69°F (Ambient2),Cold
2-Apr,13:38:26,68.72°F,41.50%,68°F (Wall),69°F (Ambient2),Cold
2-Apr,13:38:28,68.54°F,41.40%,68°F (Wall),69°F (Ambient2),Cold
2-Apr,13:38:30,68.54°F,41.40%,68°F (Wall),69°F (Ambient2),Cold
2-Apr,13:38:32,68.72°F,41.50%,68°F (Wall),69°F (Ambient2),Cold
2-Apr,13:38:34,68.72°F,41.50%,68°F (Wall),69°F (Ambient2),Cold
2-Apr,13:38:36,68.54°F,41.40%,68°F (Wall),69°F (Ambient2),Cold
2-Apr,13:38:38,68.54°F,41.40%,68°F (Wall),69°F (Ambient2),Cold
2-Apr,13:38:40,68.54°F,41.40%,68°F (Wall),69°F (Ambient2),Comfort
2-Apr,13:38:42,68.54°F,41.40%,68°F (Wall),69°F (Ambient2),Cold
2-Apr,13:38:44,68.54°F,41.30%,68°F (Wall),69°F (Ambient2),Cold
2-Apr,13:38:46,68.54°F,41.30%,68°F (Wall),69°F (Ambient2),Cold
2-Apr,13:38:48,68.54°F,41.40%,68°F (Wall),69°F (Ambient2),Cold
2-Apr,13:38:50,68.72°F,41.40%,68°F (Wall),69°F (Ambient2),Cold
2-Apr,13:38:53,68.54°F,41.30%,68°F (Wall),69°F (Ambient2),Cold
2-Apr,13:38:55,68.54°F,41.30%,68°F (Wall),69°F (Ambient2),Cold
2-Apr,13:38:57,68.54°F,41.30%,68°F (Wall),69°F (Ambient2),Cold
2-Apr,13:38:59,68.54°F,41.30%,68°F (Wall),69°F (Ambient2),Cold
2-Apr,13:39:01,68.72°F,41.40%,68°F (Wall),69°F (Ambient2),Cold
2-Apr,13:39:03,68.54°F,41.30%,68°F (Wall),69°F (Ambient2),Cold
2-Apr,13:39:05,68.54°F,41.30%,68°F (Wall),69°F (Ambient2),Cold
2-Apr,13:39:07,68.54°F,41.30%,68°F (Wall),69°F (Ambient2),Cold
2-Apr,13:39:09,68.72°F,41.40%,68°F (Wall),69°F (Ambient2),Cold
2-Apr,13:39:11,68.72°F,41.40%,68°F (Wall),69°F (Ambient2),Cold
2-Apr,13:39:13,68.54°F,41.30%,68°F (Wall),69°F (Ambient2),Cold
2-Apr,13:39:15,68.54°F,41.30%,68°F (Wall),69°F (Ambient2),Cold
2-Apr,13:39:17,68.54°F,41.30%,68°F (Wall),69°F (Ambient2),Cold
2-Apr,13:39:19,68.72°F,41.40%,68°F (Wall),69°F (Ambient2),Cold
2-Apr,13:39:21,68.72°F,41.40%,68°F (Wall),69°F (Ambient2),Cold
2-Apr,13:39:23,68.72°F,41.30%,68°F (Wall),69°F (Ambient2),Cold
2-Apr,13:39:25,68.54°F,41.30%,68°F (Wall),69°F (Ambient2),Cold
2-Apr,13:39:27,68.72°F,41.30%,68°F (Wall),69°F (Ambient2),Cold
2-Apr,13:39:29,68.54°F,41.30%,68°F (Wall),69°F (Ambient2),Cold
2-Apr,13:39:31,68.54°F,41.30%,68°F (Wall),69°F (Ambient2),Cold
2-Apr,13:39:33,68.54°F,41.20%,68°F (Wall),69°F (Ambient2),Cold
2-Apr,13:39:35,68.54°F,41.10%,68°F (Wall),69°F (Ambient2),Cold
2-Apr,13:39:37,68.72°F,41.00%,68°F (Wall),69°F (Ambient2),Cold
2-Apr,13:39:39,68.54°F,40.70%,68°F (Wall),69°F (Ambient2),Cold
2-Apr,13:39:41,68.54°F,40.50%,68°F (Wall),69°F (Ambient2),Cold
2-Apr,13:39:43,68.54°F,40.40%,68°F (Wall),69°F (Ambient2),Cold
2-Apr,13:39:45,68.54°F,40.20%,68°F (Wall),69°F (Ambient2),Cold
2-Apr,13:39:47,68.72°F,40.10%,68°F (Wall),69°F (Ambient2),Cold
2-Apr,13:39:50,68.54°F,39.90%,68°F (Wall),69°F (Ambient2),Cold
2-Apr,13:39:52,68.54°F,39.70%,68°F (Wall),69°F (Ambient2),Comfort
2-Apr,13:39:54,68.54°F,39.60%,68°F (Wall),69°F (Ambient2),Comfort
2-Apr,13:39:56,68.72°F,39.60%,68°F (Wall),69°F (Ambient2),Comfort
2-Apr,13:39:58,68.72°F,39.40%,68°F (Wall),69°F (Ambient2),Comfort
2-Apr,13:40:00,68.54°F,39.20%,68°F (Wall),69°F (Ambient2),Comfort
2-Apr,13:40:02,68.54°F,39.10%,68°F (Wall),69°F (Ambient2),Comfort
2-Apr,13:40:04,68.72°F,39.10%,68°F (Wall),69°F (Ambient2),Comfort
2-Apr,13:40:06,68.72°F,39.00%,68°F (Wall),69°F (Ambient2),Comfort
2-Apr,13:40:08,68.54°F,38.80%,68°F (Wall),69°F (Ambient2),Comfort
2-Apr,13:40:10,68.54°F,38.70%,68°F (Wall),69°F (Ambient2),Comfort
2-Apr,13:40:12,68.54°F,38.60%,68°F (Wall),69°F (Ambient2),Comfort
2-Apr,13:40:14,68.72°F,38.60%,68°F (Wall),69°F (Ambient2),Comfort
2-Apr,13:40:16,68.72°F,38.60%,68°F (Wall),69°F (Ambient2),Comfort
2-Apr,13:40:18,68.72°F,38.50%,68°F (Wall),69°F (Ambient2),Comfort
2-Apr,13:40:20,68.54°F,38.40%,68°F (Wall),69°F (Ambient2),Comfort
2-Apr,13:40:22,68.72°F,38.50%,68°F (Wall),69°F (Ambient2),Comfort
2-Apr,13:40:24,68.54°F,38.40%,68°F (Wall),69°F (Ambient2),Comfort
2-Apr,13:40:26,68.72°F,38.50%,68°F (Wall),69°F (Ambient2),Comfort
2-Apr,13:40:28,68.72°F,38.40%,68°F (Wall),69°F (Ambient2),Comfort
2-Apr,13:40:30,68.72°F,38.50%,68°F (Wall),69°F (Ambient2),Comfort
2-Apr,13:40:32,68.72°F,38.50%,68°F (Wall),69°F (Ambient2),Comfort
2-Apr,13:40:34,68.72°F,38.50%,68°F (Wall),69°F (Ambient2),Comfort
2-Apr,13:40:36,68.72°F,38.50%,68°F (Wall),69°F (Ambient2),Comfort
2-Apr,13:40:38,68.72°F,38.50%,68°F (Wall),69°F (Ambient2),Comfort
2-Apr,13:40:40,68.72°F,38.60%,68°F (Wall),69°F (Ambient2),Comfort
2-Apr,13:40:43,68.72°F,38.60%,68°F (Wall),69°F (Ambient2),Comfort
2-Apr,13:40:45,68.72°F,38.70%,68°F (Wall),69°F (Ambient2),Comfort
2-Apr,13:40:47,68.54°F,38.60%,68°F (Wall),69°F (Ambient2),Comfort
2-Apr,13:40:49,68.72°F,38.70%,68°F (Wall),69°F (Ambient2),Comfort
2-Apr,13:40:51,68.72°F,38.80%,68°F (Wall),69°F (Ambient2),Comfort
2-Apr,13:40:53,68.72°F,38.80%,68°F (Wall),69°F (Ambient2),Comfort
2-Apr,13:40:55,68.72°F,38.80%,68°F (Wall),69°F (Ambient2),Comfort
2-Apr,13:40:57,68.72°F,38.90%,68°F (Wall),69°F (Ambient2),Comfort
2-Apr,13:40:59,68.72°F,38.90%,68°F (Wall),69°F (Ambient2),Comfort
2-Apr,13:41:01,68.72°F,38.90%,68°F (Wall),69°F (Ambient2),Comfort
2-Apr,13:41:03,68.72°F,39.00%,68°F (Wall),69°F (Ambient2),Comfort
2-Apr,13:41:05,68.72°F,39.00%,68°F (Wall),69°F (Ambient2),Comfort
2-Apr,13:41:07,68.72°F,39.00%,68°F (Wall),69°F (Ambient2),Comfort
2-Apr,13:41:09,68.72°F,39.00%,68°F (Wall),69°F (Ambient2),Comfort
2-Apr,13:41:11,68.72°F,39.00%,68°F (Wall),69°F (Ambient2),Comfort
2-Apr,13:41:13,68.72°F,39.10%,68°F (Wall),69°F (Ambient2),Comfort
2-Apr,13:41:15,68.90°F,39.20%,68°F (Wall),69°F (Ambient2),Comfort
2-Apr,13:41:17,68.72°F,39.10%,68°F (Wall),69°F (Ambient2),Comfort
2-Apr,13:41:19,68.72°F,39.10%,68°F (Wall),69°F (Ambient2),Comfort
2-Apr,13:41:21,68.90°F,39.20%,68°F (Wall),69°F (Ambient2),Comfort
2-Apr,13:41:23,68.72°F,39.10%,68°F (Wall),69°F (Ambient2),Comfort
2-Apr,13:41:25,68.72°F,39.10%,68°F (Wall),70°F (Ambient2),Comfort
2-Apr,13:41:27,68.72°F,39.10%,68°F (Wall),69°F (Ambient2),Comfort
2-Apr,13:41:29,68.72°F,39.10%,68°F (Wall),69°F (Ambient2),Comfort
2-Apr,13:41:31,68.90°F,39.20%,68°F (Wall),70°F (Ambient2),Comfort
2-Apr,13:41:33,68.72°F,39.10%,68°F (Wall),70°F (Ambient2),Comfort
2-Apr,13:41:35,68.90°F,39.20%,68°F (Wall),70°F (Ambient2),Comfort
2-Apr,13:41:38,68.90°F,39.20%,68°F (Wall),70°F (Ambient2),Comfort
2-Apr,13:41:40,68.72°F,39.10%,68°F (Wall),70°F (Ambient2),Comfort
2-Apr,13:41:42,68.90°F,39.10%,68°F (Wall),70°F (Ambient2),Comfort
2-Apr,13:41:44,68.90°F,39.10%,68°F (Wall),70°F (Ambient2),Comfort
2-Apr,13:41:46,68.90°F,39.10%,68°F (Wall),70°F (Ambient2),Comfort
2-Apr,13:41:48,68.90°F,39.10%,68°F (Wall),70°F (Ambient2),Comfort
2-Apr,13:41:50,68.90°F,39.10%,69°F (Wall),70°F (Ambient2),Comfort
2-Apr,13:41:52,68.90°F,39.00%,68°F (Wall),70°F (Ambient2),Comfort
2-Apr,13:41:54,68.90°F,39.00%,68°F (Wall),70°F (Ambient2),Comfort
2-Apr,13:41:56,68.90°F,39.00%,68°F (Wall),70°F (Ambient2),Comfort
2-Apr,13:41:58,68.90°F,39.00%,68°F (Wall),70°F (Ambient2),Comfort
2-Apr,13:42:00,68.90°F,39.00%,68°F (Wall),70°F (Ambient2),Comfort
2-Apr,13:42:02,68.90°F,39.00%,69°F (Wall),70°F (Ambient2),Comfort
2-Apr,13:42:04,68.90°F,39.00%,68°F (Wall),70°F (Ambient2),Comfort
2-Apr,13:42:06,68.90°F,39.00%,69°F (Wall),70°F (Ambient2),Comfort
2-Apr,13:42:08,69.08°F,39.00%,68°F (Wall),70°F (Ambient2),Comfort
2-Apr,13:42:10,69.08°F,39.00%,68°F (Wall),70°F (Ambient2),Comfort
2-Apr,13:42:12,69.08°F,39.00%,68°F (Wall),70°F (Ambient2),Comfort
2-Apr,13:42:14,69.08°F,39.00%,69°F (Wall),70°F (Ambient2),Comfort
2-Apr,13:42:16,68.90°F,38.80%,68°F (Wall),70°F (Ambient2),Comfort
2-Apr,13:42:18,68.90°F,38.80%,68°F (Wall),70°F (Ambient2),Comfort
2-Apr,13:42:20,68.90°F,38.80%,68°F (Wall),70°F (Ambient2),Comfort
2-Apr,13:42:22,69.08°F,38.90%,68°F (Wall),70°F (Ambient2),Comfort
2-Apr,13:42:24,68.90°F,38.80%,68°F (Wall),70°F (Ambient2),Comfort
2-Apr,13:42:26,68.90°F,38.80%,68°F (Wall),70°F (Ambient2),Comfort
2-Apr,13:42:28,69.08°F,39.00%,68°F (Wall),70°F (Ambient2),Comfort
2-Apr,13:42:31,69.08°F,39.00%,68°F (Wall),70°F (Ambient2),Comfort
2-Apr,13:42:33,69.08°F,39.00%,68°F (Wall),70°F (Ambient2),Comfort
2-Apr,13:42:35,68.90°F,38.90%,68°F (Wall),70°F (Ambient2),Comfort
2-Apr,13:42:37,69.08°F,39.10%,69°F (Wall),70°F (Ambient2),Comfort
2-Apr,13:42:39,68.90°F,39.00%,69°F (Wall),70°F (Ambient2),Comfort
2-Apr,13:42:41,68.90°F,39.00%,69°F (Wall),70°F (Ambient2),Comfort
2-Apr,13:42:43,69.08°F,39.00%,68°F (Wall),70°F (Ambient2),Comfort
2-Apr,13:42:45,69.08°F,39.00%,68°F (Wall),70°F (Ambient2),Comfort
2-Apr,13:42:47,69.08°F,38.90%,68°F (Wall),70°F (Ambient2),Comfort
2-Apr,13:42:49,69.08°F,38.90%,69°F (Wall),70°F (Ambient2),Comfort
2-Apr,13:42:51,69.08°F,38.90%,69°F (Wall),70°F (Ambient2),Comfort
2-Apr,13:42:53,69.08°F,38.80%,68°F (Wall),70°F (Ambient2),Comfort
2-Apr,13:42:55,69.08°F,38.80%,69°F (Wall),70°F (Ambient2),Comfort
2-Apr,13:42:57,68.90°F,38.60%,69°F (Wall),70°F (Ambient2),Comfort
2-Apr,13:42:59,68.90°F,38.60%,69°F (Wall),70°F (Ambient2),Comfort
2-Apr,13:43:01,69.08°F,38.70%,69°F (Wall),70°F (Ambient2),Comfort
2-Apr,13:43:03,68.90°F,38.60%,69°F (Wall),70°F (Ambient2),Comfort
2-Apr,13:43:05,68.90°F,38.60%,69°F (Wall),70°F (Ambient2),Comfort
2-Apr,13:43:07,69.08°F,38.70%,69°F (Wall),70°F (Ambient2),Comfort
2-Apr,13:43:09,69.08°F,38.70%,68°F (Wall),70°F (Ambient2),Comfort
2-Apr,13:43:11,69.08°F,38.70%,69°F (Wall),70°F (Ambient2),Comfort
2-Apr,13:43:13,69.08°F,38.70%,69°F (Wall),71°F (Ambient2),Comfort
2-Apr,13:43:15,69.08°F,38.70%,68°F (Wall),70°F (Ambient2),Comfort
2-Apr,13:43:17,69.08°F,38.70%,69°F (Wall),71°F (Ambient2),Comfort
2-Apr,13:43:19,69.08°F,38.70%,69°F (Wall),70°F (Ambient2),Comfort
2-Apr,13:43:21,69.08°F,38.70%,69°F (Wall),71°F (Ambient2),Comfort
2-Apr,13:43:24,69.26°F,38.80%,69°F (Wall),71°F (Ambient2),Comfort
2-Apr,13:43:26,69.08°F,38.70%,69°F (Wall),71°F (Ambient2),Comfort
2-Apr,13:43:28,69.08°F,38.70%,68°F (Wall),71°F (Ambient2),Comfort
2-Apr,13:43:30,69.08°F,38.60%,68°F (Wall),71°F (Ambient2),Comfort
2-Apr,13:43:32,69.26°F,38.70%,68°F (Wall),71°F (Ambient2),Comfort
2-Apr,13:43:34,69.08°F,38.60%,69°F (Wall),71°F (Ambient2),Comfort
2-Apr,13:43:36,69.08°F,38.60%,69°F (Wall),71°F (Ambient2),Comfort
2-Apr,13:43:38,69.08°F,38.50%,69°F (Wall),71°F (Ambient2),Comfort
2-Apr,13:43:40,69.08°F,38.50%,69°F (Wall),71°F (Ambient2),Comfort
2-Apr,13:43:42,69.08°F,38.50%,69°F (Wall),71°F (Ambient2),Comfort
2-Apr,13:43:44,69.26°F,38.60%,69°F (Wall),71°F (Ambient2),Comfort
2-Apr,13:43:46,69.08°F,38.40%,69°F (Wall),71°F (Ambient2),Comfort
2-Apr,13:43:48,69.08°F,38.40%,69°F (Wall),71°F (Ambient2),Comfort
2-Apr,13:43:50,69.08°F,38.40%,69°F (Wall),71°F (Ambient2),Comfort
2-Apr,13:43:52,69.08°F,38.40%,69°F (Wall),71°F (Ambient2),Comfort
2-Apr,13:43:54,69.08°F,38.40%,69°F (Wall),71°F (Ambient2),Comfort
2-Apr,13:43:56,69.08°F,38.40%,69°F (Wall),71°F (Ambient2),Comfort
2-Apr,13:43:58,69.08°F,38.40%,69°F (Wall),71°F (Ambient2),Comfort
2-Apr,13:44:00,69.26°F,38.60%,69°F (Wall),71°F (Ambient2),Comfort
2-Apr,13:44:02,69.26°F,38.50%,69°F (Wall),71°F (Ambient2),Comfort
2-Apr,13:44:04,69.08°F,38.40%,69°F (Wall),71°F (Ambient2),Comfort
2-Apr,13:44:06,69.26°F,38.50%,69°F (Wall),71°F (Ambient2),Comfort
2-Apr,13:44:08,69.08°F,38.40%,69°F (Wall),71°F (Ambient2),Comfort
2-Apr,13:44:10,69.26°F,38.50%,69°F (Wall),71°F (Ambient2),Comfort
2-Apr,13:44:12,69.26°F,38.50%,69°F (Wall),71°F (Ambient2),Comfort
2-Apr,13:44:14,69.26°F,38.50%,69°F (Wall),71°F (Ambient2),Comfort
2-Apr,13:44:17,69.26°F,38.50%,69°F (Wall),71°F (Ambient2),Comfort
2-Apr,13:44:19,69.26°F,38.50%,69°F (Wall),71°F (Ambient2),Comfort
2-Apr,13:44:21,69.26°F,38.50%,69°F (Wall),71°F (Ambient2),Comfort
2-Apr,13:44:23,69.26°F,38.40%,69°F (Wall),71°F (Ambient2),Comfort
2-Apr,13:44:25,69.26°F,38.40%,69°F (Wall),71°F (Ambient2),Comfort
2-Apr,13:44:27,69.26°F,38.30%,69°F (Wall),71°F (Ambient2),Comfort
2-Apr,13:44:29,69.26°F,38.30%,69°F (Wall),71°F (Ambient2),Comfort
2-Apr,13:44:31,69.26°F,38.30%,69°F (Wall),71°F (Ambient2),Comfort
2-Apr,13:44:33,69.26°F,38.30%,69°F (Wall),71°F (Ambient2),Comfort
2-Apr,13:44:35,69.26°F,38.20%,69°F (Wall),71°F (Ambient2),Comfort
2-Apr,13:44:37,69.26°F,38.20%,69°F (Wall),72°F (Ambient2),Comfort
2-Apr,13:44:39,69.26°F,38.20%,69°F (Wall),72°F (Ambient2),Comfort
2-Apr,13:44:41,69.26°F,38.20%,69°F (Wall),72°F (Ambient2),Comfort
2-Apr,13:44:43,69.26°F,38.20%,69°F (Wall),72°F (Ambient2),Comfort
2-Apr,13:44:45,69.26°F,38.20%,69°F (Wall),72°F (Ambient2),Comfort
2-Apr,13:44:47,69.26°F,38.20%,69°F (Wall),72°F (Ambient2),Comfort
2-Apr,13:44:49,69.44°F,38.20%,69°F (Wall),72°F (Ambient2),Comfort
2-Apr,13:44:51,69.44°F,38.20%,69°F (Wall),72°F (Ambient2),Comfort
2-Apr,13:44:53,69.26°F,38.10%,69°F (Wall),72°F (Ambient2),Comfort
2-Apr,13:44:55,69.44°F,38.20%,69°F (Wall),72°F (Ambient2),Comfort
2-Apr,13:44:57,69.44°F,38.10%,69°F (Wall),72°F (Ambient2),Comfort
2-Apr,13:44:59,69.26°F,38.00%,69°F (Wall),72°F (Ambient2),Comfort
2-Apr,13:45:01,69.26°F,37.90%,69°F (Wall),72°F (Ambient2),Comfort
2-Apr,13:45:03,69.44°F,38.00%,69°F (Wall),72°F (Ambient2),Comfort
2-Apr,13:45:05,69.44°F,38.00%,69°F (Wall),72°F (Ambient2),Comfort
2-Apr,13:45:07,69.26°F,37.80%,69°F (Wall),72°F (Ambient2),Comfort
2-Apr,13:45:10,69.44°F,37.90%,69°F (Wall),72°F (Ambient2),Comfort
2-Apr,13:45:12,69.44°F,37.80%,69°F (Wall),72°F (Ambient2),Comfort
2-Apr,13:45:14,69.26°F,37.70%,69°F (Wall),72°F (Ambient2),Comfort
2-Apr,13:45:16,69.44°F,37.80%,69°F (Wall),72°F (Ambient2),Comfort
2-Apr,13:45:18,69.26°F,37.70%,69°F (Wall),72°F (Ambient2),Comfort
2-Apr,13:45:20,69.44°F,37.70%,69°F (Wall),72°F (Ambient2),Comfort
2-Apr,13:45:22,69.44°F,37.70%,69°F (Wall),72°F (Ambient2),Comfort
2-Apr,13:45:24,69.44°F,37.70%,69°F (Wall),72°F (Ambient2),Comfort
2-Apr,13:45:26,69.44°F,37.60%,69°F (Wall),72°F (Ambient2),Comfort
2-Apr,13:45:28,69.44°F,37.60%,69°F (Wall),72°F (Ambient2),Comfort
2-Apr,13:45:30,69.44°F,37.50%,69°F (Wall),72°F (Ambient2),Comfort
2-Apr,13:45:32,69.44°F,37.50%,69°F (Wall),73°F (Ambient2),Comfort
2-Apr,13:45:34,69.44°F,37.40%,69°F (Wall),72°F (Ambient2),Comfort
2-Apr,13:45:36,69.44°F,37.40%,69°F (Wall),73°F (Ambient2),Comfort
2-Apr,13:45:38,69.44°F,37.30%,69°F (Wall),73°F (Ambient2),Comfort
2-Apr,13:45:40,69.44°F,37.30%,69°F (Wall),73°F (Ambient2),Comfort
2-Apr,13:45:42,69.44°F,37.30%,69°F (Wall),73°F (Ambient2),Comfort
2-Apr,13:45:44,69.44°F,37.30%,69°F (Wall),73°F (Ambient2),Comfort
2-Apr,13:45:46,69.44°F,37.30%,69°F (Wall),73°F (Ambient2),Comfort
2-Apr,13:45:48,69.44°F,37.30%,69°F (Wall),73°F (Ambient2),Comfort
2-Apr,13:45:50,69.62°F,37.40%,69°F (Wall),73°F (Ambient2),Comfort
2-Apr,13:45:52,69.62°F,37.40%,69°F (Wall),73°F (Ambient2),Comfort
2-Apr,13:45:54,69.62°F,37.30%,69°F (Wall),73°F (Ambient2),Comfort
2-Apr,13:45:56,69.62°F,37.30%,69°F (Wall),73°F (Ambient2),Comfort
2-Apr,13:45:58,69.62°F,37.20%,69°F (Wall),73°F (Ambient2),Comfort
2-Apr,13:46:00,69.62°F,37.10%,69°F (Wall),73°F (Ambient2),Comfort
2-Apr,13:46:03,69.62°F,37.10%,69°F (Wall),73°F (Ambient2),Comfort
2-Apr,13:46:05,69.62°F,37.00%,69°F (Wall),73°F (Ambient2),Comfort
2-Apr,13:46:07,69.62°F,37.00%,69°F (Wall),73°F (Ambient2),Comfort
2-Apr,13:46:09,69.62°F,37.00%,69°F (Wall),73°F (Ambient2),Comfort
2-Apr,13:46:11,69.80°F,37.00%,69°F (Wall),73°F (Ambient2),Comfort
2-Apr,13:46:13,69.80°F,37.00%,69°F (Wall),73°F (Ambient2),Comfort
2-Apr,13:46:15,69.80°F,36.90%,69°F (Wall),73°F (Ambient2),Comfort
2-Apr,13:46:17,69.80°F,36.90%,69°F (Wall),73°F (Ambient2),Comfort
2-Apr,13:46:19,69.80°F,36.90%,69°F (Wall),73°F (Ambient2),Comfort
2-Apr,13:46:21,69.80°F,36.80%,69°F (Wall),73°F (Ambient2),Comfort
2-Apr,13:46:23,69.80°F,36.80%,69°F (Wall),73°F (Ambient2),Comfort
2-Apr,13:46:25,69.80°F,36.70%,69°F (Wall),73°F (Ambient2),Comfort
2-Apr,13:46:27,69.80°F,36.70%,69°F (Wall),73°F (Ambient2),Comfort
2-Apr,13:46:29,69.80°F,36.60%,69°F (Wall),73°F (Ambient2),Comfort
2-Apr,13:46:31,69.80°F,36.60%,69°F (Wall),73°F (Ambient2),Comfort
2-Apr,13:46:33,69.98°F,36.60%,69°F (Wall),73°F (Ambient2),Comfort
2-Apr,13:46:35,69.98°F,36.60%,69°F (Wall),73°F (Ambient2),Comfort
2-Apr,13:46:37,69.98°F,36.50%,69°F (Wall),73°F (Ambient2),Comfort
2-Apr,13:46:39,69.98°F,36.50%,69°F (Wall),73°F (Ambient2),Comfort
2-Apr,13:46:41,70.16°F,36.50%,69°F (Wall),73°F (Ambient2),Comfort
2-Apr,13:46:43,69.98°F,36.40%,69°F (Wall),73°F (Ambient2),Comfort
2-Apr,13:46:45,70.16°F,36.50%,69°F (Wall),73°F (Ambient2),Comfort
2-Apr,13:46:47,70.16°F,36.40%,69°F (Wall),73°F (Ambient2),Comfort
2-Apr,13:46:49,70.16°F,36.40%,69°F (Wall),73°F (Ambient2),Comfort
2-Apr,13:46:51,70.16°F,36.40%,69°F (Wall),73°F (Ambient2),Comfort
2-Apr,13:46:53,70.16°F,36.30%,69°F (Wall),73°F (Ambient2),Comfort
2-Apr,13:46:56,70.16°F,36.30%,69°F (Wall),73°F (Ambient2),Comfort
2-Apr,13:46:58,70.16°F,36.30%,69°F (Wall),73°F (Ambient2),Comfort
2-Apr,13:47:00,70.34°F,36.30%,69°F (Wall),73°F (Ambient2),Comfort
2-Apr,13:47:02,70.34°F,36.30%,69°F (Wall),73°F (Ambient2),Comfort
2-Apr,13:47:04,70.34°F,36.30%,69°F (Wall),73°F (Ambient2),Comfort
2-Apr,13:47:06,70.34°F,36.30%,69°F (Wall),73°F (Ambient2),Comfort
2-Apr,13:47:08,70.34°F,36.30%,69°F (Wall),73°F (Ambient2),Comfort
2-Apr,13:47:10,70.34°F,36.30%,69°F (Wall),73°F (Ambient2),Comfort
2-Apr,13:47:12,70.34°F,36.30%,69°F (Wall),73°F (Ambient2),Comfort
2-Apr,13:47:14,70.34°F,36.20%,69°F (Wall),73°F (Ambient2),Comfort
2-Apr,13:47:16,70.34°F,36.20%,69°F (Wall),73°F (Ambient2),Comfort
2-Apr,13:47:18,70.34°F,36.20%,69°F (Wall),74°F (Ambient2),Comfort
2-Apr,13:47:20,70.34°F,36.20%,69°F (Wall),74°F (Ambient2),Comfort
2-Apr,13:47:22,70.34°F,36.20%,69°F (Wall),73°F (Ambient2),Comfort
2-Apr,13:47:24,70.34°F,36.20%,69°F (Wall),74°F (Ambient2),Comfort
2-Apr,13:47:26,70.34°F,36.10%,69°F (Wall),73°F (Ambient2),Comfort
2-Apr,13:47:28,70.34°F,36.10%,69°F (Wall),74°F (Ambient2),Comfort
2-Apr,13:47:30,70.34°F,36.10%,69°F (Wall),74°F (Ambient2),Comfort
2-Apr,13:47:32,70.34°F,36.10%,69°F (Wall),74°F (Ambient2),Comfort
2-Apr,13:47:34,70.34°F,36.10%,69°F (Wall),73°F (Ambient2),Comfort
2-Apr,13:47:36,70.34°F,36.10%,69°F (Wall),74°F (Ambient2),Comfort
2-Apr,13:47:38,70.34°F,36.00%,69°F (Wall),73°F (Ambient2),Comfort
2-Apr,13:47:40,70.34°F,36.00%,69°F (Wall),73°F (Ambient2),Comfort
2-Apr,13:47:42,70.34°F,36.00%,69°F (Wall),74°F (Ambient2),Comfort
2-Apr,13:47:44,70.34°F,36.00%,69°F (Wall),74°F (Ambient2),Comfort
2-Apr,13:47:46,70.52°F,36.10%,69°F (Wall),74°F (Ambient2),Comfort
2-Apr,13:47:49,70.34°F,36.00%,69°F (Wall),74°F (Ambient2),Comfort
2-Apr,13:47:51,70.52°F,36.10%,69°F (Wall),73°F (Ambient2),Comfort
2-Apr,13:47:53,70.34°F,36.00%,69°F (Wall),73°F (Ambient2),Comfort
2-Apr,13:47:55,70.34°F,36.00%,69°F (Wall),73°F (Ambient2),Comfort
2-Apr,13:47:57,70.34°F,35.90%,69°F (Wall),73°F (Ambient2),Comfort
2-Apr,13:47:59,70.34°F,35.90%,69°F (Wall),73°F (Ambient2),Comfort
2-Apr,13:48:01,70.34°F,35.90%,69°F (Wall),73°F (Ambient2),Comfort
2-Apr,13:48:03,70.34°F,35.90%,69°F (Wall),73°F (Ambient2),Comfort
2-Apr,13:48:05,70.34°F,35.90%,69°F (Wall),73°F (Ambient2),Comfort
2-Apr,13:48:07,70.34°F,35.90%,69°F (Wall),73°F (Ambient2),Comfort
2-Apr,13:48:09,70.34°F,35.90%,69°F (Wall),73°F (Ambient2),Comfort
2-Apr,13:48:11,70.34°F,35.90%,69°F (Wall),73°F (Ambient2),Comfort
2-Apr,13:48:13,70.34°F,35.90%,69°F (Wall),73°F (Ambient2),Comfort
2-Apr,13:48:15,70.34°F,35.80%,69°F (Wall),73°F (Ambient2),Comfort
2-Apr,13:48:17,70.34°F,35.80%,69°F (Wall),73°F (Ambient2),Comfort
2-Apr,13:48:19,70.34°F,35.80%,69°F (Wall),73°F (Ambient2),Comfort
2-Apr,13:48:21,70.34°F,35.70%,69°F (Wall),73°F (Ambient2),Comfort
2-Apr,13:48:23,70.34°F,35.70%,69°F (Wall),73°F (Ambient2),Comfort
2-Apr,13:48:25,70.34°F,35.70%,69°F (Wall),73°F (Ambient2),Comfort
2-Apr,13:48:27,70.34°F,35.70%,69°F (Wall),73°F (Ambient2),Comfort
2-Apr,13:48:29,70.34°F,35.60%,69°F (Wall),73°F (Ambient2),Comfort
2-Apr,13:48:31,70.34°F,35.60%,69°F (Wall),73°F (Ambient2),Comfort
2-Apr,13:48:33,70.34°F,35.60%,69°F (Wall),73°F (Ambient2),Comfort
2-Apr,13:48:35,70.34°F,35.60%,69°F (Wall),73°F (Ambient2),Comfort
2-Apr,13:48:37,70.34°F,35.60%,69°F (Wall),73°F (Ambient2),Comfort
2-Apr,13:48:39,70.34°F,35.60%,69°F (Wall),73°F (Ambient2),Comfort
2-Apr,13:48:41,70.34°F,35.60%,69°F (Wall),73°F (Ambient2),Comfort
2-Apr,13:48:44,70.34°F,35.50%,69°F (Wall),73°F (Ambient2),Comfort
2-Apr,13:48:46,70.34°F,35.50%,69°F (Wall),73°F (Ambient2),Comfort
2-Apr,13:48:48,70.34°F,35.50%,69°F (Wall),73°F (Ambient2),Comfort
2-Apr,13:48:50,70.34°F,35.50%,69°F (Wall),73°F (Ambient2),Comfort
2-Apr,13:48:52,70.34°F,35.50%,69°F (Wall),73°F (Ambient2),Comfort
2-Apr,13:48:54,70.34°F,35.50%,69°F (Wall),73°F (Ambient2),Comfort
2-Apr,13:48:56,70.34°F,35.40%,69°F (Wall),73°F (Ambient2),Comfort
2-Apr,13:48:58,70.34°F,35.40%,69°F (Wall),73°F (Ambient2),Comfort
2-Apr,13:49:00,70.34°F,35.40%,69°F (Wall),73°F (Ambient2),Comfort
2-Apr,13:49:02,70.34°F,35.40%,69°F (Wall),73°F (Ambient2),Comfort
2-Apr,13:49:04,70.34°F,35.40%,69°F (Wall),73°F (Ambient2),Comfort
2-Apr,13:49:06,70.34°F,35.40%,69°F (Wall),73°F (Ambient2),Comfort
2-Apr,13:49:08,70.34°F,35.40%,69°F (Wall),73°F (Ambient2),Comfort
2-Apr,13:49:10,70.34°F,35.40%,69°F (Wall),73°F (Ambient2),Comfort
2-Apr,13:49:12,70.34°F,35.30%,69°F (Wall),73°F (Ambient2),Comfort
2-Apr,13:49:14,70.34°F,35.30%,69°F (Wall),73°F (Ambient2),Comfort
2-Apr,13:49:16,70.34°F,35.30%,69°F (Wall),73°F (Ambient2),Comfort
2-Apr,13:49:18,70.34°F,35.30%,69°F (Wall),73°F (Ambient2),Comfort
2-Apr,13:49:20,70.34°F,35.30%,69°F (Wall),73°F (Ambient2),Comfort
2-Apr,13:49:22,70.34°F,35.30%,69°F (Wall),73°F (Ambient2),Comfort
2-Apr,13:49:24,70.34°F,35.30%,69°F (Wall),73°F (Ambient2),Comfort
2-Apr,13:49:26,70.34°F,35.30%,69°F (Wall),73°F (Ambient2),Comfort
2-Apr,13:49:28,70.34°F,35.20%,69°F (Wall),73°F (Ambient2),Comfort
2-Apr,13:49:30,70.34°F,35.20%,69°F (Wall),73°F (Ambient2),Comfort
2-Apr,13:49:32,70.34°F,35.20%,69°F (Wall),73°F (Ambient2),Comfort
2-Apr,13:49:34,70.34°F,35.20%,69°F (Wall),73°F (Ambient2),Comfort
2-Apr,13:49:37,70.34°F,35.20%,69°F (Wall),73°F (Ambient2),Comfort
2-Apr,13:49:39,70.34°F,35.20%,69°F (Wall),73°F (Ambient2),Comfort
2-Apr,13:49:41,70.16°F,35.10%,69°F (Wall),73°F (Ambient2),Comfort
2-Apr,13:49:43,70.16°F,35.10%,69°F (Wall),73°F (Ambient2),Comfort
2-Apr,13:49:45,70.16°F,35.10%,69°F (Wall),73°F (Ambient2),Comfort
2-Apr,13:49:47,70.34°F,35.20%,69°F (Wall),73°F (Ambient2),Comfort
2-Apr,13:49:49,70.34°F,35.20%,69°F (Wall),73°F (Ambient2),Comfort
2-Apr,13:49:51,70.34°F,35.20%,69°F (Wall),73°F (Ambient2),Comfort
2-Apr,13:49:53,70.34°F,35.20%,69°F (Wall),73°F (Ambient2),Comfort
2-Apr,13:49:55,70.34°F,35.20%,69°F (Wall),73°F (Ambient2),Comfort
2-Apr,13:49:57,70.34°F,35.20%,69°F (Wall),73°F (Ambient2),Comfort
2-Apr,13:49:59,70.34°F,35.20%,69°F (Wall),73°F (Ambient2),Comfort
2-Apr,13:50:01,70.34°F,35.10%,69°F (Wall),73°F (Ambient2),Comfort
2-Apr,13:50:03,70.16°F,35.10%,69°F (Wall),73°F (Ambient2),Comfort
2-Apr,13:50:05,70.34°F,35.10%,69°F (Wall),73°F (Ambient2),Comfort
2-Apr,13:50:07,70.16°F,35.10%,69°F (Wall),73°F (Ambient2),Comfort
2-Apr,13:50:09,70.34°F,35.10%,69°F (Wall),73°F (Ambient2),Comfort
2-Apr,13:50:11,70.34°F,35.10%,69°F (Wall),73°F (Ambient2),Comfort
2-Apr,13:50:13,70.16°F,35.10%,69°F (Wall),73°F (Ambient2),Comfort
2-Apr,13:50:15,70.16°F,35.00%,69°F (Wall),73°F (Ambient2),Comfort
2-Apr,13:50:17,70.16°F,35.00%,69°F (Wall),73°F (Ambient2),Comfort
2-Apr,13:50:19,70.34°F,35.10%,69°F (Wall),73°F (Ambient2),Comfort
2-Apr,13:50:21,70.34°F,35.10%,69°F (Wall),73°F (Ambient2),Comfort
2-Apr,13:50:23,70.16°F,35.00%,69°F (Wall),73°F (Ambient2),Comfort
2-Apr,13:50:25,70.16°F,35.00%,69°F (Wall),73°F (Ambient2),Comfort
2-Apr,13:50:27,70.16°F,35.00%,69°F (Wall),73°F (Ambient2),Comfort
2-Apr,13:50:30,70.16°F,35.00%,69°F (Wall),73°F (Ambient2),Comfort
2-Apr,13:50:32,70.16°F,35.00%,69°F (Wall),73°F (Ambient2),Comfort
2-Apr,13:50:34,70.34°F,35.10%,69°F (Wall),73°F (Ambient2),Comfort
2-Apr,13:50:36,70.16°F,35.00%,69°F (Wall),73°F (Ambient2),Comfort
2-Apr,13:50:38,70.16°F,35.00%,69°F (Wall),73°F (Ambient2),Comfort
2-Apr,13:50:40,70.16°F,35.00%,69°F (Wall),73°F (Ambient2),Comfort
2-Apr,13:50:42,70.34°F,35.10%,69°F (Wall),73°F (Ambient2),Comfort
2-Apr,13:50:44,70.16°F,35.00%,69°F (Wall),73°F (Ambient2),Comfort
2-Apr,13:50:46,70.34°F,35.10%,69°F (Wall),73°F (Ambient2),Comfort
2-Apr,13:50:48,70.16°F,35.00%,69°F (Wall),73°F (Ambient2),Comfort
2-Apr,13:50:50,70.16°F,35.00%,69°F (Wall),73°F (Ambient2),Comfort
2-Apr,13:50:52,70.16°F,35.00%,69°F (Wall),73°F (Ambient2),Comfort
2-Apr,13:50:54,70.16°F,35.00%,69°F (Wall),73°F (Ambient2),Comfort
2-Apr,13:50:56,70.16°F,35.00%,69°F (Wall),73°F (Ambient2),Comfort
2-Apr,13:50:58,70.16°F,35.00%,69°F (Wall),73°F (Ambient2),Comfort
2-Apr,13:51:00,70.16°F,35.00%,69°F (Wall),72°F (Ambient2),Comfort
2-Apr,13:51:02,70.16°F,35.00%,69°F (Wall),72°F (Ambient2),Comfort
2-Apr,13:51:04,70.34°F,35.10%,69°F (Wall),72°F (Ambient2),Comfort
2-Apr,13:51:06,70.16°F,35.00%,69°F (Wall),72°F (Ambient2),Comfort
2-Apr,13:51:08,70.34°F,35.10%,69°F (Wall),72°F (Ambient2),Comfort
2-Apr,13:51:10,70.16°F,35.00%,69°F (Wall),72°F (Ambient2),Comfort
2-Apr,13:51:12,70.16°F,35.00%,69°F (Wall),72°F (Ambient2),Comfort
2-Apr,13:51:14,70.16°F,35.00%,69°F (Wall),72°F (Ambient2),Comfort
2-Apr,13:51:16,70.16°F,35.00%,69°F (Wall),72°F (Ambient2),Comfort
2-Apr,13:51:18,70.16°F,35.00%,69°F (Wall),72°F (Ambient2),Comfort
2-Apr,13:51:20,70.16°F,35.00%,69°F (Wall),72°F (Ambient2),Comfort
2-Apr,13:51:23,70.16°F,35.00%,69°F (Wall),72°F (Ambient2),Comfort
2-Apr,13:51:25,70.16°F,35.00%,69°F (Wall),72°F (Ambient2),Comfort
2-Apr,13:51:27,70.16°F,35.00%,69°F (Wall),72°F (Ambient2),Comfort
2-Apr,13:51:29,70.16°F,35.00%,69°F (Wall),72°F (Ambient2),Comfort
2-Apr,13:51:31,70.16°F,35.00%,69°F (Wall),72°F (Ambient2),Comfort
2-Apr,13:51:33,70.16°F,35.00%,69°F (Wall),72°F (Ambient2),Comfort
2-Apr,13:51:35,70.16°F,35.00%,69°F (Wall),72°F (Ambient2),Comfort
2-Apr,13:51:37,70.16°F,35.00%,69°F (Wall),72°F (Ambient2),Comfort
2-Apr,13:51:39,70.16°F,35.00%,69°F (Wall),72°F (Ambient2),Comfort
2-Apr,13:51:41,70.16°F,35.00%,69°F (Wall),72°F (Ambient2),Comfort
2-Apr,13:51:43,70.16°F,35.00%,69°F (Wall),72°F (Ambient2),Comfort
2-Apr,13:51:45,70.16°F,35.00%,69°F (Wall),72°F (Ambient2),Comfort
2-Apr,13:51:47,70.16°F,35.00%,69°F (Wall),72°F (Ambient2),Comfort
2-Apr,13:51:49,70.16°F,35.10%,69°F (Wall),72°F (Ambient2),Comfort
2-Apr,13:51:51,70.16°F,35.10%,69°F (Wall),72°F (Ambient2),Comfort
2-Apr,13:51:53,70.16°F,35.10%,69°F (Wall),72°F (Ambient2),Comfort
2-Apr,13:51:55,70.16°F,35.10%,69°F (Wall),72°F (Ambient2),Comfort
2-Apr,13:51:57,70.16°F,35.10%,69°F (Wall),72°F (Ambient2),Comfort
2-Apr,13:51:59,70.16°F,35.10%,69°F (Wall),72°F (Ambient2),Comfort
2-Apr,13:52:01,70.16°F,35.10%,69°F (Wall),72°F (Ambient2),Comfort
2-Apr,13:52:03,70.16°F,35.10%,69°F (Wall),72°F (Ambient2),Comfort
2-Apr,13:52:05,70.16°F,35.10%,69°F (Wall),72°F (Ambient2),Comfort
2-Apr,13:52:07,70.16°F,35.10%,69°F (Wall),72°F (Ambient2),Comfort
2-Apr,13:52:09,70.16°F,35.10%,69°F (Wall),72°F (Ambient2),Comfort
2-Apr,13:52:11,70.16°F,35.10%,69°F (Wall),72°F (Ambient2),Comfort
2-Apr,13:52:13,70.16°F,35.10%,69°F (Wall),72°F (Ambient2),Comfort
2-Apr,13:52:16,70.16°F,35.10%,69°F (Wall),72°F (Ambient2),Comfort
2-Apr,13:52:18,70.16°F,35.10%,69°F (Wall),72°F (Ambient2),Comfort
2-Apr,13:52:20,70.16°F,35.10%,69°F (Wall),72°F (Ambient2),Comfort
2-Apr,13:52:22,70.16°F,35.10%,69°F (Wall),72°F (Ambient2),Comfort
2-Apr,13:52:24,70.16°F,35.10%,69°F (Wall),72°F (Ambient2),Comfort
2-Apr,13:52:26,70.16°F,35.10%,69°F (Wall),72°F (Ambient2),Comfort
2-Apr,13:52:28,70.16°F,35.10%,69°F (Wall),72°F (Ambient2),Comfort
2-Apr,13:52:30,70.16°F,35.10%,69°F (Wall),72°F (Ambient2),Comfort
2-Apr,13:52:32,70.16°F,35.10%,69°F (Wall),72°F (Ambient2),Comfort
2-Apr,13:52:34,70.16°F,35.10%,69°F (Wall),72°F (Ambient2),Comfort
2-Apr,13:52:36,70.16°F,35.10%,69°F (Wall),72°F (Ambient2),Comfort
2-Apr,13:52:38,70.16°F,35.10%,69°F (Wall),72°F (Ambient2),Comfort
2-Apr,13:52:40,70.16°F,35.10%,69°F (Wall),72°F (Ambient2),Comfort
2-Apr,13:52:42,70.16°F,35.20%,69°F (Wall),72°F (Ambient2),Comfort
2-Apr,13:52:44,70.16°F,35.10%,69°F (Wall),72°F (Ambient2),Comfort
2-Apr,13:52:46,70.16°F,35.10%,69°F (Wall),72°F (Ambient2),Comfort
2-Apr,13:52:48,70.16°F,35.10%,69°F (Wall),72°F (Ambient2),Comfort
2-Apr,13:52:50,69.98°F,35.00%,69°F (Wall),72°F (Ambient2),Comfort
2-Apr,13:52:52,69.98°F,35.00%,69°F (Wall),72°F (Ambient2),Comfort
2-Apr,13:52:54,70.16°F,35.10%,69°F (Wall),72°F (Ambient2),Comfort
2-Apr,13:52:56,70.16°F,35.20%,69°F (Wall),72°F (Ambient2),Comfort
2-Apr,13:52:58,70.16°F,35.10%,69°F (Wall),72°F (Ambient2),Comfort
2-Apr,13:53:00,70.16°F,35.10%,69°F (Wall),72°F (Ambient2),Comfort
2-Apr,13:53:02,69.98°F,35.00%,69°F (Wall),72°F (Ambient2),Comfort
2-Apr,13:53:04,70.16°F,35.10%,69°F (Wall),72°F (Ambient2),Comfort
2-Apr,13:53:06,70.16°F,35.10%,69°F (Wall),72°F (Ambient2),Comfort
2-Apr,13:53:09,70.16°F,35.10%,69°F (Wall),72°F (Ambient2),Comfort
2-Apr,13:53:11,70.16°F,35.10%,69°F (Wall),72°F (Ambient2),Comfort
2-Apr,13:53:13,70.16°F,35.10%,69°F (Wall),72°F (Ambient2),Comfort
2-Apr,13:53:15,70.16°F,35.10%,69°F (Wall),72°F (Ambient2),Comfort
2-Apr,13:53:17,70.16°F,35.10%,69°F (Wall),72°F (Ambient2),Comfort
2-Apr,13:53:19,70.16°F,35.10%,69°F (Wall),72°F (Ambient2),Comfort
2-Apr,13:53:21,70.16°F,35.10%,69°F (Wall),72°F (Ambient2),Comfort
2-Apr,13:53:23,70.16°F,35.10%,69°F (Wall),72°F (Ambient2),Comfort
2-Apr,13:53:25,70.16°F,35.10%,69°F (Wall),72°F (Ambient2),Comfort
2-Apr,13:53:27,69.98°F,35.00%,69°F (Wall),72°F (Ambient2),Comfort
2-Apr,13:53:29,70.16°F,35.10%,69°F (Wall),72°F (Ambient2),Comfort
2-Apr,13:53:31,70.16°F,35.10%,69°F (Wall),72°F (Ambient2),Comfort
2-Apr,13:53:33,70.16°F,35.10%,69°F (Wall),72°F (Ambient2),Comfort
2-Apr,13:53:35,70.16°F,35.10%,69°F (Wall),72°F (Ambient2),Comfort
2-Apr,13:53:37,70.16°F,35.10%,69°F (Wall),72°F (Ambient2),Comfort
2-Apr,13:53:39,70.16°F,35.10%,69°F (Wall),72°F (Ambient2),Comfort
2-Apr,13:53:41,70.16°F,35.10%,69°F (Wall),72°F (Ambient2),Comfort
2-Apr,13:53:43,70.16°F,35.10%,69°F (Wall),72°F (Ambient2),Comfort
2-Apr,13:53:45,70.16°F,35.10%,69°F (Wall),72°F (Ambient2),Comfort
2-Apr,13:53:47,70.16°F,35.10%,69°F (Wall),72°F (Ambient2),Comfort
2-Apr,13:53:49,70.16°F,35.10%,69°F (Wall),72°F (Ambient2),Comfort
2-Apr,13:53:51,70.16°F,35.10%,69°F (Wall),72°F (Ambient2),Comfort
2-Apr,13:53:53,70.16°F,35.00%,69°F (Wall),72°F (Ambient2),Comfort
2-Apr,13:53:55,70.16°F,35.00%,69°F (Wall),72°F (Ambient2),Comfort
2-Apr,13:53:57,70.16°F,35.00%,69°F (Wall),72°F (Ambient2),Comfort
2-Apr,13:53:59,70.16°F,35.00%,69°F (Wall),72°F (Ambient2),Comfort
2-Apr,13:54:02,70.16°F,35.00%,69°F (Wall),72°F (Ambient2),Comfort
2-Apr,13:54:04,70.16°F,35.00%,69°F (Wall),72°F (Ambient2),Comfort
2-Apr,13:54:06,70.16°F,35.00%,69°F (Wall),72°F (Ambient2),Comfort
2-Apr,13:54:08,70.16°F,35.00%,69°F (Wall),72°F (Ambient2),Comfort
2-Apr,13:54:10,70.16°F,35.00%,69°F (Wall),72°F (Ambient2),Comfort
2-Apr,13:54:12,70.16°F,35.00%,69°F (Wall),72°F (Ambient2),Comfort
2-Apr,13:54:14,70.16°F,35.00%,69°F (Wall),72°F (Ambient2),Comfort
2-Apr,13:54:16,70.16°F,35.00%,69°F (Wall),72°F (Ambient2),Comfort
2-Apr,13:54:18,70.16°F,35.00%,69°F (Wall),72°F (Ambient2),Comfort
2-Apr,13:54:20,69.98°F,34.90%,69°F (Wall),72°F (Ambient2),Comfort
2-Apr,13:54:22,70.16°F,35.00%,69°F (Wall),72°F (Ambient2),Comfort
2-Apr,13:54:24,70.16°F,35.00%,69°F (Wall),72°F (Ambient2),Comfort
2-Apr,13:54:26,70.16°F,35.00%,69°F (Wall),72°F (Ambient2),Comfort
2-Apr,13:54:28,70.16°F,35.00%,69°F (Wall),72°F (Ambient2),Comfort
2-Apr,13:54:30,69.98°F,34.90%,69°F (Wall),72°F (Ambient2),Comfort
2-Apr,13:54:32,69.98°F,34.90%,69°F (Wall),72°F (Ambient2),Comfort
2-Apr,13:54:34,70.16°F,35.00%,69°F (Wall),72°F (Ambient2),Comfort
2-Apr,13:54:36,70.16°F,35.00%,69°F (Wall),72°F (Ambient2),Comfort
2-Apr,13:54:38,70.16°F,35.00%,69°F (Wall),72°F (Ambient2),Comfort
2-Apr,13:54:40,70.16°F,35.00%,69°F (Wall),72°F (Ambient2),Comfort
2-Apr,13:54:42,70.16°F,35.00%,69°F (Wall),72°F (Ambient2),Comfort
2-Apr,13:54:44,70.16°F,35.00%,69°F (Wall),72°F (Ambient2),Comfort
2-Apr,13:54:46,70.16°F,35.00%,69°F (Wall),72°F (Ambient2),Comfort
2-Apr,13:54:48,70.16°F,35.00%,69°F (Wall),72°F (Ambient2),Comfort
2-Apr,13:54:50,70.16°F,35.00%,69°F (Wall),72°F (Ambient2),Comfort
2-Apr,13:54:52,70.16°F,35.00%,69°F (Wall),72°F (Ambient2),Comfort
2-Apr,13:54:55,70.16°F,35.00%,69°F (Wall),72°F (Ambient2),Comfort
2-Apr,13:54:57,69.98°F,34.90%,69°F (Wall),72°F (Ambient2),Comfort
2-Apr,13:54:59,70.16°F,35.00%,69°F (Wall),72°F (Ambient2),Comfort
2-Apr,13:55:01,70.16°F,35.00%,69°F (Wall),72°F (Ambient2),Comfort
2-Apr,13:55:03,70.16°F,35.00%,69°F (Wall),72°F (Ambient2),Comfort
2-Apr,13:55:05,70.16°F,35.00%,69°F (Wall),72°F (Ambient2),Comfort
2-Apr,13:55:07,70.16°F,35.00%,69°F (Wall),72°F (Ambient2),Comfort
2-Apr,13:55:09,70.16°F,35.00%,69°F (Wall),72°F (Ambient2),Comfort
2-Apr,13:55:11,69.98°F,34.90%,69°F (Wall),72°F (Ambient2),Comfort
2-Apr,13:55:13,70.16°F,35.00%,69°F (Wall),72°F (Ambient2),Comfort
2-Apr,13:55:15,70.16°F,35.00%,69°F (Wall),72°F (Ambient2),Comfort
2-Apr,13:55:17,70.16°F,35.00%,69°F (Wall),72°F (Ambient2),Comfort
2-Apr,13:55:19,70.16°F,35.00%,69°F (Wall),72°F (Ambient2),Comfort
2-Apr,13:55:21,70.16°F,35.00%,69°F (Wall),71°F (Ambient2),Comfort
2-Apr,13:55:23,70.16°F,35.00%,69°F (Wall),72°F (Ambient2),Comfort
2-Apr,13:55:25,70.16°F,35.00%,69°F (Wall),72°F (Ambient2),Comfort
2-Apr,13:55:27,70.16°F,35.00%,69°F (Wall),72°F (Ambient2),Comfort
2-Apr,13:55:29,70.16°F,35.00%,69°F (Wall),72°F (Ambient2),Comfort
2-Apr,13:55:31,70.16°F,35.00%,69°F (Wall),71°F (Ambient2),Comfort
2-Apr,13:55:33,70.16°F,35.00%,69°F (Wall),72°F (Ambient2),Comfort
2-Apr,13:55:35,70.16°F,35.00%,69°F (Wall),72°F (Ambient2),Comfort
2-Apr,13:55:37,69.98°F,34.90%,69°F (Wall),72°F (Ambient2),Comfort
2-Apr,13:55:39,69.98°F,34.90%,69°F (Wall),71°F (Ambient2),Comfort
2-Apr,13:55:41,70.16°F,35.00%,69°F (Wall),71°F (Ambient2),Comfort
2-Apr,13:55:43,69.98°F,34.90%,69°F (Wall),71°F (Ambient2),Comfort
2-Apr,13:55:45,69.98°F,34.90%,69°F (Wall),71°F (Ambient2),Comfort
2-Apr,13:55:48,70.16°F,35.00%,69°F (Wall),71°F (Ambient2),Comfort
2-Apr,13:55:50,70.16°F,35.00%,69°F (Wall),72°F (Ambient2),Comfort
2-Apr,13:55:52,70.16°F,34.90%,69°F (Wall),72°F (Ambient2),Comfort
2-Apr,13:55:54,70.16°F,34.90%,69°F (Wall),71°F (Ambient2),Comfort
2-Apr,13:55:56,70.16°F,34.90%,69°F (Wall),71°F (Ambient2),Comfort
2-Apr,13:55:58,70.16°F,34.90%,69°F (Wall),72°F (Ambient2),Comfort
2-Apr,13:56:00,70.16°F,34.90%,69°F (Wall),72°F (Ambient2),Comfort
2-Apr,13:56:02,69.98°F,34.80%,69°F (Wall),71°F (Ambient2),Comfort
2-Apr,13:56:04,70.16°F,34.90%,69°F (Wall),71°F (Ambient2),Comfort
2-Apr,13:56:06,70.16°F,34.90%,69°F (Wall),71°F (Ambient2),Comfort
2-Apr,13:56:08,70.16°F,34.90%,69°F (Wall),71°F (Ambient2),Comfort
2-Apr,13:56:10,70.16°F,34.90%,69°F (Wall),71°F (Ambient2),Comfort
2-Apr,13:56:12,70.16°F,34.90%,69°F (Wall),71°F (Ambient2),Comfort
2-Apr,13:56:14,70.16°F,34.90%,69°F (Wall),71°F (Ambient2),Comfort
2-Apr,13:56:16,69.98°F,34.80%,69°F (Wall),71°F (Ambient2),Comfort
2-Apr,13:56:18,69.98°F,34.80%,69°F (Wall),71°F (Ambient2),Comfort
2-Apr,13:56:20,69.98°F,34.80%,69°F (Wall),71°F (Ambient2),Comfort
2-Apr,13:56:22,69.98°F,34.80%,69°F (Wall),71°F (Ambient2),Comfort
2-Apr,13:56:24,69.98°F,34.80%,69°F (Wall),71°F (Ambient2),Comfort
2-Apr,13:56:26,70.16°F,34.90%,69°F (Wall),71°F (Ambient2),Comfort
2-Apr,13:56:28,70.16°F,34.90%,69°F (Wall),71°F (Ambient2),Comfort
2-Apr,13:56:30,69.98°F,34.80%,69°F (Wall),71°F (Ambient2),Comfort
2-Apr,13:56:32,70.16°F,34.90%,69°F (Wall),71°F (Ambient2),Comfort
2-Apr,13:56:34,69.98°F,34.80%,69°F (Wall),71°F (Ambient2),Comfort
2-Apr,13:56:36,69.98°F,34.80%,69°F (Wall),71°F (Ambient2),Comfort
2-Apr,13:56:38,69.98°F,34.80%,69°F (Wall),71°F (Ambient2),Comfort
2-Apr,13:56:40,70.16°F,34.90%,69°F (Wall),71°F (Ambient2),Comfort
2-Apr,13:56:43,70.16°F,34.90%,69°F (Wall),71°F (Ambient2),Comfort
2-Apr,13:56:45,69.98°F,34.80%,69°F (Wall),71°F (Ambient2),Comfort
2-Apr,13:56:47,70.16°F,34.90%,69°F (Wall),71°F (Ambient2),Comfort
2-Apr,13:56:49,70.16°F,34.80%,69°F (Wall),71°F (Ambient2),Comfort
2-Apr,13:56:51,69.98°F,34.70%,69°F (Wall),71°F (Ambient2),Comfort
2-Apr,13:56:53,69.98°F,34.70%,69°F (Wall),71°F (Ambient2),Comfort
2-Apr,13:56:55,69.98°F,34.70%,69°F (Wall),71°F (Ambient2),Comfort
2-Apr,13:56:57,70.16°F,34.80%,69°F (Wall),71°F (Ambient2),Comfort
2-Apr,13:56:59,70.16°F,34.80%,69°F (Wall),71°F (Ambient2),Comfort
2-Apr,13:57:01,70.16°F,34.80%,69°F (Wall),71°F (Ambient2),Comfort
2-Apr,13:57:03,70.16°F,34.80%,69°F (Wall),71°F (Ambient2),Comfort
2-Apr,13:57:05,69.98°F,34.70%,69°F (Wall),71°F (Ambient2),Comfort
2-Apr,13:57:07,69.98°F,34.70%,69°F (Wall),71°F (Ambient2),Comfort
2-Apr,13:57:09,69.98°F,34.70%,69°F (Wall),71°F (Ambient2),Comfort
2-Apr,13:57:11,70.16°F,34.80%,69°F (Wall),71°F (Ambient2),Comfort
2-Apr,13:57:13,69.98°F,34.70%,69°F (Wall),71°F (Ambient2),Comfort
2-Apr,13:57:15,70.16°F,34.80%,69°F (Wall),71°F (Ambient2),Comfort
2-Apr,13:57:17,70.16°F,34.80%,69°F (Wall),71°F (Ambient2),Comfort
2-Apr,13:57:19,69.98°F,34.70%,69°F (Wall),71°F (Ambient2),Comfort
2-Apr,13:57:21,69.98°F,34.70%,69°F (Wall),71°F (Ambient2),Comfort
2-Apr,13:57:23,70.16°F,34.80%,69°F (Wall),71°F (Ambient2),Comfort
2-Apr,13:57:25,69.98°F,34.70%,69°F (Wall),71°F (Ambient2),Comfort
2-Apr,13:57:27,69.98°F,34.70%,69°F (Wall),71°F (Ambient2),Comfort
2-Apr,13:57:29,70.16°F,34.80%,69°F (Wall),71°F (Ambient2),Comfort
2-Apr,13:57:31,69.98°F,34.70%,69°F (Wall),71°F (Ambient2),Comfort
2-Apr,13:57:33,69.98°F,34.70%,69°F (Wall),71°F (Ambient2),Comfort
2-Apr,13:57:36,69.98°F,34.70%,69°F (Wall),71°F (Ambient2),Comfort
2-Apr,13:57:38,69.98°F,34.70%,69°F (Wall),71°F (Ambient2),Comfort
2-Apr,13:57:40,69.98°F,34.70%,69°F (Wall),71°F (Ambient2),Comfort
2-Apr,13:57:42,69.98°F,34.70%,69°F (Wall),71°F (Ambient2),Comfort
2-Apr,13:57:44,69.98°F,34.70%,69°F (Wall),71°F (Ambient2),Comfort
2-Apr,13:57:46,69.98°F,34.70%,69°F (Wall),71°F (Ambient2),Comfort
2-Apr,13:57:48,69.98°F,34.70%,69°F (Wall),71°F (Ambient2),Comfort
2-Apr,13:57:50,69.98°F,34.70%,69°F (Wall),71°F (Ambient2),Comfort
2-Apr,13:57:52,69.98°F,34.70%,69°F (Wall),71°F (Ambient2),Comfort
2-Apr,13:57:54,69.98°F,34.70%,69°F (Wall),71°F (Ambient2),Comfort
2-Apr,13:57:56,69.98°F,34.70%,69°F (Wall),71°F (Ambient2),Comfort
2-Apr,13:57:58,69.98°F,34.70%,69°F (Wall),71°F (Ambient2),Comfort
2-Apr,13:58:00,70.16°F,34.80%,69°F (Wall),71°F (Ambient2),Comfort
2-Apr,13:58:02,69.98°F,34.70%,69°F (Wall),71°F (Ambient2),Comfort
2-Apr,13:58:04,69.98°F,34.70%,69°F (Wall),71°F (Ambient2),Comfort
2-Apr,13:58:06,69.98°F,34.70%,69°F (Wall),71°F (Ambient2),Comfort
2-Apr,13:58:08,70.16°F,34.80%,69°F (Wall),71°F (Ambient2),Comfort
2-Apr,13:58:10,69.98°F,34.70%,69°F (Wall),71°F (Ambient2),Comfort
2-Apr,13:58:12,70.16°F,34.80%,69°F (Wall),71°F (Ambient2),Comfort
2-Apr,13:58:14,69.98°F,34.70%,69°F (Wall),71°F (Ambient2),Comfort
2-Apr,13:58:16,69.98°F,34.70%,69°F (Wall),71°F (Ambient2),Comfort
2-Apr,13:58:18,69.98°F,34.70%,69°F (Wall),71°F (Ambient2),Comfort
2-Apr,13:58:20,70.16°F,34.80%,69°F (Wall),71°F (Ambient2),Comfort
2-Apr,13:58:22,69.98°F,34.70%,69°F (Wall),71°F (Ambient2),Comfort
2-Apr,13:58:24,70.16°F,34.80%,69°F (Wall),71°F (Ambient2),Comfort
2-Apr,13:58:26,69.98°F,34.70%,69°F (Wall),71°F (Ambient2),Comfort
2-Apr,13:58:29,70.16°F,34.80%,69°F (Wall),71°F (Ambient2),Comfort
2-Apr,13:58:31,69.98°F,34.70%,69°F (Wall),71°F (Ambient2),Comfort
2-Apr,13:58:33,70.16°F,34.90%,69°F (Wall),71°F (Ambient2),Comfort
2-Apr,13:58:35,70.16°F,34.90%,69°F (Wall),71°F (Ambient2),Comfort
2-Apr,13:58:37,70.16°F,34.90%,69°F (Wall),71°F (Ambient2),Comfort
2-Apr,13:58:39,70.16°F,34.90%,69°F (Wall),71°F (Ambient2),Comfort
2-Apr,13:58:41,69.98°F,34.80%,69°F (Wall),71°F (Ambient2),Comfort
2-Apr,13:58:43,69.98°F,34.80%,69°F (Wall),71°F (Ambient2),Comfort
2-Apr,13:58:45,70.16°F,34.90%,69°F (Wall),71°F (Ambient2),Comfort
2-Apr,13:58:47,70.16°F,34.90%,69°F (Wall),71°F (Ambient2),Comfort
2-Apr,13:58:49,69.98°F,34.80%,69°F (Wall),71°F (Ambient2),Comfort
2-Apr,13:58:51,70.16°F,34.90%,69°F (Wall),71°F (Ambient2),Comfort
2-Apr,13:58:53,69.98°F,34.80%,69°F (Wall),71°F (Ambient2),Comfort
2-Apr,13:58:55,69.98°F,34.80%,69°F (Wall),71°F (Ambient2),Comfort
2-Apr,13:58:57,69.98°F,34.80%,69°F (Wall),71°F (Ambient2),Comfort
2-Apr,13:58:59,69.98°F,34.80%,69°F (Wall),71°F (Ambient2),Comfort
2-Apr,13:59:01,70.16°F,34.90%,69°F (Wall),71°F (Ambient2),Comfort
2-Apr,13:59:03,69.98°F,34.80%,69°F (Wall),71°F (Ambient2),Comfort
2-Apr,13:59:05,69.98°F,34.80%,69°F (Wall),71°F (Ambient2),Comfort
2-Apr,13:59:07,69.98°F,34.80%,69°F (Wall),71°F (Ambient2),Comfort
2-Apr,13:59:09,69.98°F,34.80%,69°F (Wall),71°F (Ambient2),Comfort
2-Apr,13:59:11,70.16°F,34.90%,69°F (Wall),71°F (Ambient2),Comfort
2-Apr,13:59:13,69.98°F,34.80%,69°F (Wall),71°F (Ambient2),Comfort
2-Apr,13:59:15,70.16°F,34.90%,69°F (Wall),71°F (Ambient2),Comfort
2-Apr,13:59:17,69.98°F,34.80%,69°F (Wall),71°F (Ambient2),Comfort
2-Apr,13:59:19,70.16°F,34.90%,69°F (Wall),71°F (Ambient2),Comfort
2-Apr,13:59:22,70.16°F,34.90%,69°F (Wall),71°F (Ambient2),Comfort
2-Apr,13:59:24,70.16°F,34.90%,69°F (Wall),71°F (Ambient2),Comfort
2-Apr,13:59:26,69.98°F,34.80%,69°F (Wall),71°F (Ambient2),Comfort
2-Apr,13:59:28,69.98°F,34.80%,69°F (Wall),71°F (Ambient2),Comfort
2-Apr,13:59:30,69.98°F,34.80%,69°F (Wall),71°F (Ambient2),Comfort
2-Apr,13:59:32,69.98°F,34.80%,69°F (Wall),71°F (Ambient2),Comfort
2-Apr,13:59:34,69.98°F,34.80%,69°F (Wall),71°F (Ambient2),Comfort
2-Apr,13:59:36,70.16°F,34.90%,69°F (Wall),71°F (Ambient2),Comfort
2-Apr,13:59:38,69.98°F,34.80%,69°F (Wall),71°F (Ambient2),Comfort
2-Apr,13:59:40,70.16°F,34.90%,69°F (Wall),71°F (Ambient2),Comfort
2-Apr,13:59:42,69.98°F,34.80%,69°F (Wall),71°F (Ambient2),Comfort
2-Apr,13:59:44,69.98°F,34.80%,69°F (Wall),71°F (Ambient2),Comfort
2-Apr,13:59:46,70.16°F,34.90%,69°F (Wall),71°F (Ambient2),Comfort
2-Apr,13:59:48,70.16°F,34.90%,69°F (Wall),71°F (Ambient2),Comfort
2-Apr,13:59:50,69.98°F,34.80%,69°F (Wall),71°F (Ambient2),Comfort
2-Apr,13:59:52,69.98°F,34.80%,69°F (Wall),71°F (Ambient2),Comfort
2-Apr,13:59:54,69.98°F,34.80%,69°F (Wall),71°F (Ambient2),Comfort
2-Apr,13:59:56,69.98°F,34.80%,69°F (Wall),71°F (Ambient2),Comfort
2-Apr,13:59:58,70.16°F,34.90%,69°F (Wall),71°F (Ambient2),Comfort
2-Apr,14:00:00,69.98°F,34.80%,69°F (Wall),71°F (Ambient2),Comfort
2-Apr,14:00:02,70.16°F,34.90%,69°F (Wall),71°F (Ambient2),Comfort
2-Apr,14:00:04,70.16°F,34.90%,69°F (Wall),71°F (Ambient2),Comfort
2-Apr,14:00:06,70.16°F,34.90%,69°F (Wall),71°F (Ambient2),Comfort
2-Apr,14:00:08,69.98°F,34.80%,69°F (Wall),71°F (Ambient2),Comfort
2-Apr,14:00:10,70.16°F,34.90%,69°F (Wall),71°F (Ambient2),Comfort
2-Apr,14:00:12,69.98°F,34.80%,69°F (Wall),71°F (Ambient2),Comfort
2-Apr,14:00:15,69.98°F,34.80%,69°F (Wall),71°F (Ambient2),Comfort
2-Apr,14:00:17,69.98°F,34.80%,69°F (Wall),71°F (Ambient2),Comfort
2-Apr,14:00:19,69.98°F,34.80%,69°F (Wall),71°F (Ambient2),Comfort
2-Apr,14:00:21,70.16°F,34.90%,69°F (Wall),71°F (Ambient2),Comfort
2-Apr,14:00:23,70.16°F,34.90%,69°F (Wall),71°F (Ambient2),Comfort
2-Apr,14:00:25,69.98°F,34.80%,69°F (Wall),71°F (Ambient2),Comfort
2-Apr,14:00:27,70.16°F,34.90%,69°F (Wall),71°F (Ambient2),Comfort
2-Apr,14:00:29,69.98°F,34.80%,69°F (Wall),71°F (Ambient2),Comfort
2-Apr,14:00:31,70.16°F,34.90%,69°F (Wall),71°F (Ambient2),Comfort
2-Apr,14:00:33,69.98°F,34.80%,69°F (Wall),71°F (Ambient2),Comfort
2-Apr,14:00:35,69.98°F,34.80%,69°F (Wall),71°F (Ambient2),Comfort
2-Apr,14:00:37,70.16°F,34.90%,69°F (Wall),71°F (Ambient2),Comfort
2-Apr,14:00:39,69.98°F,34.80%,69°F (Wall),71°F (Ambient2),Comfort
2-Apr,14:00:41,70.16°F,34.90%,69°F (Wall),71°F (Ambient2),Comfort
2-Apr,14:00:43,69.98°F,34.80%,69°F (Wall),71°F (Ambient2),Comfort
2-Apr,14:00:45,69.98°F,34.80%,69°F (Wall),71°F (Ambient2),Comfort
2-Apr,14:00:47,69.98°F,34.80%,69°F (Wall),71°F (Ambient2),Comfort
2-Apr,14:00:49,70.16°F,34.90%,69°F (Wall),71°F (Ambient2),Comfort
2-Apr,14:00:51,70.16°F,34.90%,69°F (Wall),71°F (Ambient2),Comfort
2-Apr,14:00:53,70.16°F,34.90%,69°F (Wall),71°F (Ambient2),Comfort
2-Apr,14:00:55,69.98°F,34.80%,69°F (Wall),71°F (Ambient2),Comfort
2-Apr,14:00:57,70.16°F,34.90%,69°F (Wall),71°F (Ambient2),Comfort
2-Apr,14:00:59,69.98°F,34.80%,69°F (Wall),71°F (Ambient2),Comfort
2-Apr,14:01:01,70.16°F,34.90%,69°F (Wall),71°F (Ambient2),Comfort
2-Apr,14:01:03,70.16°F,34.90%,69°F (Wall),71°F (Ambient2),Comfort
2-Apr,14:01:05,70.16°F,34.90%,69°F (Wall),71°F (Ambient2),Comfort
2-Apr,14:01:07,69.98°F,34.80%,69°F (Wall),71°F (Ambient2),Comfort
2-Apr,14:01:10,70.16°F,34.90%,69°F (Wall),71°F (Ambient2),Comfort
2-Apr,14:01:12,70.16°F,34.90%,69°F (Wall),71°F (Ambient2),Comfort
2-Apr,14:01:14,69.98°F,34.80%,69°F (Wall),71°F (Ambient2),Comfort
2-Apr,14:01:16,70.16°F,34.90%,69°F (Wall),71°F (Ambient2),Comfort
2-Apr,14:01:18,70.16°F,34.90%,69°F (Wall),71°F (Ambient2),Comfort
2-Apr,14:01:20,69.98°F,34.80%,69°F (Wall),71°F (Ambient2),Comfort
2-Apr,14:01:22,70.16°F,34.90%,69°F (Wall),71°F (Ambient2),Comfort
2-Apr,14:01:24,70.16°F,34.80%,69°F (Wall),71°F (Ambient2),Comfort
2-Apr,14:01:26,70.16°F,34.80%,69°F (Wall),71°F (Ambient2),Comfort
2-Apr,14:01:28,70.16°F,34.80%,69°F (Wall),71°F (Ambient2),Comfort
2-Apr,14:01:30,69.98°F,34.70%,69°F (Wall),71°F (Ambient2),Comfort
2-Apr,14:01:32,70.16°F,34.80%,69°F (Wall),71°F (Ambient2),Comfort
2-Apr,14:01:34,70.16°F,34.80%,69°F (Wall),71°F (Ambient2),Comfort
2-Apr,14:01:36,70.16°F,34.80%,69°F (Wall),71°F (Ambient2),Comfort
2-Apr,14:01:38,70.16°F,34.80%,69°F (Wall),71°F (Ambient2),Comfort
2-Apr,14:01:40,70.16°F,34.80%,69°F (Wall),71°F (Ambient2),Comfort
2-Apr,14:01:42,70.16°F,34.80%,69°F (Wall),71°F (Ambient2),Comfort
2-Apr,14:01:44,69.98°F,34.70%,69°F (Wall),71°F (Ambient2),Comfort
2-Apr,14:01:46,70.16°F,34.80%,69°F (Wall),71°F (Ambient2),Comfort
2-Apr,14:01:48,70.16°F,34.80%,69°F (Wall),71°F (Ambient2),Comfort
2-Apr,14:01:50,70.16°F,34.80%,69°F (Wall),71°F (Ambient2),Comfort
2-Apr,14:01:52,70.16°F,34.80%,69°F (Wall),71°F (Ambient2),Comfort
2-Apr,14:01:54,70.16°F,34.80%,69°F (Wall),71°F (Ambient2),Comfort
2-Apr,14:01:56,69.98°F,34.70%,69°F (Wall),71°F (Ambient2),Comfort
2-Apr,14:01:58,70.16°F,34.80%,69°F (Wall),71°F (Ambient2),Comfort
2-Apr,14:02:00,70.16°F,34.80%,69°F (Wall),71°F (Ambient2),Comfort
2-Apr,14:02:02,70.16°F,34.80%,69°F (Wall),71°F (Ambient2),Comfort
2-Apr,14:02:05,70.16°F,34.80%,69°F (Wall),71°F (Ambient2),Comfort
2-Apr,14:02:07,69.98°F,34.60%,69°F (Wall),71°F (Ambient2),Comfort
2-Apr,14:02:09,70.16°F,34.80%,69°F (Wall),71°F (Ambient2),Comfort
2-Apr,14:02:11,70.16°F,34.80%,69°F (Wall),71°F (Ambient2),Comfort
2-Apr,14:02:13,70.16°F,34.80%,69°F (Wall),71°F (Ambient2),Comfort
2-Apr,14:02:15,70.16°F,34.80%,69°F (Wall),71°F (Ambient2),Comfort
2-Apr,14:02:17,69.98°F,34.60%,69°F (Wall),71°F (Ambient2),Comfort
2-Apr,14:02:19,69.98°F,34.60%,69°F (Wall),71°F (Ambient2),Comfort
2-Apr,14:02:21,70.16°F,34.70%,69°F (Wall),71°F (Ambient2),Comfort
2-Apr,14:02:23,70.16°F,34.70%,69°F (Wall),71°F (Ambient2),Comfort
2-Apr,14:02:25,70.16°F,34.70%,69°F (Wall),71°F (Ambient2),Comfort
2-Apr,14:02:27,69.98°F,34.60%,69°F (Wall),71°F (Ambient2),Comfort
2-Apr,14:02:29,70.16°F,34.70%,69°F (Wall),71°F (Ambient2),Comfort
2-Apr,14:02:31,70.16°F,34.70%,69°F (Wall),71°F (Ambient2),Comfort
2-Apr,14:02:33,69.98°F,34.60%,69°F (Wall),71°F (Ambient2),Comfort
2-Apr,14:02:35,70.16°F,34.70%,69°F (Wall),71°F (Ambient2),Comfort
2-Apr,14:02:37,70.16°F,34.70%,69°F (Wall),71°F (Ambient2),Comfort
2-Apr,14:02:39,70.16°F,34.70%,69°F (Wall),71°F (Ambient2),Comfort
2-Apr,14:02:41,69.98°F,34.60%,69°F (Wall),71°F (Ambient2),Comfort
2-Apr,14:02:43,69.98°F,34.60%,69°F (Wall),71°F (Ambient2),Comfort
2-Apr,14:02:45,70.16°F,34.70%,69°F (Wall),71°F (Ambient2),Comfort
2-Apr,14:02:47,69.98°F,34.60%,69°F (Wall),71°F (Ambient2),Comfort
2-Apr,14:02:49,70.16°F,34.70%,69°F (Wall),71°F (Ambient2),Comfort
2-Apr,14:02:51,70.16°F,34.70%,69°F (Wall),71°F (Ambient2),Comfort
2-Apr,14:02:53,69.98°F,34.70%,69°F (Wall),71°F (Ambient2),Comfort
2-Apr,14:02:55,70.16°F,34.80%,69°F (Wall),71°F (Ambient2),Comfort
2-Apr,14:02:58,69.98°F,34.80%,69°F (Wall),71°F (Ambient2),Comfort
2-Apr,14:03:00,69.98°F,34.80%,69°F (Wall),71°F (Ambient2),Comfort
2-Apr,14:03:02,70.16°F,34.90%,69°F (Wall),71°F (Ambient2),Comfort
2-Apr,14:03:04,70.16°F,34.90%,69°F (Wall),71°F (Ambient2),Comfort
2-Apr,14:03:06,70.16°F,34.90%,70°F (Wall),71°F (Ambient2),Comfort
2-Apr,14:03:08,70.16°F,35.00%,69°F (Wall),71°F (Ambient2),Comfort
2-Apr,14:03:10,70.16°F,35.00%,70°F (Wall),71°F (Ambient2),Comfort
2-Apr,14:03:12,70.16°F,35.10%,69°F (Wall),71°F (Ambient2),Comfort
