Time Stamp,Current Weather,Temp (C),Humidity,Barometric Pressue (Pa),Wind Direction,Wind Speed (m/s),Wind Chill (C),Heat Index (C)
3/1/2022 0:15:00,Clear,,,,,,,
3/1/2022 0:55:00,Clear,1.3,74.69374964,102130,0,0,,
3/1/2022 1:15:00,Clear,,,,,,,
3/1/2022 1:55:00,Clear,0.3,79.09081416,102130,0,0,,
3/1/2022 2:15:00,Clear,,,,,,,
3/1/2022 2:35:00,Clear,,,,,,,
3/1/2022 2:55:00,Clear,0.7,78.56801135,102100,0,0,,
3/1/2022 3:15:00,Clear,,,,,,,
3/1/2022 3:35:00,Clear,0,79.63526383,102100,0,0,,
3/1/2022 3:55:00,Clear,-0.7,83.79445923,102100,0,0,,
3/1/2022 4:15:00,Clear,,,,,,,
3/1/2022 4:35:00,Clear,-1.3,91.53946384,102130,0,0,,
3/1/2022 4:55:00,Clear,-1,88.23361205,102130,0,0,,
3/1/2022 5:15:00,Clear,,,,,,,
3/1/2022 5:55:00,Clear,,,,,,,
3/1/2022 6:15:00,Clear,-1.2,91.54617148,102130,0,0,,
3/1/2022 6:35:00,Clear,-1.1,86.92345491,102130,0,0,,
3/1/2022 6:55:00,Clear,-1.8,92.8753849,102130,0,0,,
3/1/2022 7:15:00,Clear,,,,,,,
3/1/2022 7:35:00,Clear,-0.1,85.74914029,102200,0,0,,
3/1/2022 7:55:00,Clear,0.6,87.7341718,102240,0,0,,
3/1/2022 8:15:00,Clear,,,,,,,
3/1/2022 8:35:00,Clear,1.4,81.02609377,102240,0,0,,
3/1/2022 8:55:00,Clear,2.6,76.59127669,102200,0,0,,
3/1/2022 9:15:00,Clear,,,,,,,
3/1/2022 9:35:00,Clear,3,80.66188068,102240,290,5.4,1.666186185,
3/1/2022 9:55:00,Clear,4.5,74.18012666,102200,0,0,,
3/1/2022 10:15:00,Clear,6.5,63.18553837,102200,260,5.4,5.657467543,
3/1/2022 10:55:00,Clear,9.3,44.13323403,102170,270,9.36,7.925367251,
3/1/2022 11:15:00,Clear,9.8,42.36190118,102130,250,11.16,8.214073633,
3/1/2022 11:35:00,Clear,10.5,40.12799348,102100,280,7.56,,
3/1/2022 11:55:00,Clear,11.1,38.27435233,102070,300,11.16,,
3/1/2022 12:15:00,Clear,,,,,,,
3/1/2022 12:35:00,Clear,,,,,,,
3/1/2022 12:55:00,Clear,12.5,35.94630556,101930,200,11.16,,
3/1/2022 13:15:00,Clear,,,,,,,
3/1/2022 13:35:00,Clear,14.7,27.04528191,101860,260,11.16,,
3/1/2022 13:55:00,Clear,15,25.35711904,101830,220,11.16,,
3/1/2022 14:15:00,Clear,15.2,25.03319927,101800,270,12.96,,
3/1/2022 14:35:00,Clear,,,,,,,
3/1/2022 14:55:00,Clear,15.9,23.93546366,101760,260,11.16,,
3/1/2022 15:15:00,Clear,16.1,24.35424403,101760,180,5.4,,
3/1/2022 15:35:00,Clear,,,,,,,
3/1/2022 15:55:00,Clear,16.4,23.89315222,101730,240,9.36,,
3/1/2022 16:15:00,Clear,,,,,,,
3/1/2022 16:55:00,Clear,16,25.44670388,101730,250,5.4,,
3/1/2022 17:15:00,Clear,,,,,,,
3/1/2022 17:35:00,Clear,,,,,,,
3/1/2022 17:55:00,Clear,14.5,27.39660566,101730,220,7.56,,
3/1/2022 18:15:00,Clear,13.6,29.70240559,101730,240,7.56,,
3/1/2022 18:55:00,Clear,12,33.22891623,101800,240,5.4,,
3/1/2022 19:15:00,Clear,,,,,,,
3/1/2022 19:35:00,Clear,11.6,33.35948894,101830,250,7.56,,
3/1/2022 19:55:00,Clear,10.6,36.73027721,101800,0,0,,
3/1/2022 20:15:00,Clear,,,,,,,
3/1/2022 20:55:00,Clear,10.4,37.5021116,101860,240,7.56,,
3/1/2022 21:15:00,Clear,,,,,,,
3/1/2022 21:55:00,Partly Cloudy,9.7,39.29939358,101860,260,5.4,9.306639071,
3/1/2022 22:15:00,Cloudy,,,,,,,
3/1/2022 22:35:00,Cloudy,7.9,45.72262698,101860,0,0,,
3/1/2022 23:15:00,Clear,,,,,,,
3/1/2022 23:35:00,Clear,8.1,42.17310244,101860,230,5.4,7.482053307,
3/1/2022 23:55:00,Clear,7.3,45.54728979,101860,240,5.4,6.569760425,
3/2/2022 0:15:00,Clear,7.6,43.96096591,101860,240,5.4,6.911870256,
3/2/2022 0:35:00,Clear,6.7,48.17323572,101860,0,0,,
3/2/2022 0:55:00,Clear,6.7,47.10501285,101860,250,5.4,5.885540764,
3/2/2022 1:15:00,Clear,,,,,,,
3/2/2022 1:35:00,Clear,5.1,53.00875271,101860,0,0,,
3/2/2022 1:55:00,Clear,3.9,58.51529985,101860,0,0,,
3/2/2022 2:15:00,Clear,3.9,56.36697156,101860,0,0,,
3/2/2022 2:55:00,Clear,4.7,52.89812935,101800,0,0,,
3/2/2022 3:15:00,Clear,,,,,,,
3/2/2022 3:35:00,Clear,,,,,,,
3/2/2022 3:55:00,Clear,4.8,53.72464975,101800,0,0,,
3/2/2022 4:15:00,Clear,,,,,,,
3/2/2022 4:35:00,Clear,3.3,59.68702023,101800,0,0,,
3/2/2022 4:55:00,Clear,2.6,65.10557085,101830,0,0,,
3/2/2022 5:15:00,Clear,2.4,65.05947167,101830,0,0,,
3/2/2022 5:55:00,Clear,3,60.96604685,101830,0,0,,
3/2/2022 6:15:00,Clear,2.4,65.54677735,101830,0,0,,
3/2/2022 6:35:00,Clear,3,61.88468832,101860,0,0,,
3/2/2022 6:55:00,Clear,2.6,65.59240566,101860,0,0,,
3/2/2022 7:15:00,Clear,,,,,,,
3/2/2022 7:35:00,Clear,3.1,68.68808665,101900,0,0,,
3/2/2022 7:55:00,Clear,4.7,71.57869376,101930,0,0,,
3/2/2022 8:15:00,Clear,,,,,,,
3/2/2022 8:35:00,Clear,,,,,,,
3/2/2022 8:55:00,Clear,9.4,46.49857655,101970,0,0,,
3/2/2022 9:15:00,Clear,10.2,43.11032141,101930,280,5.4,,
3/2/2022 9:35:00,,11.4,40.69238197,101930,270,7.56,,
3/2/2022 10:15:00,Clear,,,,,,,
3/2/2022 10:35:00,Clear,13.7,36.83576229,101930,290,9.36,,
3/2/2022 10:55:00,Clear,14.6,35.2608676,101930,280,5.4,,
3/2/2022 11:15:00,Clear,15.1,34.6443116,101930,260,12.96,,
3/2/2022 11:35:00,Clear,,,,,,,
3/2/2022 12:15:00,Clear,,,,,,,
3/2/2022 12:35:00,Clear,17.6,29.3322808,101900,320,22.32,,
3/2/2022 12:55:00,Clear,17.6,28.28139913,101860,310,22.32,,
3/2/2022 13:15:00,Clear,,,,,,,
3/2/2022 13:35:00,Clear,,,,,,,
3/2/2022 13:55:00,Clear,18.3,28.2741133,101800,310,14.76,,
3/2/2022 14:15:00,Clear,,,,,,,
3/2/2022 14:35:00,Clear,18.8,27.60288122,101760,270,14.76,,
3/2/2022 14:55:00,Clear,18.8,27.40285854,101760,280,11.16,,
3/2/2022 15:15:00,Clear,,,,,,,
3/2/2022 15:35:00,Clear,,,,,,,
3/2/2022 15:55:00,Clear,18.7,27.57467098,101760,270,11.16,,
3/2/2022 16:15:00,Clear,,,,,,,
3/2/2022 16:35:00,Clear,18.3,27.26196289,101760,300,14.76,,
3/2/2022 16:55:00,Clear,18,27.98398732,101760,300,20.52,,
3/2/2022 17:15:00,Clear,17.6,28.90784402,101760,300,16.56,,
3/2/2022 17:55:00,Clear,16.5,31.44826922,101800,290,9.36,,
3/2/2022 18:15:00,Clear,,,,,,,
3/2/2022 18:55:00,Clear,13.8,38.79067341,101830,0,0,,
3/2/2022 19:15:00,Clear,,,,,,,
3/2/2022 19:55:00,Clear,11,46.28176738,101830,0,0,,
3/2/2022 20:15:00,Clear,,,,,,,
3/2/2022 20:35:00,Clear,,,101860,0,0,,
3/2/2022 20:55:00,Clear,7.9,59.53066122,101860,0,0,,
3/2/2022 21:15:00,Clear,,,,,,,
3/2/2022 21:35:00,Clear,,,,,,,
3/2/2022 21:55:00,Clear,8,60.42068476,101830,0,0,,
3/2/2022 22:15:00,Clear,,,,,,,
3/2/2022 22:35:00,Clear,7.9,59.53066122,101830,230,5.4,7.253980087,
3/2/2022 22:55:00,Clear,8.3,57.93518522,101800,0,0,,
3/2/2022 23:15:00,Clear,,,,,,,
3/2/2022 23:35:00,Clear,,,,,,,
3/2/2022 23:55:00,Clear,7.6,60.75949416,101800,0,0,,
3/3/2022 0:15:00,Clear,,,,,,,
3/3/2022 0:35:00,Clear,,,,,,,
3/3/2022 0:55:00,Clear,5.2,72.19532021,101760,0,0,,
3/3/2022 1:15:00,Clear,6.1,71.33654356,101760,0,0,,
3/3/2022 1:35:00,Clear,5.9,72.32877682,101760,0,0,,
3/3/2022 1:55:00,Clear,5.7,74.39552187,101730,0,0,,
3/3/2022 2:15:00,Clear,5.8,73.88244086,101730,0,0,,
3/3/2022 2:35:00,Clear,,,,,,,
3/3/2022 2:55:00,Clear,5.8,76.57097666,101660,0,0,,
3/3/2022 3:15:00,Clear,5.6,78.75337618,101660,0,0,,
3/3/2022 3:35:00,Clear,5.8,78.22536304,101630,0,0,,
3/3/2022 3:55:00,Clear,7.2,70.53911912,101630,260,5.4,6.455723815,
3/3/2022 4:15:00,Clear,6.4,75.58824451,101630,0,0,,
3/3/2022 4:35:00,Clear,7.4,70.57883493,101630,270,7.56,6.073054098,
3/3/2022 4:55:00,Clear,7.6,70.11871574,101660,280,5.4,6.911870256,
3/3/2022 5:15:00,Clear,,,,,,,
3/3/2022 5:35:00,Clear,,,,,,,
3/3/2022 5:55:00,Clear,7.1,72.55549739,101690,270,5.4,6.341687205,
3/3/2022 6:15:00,Clear,,,,,,,
3/3/2022 6:35:00,Clear,7.2,70.53911912,101730,0,0,,
3/3/2022 6:55:00,Clear,6.7,73.52006158,101730,270,5.4,5.885540764,
3/3/2022 7:15:00,Clear,,,,,,,
3/3/2022 8:15:00,Clear,,,,,,,
3/3/2022 8:55:00,Clear,15.3,39.79606844,101830,260,11.16,,
3/3/2022 9:15:00,Clear,,,,,,,
3/3/2022 9:35:00,Clear,16.7,36.1342474,101860,280,14.76,,
3/3/2022 9:55:00,Clear,17,36.22178599,101860,300,18.36,,
3/3/2022 10:15:00,Clear,,,,,,,
3/3/2022 10:35:00,Clear,17.6,35.12372826,101900,280,12.96,,
3/3/2022 10:55:00,Clear,18.2,35.04832097,101930,300,11.16,,
3/3/2022 11:15:00,Clear,,,,,,,
3/3/2022 11:35:00,Clear,18.7,33.72692805,101970,310,18.36,,
3/3/2022 11:55:00,Clear,18.9,32.60424027,102000,300,25.92,,
3/3/2022 12:15:00,Clear,19,31.94237805,102000,300,18.36,,
3/3/2022 12:35:00,Clear,,,,,,,
3/3/2022 13:15:00,Clear,,,,,,,
3/3/2022 13:55:00,Clear,19.8,32.40140003,101900,,,,
3/3/2022 14:15:00,Clear,19.8,32.40140003,101930,300,16.56,,
3/3/2022 14:55:00,Partly Cloudy,19.9,33.36040813,101970,310,29.52,,
3/3/2022 15:15:00,Mostly Cloudy,19.5,36.68963008,101970,310,29.52,,
3/3/2022 15:55:00,Mostly Cloudy,18.5,36.14406633,102000,310,22.32,,
3/3/2022 16:15:00,Mostly Cloudy,,,,,,,
3/3/2022 16:35:00,Mostly Cloudy,17,37.00503661,102030,300,16.56,,
3/3/2022 16:55:00,Partly Cloudy,17,36.74230283,102030,300,18.36,,
3/3/2022 18:15:00,Mostly Cloudy,,,,,,,
3/3/2022 19:15:00,Clear,,,,,,,
3/3/2022 19:35:00,Partly Cloudy,,,,,,,
3/3/2022 19:55:00,Partly Cloudy,11.5,50.97353828,102370,320,16.56,,
3/3/2022 20:15:00,Partly Cloudy,,,,,,,
3/3/2022 20:35:00,Partly Cloudy,10.1,53.20616993,102440,330,16.56,,
3/3/2022 20:55:00,Partly Cloudy,9.9,52.77038464,102440,330,16.56,7.621094522,
3/3/2022 21:15:00,Clear,,,,,,,
3/3/2022 21:55:00,Clear,8.7,55.17729,102510,0,0,,
3/3/2022 22:15:00,Clear,,,,,,,
3/3/2022 22:55:00,Clear,7,59.3050073,102610,360,14.76,4.264068666,
3/3/2022 23:15:00,Clear,,,,,,,
3/3/2022 23:55:00,Clear,5.5,62.03432795,102680,10,11.16,3.035704661,
3/4/2022 0:15:00,Clear,5.2,58.848834,102680,0,0,,
3/4/2022 0:35:00,Clear,,,,,,,
3/4/2022 0:55:00,Clear,4.4,59.08140768,102710,0,0,,
3/4/2022 1:15:00,Clear,,,,,,,
3/4/2022 1:35:00,Clear,,,,,,,
3/4/2022 1:55:00,Clear,3.7,58.90231789,102710,0,0,,
3/4/2022 2:15:00,Clear,,,,,,,
3/4/2022 2:35:00,Clear,3.1,65.2204634,102740,0,0,,
3/4/2022 2:55:00,Clear,3.5,60.18555657,102740,0,0,,
3/4/2022 3:15:00,Clear,,,,,,,
3/4/2022 3:35:00,Clear,,,,,,,
3/4/2022 3:55:00,Clear,4.1,60.33609992,102740,0,0,,
3/4/2022 4:15:00,Clear,4.5,52.84269977,102780,80,11.16,1.831432807,
3/4/2022 4:35:00,Clear,3.6,55.44664675,102810,90,7.56,1.630606599,
3/4/2022 4:55:00,Clear,3.1,59.19063731,102810,100,11.16,0.145452211,
3/4/2022 5:15:00,Clear,,,,,,,
3/4/2022 5:35:00,Clear,2.6,53.93199636,102910,90,12.96,-0.824711955,
3/4/2022 5:55:00,Clear,2.4,50.29094021,102950,110,11.16,-0.697538086,
3/4/2022 6:15:00,Clear,2,47.90255723,102980,100,12.96,-1.555741662,
3/4/2022 6:55:00,Clear,1.1,49.14583958,103050,100,14.76,-2.998437256,
3/4/2022 7:15:00,Clear,1,48.73550044,103120,120,9.36,-1.935861266,
3/4/2022 7:35:00,Clear,1.3,48.44506995,103150,100,11.16,-2.022237126,
3/4/2022 8:15:00,Partly Cloudy,,,,,,,
3/4/2022 8:55:00,Clear,2.8,46.31635353,103220,120,12.96,-0.581035386,
3/4/2022 9:15:00,Clear,,,,,,,
3/4/2022 9:35:00,Clear,,,,,,,
3/4/2022 9:55:00,Clear,4.1,42.25997526,103220,110,12.96,1.002862314,
3/4/2022 10:15:00,Clear,4.1,41.6113108,103220,120,9.36,1.74724818,
3/4/2022 10:35:00,Clear,,,,,,,
3/4/2022 10:55:00,Clear,6,37.89269067,103180,100,5.4,5.087284492,
3/4/2022 11:15:00,Clear,,,,,,,
3/4/2022 11:35:00,Clear,7.8,35.88926532,103150,100,7.56,6.540680151,
3/4/2022 11:55:00,Clear,8.3,34.95678784,103120,170,11.16,6.407665852,
3/4/2022 12:15:00,Clear,,,,,,,
3/4/2022 12:35:00,Clear,9.8,33.58036386,103010,100,11.16,8.214073633,
3/4/2022 12:55:00,Clear,10.2,32.44630353,102980,0,0,,
3/4/2022 13:15:00,Clear,11.2,32.99140463,102950,140,9.36,,
3/4/2022 13:35:00,Clear,11.4,32.31308231,102910,0,0,,
3/4/2022 13:55:00,Clear,11.9,30.7956213,102880,100,9.36,,
3/4/2022 14:15:00,Clear,,,,,,,
3/4/2022 14:35:00,Clear,12.7,31.2643913,102850,180,5.4,,
3/4/2022 14:55:00,Clear,13.2,32.12129279,102810,160,11.16,,
3/4/2022 15:15:00,Clear,,,,,,,
3/4/2022 15:35:00,Clear,,,,,,,
3/4/2022 15:55:00,Clear,13.4,29.86712238,102810,130,9.36,,
3/4/2022 16:15:00,Clear,13.8,29.98373304,102780,170,5.4,,
3/4/2022 16:35:00,Clear,,,,,,,
3/4/2022 16:55:00,Clear,12.6,29.18963802,102780,120,11.16,,
3/4/2022 17:15:00,Clear,,,,,,,
3/4/2022 17:35:00,Clear,11.6,30.94034785,102810,120,12.96,,
3/4/2022 17:55:00,Clear,10.8,33.12155484,102850,110,11.16,,
3/4/2022 18:15:00,Clear,,,,,,,
3/4/2022 18:35:00,Clear,,,,,,,
3/4/2022 18:55:00,Clear,8.6,38.97026602,102910,110,9.36,7.093697376,
3/4/2022 19:15:00,Clear,8.5,41.04459865,102910,100,7.56,7.359025743,
3/4/2022 19:35:00,Clear,8.1,42.17310244,102950,100,5.4,7.482053307,
3/4/2022 19:55:00,Clear,7.5,45.60580382,102950,110,5.4,6.797833646,
3/4/2022 20:15:00,Clear,,,,,,,
3/4/2022 20:35:00,Clear,,,,,,,
3/4/2022 20:55:00,Clear,6,53.25650859,102950,110,7.56,4.436362914,
3/4/2022 21:15:00,Clear,,,,,,,
3/4/2022 21:35:00,Clear,5.8,52.02672203,102980,0,0,,
3/4/2022 21:55:00,Clear,5.7,52.77976251,103010,0,0,,
3/4/2022 22:15:00,Clear,4.3,62.20111495,102980,0,0,,
3/4/2022 22:55:00,Clear,3.9,66.3739761,102980,100,5.4,2.692515677,
3/4/2022 23:15:00,Clear,,,,,,,
3/4/2022 23:35:00,Clear,4.5,60.43605303,102950,0,0,,
3/4/2022 23:55:00,Clear,4.1,64.96856759,102950,0,0,,
3/5/2022 0:15:00,Clear,,,,,,,
3/5/2022 0:55:00,Clear,3.6,66.79788089,102910,0,0,,
3/5/2022 1:15:00,Clear,3.7,64.87658054,102910,0,0,,
3/5/2022 1:55:00,Clear,3.5,66.2846426,102910,0,0,,
3/5/2022 2:15:00,Clear,3.6,64.37536657,102880,0,0,,
3/5/2022 2:55:00,Clear,3.3,65.75146775,102880,0,0,,
3/5/2022 3:15:00,Clear,3.5,66.77576102,102880,0,0,,
3/5/2022 3:55:00,Clear,3.2,70.762284,102850,0,0,,
3/5/2022 4:15:00,Clear,,,,,,,
3/5/2022 4:35:00,Clear,3.8,71.40236251,102880,0,0,,
3/5/2022 4:55:00,Clear,3.6,71.88690371,102850,0,0,,
3/5/2022 5:15:00,Clear,,,,,,,
3/5/2022 5:35:00,Clear,4.2,63.5703818,102880,0,0,,
3/5/2022 5:55:00,Clear,4.4,62.68635445,102910,80,5.4,3.262698729,
3/5/2022 6:15:00,Clear,,,,,,,
3/5/2022 6:35:00,Clear,,,,,,,
3/5/2022 6:55:00,Clear,3.1,68.18290356,102910,110,5.4,1.780222796,
3/5/2022 7:15:00,Clear,2.7,69.6256711,102980,0,0,,
3/5/2022 7:55:00,Clear,4.8,63.71162282,103010,0,0,,
3/5/2022 8:15:00,Clear,6.8,56.29927119,103010,0,0,,
3/5/2022 8:55:00,Clear,9.2,50.70354457,102980,100,7.56,8.177371334,
3/5/2022 9:15:00,Clear,9.3,50.73138592,102980,0,0,,
3/5/2022 9:35:00,Clear,10.7,48.25168674,102980,0,0,,
3/5/2022 9:55:00,Clear,11.3,47.38468435,102980,0,0,,
3/5/2022 10:15:00,Clear,12.8,43.24031437,102980,0,0,,
3/5/2022 10:35:00,Clear,,,,,,,
3/5/2022 10:55:00,Clear,13.8,42.29948851,102980,0,0,,
3/5/2022 11:15:00,Clear,15.4,40.68711945,102950,330,5.4,,
3/5/2022 11:35:00,,16.3,39.24208599,102950,300,5.4,,
3/5/2022 12:15:00,Clear,19.1,34.32536278,102850,180,7.56,,
3/5/2022 12:35:00,Clear,,,,,,,
3/5/2022 12:55:00,Clear,21.1,30.1166181,102780,190,16.56,,
3/5/2022 13:15:00,Clear,21.4,29.77765494,102710,160,14.76,,20.37308321
3/5/2022 13:35:00,Clear,,,,,,,
3/5/2022 13:55:00,Clear,22.1,30.18718271,102610,180,18.36,,21.15377644
3/5/2022 14:15:00,Clear,21.6,31.7854025,102610,190,18.36,,20.64550773
3/5/2022 14:35:00,Clear,21.6,32.9174434,102640,210,16.56,,20.67506658
3/5/2022 14:55:00,Clear,21.3,33.52772597,102610,210,12.96,,20.36100173
3/5/2022 15:15:00,Clear,,,,,,,
3/5/2022 15:35:00,Clear,20.9,34.8443066,102570,180,14.76,,
3/5/2022 15:55:00,Clear,20.9,34.8443066,102570,170,12.96,,
3/5/2022 16:15:00,Clear,20.5,35.7132808,102570,190,14.76,,
3/5/2022 16:35:00,Clear,,,,,,,
3/5/2022 16:55:00,Clear,19.8,38.08065526,102540,200,11.16,,
3/5/2022 17:15:00,Clear,19.1,40.05203974,102540,190,14.76,,
3/5/2022 17:35:00,Clear,18.6,42.78098311,102540,210,11.16,,
3/5/2022 17:55:00,Clear,18.1,45.06860682,102570,200,12.96,,
3/5/2022 18:15:00,Clear,17.5,47.78235896,102570,190,5.4,,
3/5/2022 18:35:00,Clear,,,,,,,
3/5/2022 18:55:00,Clear,17,51.39343196,102570,190,12.96,,
3/5/2022 19:15:00,Clear,,,,,,,
3/5/2022 19:35:00,Clear,,,,,,,
3/5/2022 19:55:00,Clear,16.1,55.93022911,102610,200,7.56,,
3/5/2022 20:15:00,Clear,,,,,,,
3/5/2022 20:35:00,Clear,15.5,56.16099755,102610,210,7.56,,
3/5/2022 20:55:00,Clear,15.1,58.81863841,102610,200,7.56,,
3/5/2022 21:15:00,Clear,,,,,,,
3/5/2022 21:35:00,Clear,15.2,69.23391187,102640,220,9.36,,
3/5/2022 21:55:00,Clear,14.9,72.98639802,102610,190,9.36,,
3/5/2022 22:15:00,Clear,,,,,,,
3/5/2022 22:35:00,Clear,15,70.12977151,102610,210,9.36,,
3/5/2022 22:55:00,Partly Cloudy,15.1,69.21396963,102610,210,7.56,,
3/5/2022 23:15:00,Partly Cloudy,,,,,,,
3/5/2022 23:35:00,Partly Cloudy,,,,,,,
3/5/2022 23:55:00,Partly Cloudy,15,70.12977151,102570,220,5.4,,
3/6/2022 0:15:00,Mostly Cloudy,,,,,,,
3/6/2022 0:35:00,Cloudy,,,,,,,
3/6/2022 0:55:00,Mostly Cloudy,14.8,74.44590968,102570,230,5.4,,
3/6/2022 1:15:00,Mostly Cloudy,,,,,,,
3/6/2022 1:35:00,Partly Cloudy,,,,,,,
3/6/2022 1:55:00,Clear,14.6,79.53481894,102570,0,0,,
3/6/2022 2:15:00,Clear,14.3,82.17337689,102570,0,0,,
3/6/2022 2:35:00,Clear,11.9,92.3612826,102570,0,0,,
3/6/2022 2:55:00,Clear,11.1,96.73193244,102570,0,0,,
3/6/2022 3:15:00,Clear,10.2,98.01377176,102540,0,0,,
3/6/2022 3:35:00,Clear,12.1,98.04297087,102540,0,0,,
3/6/2022 3:55:00,Clear,13.9,88.32034686,102510,0,0,,
3/6/2022 4:15:00,Clear,,,,,,,
3/6/2022 4:35:00,Clear,,,,,,,
3/6/2022 4:55:00,Clear,14.2,90.10252147,102470,180,7.56,,
3/6/2022 5:15:00,Clear,,,,,,,
3/6/2022 5:35:00,Clear,14.3,90.10984143,102440,190,9.36,,
3/6/2022 5:55:00,Clear,14.5,89.53680149,102440,200,5.4,,
3/6/2022 6:15:00,Clear,14.5,90.71550686,102410,210,11.16,,
3/6/2022 6:35:00,Clear,,,,,,,
3/6/2022 6:55:00,Clear,14.5,90.71550686,102440,210,7.56,,
3/6/2022 7:15:00,Clear,,,,,,,
3/6/2022 7:35:00,Clear,,,,,,,
3/6/2022 7:55:00,Clear,15,88.41406526,102470,0,0,,
3/6/2022 8:15:00,Clear,,,,,,,
3/6/2022 8:35:00,Clear,16,82.38595163,102470,220,7.56,,
3/6/2022 8:55:00,Clear,16.2,81.34158287,102510,0,0,,
3/6/2022 9:15:00,Clear,,,,,,,
3/6/2022 9:35:00,Clear,17,77.30999988,102510,210,5.4,,
3/6/2022 9:55:00,Clear,17.5,73.93098168,102470,220,5.4,,
3/6/2022 10:15:00,Clear,,,,,,,
3/6/2022 10:35:00,Clear,,,,,,,
3/6/2022 11:15:00,Clear,,,,,,,
3/6/2022 11:35:00,Clear,20,57.67046591,102440,230,11.16,,
3/6/2022 11:55:00,Clear,19.9,58.41382526,102410,220,11.16,,
3/6/2022 12:15:00,Clear,,,,,,,
3/6/2022 12:35:00,Clear,20.6,55.57222424,102340,220,11.16,,
3/6/2022 12:55:00,Clear,20.6,61.33502916,102340,180,18.36,,
3/6/2022 13:15:00,Clear,,,,,,,
3/6/2022 13:35:00,Partly Cloudy,22.1,54.14525479,102270,200,12.96,,21.77934832
3/6/2022 13:55:00,Clear,21.8,54.42540177,102240,200,16.56,,21.45666327
3/6/2022 14:15:00,Partly Cloudy,,,,,,,
3/6/2022 14:35:00,Mostly Cloudy,22,49.66749449,102200,210,7.56,,21.55242902
3/6/2022 14:55:00,Mostly Cloudy,21.5,57.28191886,102200,200,14.76,,21.2012501
3/6/2022 15:15:00,Partly Cloudy,,,,,,,
3/6/2022 15:35:00,Partly Cloudy,21.5,56.16610054,102200,200,14.76,,21.17211485
3/6/2022 16:15:00,Clear,21,57.15897079,102200,200,11.16,,
3/6/2022 16:35:00,Clear,,,,,,,
3/6/2022 16:55:00,Clear,21,57.15897079,102200,200,11.16,,
3/6/2022 17:15:00,Clear,,,,,,,
3/6/2022 17:35:00,Clear,20.5,58.94564691,102170,190,11.16,,
3/6/2022 17:55:00,Clear,20.2,60.04771912,102200,190,11.16,,
3/6/2022 18:15:00,Clear,,,,,,,
3/6/2022 18:35:00,Clear,,,,,,,
3/6/2022 18:55:00,Clear,19.4,63.51753424,102200,190,9.36,,
3/6/2022 19:15:00,Clear,,,,,,,
3/6/2022 19:35:00,Clear,18.8,66.80965424,102270,210,5.4,,
3/6/2022 19:55:00,Clear,18.4,68.9536604,102240,200,5.4,,
3/6/2022 20:15:00,Clear,,,,,,,
3/6/2022 20:35:00,Clear,,,,,,,
3/6/2022 21:15:00,Mostly Cloudy,,,,,,,
3/6/2022 21:35:00,Cloudy,15.4,83.39834764,102200,0,0,,
3/6/2022 21:55:00,Cloudy,15.2,84.47580853,102200,0,0,,
3/6/2022 22:15:00,Cloudy,,,,,,,
3/6/2022 22:35:00,Mostly Cloudy,15.7,80.21604868,102200,0,0,,
3/6/2022 22:55:00,Partly Cloudy,13.7,89.47485114,102200,0,0,,
3/6/2022 23:15:00,Mostly Cloudy,13.2,93.04627393,102170,0,0,,
3/6/2022 23:35:00,Cloudy,13.5,91.24497001,102170,0,0,,
3/6/2022 23:55:00,Mostly Cloudy,12.5,93.62661591,102130,0,0,,
3/7/2022 0:15:00,Partly Cloudy,,,,,,,
3/7/2022 0:35:00,Clear,13.3,91.23188472,102100,210,5.4,,
3/7/2022 0:55:00,Clear,14.9,83.33929207,102070,200,5.4,,
3/7/2022 1:15:00,Clear,,,,,,,
3/7/2022 1:35:00,Clear,,,,,,,
3/7/2022 1:55:00,Partly Cloudy,15.1,84.46470926,102000,210,5.4,,
3/7/2022 2:15:00,Clear,,,,,,,
3/7/2022 2:35:00,Clear,14.4,88.36308329,101900,0,0,,
3/7/2022 2:55:00,Clear,14.4,90.11715343,101860,0,0,,
3/7/2022 3:15:00,Clear,,,,,,,
3/7/2022 3:35:00,Clear,15.6,83.96940717,101800,200,7.56,,
3/7/2022 3:55:00,Clear,15.7,83.98080582,101800,200,5.4,,
3/7/2022 4:15:00,Clear,15.6,84.52009084,101760,200,7.56,,
3/7/2022 4:35:00,Clear,,,,,,,
3/7/2022 4:55:00,Clear,15.3,85.59999766,101730,190,9.36,,
3/7/2022 5:15:00,Clear,,,,,,,
3/7/2022 5:35:00,Clear,,,,,,,
3/7/2022 5:55:00,Clear,14.7,88.38861527,101690,210,7.56,,
3/7/2022 6:15:00,Clear,14.5,89.53680149,101690,200,7.56,,
3/7/2022 6:35:00,Clear,14.9,88.40559102,101660,230,7.56,,
3/7/2022 6:55:00,Clear,14.9,88.40559102,101630,190,5.4,,
3/7/2022 7:15:00,Clear,15,87.83845906,101630,0,0,,
3/7/2022 7:35:00,Clear,15.5,85.06326009,101660,200,5.4,,
3/7/2022 7:55:00,Partly Cloudy,16.6,78.26672919,101660,0,0,,
3/7/2022 8:15:00,Partly Cloudy,17.5,73.44853939,101660,230,12.96,,
3/7/2022 8:35:00,Partly Cloudy,,,,,,,
3/7/2022 8:55:00,Clear,18.7,67.22854228,101630,230,11.16,,
3/7/2022 9:15:00,Clear,19.7,62.7555273,101590,230,14.76,,
3/7/2022 9:35:00,Partly Cloudy,19.6,62.73294306,101560,210,18.36,,
3/7/2022 9:55:00,Clear,19.8,61.55331568,101520,210,20.52,,
3/7/2022 10:15:00,Partly Cloudy,20.6,58.19926758,101490,230,22.32,,
3/7/2022 10:35:00,Clear,21.6,53.30947005,101420,210,14.76,,21.20752505
3/7/2022 10:55:00,Clear,21,54.94277281,101390,210,22.32,,
3/7/2022 11:15:00,Partly Cloudy,22.2,50.71826707,101360,210,20.52,,21.79986586
3/7/2022 11:35:00,Partly Cloudy,22.6,49.49975784,101320,210,20.52,,22.20804923
3/7/2022 11:55:00,Clear,22.9,48.92976171,101320,220,24.12,,22.523166
3/7/2022 12:15:00,Clear,,,,,,,
3/7/2022 12:35:00,Clear,,,,,,,
3/7/2022 12:55:00,Clear,21.1,54.24665987,101220,210,14.76,,
3/7/2022 13:15:00,Clear,21,55.67294146,101220,210,14.76,,
3/7/2022 13:55:00,Cloudy,20.8,57.48685641,101190,210,20.52,,
3/7/2022 14:15:00,Cloudy,,,,,,,
3/7/2022 14:35:00,Cloudy,21,56.4116457,101150,210,20.52,,
3/7/2022 14:55:00,Light Rain,21,56.4116457,101120,220,12.96,,
3/7/2022 15:15:00,Rain,,,,,,,
3/7/2022 15:35:00,Light Rain,19.7,67.43411695,101120,230,7.56,,
3/7/2022 15:55:00,Heavy Rain,17.7,87.51238478,101150,230,11.16,,
3/7/2022 16:15:00,Rain,16.9,95.64785613,101150,260,5.4,,
3/7/2022 16:35:00,Light Rain,16.5,100,101120,0,0,,
3/7/2022 17:15:00,Heavy Rain,15.2,100,,270,22.32,,
3/7/2022 17:35:00,Rain,15,100,101360,260,12.96,,
3/7/2022 17:55:00,Light Rain,14.1,86.61002081,,260,22.32,,
3/7/2022 18:15:00,Light Rain,,,,,,,
3/7/2022 18:55:00,Cloudy,13,92.42437827,101420,250,12.96,,
3/7/2022 19:15:00,Light Rain,,,,,,,
3/7/2022 19:35:00,Rain,12.3,100,101420,260,7.56,,
3/7/2022 19:55:00,Cloudy,12.5,100,101460,270,9.36,,
3/7/2022 20:15:00,Mostly Cloudy,,,,,,,
3/7/2022 20:35:00,Partly Cloudy,,,,,,,
3/7/2022 20:55:00,Mostly Cloudy,13,88.82980164,101390,290,18.36,,
3/7/2022 21:15:00,Cloudy,12.3,84.14919933,101460,,,,
3/7/2022 21:35:00,Cloudy,,,,,,,
3/7/2022 21:55:00,Partly Cloudy,10.8,82.28197625,101520,300,14.76,,
3/7/2022 22:15:00,Partly Cloudy,,,,,,,
3/7/2022 22:35:00,Mostly Cloudy,10.1,81.07491887,101560,300,20.52,,
3/7/2022 22:55:00,Partly Cloudy,9.7,74.57642302,101590,290,16.56,7.372643029,
3/7/2022 23:15:00,Clear,,,,,,,
3/7/2022 23:35:00,Partly Cloudy,8.7,77.04423626,101660,,,,
3/7/2022 23:55:00,Mostly Cloudy,8.3,69.76393589,101730,300,20.52,5.191930393,
3/8/2022 0:15:00,Mostly Cloudy,7.7,75.27738978,101730,290,14.76,5.125721911,
3/8/2022 0:35:00,Mostly Cloudy,,,,,,,
3/8/2022 0:55:00,Mostly Cloudy,7,70.49932942,101760,290,20.52,3.548831275,
3/8/2022 1:15:00,Partly Cloudy,6.6,72.46134537,101800,290,20.52,3.043262315,
3/8/2022 1:35:00,Mostly Cloudy,,,,,,,
3/8/2022 1:55:00,Cloudy,6.4,75.05244336,101830,290,12.96,3.80514286,
3/8/2022 2:15:00,Cloudy,,,,,,,
3/8/2022 2:55:00,Mostly Cloudy,5,83.87571848,101860,300,14.76,1.802202251,
3/8/2022 3:15:00,Partly Cloudy,4.8,83.25692852,101860,290,11.16,2.192714363,
3/8/2022 3:35:00,Mostly Cloudy,4.5,86.85315647,101900,270,5.4,3.376735339,
3/8/2022 3:55:00,Cloudy,3.9,86.79337123,101900,300,9.36,1.509628216,
3/8/2022 4:15:00,Mostly Cloudy,,,,,,,
3/8/2022 4:35:00,Partly Cloudy,,,,,,,
3/8/2022 4:55:00,Partly Cloudy,3.3,84.8839774,,300,16.56,-0.577804744,
3/8/2022 5:15:00,Cloudy,,,,,,,
3/8/2022 5:35:00,Mostly Cloudy,,,,,,,
3/8/2022 5:55:00,Mostly Cloudy,3.1,77.2354573,102000,300,20.52,-1.380466079,
3/8/2022 6:15:00,Mostly Cloudy,3,78.92385601,102030,290,11.16,0.025025026,
3/8/2022 6:35:00,Mostly Cloudy,,,,,,,
3/8/2022 6:55:00,Mostly Cloudy,3,80.66188068,102070,310,14.76,-0.659664163,
3/8/2022 7:15:00,Mostly Cloudy,,,,,,,
3/8/2022 7:35:00,Partly Cloudy,,,,,,,
3/8/2022 7:55:00,Mostly Cloudy,3.9,75.70264461,102130,290,9.36,1.509628216,
3/8/2022 8:15:00,Mostly Cloudy,,,,,,,
3/8/2022 8:35:00,Partly Cloudy,4,73.02018496,102170,320,11.16,1.22929688,
3/8/2022 8:55:00,Partly Cloudy,5,69.08716841,102170,340,7.56,3.267297783,
3/8/2022 9:15:00,Clear,,,,,,,
3/8/2022 9:35:00,Partly Cloudy,5.7,65.33331154,102240,320,7.56,4.085643375,
3/8/2022 9:55:00,Partly Cloudy,5.6,64.83700555,102270,0,0,,
3/8/2022 10:15:00,Mostly Cloudy,,,,,,,
3/8/2022 10:55:00,Partly Cloudy,7.1,59.76287248,102240,310,5.4,6.341687205,
3/8/2022 11:15:00,Clear,,,,,,,
3/8/2022 11:35:00,Clear,7.7,59.48065517,102200,0,0,,
3/8/2022 12:15:00,Clear,8.1,56.63982466,102130,0,0,,
3/8/2022 12:35:00,Clear,,,,,,,
3/8/2022 12:55:00,Clear,9.8,53.8960336,102070,300,9.36,8.519417162,
3/8/2022 13:15:00,Clear,10.1,52.82469738,102030,0,0,,
3/8/2022 13:35:00,Clear,9.9,50.89804606,102030,0,0,,
3/8/2022 13:55:00,Clear,10.3,50.27729364,102000,0,0,,
3/8/2022 14:15:00,Clear,,,,,,,
3/8/2022 14:35:00,Clear,11.3,47.72800076,101900,320,5.4,,
3/8/2022 14:55:00,Clear,12,44.91844053,101860,0,0,,
3/8/2022 15:15:00,Clear,12.5,42.532744,101860,140,7.56,,
3/8/2022 15:35:00,Clear,,,,,,,
3/8/2022 15:55:00,Partly Cloudy,12.5,40.42329697,101830,0,0,,
3/8/2022 16:15:00,Partly Cloudy,,,,,,,
3/8/2022 16:35:00,Clear,,,,,,,
3/8/2022 16:55:00,Clear,12.8,45.14882308,101760,110,12.96,,
3/8/2022 17:15:00,Clear,11.9,49.64523682,101760,90,14.76,,
3/8/2022 18:15:00,Clear,,,,,,,
3/8/2022 18:35:00,Clear,10.6,49.63914547,101830,120,14.76,,
3/8/2022 18:55:00,Clear,10.1,52.44565035,101860,120,12.96,,
3/8/2022 19:15:00,Clear,,,,,,,
3/8/2022 19:35:00,Partly Cloudy,9.9,50.53072591,101860,120,11.16,8.334500819,
3/8/2022 19:55:00,Cloudy,10,50.558539,101900,130,11.16,,
3/8/2022 20:15:00,Cloudy,,,,,,,
3/8/2022 21:15:00,Cloudy,,,,,,,
3/8/2022 21:35:00,Drizzle,9.5,58.65840203,101930,130,11.16,7.852792077,
3/8/2022 21:55:00,Rain,,,,,,,
3/8/2022 22:15:00,Rain,,,,,,,
3/8/2022 22:35:00,Rain,,,,,,,
3/8/2022 22:55:00,Rain,6.5,100,101900,100,9.36,4.598687751,
3/8/2022 23:15:00,Rain,,,,,,,
3/8/2022 23:35:00,Rain,,,,,,,
3/8/2022 23:55:00,Rain,6.5,100,101760,0,0,,
3/9/2022 0:15:00,Rain,6.2,100,101660,60,7.56,4.67017594,
3/9/2022 0:55:00,Heavy Rain,,,,,,,
3/9/2022 1:15:00,Heavy Rain,,,,,,,
3/9/2022 1:35:00,Heavy Rain,6.2,100,101690,0,0,,
3/9/2022 1:55:00,Heavy Rain,6.3,100,101800,0,0,,
3/9/2022 2:15:00,Rain,,,,,,,
3/9/2022 2:35:00,Rain,6.2,100,101590,100,9.36,4.242257805,
3/9/2022 2:55:00,Rain,6.1,100,101460,100,14.76,3.156228779,
3/9/2022 3:15:00,Light Rain,,,,,,,
3/9/2022 3:35:00,Cloudy,,,,,,,
3/9/2022 3:55:00,Cloudy,6,100,101320,100,14.76,3.033135459,
3/9/2022 4:15:00,Drizzle,,,,,,,
3/9/2022 4:35:00,Rain,6,100,101320,0,0,,
3/9/2022 4:55:00,Cloudy,6,100,101290,90,9.36,4.004637841,
3/9/2022 5:15:00,Fog/Mist,5.8,100,101290,120,7.56,4.202549888,
3/9/2022 5:35:00,Light Drizzle,,,,,,,
3/9/2022 5:55:00,Heavy Rain,6,100,101390,0,0,,
3/9/2022 6:15:00,Rain,,,,,,,
3/9/2022 6:35:00,Rain,,,,,,,
3/9/2022 6:55:00,Light Rain,5.7,100,,,,,
3/9/2022 7:15:00,Light Rain,,,,,,,
3/9/2022 7:35:00,Cloudy,5.2,100,101250,100,18.36,1.539845171,
3/9/2022 7:55:00,Cloudy,5.3,100,101220,80,11.16,2.79485029,
3/9/2022 8:15:00,Cloudy,5.3,100,101190,90,12.96,2.464921729,
3/9/2022 8:35:00,Cloudy,5.4,100,101220,100,11.16,2.915277476,
3/9/2022 8:55:00,Cloudy,5.4,100,101220,100,7.56,3.734923835,
3/9/2022 9:15:00,Cloudy,5.5,100,101150,90,11.16,3.035704661,
3/9/2022 9:35:00,Cloudy,5.5,100,101220,110,7.56,3.851830348,
3/9/2022 9:55:00,Cloudy,5.6,100,101220,110,5.4,4.631138051,
3/9/2022 10:15:00,Light Drizzle,6,100,101190,100,7.56,4.436362914,
3/9/2022 10:55:00,Rain,6,100,101190,90,7.56,4.436362914,
3/9/2022 11:15:00,Drizzle,,,,,,,
3/9/2022 11:55:00,Fog/Mist,6.9,100,101190,0,0,,
3/9/2022 12:15:00,Fog/Mist,7,100,101190,300,5.4,6.227650595,
3/9/2022 12:35:00,Cloudy,,,,,,,
3/9/2022 12:55:00,Fog/Mist,7.8,100,101190,260,5.4,7.139943476,
3/9/2022 13:15:00,Cloudy,,,,,,,
3/9/2022 13:35:00,Cloudy,,,,,,,
3/9/2022 13:55:00,Cloudy,9.1,94.73614078,101190,280,14.76,6.849028401,
3/9/2022 14:15:00,Cloudy,8.5,93.42877001,101220,300,16.56,5.881934072,
3/9/2022 14:35:00,Cloudy,7.8,92.11913278,101250,280,16.56,5.012353847,
3/9/2022 14:55:00,Cloudy,7.7,88.37979829,101320,310,24.12,4.080437192,
3/9/2022 15:15:00,Cloudy,7.3,88.34476301,101360,300,14.76,4.633348628,
3/9/2022 15:35:00,Cloudy,,,,,,,
3/9/2022 15:55:00,Mostly Cloudy,7.7,81.31211401,101390,290,14.76,5.125721911,
3/9/2022 16:15:00,Mostly Cloudy,7,82.36450416,101390,280,12.96,4.536172567,
3/9/2022 16:35:00,Cloudy,,,,,,,
3/9/2022 16:55:00,Cloudy,6.8,82.33876846,101460,270,11.16,4.601258071,
3/9/2022 17:15:00,Cloudy,,,,,,,
3/9/2022 17:35:00,Partly Cloudy,,,,,,,
3/9/2022 17:55:00,Clear,5.5,87.56662789,101560,280,7.56,3.851830348,
3/9/2022 18:15:00,Clear,5.2,88.78200394,101560,270,5.4,4.17499161,
3/9/2022 18:35:00,Clear,5,90.02592598,101630,290,11.16,2.433568734,
3/9/2022 18:55:00,Partly Cloudy,5,90.02592598,101660,280,7.56,3.267297783,
3/9/2022 19:15:00,Mostly Cloudy,5.3,89.41773058,101660,290,9.36,3.172967966,
3/9/2022 19:35:00,Cloudy,,,,,,,
3/9/2022 19:55:00,Cloudy,5.1,89.40155087,101660,290,9.36,2.935348002,
3/9/2022 20:15:00,Mostly Cloudy,,,,,,,
3/9/2022 20:35:00,Mostly Cloudy,5,88.14027527,101690,310,11.16,2.433568734,
3/9/2022 20:55:00,Cloudy,5,87.5195396,101730,310,11.16,2.433568734,
3/9/2022 21:15:00,Mostly Cloudy,4.7,88.73918281,101760,300,7.56,2.916578243,
3/9/2022 21:35:00,Cloudy,,,,,,,
3/9/2022 21:55:00,Mostly Cloudy,4.1,89.95672129,101760,310,11.16,1.349724065,
3/9/2022 22:15:00,Mostly Cloudy,,,,,,,
3/9/2022 22:35:00,Cloudy,4,89.94898832,101800,300,7.56,2.098232651,
3/9/2022 22:55:00,Cloudy,3.7,93.17910983,101860,310,7.56,1.747513112,
3/9/2022 23:15:00,Cloudy,,,,,,,
3/9/2022 23:35:00,Cloudy,,,,,,,
3/9/2022 23:55:00,Cloudy,4,86.18606065,101900,10,5.4,2.806552288,
3/10/2022 0:15:00,Cloudy,,,,,,,
3/10/2022 0:35:00,Mostly Cloudy,3.5,89.27079529,101860,30,7.56,1.513700086,
3/10/2022 0:55:00,Partly Cloudy,3.2,89.88680813,101860,40,5.4,1.894259406,
3/10/2022 1:15:00,Partly Cloudy,3,89.87117471,101900,0,0,,
3/10/2022 1:35:00,Clear,,,,,,,
3/10/2022 1:55:00,Clear,2.6,90.48751138,101900,0,0,,
3/10/2022 2:35:00,Clear,2.1,93.76392498,101860,0,0,,
3/10/2022 2:55:00,Clear,1.7,98.57872759,101860,0,0,,
3/10/2022 3:15:00,Clear,1.1,100,101860,0,0,,
3/10/2022 3:35:00,Mostly Cloudy,,,,,,,
3/10/2022 3:55:00,Cloudy,1.2,100,101900,0,0,,
3/10/2022 4:15:00,Cloudy,,,,,,,
3/10/2022 4:55:00,Cloudy,2.3,99.29058207,101930,0,0,,
3/10/2022 5:15:00,Cloudy,,,,,,,
3/10/2022 5:35:00,Cloudy,,,,,,,
3/10/2022 5:55:00,Cloudy,3,88.59178441,101900,50,5.4,1.666186185,
3/10/2022 6:15:00,Cloudy,,,,,,,
3/10/2022 6:35:00,Cloudy,3.1,89.23773636,102000,0,0,,
3/10/2022 6:55:00,Cloudy,3,93.80810473,102030,0,0,,
3/10/2022 7:15:00,Cloudy,,,,,,,
3/10/2022 7:35:00,Cloudy,3.1,93.14691775,102070,80,5.4,1.780222796,
3/10/2022 7:55:00,Cloudy,3.2,91.83370768,102100,100,5.4,1.894259406,
3/10/2022 8:15:00,Cloudy,,,,,,,
3/10/2022 8:35:00,Cloudy,3.5,91.2011641,102130,120,7.56,1.513700086,
3/10/2022 8:55:00,Cloudy,3.3,95.16546166,102130,120,7.56,1.279887059,
3/10/2022 9:15:00,Cloudy,,,,,,,
3/10/2022 9:35:00,Cloudy,3.8,93.18445339,102070,80,11.16,0.988442509,
3/10/2022 9:55:00,Cloudy,3.9,95.86296232,102100,110,12.96,0.759185745,
3/10/2022 10:15:00,Cloudy,4,97.91382209,102100,100,7.56,2.098232651,
3/10/2022 10:55:00,Cloudy,4.8,97.24467641,102100,70,9.36,2.578918055,
3/10/2022 11:15:00,Cloudy,5.2,91.95965147,102100,130,7.56,3.501110809,
3/10/2022 11:35:00,Cloudy,,,,,,,
3/10/2022 11:55:00,Cloudy,5.9,85.17488298,102030,120,12.96,3.195951437,
3/10/2022 12:15:00,Cloudy,7.2,80.11282076,102030,160,7.56,5.839241072,
3/10/2022 12:35:00,Cloudy,,,,,,,
3/10/2022 12:55:00,Cloudy,8.7,69.84458384,101900,80,11.16,6.889374594,
3/10/2022 13:15:00,Cloudy,,,,,,,
3/10/2022 13:35:00,Cloudy,8.4,65.46997285,101860,120,9.36,6.856077412,
3/10/2022 13:55:00,Mostly Cloudy,8.6,64.58947539,101800,0,0,,
3/10/2022 14:15:00,Partly Cloudy,9.1,62.44555951,101760,110,7.56,8.060464821,
3/10/2022 14:35:00,Mostly Cloudy,10.6,60.19802588,101730,100,11.16,,
3/10/2022 14:55:00,Cloudy,9.4,59.05386756,101760,0,0,,
3/10/2022 15:15:00,Cloudy,9.6,59.52686133,101760,80,5.4,9.19260246,
3/10/2022 15:35:00,Cloudy,,,,,,,
3/10/2022 15:55:00,Cloudy,9.6,62.56354931,101760,70,11.16,7.973219262,
3/10/2022 16:15:00,Cloudy,,,,,,,
3/10/2022 16:55:00,Mostly Cloudy,9.8,63.05503907,101760,100,14.76,7.710681646,
3/10/2022 17:15:00,Partly Cloudy,,,,,,,
3/10/2022 17:35:00,Mostly Cloudy,8.6,67.40011149,101800,110,11.16,6.768947408,
3/10/2022 17:55:00,Cloudy,8.4,66.88101972,101800,80,9.36,6.856077412,
3/10/2022 18:15:00,Cloudy,,,,,,,
3/10/2022 18:35:00,Cloudy,,,,,,,
3/10/2022 18:55:00,Cloudy,7.6,73.16489003,101860,110,9.36,5.905597555,
3/10/2022 19:15:00,Cloudy,7.4,73.64754768,101860,110,12.96,5.023525705,
3/10/2022 19:35:00,Cloudy,7.2,71.55029013,101900,120,7.56,5.839241072,
3/10/2022 19:55:00,Cloudy,7,71.51159153,101900,130,7.56,5.605428045,
3/10/2022 20:15:00,Cloudy,,,,,,,
3/10/2022 20:35:00,Cloudy,6.7,70.94485226,102000,130,7.56,5.254708506,
3/10/2022 17:55:00,Cloudy,8.4,66.88101972,101800,80,9.36,6.856077412,
3/10/2022 21:15:00,Cloudy,,,,,,,
3/10/2022 21:55:00,Cloudy,6.1,75.00012439,102000,130,11.16,3.758267773,
3/10/2022 22:15:00,Cloudy,,,,,,,
3/10/2022 22:55:00,Cloudy,5.8,79.34579549,102000,0,0,,
3/10/2022 22:15:00,Cloudy,,,,,,,
3/10/2022 23:15:00,Cloudy,5.8,79.34579549,102030,0,0,,
3/10/2022 23:55:00,Cloudy,5.7,82.19625011,102030,0,0,,
3/11/2022 0:15:00,Cloudy,,,,,,,
3/11/2022 0:55:00,Partly Cloudy,3.5,86.13383056,102000,0,0,,
3/11/2022 1:15:00,Clear,,,,,,,
3/11/2022 1:35:00,Clear,3,97.20475191,102000,0,0,,
3/11/2022 1:55:00,Clear,2.7,98.59019424,101970,0,0,,
3/11/2022 2:15:00,Clear,,,,,,,
3/11/2022 2:35:00,Clear,1.5,100,101900,0,0,,
3/11/2022 2:55:00,Clear,1.6,100,101900,0,0,,
3/11/2022 3:15:00,Clear,,,,,,,
3/11/2022 3:55:00,Clear,0.5,100,101830,0,0,,
3/11/2022 4:15:00,Clear,,,,,,,
3/11/2022 4:55:00,Clear,0.4,100,101830,0,0,,
3/11/2022 5:15:00,Clear,0,100,101830,0,0,,
3/11/2022 5:35:00,Clear,0.1,100,101830,0,0,,
3/11/2022 5:55:00,Clear,0,100,101860,0,0,,
3/11/2022 6:15:00,Clear,-0.1,100,101860,0,0,,
3/11/2022 6:55:00,Clear,0,100,101900,0,0,,
3/11/2022 7:15:00,Clear,,,,,,,
3/11/2022 7:35:00,Mostly Cloudy,0.7,100,101900,0,0,,
3/11/2022 7:55:00,Fog/Mist,1.5,100,101930,0,0,,
3/11/2022 8:15:00,Fog/Mist,2.5,100,101930,0,0,,
3/11/2022 8:55:00,Fog,3.1,100,101900,0,0,,
3/11/2022 9:15:00,Fog,,,,,,,
3/11/2022 9:35:00,Fog/Mist,3.6,100,101900,0,0,,
3/11/2022 9:55:00,Fog/Mist,4.2,100,101900,180,5.4,3.034625508,
3/11/2022 10:35:00,Mostly Cloudy,5.7,100,101900,0,0,,
3/11/2022 10:55:00,Partly Cloudy,6.9,94.64545794,101900,0,0,,
3/11/2022 11:15:00,Clear,,,,,,,
3/11/2022 11:35:00,Clear,8.8,86.07973062,101760,330,7.56,7.709745282,
3/11/2022 11:55:00,Clear,10,81.06139003,101760,330,5.4,,
3/11/2022 12:15:00,Clear,11.4,73.85188966,101730,310,7.56,,
3/11/2022 12:35:00,Clear,12.5,66.36954379,101660,0,0,,
3/11/2022 12:55:00,Clear,14.9,53.36116693,101590,180,9.36,,
3/11/2022 13:15:00,Clear,15.3,53.46693484,101520,270,7.56,,
3/11/2022 13:35:00,Clear,,,,,,,
3/11/2022 13:55:00,Clear,16.4,51.58612331,101390,0,0,,
3/11/2022 14:15:00,Partly Cloudy,16.9,47.61588068,101360,280,7.56,,
3/11/2022 14:35:00,Clear,17.3,44.53193115,101320,240,12.96,,
3/11/2022 14:55:00,Clear,17.4,44.56027889,101290,240,7.56,,
3/11/2022 15:15:00,Clear,,,,,,,
3/11/2022 15:35:00,Clear,17.7,39.3704732,101220,170,11.16,,
3/11/2022 15:55:00,Clear,17.5,39.87012425,101190,170,11.16,,
3/11/2022 16:15:00,Clear,17.6,41.03512028,101190,210,9.36,,
3/11/2022 16:35:00,Clear,,,,,,,
3/11/2022 16:55:00,Clear,17.4,42.73568388,101080,170,11.16,,
3/11/2022 17:15:00,Clear,16.7,47.56025531,101120,190,14.76,,
3/11/2022 17:35:00,Clear,,,,,,,
3/11/2022 17:55:00,Clear,14.4,59.45860767,101080,200,7.56,,
3/11/2022 18:35:00,Clear,13.1,64.69797137,101050,0,0,,
3/11/2022 18:55:00,Clear,12.5,67.75288702,101050,0,0,,
3/11/2022 19:15:00,Clear,,,,,,,
3/11/2022 19:35:00,Clear,11.7,72.90005501,101050,170,7.56,,
3/11/2022 19:55:00,Clear,11.6,73.38305344,101020,0,0,,
3/11/2022 20:15:00,Clear,,,,,,,
3/11/2022 20:35:00,Clear,9.7,84.42360974,101050,0,0,,
3/11/2022 20:55:00,Clear,10.3,81.10193497,101020,0,0,,
3/11/2022 21:15:00,Clear,,,,,,,
3/11/2022 21:35:00,Partly Cloudy,,,,,,,
3/11/2022 21:55:00,Cloudy,10.5,86.83973013,100950,220,5.4,,
3/11/2022 22:15:00,Cloudy,,,,,,,
3/11/2022 22:35:00,Cloudy,10.5,88.62077973,100850,0,0,,
3/11/2022 22:55:00,Mostly Cloudy,10.1,91.01853701,100780,0,0,,
3/11/2022 23:15:00,Cloudy,,,,,,,
3/11/2022 23:35:00,Cloudy,10.5,93.52881345,100680,180,9.36,,
3/11/2022 23:55:00,Mostly Cloudy,10.6,94.16334466,100540,170,9.36,,
3/12/2022 0:15:00,Mostly Cloudy,10.4,96.71413745,100540,0,0,,
3/12/2022 0:35:00,Cloudy,,,,,,,
3/12/2022 0:55:00,Cloudy,10.5,99.33558647,100410,0,0,,
3/12/2022 1:15:00,Cloudy,10.5,99.33558647,100270,0,0,,
3/12/2022 1:35:00,Cloudy,10.2,100,100270,0,0,,
3/12/2022 1:55:00,Cloudy,10.1,100,100200,0,0,,
3/12/2022 2:15:00,Cloudy,10.2,100,100100,0,0,,
3/12/2022 2:35:00,Cloudy,,,,,,,
3/12/2022 2:55:00,Rain,9.9,100,100000,290,16.56,7.621094522,
3/12/2022 3:15:00,Heavy Rain,5.6,100,100070,290,18.36,2.040881536,
3/12/2022 3:35:00,Rain,3.7,100,100100,300,22.32,-0.839474447,
3/12/2022 3:55:00,Light Rain,2.5,100,100100,310,20.52,-2.138819518,
3/12/2022 4:15:00,Light Rain,,,,,,,
3/12/2022 4:35:00,Rain,,,,,,,
3/12/2022 4:55:00,Light Snow,1,95.07606694,100200,300,14.76,-3.121530577,
3/12/2022 5:15:00,Light Snow,0.6,93.68924649,100240,300,20.52,-4.540272075,
3/12/2022 5:55:00,Snow,-0.5,100,100200,300,11.16,-4.189926463,
3/12/2022 6:15:00,Snow,-0.8,100,100170,300,11.16,-4.551208019,
3/12/2022 6:35:00,Light Snow,-1.1,100,100240,300,9.36,-4.430870891,
3/12/2022 6:55:00,Light Snow,-1.1,93.60299702,100270,300,22.32,-6.948067232,
3/12/2022 7:15:00,Light Snow,,,,,,,
3/12/2022 7:35:00,Snow,,,,,,,
3/12/2022 7:55:00,Snow,-2.5,100,100240,300,14.76,-7.429796802,
3/12/2022 8:15:00,Snow,-3,100,100200,300,9.36,-6.688260551,
3/12/2022 8:35:00,Light Snow,,,,,,,
3/12/2022 9:15:00,Cloudy,,,,,,,
3/12/2022 9:35:00,Haze,-2.7,75.10182179,100310,300,29.52,-9.919053057,
3/12/2022 9:55:00,Light Snow,-2.7,72.83300669,100340,300,22.32,-8.984264827,
3/12/2022 10:15:00,Light Snow,,,,,,,
3/12/2022 10:35:00,Light Snow,-3,75.047625,100370,300,24.12,-9.623628861,
3/12/2022 10:55:00,Cloudy,-3.1,68.39010964,100410,300,20.52,-9.216784949,
3/12/2022 11:15:00,Light Snow,,,,,,,
3/12/2022 11:35:00,Light Snow,-3.7,72.07738499,100480,300,20.52,-9.975138389,
3/12/2022 11:55:00,Light Snow,-3.8,70.39713766,100480,300,25.92,-10.89624648,
3/12/2022 12:15:00,Cloudy,,,,,,,
3/12/2022 12:35:00,Light Snow,,,,,,,
3/12/2022 12:55:00,Cloudy,-3.7,64.11535956,100580,,,,
3/12/2022 13:15:00,Cloudy,,,,,,,
3/12/2022 13:35:00,Cloudy,-3.4,64.69217946,100640,300,29.52,-10.83074138,
3/12/2022 13:55:00,Light Snow,-4,69.26630104,100680,300,29.52,-11.61218851,
3/12/2022 14:15:00,Light Snow,-4.7,68.57437203,100710,300,27.72,-12.29622464,
3/12/2022 14:35:00,Light Snow,-3.9,66.11174847,100710,300,35.28,-12.12375915,
3/12/2022 14:55:00,Mostly Cloudy,-4,53.76775858,100710,,,,
3/12/2022 15:15:00,Light Snow,,,,,,,
3/12/2022 15:35:00,Mostly Cloudy,,,,,,,
3/12/2022 15:55:00,Mostly Cloudy,-5.2,55.18361932,100920,300,25.92,-12.69999182,
3/12/2022 16:15:00,Mostly Cloudy,,,,,,,
3/12/2022 16:35:00,Cloudy and Windy,-5.5,57.37217739,101050,300,37.08,-14.43056421,
3/12/2022 16:55:00,Cloudy,-6.1,58.14278933,101080,,,,
3/12/2022 17:15:00,Cloudy,,,,,,,
3/12/2022 17:35:00,Cloudy,,,,,,,
3/12/2022 17:55:00,Cloudy,-6.3,58.08871974,101320,300,29.52,-14.60773584,
3/12/2022 18:15:00,Light Snow,-7,73.72082286,101320,290,24.12,-14.74664421,
3/12/2022 18:35:00,Light Snow,,,,,,,
3/12/2022 18:55:00,Cloudy,-6.8,59.38464323,101460,280,24.12,-14.49049344,
3/12/2022 19:15:00,Cloudy,-7,59.81598788,101490,300,24.12,-14.74664421,
3/12/2022 19:35:00,Cloudy,,,,,,,
3/12/2022 19:55:00,Cloudy,-7.1,59.7895621,101630,290,20.52,-14.27247454,
3/12/2022 20:15:00,Cloudy,,,,,,,
3/12/2022 20:35:00,Cloudy,,,,,,,
3/12/2022 20:55:00,Cloudy,-7.3,55.49510968,101760,280,20.52,-14.52525902,
3/12/2022 21:15:00,Cloudy,,,,,,,
3/12/2022 21:35:00,Cloudy,-7.5,59.19805959,101860,280,18.36,-14.3680594,
3/12/2022 21:55:00,Cloudy,-7.6,59.17131505,101930,290,14.76,-13.70755616,
3/12/2022 22:15:00,Cloudy,,,,,,,
3/12/2022 22:35:00,Cloudy,-7.6,59.17131505,102030,290,18.36,-14.49331849,
3/12/2022 22:55:00,Cloudy,-7.7,58.18317163,102030,290,20.52,-15.03082798,
3/12/2022 23:15:00,Cloudy,,,,,,,
3/12/2022 23:35:00,Cloudy,-7.7,58.18317163,102100,,,,
3/12/2022 23:55:00,Mostly Cloudy,-7.7,57.23577894,102100,290,20.52,-15.03082798,
3/13/2022 0:15:00,Mostly Cloudy,,,,,,,
3/13/2022 0:35:00,Partly Cloudy,-8,58.58105925,102130,300,12.96,-13.73957012,
3/13/2022 0:55:00,Clear,-8,59.55071963,102130,290,20.52,-15.4100047,
3/13/2022 1:15:00,Clear,,,,,,,
3/13/2022 1:35:00,Clear,,,,,,,
3/13/2022 1:55:00,Clear,-8,61.03210338,102070,300,22.32,-15.72916936,
3/13/2022 3:15:00,Clear,,,,,,,
3/13/2022 3:35:00,Clear,-8.1,61.00610157,102100,,,,
3/13/2022 3:55:00,Clear,-8.2,60.98007718,102130,290,16.56,-14.86376559,
3/13/2022 4:15:00,Partly Cloudy,-8.2,60.48222373,102170,280,5.4,-11.10591416,
3/13/2022 4:35:00,Partly Cloudy,,,,,,,
3/13/2022 4:55:00,Partly Cloudy,-8.3,60.9540302,102200,290,7.56,-12.28126846,
3/13/2022 5:15:00,Clear,,,,,,,
3/13/2022 5:35:00,Clear,-8.5,63.45001565,102270,300,16.56,-15.23644283,
3/13/2022 5:55:00,Partly Cloudy,-8.5,62.41954942,102340,290,9.36,-13.22280957,
3/13/2022 6:15:00,Partly Cloudy,,,,,,,
3/13/2022 6:35:00,Partly Cloudy,,,,,,,
3/13/2022 6:55:00,Clear,-8.7,66.04571312,102410,290,14.76,-15.06158269,
3/13/2022 7:15:00,Clear,-8.6,65.00005658,102440,300,14.76,-14.93848937,
3/13/2022 7:35:00,Clear,-8.5,64.49564921,102470,290,12.96,-14.34876154,
3/13/2022 7:55:00,Clear,-8.4,62.95805482,102510,280,7.56,-12.39817498,
3/13/2022 8:15:00,Clear,-8.2,61.48158798,102540,0,0,,
3/13/2022 8:35:00,Clear,-7.8,62.08891161,102570,0,0,,
3/13/2022 8:55:00,Clear,-7.5,59.19805959,102610,260,5.4,-10.30765789,
3/13/2022 9:15:00,Clear,,,,,,,
3/13/2022 9:35:00,Clear,,,,,,,
3/13/2022 9:55:00,Clear,-5.6,53.74604649,102640,270,5.4,-8.140962294,
3/13/2022 10:15:00,Clear,,,,,,,
3/13/2022 10:55:00,Clear,-4.7,49.79989227,102710,250,11.16,-9.24786825,
3/13/2022 11:15:00,Clear,,,,,,,
3/13/2022 11:35:00,Clear,,,,,,,
3/13/2022 11:55:00,Clear,-2.5,46.56136557,102680,220,7.56,-5.500690702,
3/13/2022 12:15:00,Clear,,,,,,,
3/13/2022 12:35:00,Clear,-1.3,42.6220244,102610,240,9.36,-4.668490855,
3/13/2022 12:55:00,Clear,-0.3,45.02989052,102570,210,7.56,-2.928747413,
3/13/2022 13:15:00,Clear,0.5,40.835956,102570,210,9.36,-2.529911177,
3/13/2022 13:35:00,Clear,0.9,41.28576227,102540,230,11.16,-2.503945867,
3/13/2022 13:55:00,Clear,1.7,39.29340658,102470,250,14.76,-2.259877332,
3/13/2022 14:15:00,Clear,,,,,,,
3/13/2022 14:35:00,Clear,3.8,39.31865886,102410,230,11.16,0.988442509,
3/13/2022 14:55:00,Clear,4.7,37.49684379,102370,240,9.36,2.460108073,
3/13/2022 15:15:00,Clear,5.5,36.58811333,102340,260,16.56,2.155161678,
3/13/2022 15:35:00,Clear,5.9,35.86614816,102340,240,16.56,2.652064664,
3/13/2022 15:55:00,Clear,6.9,35.89244213,102300,250,16.56,3.894322129,
3/13/2022 16:15:00,Clear,,,,,,,
3/13/2022 16:35:00,Clear,6.7,33.16058074,102270,230,16.56,3.645870636,
3/13/2022 16:55:00,Clear,7.2,32.29355027,102270,260,12.96,4.779849136,
3/13/2022 17:15:00,Clear,,,,,,,
3/13/2022 17:35:00,Clear,7.5,32.13367926,102270,250,11.16,5.444248369,
3/13/2022 17:55:00,Clear,7.5,32.38391778,102270,220,7.56,6.189960611,
3/13/2022 18:15:00,Clear,,,,,,,
3/13/2022 18:35:00,Clear,6.8,31.92284125,102340,240,9.36,4.955117698,
3/13/2022 18:55:00,Partly Cloudy,6.5,33.61958771,102340,260,12.96,3.926981144,
3/13/2022 19:15:00,Mostly Cloudy,,,,,,,
3/13/2022 19:35:00,Partly Cloudy,5.3,37.67982013,102370,240,11.16,2.79485029,
3/13/2022 19:55:00,Clear,5,38.17686112,102410,250,11.16,2.433568734,
3/13/2022 20:15:00,Clear,,,,,,,
3/13/2022 20:35:00,Clear,,,,,,,
3/13/2022 20:55:00,Clear,4.5,41.41143344,102470,250,14.76,1.186735648,
3/13/2022 21:15:00,Clear,,,,,,,
3/13/2022 21:35:00,Clear,4,43.21979829,102570,260,7.56,2.098232651,
3/13/2022 22:15:00,Clear,,,,,,,
3/13/2022 22:55:00,Clear,3.5,45.46217114,102640,240,7.56,1.513700086,
3/13/2022 23:15:00,Clear,,,,,,,
3/13/2022 23:35:00,Clear,3.5,46.16723771,102680,250,5.4,2.236369237,
3/13/2022 23:55:00,Clear,3.4,46.85256967,102640,250,5.4,2.122332626,
3/14/2022 0:15:00,Clear,,,,,,,
3/14/2022 0:35:00,Clear,,,,,,,
3/14/2022 0:55:00,Clear,2.4,51.85754923,102680,240,5.4,0.981966524,
3/14/2022 1:15:00,Clear,,,,,,,
3/14/2022 1:35:00,Clear,1.1,62.82893369,102740,0,0,,
3/14/2022 1:55:00,Clear,0,69.58269247,102740,0,0,,
3/14/2022 2:15:00,Clear,,,,,,,
3/14/2022 2:35:00,Clear,-1,74.27525388,102780,0,0,,
3/14/2022 2:55:00,Clear,-1.1,73.69689016,102780,0,0,,
3/14/2022 3:15:00,Clear,-0.8,71.55441351,102780,0,0,,
3/14/2022 3:35:00,Clear,,,,,,,
3/14/2022 3:55:00,Clear,-1,76.55168099,102780,0,0,,
3/14/2022 4:15:00,Clear,,,,,,,
3/14/2022 4:55:00,Clear,-1,73.71563495,102850,0,0,,
3/14/2022 5:15:00,Clear,,,,,,,
3/14/2022 5:35:00,Clear,-1.8,79.9638079,102880,0,0,,
3/14/2022 5:55:00,Clear,-2.9,86.08717586,102910,0,0,,
3/14/2022 6:15:00,Clear,,,,,,,
3/14/2022 6:35:00,Clear,-2.2,83.6086131,102980,0,0,,
3/14/2022 6:55:00,Clear,-2.1,81.7514194,103010,0,0,,
3/14/2022 7:15:00,Clear,-2.1,84.88856682,103010,0,0,,
3/14/2022 7:35:00,Clear,-2.5,86.78079147,103050,0,0,,
3/14/2022 7:55:00,Clear,-2.1,81.7514194,103080,0,0,,
3/14/2022 8:15:00,Clear,-1.5,80.00848572,103120,0,0,,
3/14/2022 8:35:00,Clear,,,,,,,
3/14/2022 8:55:00,Clear,1.4,69.87446882,103150,0,0,,
3/14/2022 9:15:00,Clear,,,,,,,
3/14/2022 9:55:00,Clear,5.3,52.27689675,103220,0,0,,
3/14/2022 10:15:00,Clear,,,,,,,
3/14/2022 10:35:00,Clear,6.9,48.23075249,103220,0,0,,
3/14/2022 10:55:00,Clear,7.8,43.69189682,103220,0,0,,
3/14/2022 11:15:00,Clear,,,,,,,
3/14/2022 11:35:00,Clear,,,,,,,
3/14/2022 11:55:00,Clear,10.3,36.91598457,103180,250,5.4,,
3/14/2022 12:15:00,Clear,11,35.23549528,103150,0,0,,
3/14/2022 12:35:00,Clear,,,,,,,
3/14/2022 12:55:00,Clear,12.5,32.8832274,103120,150,5.4,,
3/14/2022 13:15:00,Clear,13.2,31.88308263,103080,0,0,,
3/14/2022 13:35:00,Clear,,,,,,,
3/14/2022 13:55:00,Clear,13.7,32.74972816,103010,120,12.96,,
3/14/2022 14:15:00,Clear,,,,,,,
3/14/2022 14:35:00,Clear,14.1,29.40595216,102950,180,11.16,,
3/14/2022 14:55:00,Clear,14.9,28.98503669,102910,0,0,,
3/14/2022 15:15:00,Clear,15,27.95391146,102880,0,0,,
3/14/2022 15:35:00,Clear,,,,,,,
3/14/2022 15:55:00,Clear,16.2,28.08935271,102850,200,5.4,,
3/14/2022 16:15:00,Clear,16.2,27.88242059,102810,0,0,,
3/14/2022 16:35:00,Clear,16.6,27.58638817,102780,190,9.36,,
3/14/2022 16:55:00,Clear,16.8,28.67910622,102780,200,12.96,,
3/14/2022 17:15:00,Clear,16.2,28.08935271,102780,210,14.76,,
3/14/2022 17:35:00,Clear,16.1,27.85388314,102780,210,11.16,,
3/14/2022 17:55:00,Clear,15.6,27.30180426,102780,210,11.16,,
3/14/2022 18:15:00,Clear,15.3,28.24923838,102780,190,7.56,,
3/14/2022 18:35:00,Clear,15,28.79909437,102810,190,9.36,,
3/14/2022 18:55:00,Clear,14.2,29.65525946,102850,210,7.56,,
3/14/2022 19:15:00,Clear,,,,,,,
3/14/2022 19:35:00,Clear,13.1,30.9165244,102850,200,5.4,,
3/14/2022 19:55:00,Clear,12.4,32.36636041,102880,180,5.4,,
3/14/2022 20:15:00,Clear,,,,,,,
3/14/2022 20:35:00,Clear,,,,,,,
3/14/2022 20:55:00,Clear,11.4,35.35473136,102910,170,7.56,,
3/14/2022 21:15:00,Clear,,,,,,,
3/14/2022 21:35:00,Clear,10.2,38.57729582,102950,0,0,,
3/14/2022 21:55:00,Clear,8.9,43.69056282,102950,160,5.4,8.394346189,
3/14/2022 22:15:00,Clear,,,,,,,
3/14/2022 22:35:00,Clear,8.4,44.52656313,102980,0,0,,
3/14/2022 22:55:00,Clear,8.7,42.66816202,102950,0,0,,
3/14/2022 23:15:00,Clear,6.5,53.00012127,102950,0,0,,
3/14/2022 23:55:00,Clear,4.9,61.8889708,102950,0,0,,
3/15/2022 0:15:00,Clear,5.1,59.69856596,102950,0,0,,
3/15/2022 0:35:00,Clear,3.7,67.31383037,102910,0,0,,
3/15/2022 0:55:00,Clear,3.2,70.762284,102910,0,0,,
3/15/2022 1:15:00,Clear,3.1,70.74219979,102910,0,0,,
3/15/2022 1:35:00,Clear,,,,,,,
3/15/2022 1:55:00,Clear,2.9,72.27988697,102910,0,0,,
3/15/2022 2:15:00,Clear,2.5,73.81546015,102880,0,0,,
3/15/2022 2:55:00,Clear,2.7,72.77480554,102850,0,0,,
3/15/2022 3:15:00,Clear,,,,,,,
3/15/2022 3:35:00,Clear,1.9,77.03828105,102810,0,0,,
3/15/2022 3:55:00,Clear,1.5,80.44752575,102780,0,0,,
3/15/2022 4:15:00,Clear,0.7,83.96517662,102780,0,0,,
3/15/2022 4:35:00,Clear,1.1,84.01347471,102740,0,0,,
3/15/2022 4:55:00,Clear,1.1,79.79952044,102740,0,0,,
3/15/2022 5:15:00,Clear,,,,,,,
3/15/2022 5:35:00,Clear,,,,,,,
3/15/2022 5:55:00,Clear,1.1,79.79952044,102740,0,0,,
3/15/2022 6:15:00,Clear,,,,,,,
3/15/2022 6:55:00,Clear,0.4,85.80349175,102780,0,0,,
3/15/2022 7:15:00,Clear,0,87.67722243,102780,0,0,,
3/15/2022 7:35:00,Clear,0.3,85.79264562,102780,0,0,,
3/15/2022 7:55:00,Clear,0.7,83.96517662,102780,0,0,,
3/15/2022 8:15:00,Clear,0.8,87.11350109,102810,0,0,,
3/15/2022 8:35:00,Clear,,,,,,,
3/15/2022 8:55:00,Clear,4,74.08962948,102780,0,0,,
3/15/2022 9:15:00,Clear,,,,,,,
3/15/2022 9:35:00,Clear,,,,,,,
3/15/2022 10:15:00,Clear,7.9,63.51343706,102780,0,0,,
3/15/2022 10:55:00,Partly Cloudy,11,52.69016459,102780,0,0,,
3/15/2022 11:15:00,Mostly Cloudy,11.6,45.12881188,102780,0,0,,
3/15/2022 11:35:00,Mostly Cloudy,12.2,42.44512428,102740,0,0,,
3/15/2022 11:55:00,Partly Cloudy,14,37.46549215,102710,300,5.4,,
3/15/2022 12:15:00,Mostly Cloudy,,,,,,,
3/15/2022 12:35:00,Cloudy,15.2,32.94846191,102680,250,5.4,,
3/15/2022 12:55:00,Cloudy,15.8,29.67903497,102680,270,7.56,,
3/15/2022 13:15:00,Cloudy,15.8,29.2446143,102640,290,7.56,,
3/15/2022 13:35:00,Mostly Cloudy,,,,,,,
3/15/2022 13:55:00,Partly Cloudy,16.6,26.78209009,102540,0,0,,
3/15/2022 14:15:00,Clear,17,26.89511313,102540,260,9.36,,
3/15/2022 14:35:00,Clear,,,,,,,
3/15/2022 14:55:00,Clear,17.6,27.26404867,102440,260,9.36,,
3/15/2022 15:15:00,Clear,17.3,26.78173417,102410,250,5.4,,
3/15/2022 15:35:00,Clear,,,,,,,
3/15/2022 15:55:00,Clear,18.1,25.46523161,102410,0,0,,
3/15/2022 16:15:00,Clear,,,,,,,
3/15/2022 16:35:00,Clear,,,,,,,
3/15/2022 16:55:00,Clear,18.1,24.18069517,102370,210,11.16,,
3/15/2022 17:15:00,Clear,,,,,,,
3/15/2022 17:35:00,Clear,,,,,,,
3/15/2022 17:55:00,Clear,17.5,24.92599592,102340,0,0,,
3/15/2022 18:15:00,Clear,,,,,,,
3/15/2022 18:35:00,Clear,,,,,,,
3/15/2022 18:55:00,Clear,16.6,27.3833295,102340,0,0,,
3/15/2022 19:15:00,Clear,15.7,33.0947398,102340,200,11.16,,
3/15/2022 19:35:00,Clear,14.6,36.56669833,102340,0,0,,
3/15/2022 19:55:00,Clear,13.4,39.81304089,102340,0,0,,
3/15/2022 20:15:00,Clear,12.8,39.63648453,102340,0,0,,
3/15/2022 20:35:00,Clear,11.4,46.39648385,102340,0,0,,
3/15/2022 20:55:00,Clear,11.2,46.0044655,102370,0,0,,
3/15/2022 21:15:00,Clear,,,,,,,
3/15/2022 21:35:00,Clear,,,,,,,
3/15/2022 21:55:00,Clear,8.9,55.23029435,102410,0,0,,
3/15/2022 22:15:00,Clear,,,,,,,
3/15/2022 22:35:00,Clear,,,,,,,
3/15/2022 22:55:00,Clear,7.1,63.32654161,102440,0,0,,
3/15/2022 23:15:00,Clear,,,,,,,
3/15/2022 23:35:00,Clear,,,,,,,
3/15/2022 23:55:00,Clear,7,62.39455364,102440,0,0,,
3/16/2022 0:15:00,Clear,,,,,,,
3/16/2022 0:35:00,Clear,,,,,,,
3/16/2022 0:55:00,Clear,5.6,72.27169028,102440,0,0,,
3/16/2022 1:15:00,Clear,5.8,71.27786372,102440,0,0,,
3/16/2022 1:35:00,Clear,,,,,,,
3/16/2022 1:55:00,Clear,4.9,76.97226639,102410,0,0,,
3/16/2022 2:15:00,Clear,5,78.10045601,102410,0,0,,
3/16/2022 2:35:00,Clear,,,,,,,
3/16/2022 2:55:00,Clear,4.6,83.23214935,102370,0,0,,
3/16/2022 3:15:00,Clear,,,,,,,
3/16/2022 3:35:00,Clear,4.6,85.0304565,102300,0,0,,
3/16/2022 3:55:00,Clear,5.2,84.49660388,102300,0,0,,
3/16/2022 4:15:00,Clear,,,,,,,
3/16/2022 4:55:00,Clear,3.8,93.18445339,102270,0,0,,
3/16/2022 5:15:00,Clear,,,,,,,
3/16/2022 5:35:00,Clear,4.1,89.95672129,102270,0,0,,
3/16/2022 5:55:00,Clear,4,92.53772315,102270,0,0,,
3/16/2022 6:15:00,Clear,,,,,,,
3/16/2022 6:35:00,Clear,,,,,,,
3/16/2022 7:15:00,Clear,3.3,97.21146572,102300,0,0,,
3/16/2022 7:35:00,Clear,,,,,,,
3/16/2022 7:55:00,Clear,3.5,99.29744839,102270,0,0,,
3/16/2022 8:15:00,Clear,4,96.54451981,102270,0,0,,
3/16/2022 8:35:00,Clear,4.3,95.87606874,102300,0,0,,
3/16/2022 8:55:00,Clear,5.9,95.9278809,102340,0,0,,
3/16/2022 9:15:00,Clear,8,85.4039446,102340,0,0,,
3/16/2022 9:35:00,Clear,9.4,78.77508436,102340,0,0,,
3/16/2022 9:55:00,Clear,10.5,75.75229425,102340,0,0,,
3/16/2022 10:15:00,Clear,,,,,,,
3/16/2022 10:35:00,Clear,13.3,61.69761977,102340,70,5.4,,
3/16/2022 10:55:00,Clear,13.2,55.56953272,102340,100,7.56,,
3/16/2022 11:15:00,Clear,,,,,,,
3/16/2022 11:35:00,Partly Cloudy,13.7,52.67186003,102340,100,9.36,,
3/16/2022 11:55:00,Partly Cloudy,14,50.58018792,102340,70,11.16,,
3/16/2022 12:15:00,Light Rain,14.5,54.37688141,102340,60,11.16,,
3/16/2022 12:35:00,Mostly Cloudy,,,,,,,
3/16/2022 12:55:00,Cloudy,15,53.75868912,102270,90,12.96,,
3/16/2022 13:15:00,Light Rain,15.3,52.3683156,102270,80,12.96,,
3/16/2022 13:55:00,Cloudy,16.3,45.18727669,102200,150,12.96,,
3/16/2022 14:15:00,Cloudy,16.4,47.14768243,102170,90,5.4,,
3/16/2022 14:55:00,Light Rain,14.7,64.61198251,102130,110,14.76,,
3/16/2022 15:15:00,Light Rain,14.6,64.58978699,102100,110,16.56,,
3/16/2022 15:55:00,Cloudy,13.7,71.30913964,102100,110,9.36,,
3/16/2022 16:15:00,Light Rain,,,,,,,
3/16/2022 16:35:00,Rain,,,,,,,
3/16/2022 16:55:00,Light Rain,12.4,90.56925386,102070,100,9.36,,
3/16/2022 17:15:00,Rain,,,,,,,
3/16/2022 17:35:00,Heavy Rain,,,,,,,
3/16/2022 17:55:00,Rain,11.1,100,102030,100,7.56,,
3/16/2022 18:15:00,Rain,10.8,100,102030,100,5.4,,
3/16/2022 18:35:00,Rain,,,,,,,
3/16/2022 19:15:00,Rain,10.5,100,102000,80,9.36,,
3/16/2022 19:35:00,Light Rain,10.4,100,102000,70,7.56,,
3/16/2022 20:15:00,Light Drizzle,,,,,,,
3/16/2022 20:55:00,Cloudy,10,100,101900,0,0,,
3/16/2022 21:15:00,Cloudy,,,,,,,
3/16/2022 21:35:00,Cloudy,,,,,,,
3/16/2022 21:55:00,Light Drizzle,10,100,101860,80,9.36,,
3/16/2022 22:15:00,Light Drizzle,9.7,100,101760,70,11.16,8.093646448,
3/16/2022 22:55:00,Cloudy,10,100,101800,0,0,,
3/16/2022 23:15:00,Cloudy,,,,,,,
3/16/2022 23:35:00,Cloudy,9.8,100,101800,0,0,,
3/16/2022 23:55:00,Cloudy,9.7,100,101800,0,0,,
3/17/2022 0:15:00,Cloudy,,,,,,,
3/17/2022 0:55:00,Cloudy,10,100,101760,70,5.4,,
3/17/2022 1:15:00,Cloudy,,,,,,,
3/17/2022 1:35:00,Cloudy,10,100,101730,80,7.56,,
3/17/2022 1:55:00,Cloudy,9.8,100,101730,80,5.4,9.420675681,
3/17/2022 2:15:00,Fog/Mist,,,,,,,
3/17/2022 2:35:00,Fog/Mist,9.7,100,101660,60,5.4,9.306639071,
3/17/2022 2:55:00,Fog/Mist,9.7,100,101660,60,7.56,8.7619039,
3/17/2022 3:15:00,Fog/Mist,9.7,100,101660,0,0,,
3/17/2022 3:55:00,Light Rain,9.6,100,101590,0,0,,
3/17/2022 4:15:00,Light Rain,,,,,,,
3/17/2022 4:35:00,Light Drizzle,,,,,,,
3/17/2022 4:55:00,Fog/Mist,9.7,100,101490,0,0,,
3/17/2022 5:15:00,Fog/Mist,,,,,,,
3/17/2022 5:35:00,Fog/Mist,9.7,100,101520,0,0,,
3/17/2022 5:55:00,Drizzle,9.6,100,101520,0,0,,
3/17/2022 6:15:00,Light Rain,,,,,,,
3/17/2022 6:35:00,Fog/Mist,,,,,,,
3/17/2022 6:55:00,Fog/Mist,9.5,100,101490,0,0,,
3/17/2022 7:15:00,Fog/Mist,9.1,100,101490,0,0,,
3/17/2022 7:35:00,Fog/Mist,9.2,100,101490,0,0,,
3/17/2022 7:55:00,Fog/Mist,8.6,100,101490,0,0,,
3/17/2022 8:15:00,Fog,,,,,,,
3/17/2022 8:35:00,Fog,8.6,100,101560,0,0,,
3/17/2022 8:55:00,Fog,9.2,100,101520,0,0,,
3/17/2022 9:15:00,Fog/Mist,,,,,,,
3/17/2022 9:35:00,Cloudy,,,,,,,
3/17/2022 9:55:00,Cloudy,10.8,100,101560,290,5.4,,
3/17/2022 10:15:00,Cloudy,10.9,100,101590,250,7.56,,
3/17/2022 10:35:00,Cloudy,11.3,100,101590,290,5.4,,
3/17/2022 10:55:00,Cloudy,12,100,101590,290,7.56,,
3/17/2022 11:15:00,Cloudy,,,,,,,
3/17/2022 11:55:00,Cloudy,13.7,88.30318789,101590,310,7.56,,
3/17/2022 12:15:00,Mostly Cloudy,,,,,,,
3/17/2022 12:35:00,Mostly Cloudy,15,80.11939326,101590,290,9.36,,
3/17/2022 12:55:00,Cloudy,15.2,76.52099904,101590,340,7.56,,
3/17/2022 13:15:00,Cloudy,,,,,,,
3/17/2022 13:55:00,Mostly Cloudy,16.6,65.90545218,101560,300,5.4,,
3/17/2022 14:15:00,Mostly Cloudy,17,63.82603585,101560,0,0,,
3/17/2022 14:35:00,Mostly Cloudy,,,,,,,
3/17/2022 14:55:00,Mostly Cloudy,18.6,53.96377793,101490,320,5.4,,
3/17/2022 15:15:00,Cloudy,,,,,,,
3/17/2022 15:35:00,Cloudy,18.9,51.55080306,101460,340,14.76,,
3/17/2022 15:55:00,Cloudy,18.7,51.49755051,101460,310,11.16,,
3/17/2022 16:15:00,Partly Cloudy,,,,,,,
3/17/2022 16:55:00,Clear,19.6,46.74631322,101460,270,11.16,,
3/17/2022 17:15:00,Clear,,,,,,,
3/17/2022 17:55:00,Cloudy,19,46.89916445,101490,310,7.56,,
3/17/2022 18:15:00,Partly Cloudy,18.3,48.99829363,101520,300,7.56,,
3/17/2022 18:35:00,Partly Cloudy,17.7,52.28859206,101560,310,12.96,,
3/17/2022 19:15:00,Partly Cloudy,,,,,,,
3/17/2022 19:55:00,Clear,13.8,68.95310375,101630,0,0,,
3/17/2022 20:15:00,Clear,,,,,,,
3/17/2022 20:35:00,Clear,12.8,72.60490926,101660,0,0,,
3/17/2022 20:55:00,Clear,11.3,82.90499058,101690,0,0,,
3/17/2022 21:15:00,Clear,,,,,,,
3/17/2022 21:35:00,Clear,9.8,90.38343131,101760,0,0,,
3/17/2022 21:55:00,Clear,10.5,87.42987065,101800,0,0,,
3/17/2022 22:15:00,Clear,9.2,92.8316712,101800,0,0,,
3/17/2022 22:35:00,Clear,9.7,90.9913316,101800,0,0,,
3/17/2022 22:55:00,Clear,8.5,96.0100313,101830,0,0,,
3/17/2022 23:15:00,Clear,,,,,,,
3/17/2022 23:35:00,Clear,,,,,,,
3/17/2022 23:55:00,Clear,8.7,100,101830,0,0,,
3/18/2022 0:15:00,Clear,,,,,,,
3/18/2022 0:35:00,Clear,,,,,,,
3/18/2022 0:55:00,Clear,7.8,100,101860,0,0,,
3/18/2022 1:15:00,Clear,,,,,,,
3/18/2022 1:35:00,Clear,,,,,,,
3/18/2022 1:55:00,Clear,7.3,100,101860,0,0,,
3/18/2022 2:15:00,Clear,,,,,,,
3/18/2022 2:55:00,Clear,6.9,100,101860,0,0,,
3/18/2022 3:15:00,Clear,,,,,,,
3/18/2022 3:35:00,Fog/Mist,,,,,,,
3/18/2022 3:55:00,Clear,6.7,100,101830,0,0,,
3/18/2022 4:15:00,Fog/Mist,,,,,,,
3/18/2022 4:35:00,Clear,,,,,,,
3/18/2022 4:55:00,Fog/Mist,5.5,100,101800,0,0,,
3/18/2022 5:15:00,Fog/Mist,,,,,,,
3/18/2022 5:35:00,Fog/Mist,5.5,100,101800,0,0,,
3/18/2022 5:55:00,Fog/Mist,4.6,100,101760,0,0,,
3/18/2022 6:15:00,Fog/Mist,4.8,100,101800,0,0,,
3/18/2022 6:35:00,Fog/Mist,4.7,100,101860,0,0,,
3/18/2022 6:55:00,Fog/Mist,4.6,100,101930,0,0,,
3/18/2022 7:15:00,Fog,4.9,100,101930,0,0,,
3/18/2022 7:55:00,Fog/Mist,5.1,100,101970,0,0,,
3/18/2022 8:15:00,Fog/Mist,,,,,,,
3/18/2022 8:55:00,Fog/Mist,9.3,100,101930,0,0,,
3/18/2022 9:15:00,Cloudy,10,100,101930,0,0,,
3/18/2022 9:35:00,Mostly Cloudy,,,,,,,
3/18/2022 9:55:00,Mostly Cloudy,13.1,98.70166538,101900,0,0,,
3/18/2022 10:15:00,Cloudy,,,,,,,
3/18/2022 10:35:00,Cloudy,,,,,,,
3/18/2022 10:55:00,Mostly Cloudy,16.3,71.79666057,101930,0,0,,
3/18/2022 11:15:00,Partly Cloudy,17.6,67.44498585,101860,90,7.56,,
3/18/2022 11:35:00,Partly Cloudy,18.9,57.78361768,101900,180,7.56,,
3/18/2022 11:55:00,Mostly Cloudy,18.8,54.74666781,101860,200,11.16,,
3/18/2022 12:15:00,Mostly Cloudy,,,,,,,
3/18/2022 12:55:00,Mostly Cloudy,19.6,48.03365908,101860,200,14.76,,
3/18/2022 13:15:00,Mostly Cloudy,19.2,48.91068959,101830,200,20.52,,
3/18/2022 13:35:00,Partly Cloudy,,,,,,,
3/18/2022 13:55:00,Partly Cloudy,19.6,48.68898862,101800,180,16.56,,
3/18/2022 14:15:00,Mostly Cloudy,,,,,,,
3/18/2022 14:35:00,Partly Cloudy,19.1,46.92688732,101730,200,14.76,,
3/18/2022 14:55:00,Partly Cloudy,19,49.18920903,101690,190,20.52,,
3/18/2022 15:15:00,Partly Cloudy,19,48.85613301,101660,200,11.16,,
3/18/2022 15:55:00,Mostly Cloudy,19.7,45.82876912,101630,170,24.12,,
3/18/2022 16:15:00,Partly Cloudy,,,,,,,
3/18/2022 16:35:00,Partly Cloudy,19.6,44.87239097,101560,200,14.76,,
3/18/2022 16:55:00,Partly Cloudy,19.1,46.92688732,101560,190,18.36,,
3/18/2022 17:15:00,Mostly Cloudy,,,,,,,
3/18/2022 17:35:00,Mostly Cloudy,18.6,49.41562274,101360,160,22.32,,
3/18/2022 17:55:00,Mostly Cloudy,18,51.66098811,101220,150,16.56,,
3/18/2022 18:15:00,Partly Cloudy,17.3,56.61703861,101150,160,14.76,,
3/18/2022 18:35:00,Partly Cloudy,,,,,,,
3/18/2022 18:55:00,Cloudy,17.5,55.15455392,101360,170,16.56,,
3/18/2022 19:15:00,Partly Cloudy,,,,,,,
3/18/2022 19:35:00,Mostly Cloudy,,,,,,,
3/18/2022 19:55:00,Cloudy,17,58.09352406,101390,190,11.16,,
3/18/2022 20:15:00,Cloudy,,,,,,,
3/18/2022 20:35:00,Cloudy,,,,,,,
3/18/2022 20:55:00,Cloudy,16.5,61.19359629,101390,0,0,,
3/18/2022 21:15:00,Cloudy,,,,,,,
3/18/2022 21:35:00,Mostly Cloudy,15.8,66.17655812,101390,190,7.56,,
3/18/2022 21:55:00,Partly Cloudy,15.6,67.48040348,101390,210,5.4,,
3/18/2022 22:15:00,Clear,,,,,,,
3/18/2022 22:55:00,Mostly Cloudy,14.9,73.96796142,101360,210,7.56,,
3/18/2022 23:15:00,Mostly Cloudy,,,,,,,
3/18/2022 23:35:00,Mostly Cloudy,14.5,76.91977663,101320,0,0,,
3/18/2022 23:55:00,Partly Cloudy,14,79.98013785,101290,220,7.56,,
3/19/2022 0:15:00,Clear,13.5,83.17231206,101290,210,5.4,,
3/19/2022 0:35:00,Clear,,,,,,,
3/19/2022 0:55:00,Clear,13,86.50241175,101290,0,0,,
3/19/2022 1:15:00,Clear,,,,,,,
3/19/2022 1:35:00,Clear,12.4,91.1726425,101290,0,0,,
3/19/2022 1:55:00,Clear,11.8,93.5926358,101290,0,0,,
3/19/2022 2:15:00,Clear,8.9,100,101250,0,0,,
3/19/2022 2:35:00,Clear,9.4,100,101290,0,0,,
3/19/2022 2:55:00,Clear,9,100,101250,0,0,,
3/19/2022 3:15:00,Clear,,,,,,,
3/19/2022 3:35:00,Clear,9.2,100,101220,0,0,,
3/19/2022 3:55:00,Clear,8.1,100,101220,0,0,,
3/19/2022 4:15:00,Clear,8.1,100,101190,0,0,,
3/19/2022 4:35:00,Clear,,,,,,,
3/19/2022 5:15:00,Mostly Cloudy,,,,,,,
3/19/2022 5:35:00,Cloudy,10.7,100,101150,0,0,,
3/19/2022 5:55:00,Cloudy,10.1,100,101190,170,5.4,,
3/19/2022 6:15:00,Cloudy,11.2,100,101190,170,9.36,,
3/19/2022 6:35:00,Cloudy,11.7,100,101150,0,0,,
3/19/2022 6:55:00,Cloudy,11,100,101150,0,0,,
3/19/2022 7:15:00,Partly Cloudy,9.4,100,101150,0,0,,
3/19/2022 7:35:00,Partly Cloudy,8.5,100,101190,0,0,,
3/19/2022 7:55:00,Mostly Cloudy,8.6,100,101220,0,0,,
3/19/2022 8:15:00,Cloudy,,,,,,,
3/19/2022 8:35:00,Cloudy,,,,,,,
3/19/2022 8:55:00,Cloudy,11.2,100,101220,0,0,,
3/19/2022 9:15:00,Cloudy,,,,,,,
3/19/2022 9:35:00,Cloudy,,,,,,,
3/19/2022 9:55:00,Cloudy,13.7,99.35199544,101220,190,7.56,,
3/19/2022 10:15:00,Cloudy,,,,,,,
3/19/2022 10:35:00,Cloudy,,,101220,190,12.96,,
3/19/2022 10:55:00,Cloudy,16.8,79.32557951,101220,180,12.96,,
3/19/2022 11:15:00,Cloudy,16.1,80.27097856,101220,190,12.96,,
3/19/2022 11:35:00,Cloudy,,,,,,,
3/19/2022 11:55:00,Cloudy,16.6,77.75599365,101190,180,18.36,,
3/19/2022 12:15:00,Cloudy,,,,,,,
3/19/2022 12:35:00,Cloudy,,,,,,,
3/19/2022 12:55:00,Mostly Cloudy,18.1,66.22494392,101120,190,16.56,,
3/19/2022 13:15:00,Mostly Cloudy,19.3,60.63135026,101080,180,18.36,,
3/19/2022 13:35:00,Mostly Cloudy,,,,,,,
3/19/2022 13:55:00,Mostly Cloudy,19,58.58318434,101080,220,16.56,,
3/19/2022 14:15:00,Partly Cloudy,,,,,,,
3/19/2022 14:35:00,Partly Cloudy,20.8,52.053247,101020,200,14.76,,
3/19/2022 14:55:00,Partly Cloudy,21.2,49.7838841,100980,210,14.76,,20.67546808
3/19/2022 15:15:00,Partly Cloudy,21.8,47.98867855,100950,240,16.56,,21.28859327
3/19/2022 15:35:00,Partly Cloudy,22.2,47.77833143,100950,270,16.56,,21.72310088
3/19/2022 15:55:00,Cloudy,22.5,43.00520436,100950,270,14.76,,21.92846922
3/19/2022 16:15:00,Partly Cloudy,,,,,,,
3/19/2022 16:55:00,Partly Cloudy,22.4,37.26662905,100950,280,18.36,,21.66862865
3/19/2022 17:15:00,Partly Cloudy,,,,,,,
3/19/2022 17:35:00,Clear,,,,,,,
3/19/2022 17:55:00,Clear,21.1,22.74700513,100980,260,22.32,,
3/19/2022 18:15:00,Clear,,,,,,,
3/19/2022 18:35:00,Clear,20,25.24771378,101020,280,20.52,,
3/19/2022 18:55:00,Clear,18.5,27.9219347,101050,260,20.52,,
3/19/2022 19:15:00,Clear,17.5,30.61012548,101080,280,16.56,,
3/19/2022 19:55:00,Clear,15.4,36.0132283,101190,280,5.4,,
3/19/2022 20:15:00,Clear,,,,,,,
3/19/2022 20:35:00,Clear,14.4,42.17110381,101250,270,12.96,,
3/19/2022 20:55:00,Clear,14.1,43.9290579,101290,250,11.16,,
3/19/2022 21:15:00,Clear,,,,,,,
3/19/2022 21:55:00,Clear,12.8,55.85586293,101360,290,14.76,,
3/19/2022 22:15:00,Clear,,,,,,,
3/19/2022 22:35:00,Mostly Cloudy,,,,,,,
3/19/2022 23:15:00,Cloudy,,,,,,,
3/19/2022 23:35:00,Cloudy,11.3,61.6528512,101490,300,12.96,,
3/19/2022 23:55:00,Cloudy,11,61.15016586,101490,290,16.56,,
3/20/2022 0:15:00,Cloudy,,,,,,,
3/20/2022 0:35:00,Cloudy,10,58.78400994,101560,290,16.56,,
3/20/2022 0:55:00,Cloudy,9.6,61.68223742,101560,280,14.76,7.464495004,
3/20/2022 1:15:00,Cloudy,,,,,,,
3/20/2022 1:35:00,Cloudy,8.7,63.24681351,101590,280,14.76,6.356655118,
3/20/2022 1:55:00,Cloudy,8.7,65.07308409,101630,290,14.76,6.356655118,
3/20/2022 2:15:00,Mostly Cloudy,,,,,,,
3/20/2022 2:35:00,Mostly Cloudy,,,,,,,
3/20/2022 2:55:00,Cloudy,7.5,74.18816667,101630,290,12.96,5.14536399,
3/20/2022 3:15:00,Cloudy,,,,,,,
3/20/2022 3:35:00,Cloudy,7,75.15662074,101660,280,14.76,4.264068666,
3/20/2022 3:55:00,Cloudy,6.4,77.76547354,101630,280,12.96,3.80514286,
3/20/2022 4:15:00,Cloudy,,,,,,,
3/20/2022 4:35:00,Cloudy,,,,,,,
3/20/2022 4:55:00,Cloudy,6,79.9402854,101590,300,11.16,3.637840588,
3/20/2022 5:15:00,Cloudy,,,,,,,
3/20/2022 5:35:00,Mostly Cloudy,5.8,77.67041829,101590,290,24.12,1.647004902,
3/20/2022 5:55:00,Mostly Cloudy,5.7,79.89681709,101590,290,18.36,2.166140627,
3/20/2022 6:15:00,Cloudy,,,,,,,
3/20/2022 6:35:00,Cloudy,,,,,,,
3/20/2022 6:55:00,Cloudy,6,79.37547147,101660,290,11.16,3.637840588,
3/20/2022 7:15:00,Cloudy,,,,,,,
3/20/2022 7:35:00,Cloudy,,,,,,,
3/20/2022 7:55:00,Cloudy,6.1,78.2719421,101730,300,25.92,1.858809831,
3/20/2022 8:15:00,Cloudy,,,,,,,
3/20/2022 8:35:00,Cloudy,,,,,,,
3/20/2022 8:55:00,Cloudy,6.1,78.8293587,101830,290,20.52,2.411301116,
3/20/2022 9:15:00,Cloudy,,,,,,,
3/20/2022 9:35:00,Cloudy,6.2,77.73385238,101860,300,20.52,2.537693356,
3/20/2022 9:55:00,Cloudy,6.3,79.41987143,101900,290,14.76,3.402415421,
3/20/2022 10:15:00,Cloudy,,,,,,,
3/20/2022 10:35:00,Cloudy,,,,,,,
3/20/2022 10:55:00,Cloudy,7.5,69.60174991,101930,300,18.36,4.420804267,
3/20/2022 11:15:00,Cloudy,,,,,,,
3/20/2022 11:55:00,Cloudy,7.2,80.11282076,102000,300,16.56,4.266999368,
3/20/2022 12:15:00,Cloudy,,,,,,,
3/20/2022 12:55:00,Cloudy,8,67.27149469,102030,290,18.36,5.047099723,
3/20/2022 13:15:00,Cloudy,,,,,,,
3/20/2022 13:35:00,,,,,,,,
3/20/2022 13:55:00,Mostly Cloudy,9.1,52.55237895,102030,290,18.36,6.424949725,
3/20/2022 14:35:00,Cloudy,,,,,,,
3/20/2022 14:55:00,Cloudy,10.6,48.92671574,102000,310,20.52,,
3/20/2022 15:15:00,Cloudy,,,,,,,
3/20/2022 15:35:00,Mostly Cloudy,10.8,46.22430791,102000,300,22.32,,
3/20/2022 15:55:00,Mostly Cloudy,11.3,43.11656679,101970,300,18.36,,
3/20/2022 16:15:00,Partly Cloudy,,,,,,,
3/20/2022 16:35:00,Mostly Cloudy,12.2,38.03767831,102000,300,25.92,,
3/20/2022 16:55:00,Partly Cloudy,12.1,38.00803257,102000,300,24.12,,
3/20/2022 17:15:00,Partly Cloudy,,,,,,,
3/20/2022 17:35:00,Partly Cloudy,,,,,,,
3/20/2022 17:55:00,Partly Cloudy,12.5,36.48072462,102030,300,22.32,,
3/20/2022 18:15:00,Partly Cloudy,,,,,,,
3/20/2022 18:35:00,Partly Cloudy,,,,,,,
3/20/2022 18:55:00,Partly Cloudy,11.7,36.5129719,102070,300,12.96,,
3/20/2022 19:15:00,Partly Cloudy,,,,,,,
3/20/2022 19:35:00,Clear,11,37.12497003,102100,300,14.76,,
3/20/2022 19:55:00,Clear,10.7,38.15524143,102130,300,16.56,,
3/20/2022 20:15:00,Clear,,,,,,,
3/20/2022 20:55:00,Clear,10.4,38.35041345,102200,310,12.96,,
3/20/2022 21:15:00,Clear,,,,,,,
3/20/2022 21:35:00,Clear,,,,,,,
3/20/2022 21:55:00,Clear,9.8,39.91985743,102270,290,12.96,7.947644536,
3/20/2022 22:15:00,Clear,,,,,,,
3/20/2022 22:35:00,Clear,,,,,,,
3/20/2022 22:55:00,Clear,9.7,42.02000603,102300,290,22.32,6.796266534,
3/20/2022 23:15:00,Clear,,,,,,,
3/20/2022 23:35:00,Clear,9.1,44.0746,102340,290,7.56,8.060464821,
3/20/2022 23:55:00,Clear,9,44.70228189,102370,300,9.36,7.568937305,
3/21/2022 0:15:00,Clear,,,,,,,
3/21/2022 0:35:00,Clear,,,,,,,
3/21/2022 0:55:00,Clear,7.3,51.29545113,102370,0,0,,
3/21/2022 1:15:00,Clear,,,,,,,
3/21/2022 1:35:00,Clear,7.7,49.54707741,102370,290,7.56,6.423773637,
3/21/2022 1:55:00,Clear,6.9,53.10983471,102410,290,9.36,5.07392768,
3/21/2022 2:15:00,Clear,7.9,50.33992157,102410,310,11.16,5.925957111,
3/21/2022 2:35:00,Clear,,,,,,,
3/21/2022 2:55:00,Clear,7.4,52.8568629,102440,310,12.96,5.023525705,
3/21/2022 3:15:00,Clear,,,,,,,
3/21/2022 3:35:00,Clear,,,,,,,
3/21/2022 3:55:00,Clear,6,57.34189812,102440,0,0,,
3/21/2022 4:15:00,Clear,,,,,,,
3/21/2022 4:35:00,Clear,2.9,74.43234495,102470,0,0,,
3/21/2022 4:55:00,Clear,2.9,72.27988697,102470,0,0,,
3/21/2022 5:15:00,Clear,,,,,,,
3/21/2022 5:35:00,Clear,,,,,,,
3/21/2022 5:55:00,Clear,1.6,79.28901243,102570,0,0,,
3/21/2022 6:15:00,Clear,,,,,,,
3/21/2022 6:35:00,Clear,,,,,,,
3/21/2022 6:55:00,Clear,1.2,82.80267085,102640,0,0,,
3/21/2022 7:15:00,Clear,1.2,84.02551631,102680,0,0,,
3/21/2022 7:35:00,Clear,,,,,,,
3/21/2022 7:55:00,Clear,1.7,83.47420059,102740,0,0,,
3/21/2022 8:15:00,Clear,,,,,,,
3/21/2022 8:35:00,Clear,,,,,,,
3/21/2022 8:55:00,Clear,6.5,62.27497883,102780,0,0,,
3/21/2022 9:15:00,Clear,7.8,57.38923745,102810,0,0,,
3/21/2022 9:35:00,Clear,8.2,56.66588307,102810,0,0,,
3/21/2022 9:55:00,Clear,8.9,54.04411273,102810,0,0,,
3/21/2022 10:15:00,Clear,10.1,50.95345184,102810,0,0,,
3/21/2022 10:55:00,Clear,12.6,43.18218444,102780,300,7.56,,
3/21/2022 11:15:00,Clear,,,,,,,
3/21/2022 11:35:00,Clear,14,39.70145698,102740,260,14.76,,
3/21/2022 11:55:00,Clear,14.1,39.16101966,102740,280,9.36,,
3/21/2022 12:15:00,Clear,,,,,,,
3/21/2022 12:35:00,Clear,15.6,36.33302192,102680,0,0,,
3/21/2022 12:55:00,Clear,15.8,35.61321284,102680,260,7.56,,
3/21/2022 13:15:00,Clear,,,,,,,
3/21/2022 13:35:00,Clear,16.8,34.14612154,102640,250,12.96,,
3/21/2022 13:55:00,Clear,17.2,31.4227715,102610,290,12.96,,
3/21/2022 14:15:00,Clear,,,,,,,
3/21/2022 14:55:00,Clear,18.3,29.96296025,102470,290,9.36,,
3/21/2022 15:15:00,Clear,18.6,28.56574009,102440,240,9.36,,
3/21/2022 15:35:00,Clear,18.4,29.5611638,102440,270,7.56,,
3/21/2022 15:55:00,Clear,18.9,28.4443361,102410,300,11.16,,
3/21/2022 16:15:00,Clear,,,,,,,
3/21/2022 16:35:00,Clear,18.7,29.22173939,102340,180,5.4,,
3/21/2022 16:55:00,Clear,18.8,27.60288122,102340,290,7.56,,
3/21/2022 17:15:00,Clear,,,,,,,
3/21/2022 17:35:00,Clear,,,,,,,
3/21/2022 17:55:00,Clear,19,27.45918466,102300,0,0,,
3/21/2022 18:15:00,Clear,18.9,27.03474756,102270,0,0,,
3/21/2022 18:55:00,Clear,17.9,30.5039668,102270,0,0,,
3/21/2022 19:15:00,Clear,,,,,,,
3/21/2022 19:55:00,Clear,14.5,37.88584129,102270,0,0,,
3/21/2022 20:15:00,Clear,,,,,,,
3/21/2022 20:55:00,Clear,11.7,49.58951838,102270,0,0,,
3/21/2022 21:15:00,Clear,,,,,,,
3/21/2022 21:35:00,Clear,,,,,,,
3/21/2022 21:55:00,Clear,13.4,39.81304089,102300,200,5.4,,
3/21/2022 22:15:00,Clear,,,,,,,
3/21/2022 22:35:00,Clear,13.1,38.8667764,102340,0,0,,
3/21/2022 22:55:00,Clear,10.3,49.55511618,102300,0,0,,
3/21/2022 23:15:00,Clear,9.5,51.52960032,102340,0,0,,
3/21/2022 23:55:00,Clear,7.2,62.44224413,102340,0,0,,
3/22/2022 0:15:00,Clear,,,,,,,
3/22/2022 0:35:00,Clear,7.2,62.89465711,102340,0,0,,
3/22/2022 0:55:00,Clear,7.1,64.71070042,102300,0,0,,
3/22/2022 1:15:00,Clear,,,,,,,
3/22/2022 1:35:00,Clear,5.8,68.75497286,102340,0,0,,
3/22/2022 1:55:00,Clear,4.9,73.71853284,102300,0,0,,
3/22/2022 2:15:00,Clear,5,73.20684672,102300,0,0,,
3/22/2022 2:55:00,Clear,4.9,70.58728491,102340,0,0,,
3/22/2022 3:15:00,Clear,5.4,71.19936532,102300,0,0,,
3/22/2022 3:55:00,Clear,4.5,75.26027534,102270,0,0,,
3/22/2022 4:15:00,Clear,,,,,,,
3/22/2022 4:35:00,Clear,5.1,75.90785988,102270,0,0,,
3/22/2022 4:55:00,Clear,6,67.81101369,102240,0,0,,
3/22/2022 5:15:00,Clear,,,,,,,
3/22/2022 5:55:00,Clear,6.5,67.43078657,102270,0,0,,
3/22/2022 6:15:00,Clear,6.6,70.92514516,102270,0,0,,
3/22/2022 6:55:00,Clear,6.1,75.00012439,102270,0,0,,
3/22/2022 7:15:00,Clear,,,,,,,
3/22/2022 7:55:00,Clear,5.5,73.2995029,102300,0,0,,
3/22/2022 8:15:00,Clear,,,,,,,
3/22/2022 8:35:00,Clear,,,,,,,
3/22/2022 8:55:00,Clear,,,102270,0,0,,
3/22/2022 9:15:00,Clear,,,,,,,
3/22/2022 9:35:00,Clear,,,,,,,
3/22/2022 9:55:00,Clear,14.1,38.31995803,102300,0,0,,
3/22/2022 10:15:00,Clear,,,,,,,
3/22/2022 10:55:00,Clear,14.7,37.67142905,102340,320,5.4,,
3/22/2022 11:15:00,Clear,,,,,,,
3/22/2022 11:35:00,Clear,15.9,35.38633064,102300,0,0,,
3/22/2022 11:55:00,Clear,16.8,33.90110383,102270,0,0,,
3/22/2022 12:15:00,Clear,,,,,,,
3/22/2022 12:55:00,Clear,18.1,30.12285543,102200,90,5.4,,
3/22/2022 13:15:00,Clear,,,,,,,
3/22/2022 13:55:00,Clear,20,27.9410255,102130,30,7.56,,
3/22/2022 14:15:00,Clear,20.1,26.97919894,102070,70,5.4,,
3/22/2022 14:55:00,Clear,20.1,28.17098483,102030,180,12.96,,
3/22/2022 15:15:00,Clear,,,,,,,
3/22/2022 15:35:00,Clear,,,,,,,
3/22/2022 15:55:00,Clear,19.5,27.20315234,101930,160,5.4,,
3/22/2022 16:15:00,Clear,,,,,,,
3/22/2022 16:35:00,Clear,19.2,30.00440937,101900,140,9.36,,
3/22/2022 16:55:00,Clear,18.7,30.29489631,101900,170,9.36,,
3/22/2022 17:15:00,Clear,,,,,,,
3/22/2022 17:55:00,Clear,19.6,30.77149682,101900,160,11.16,,
3/22/2022 18:15:00,Clear,,,,,,,
3/22/2022 18:35:00,Clear,,,,,,,
3/22/2022 18:55:00,Clear,18.1,39.21009462,101900,150,12.96,,
3/22/2022 19:15:00,Clear,,,,,,,
3/22/2022 19:35:00,Clear,,,,,,,
3/22/2022 19:55:00,Clear,16.8,42.26586824,101930,140,5.4,,
3/22/2022 20:15:00,Clear,,,,,,,
3/22/2022 20:35:00,Clear,16.3,45.50439933,101930,150,5.4,,
3/22/2022 20:55:00,Clear,14.8,50.09388992,101930,110,7.56,,
3/22/2022 21:15:00,Clear,14.8,50.44516207,101930,100,5.4,,
3/22/2022 21:35:00,Clear,12.9,58.68080389,101930,120,7.56,,
3/22/2022 21:55:00,Clear,13.6,56.06223885,101930,120,9.36,,
3/22/2022 22:15:00,Clear,,,,,,,
3/22/2022 22:55:00,Clear,13.1,60.80332237,101900,120,9.36,,
3/22/2022 23:15:00,Clear,,,,,,,
3/22/2022 23:35:00,Clear,,,,,,,
3/22/2022 23:55:00,Clear,14,61.43898823,101860,120,9.36,,
3/23/2022 0:15:00,Clear,,,,,,,
3/23/2022 0:35:00,Partly Cloudy,,,,,,,
3/23/2022 0:55:00,Partly Cloudy,13.7,63.51287795,101860,0,0,,
3/23/2022 1:15:00,Partly Cloudy,,,,,,,
3/23/2022 1:35:00,Clear,,,,,,,
3/23/2022 1:55:00,Clear,14.6,64.58978699,101830,0,0,,
3/23/2022 2:15:00,Partly Cloudy,,,,,,,
3/23/2022 2:35:00,Mostly Cloudy,14.4,69.54179116,101860,180,5.4,,
3/23/2022 7:55:00,Light Rain,12,100,101590,110,12.96,,
3/23/2022 8:15:00,Light Rain,,,,,,,
3/23/2022 8:55:00,Rain,12,100,101590,100,11.16,,
3/23/2022 9:15:00,Light Rain,12.2,100,101590,100,11.16,,
3/23/2022 9:35:00,Rain,,,,,,,
3/23/2022 9:55:00,Light Rain,12.3,100,101560,100,18.36,,
3/23/2022 10:15:00,Rain,,,,,,,
3/23/2022 10:35:00,Rain,12.5,100,101560,100,16.56,,
3/23/2022 10:55:00,Rain,12.5,100,101520,110,12.96,,
3/23/2022 11:35:00,Light Rain,,,,,,,
3/23/2022 11:55:00,Light Rain,13.1,100,101390,110,22.32,,
3/23/2022 12:15:00,Cloudy,13,100,101390,100,20.52,,
3/23/2022 12:35:00,Cloudy,13.2,100,101320,120,16.56,,
3/23/2022 12:55:00,Cloudy,13.1,100,101320,110,18.36,,
3/23/2022 13:15:00,Rain,,,,,,,
3/23/2022 13:35:00,Drizzle,13.2,100,101290,100,16.56,,
3/23/2022 13:55:00,Drizzle,13.1,100,101250,90,14.76,,
3/23/2022 14:15:00,Light Drizzle,,,,,,,
3/23/2022 14:35:00,Rain,13.1,100,101190,100,18.36,,
3/23/2022 14:55:00,Drizzle,13,100,101150,110,14.76,,
3/23/2022 15:15:00,Light Rain,,,,,,,
3/23/2022 15:35:00,Drizzle,13,100,101120,110,20.52,,
3/23/2022 15:55:00,Drizzle,12.5,100,101080,110,14.76,,
3/23/2022 16:15:00,Rain,,,,,,,
3/23/2022 16:35:00,Light Rain,12.3,100,101050,110,14.76,,
3/23/2022 16:55:00,Light Drizzle,11.9,100,101020,110,16.56,,
3/23/2022 17:15:00,Rain,,,,,,,
3/23/2022 17:55:00,Rain,12.4,100,100980,100,12.96,,
3/23/2022 18:15:00,Rain,,,,,,,
3/23/2022 18:35:00,Cloudy,,,,,,,
3/23/2022 18:55:00,Cloudy,13.1,100,101020,120,14.76,,
3/23/2022 19:15:00,Cloudy,,,,,,,
3/23/2022 19:55:00,Fog,11.8,100,101020,120,18.36,,
3/23/2022 20:15:00,Fog,11.8,100,101050,110,14.76,,
3/23/2022 20:35:00,Fog,,,,,,,
3/23/2022 20:55:00,Rain,12.8,100,101120,360,12.96,,
3/23/2022 21:15:00,Heavy Rain,14.5,100,101080,130,12.96,,
3/23/2022 21:35:00,Light Rain,16,100,100980,160,7.56,,
3/23/2022 21:55:00,Cloudy,16,100,101050,0,0,,
3/23/2022 22:15:00,Light Rain,16.1,98.10238235,101050,180,12.96,,
3/23/2022 22:55:00,Partly Cloudy,15.7,100,101050,180,9.36,,
3/23/2022 23:15:00,Partly Cloudy,,,,,,,
3/23/2022 23:55:00,Cloudy,16.8,96.87163111,101050,200,11.16,,
3/24/2022 0:15:00,Cloudy,,,,,,,
3/24/2022 0:35:00,Cloudy,,,,,,,
3/24/2022 0:55:00,Cloudy,17,98.74008753,101080,200,11.16,,
3/24/2022 1:15:00,Partly Cloudy,,,,,,,
3/24/2022 1:35:00,Mostly Cloudy,17.1,89.73448141,101050,210,11.16,,
3/24/2022 1:55:00,Mostly Cloudy,16.6,91.44416209,101050,210,7.56,,
3/24/2022 2:15:00,Partly Cloudy,,,,,,,
3/24/2022 2:35:00,Partly Cloudy,16.1,95.0099744,101080,240,9.36,,
3/24/2022 2:55:00,Partly Cloudy,15.9,96.23078373,101080,260,7.56,,
3/24/2022 3:15:00,Mostly Cloudy,,,,,,,
3/24/2022 3:35:00,Partly Cloudy,,,,,,,
3/24/2022 4:15:00,Clear,12.2,100,101080,0,0,,
3/24/2022 4:35:00,Clear,,,,,,,
3/24/2022 4:55:00,Clear,13.5,76.2469801,101080,260,7.56,,
3/24/2022 5:15:00,Clear,,,,,,,
3/24/2022 5:35:00,Clear,,,,,,,
3/24/2022 5:55:00,Partly Cloudy,12.5,77.64412654,101150,250,5.4,,
3/24/2022 6:15:00,Mostly Cloudy,,,,,,,
3/24/2022 6:35:00,Mostly Cloudy,12.6,76.61682485,101220,0,0,,
3/24/2022 6:55:00,Partly Cloudy,11.7,80.74124706,101220,0,0,,
3/24/2022 7:15:00,Partly Cloudy,,,,,,,
3/24/2022 7:35:00,Clear,10.1,90.40514614,101250,0,0,,
3/24/2022 7:55:00,Clear,8.9,97.99341658,101250,0,0,,
3/24/2022 8:15:00,Clear,,,,,,,
3/24/2022 8:35:00,Clear,,,,,,,
3/24/2022 8:55:00,Clear,11.8,85.80554812,101320,0,0,,
3/24/2022 9:15:00,Clear,12.8,77.16820662,101320,0,0,,
3/24/2022 10:15:00,Clear,13.6,70.80895722,101290,280,7.56,,
3/24/2022 10:55:00,Clear,14.5,67.25086121,101290,260,5.4,,
3/24/2022 11:15:00,Clear,,,,,,,
3/24/2022 11:35:00,Clear,14.6,65.91876428,101220,0,0,,
3/24/2022 11:55:00,Clear,15.1,63.39821532,101190,270,9.36,,
3/24/2022 12:15:00,Mostly Cloudy,,,,,,,
3/24/2022 12:55:00,Cloudy,14.9,64.65631793,101190,210,7.56,,
3/24/2022 13:15:00,Cloudy,15.2,64.72268226,101190,0,0,,
3/24/2022 13:55:00,Mostly Cloudy,15.6,63.08343116,101150,200,11.16,,
3/24/2022 14:15:00,Partly Cloudy,16,63.60169798,101080,220,7.56,,
3/24/2022 14:35:00,Clear,,,,,,,
3/24/2022 14:55:00,Clear,16.4,62.00063909,101020,0,0,,
3/24/2022 15:15:00,Clear,,,,,,,
3/24/2022 15:55:00,Clear,16.8,52.04920641,100920,180,5.4,,
3/24/2022 16:15:00,Clear,,,,,,,
3/24/2022 16:35:00,Clear,17.1,48.00196341,100850,220,7.56,,
3/24/2022 16:55:00,Partly Cloudy,17.2,47.69919439,100850,220,11.16,,
3/24/2022 17:15:00,Partly Cloudy,,,,,,,
3/24/2022 17:35:00,Mostly Cloudy,17.6,50.16375255,100810,200,7.56,,
3/24/2022 17:55:00,Mostly Cloudy,16.7,53.46797354,100780,180,9.36,,
3/24/2022 18:15:00,Cloudy,,,,,,,
3/24/2022 18:35:00,Cloudy,16.5,57.1878602,100810,0,0,,
3/24/2022 18:55:00,Cloudy,16.5,57.1878602,100850,190,7.56,,
3/24/2022 19:15:00,Cloudy,16.1,60.68734538,100850,220,9.36,,
3/24/2022 19:55:00,Partly Cloudy,14.6,,100920,210,9.36,,
3/24/2022 20:15:00,Clear,,,,,,,
3/24/2022 20:55:00,Clear,13.6,,100950,250,9.36,,
3/24/2022 21:15:00,Clear,,,,,,,
3/24/2022 21:35:00,Clear,,,,,,,
3/24/2022 21:55:00,Clear,10.6,42.28549624,100980,250,5.4,,
3/24/2022 22:15:00,Clear,,,,,,,
3/24/2022 22:35:00,Clear,10.5,39.24547668,100980,270,7.56,,
3/24/2022 22:55:00,Clear,9.9,41.76885991,101020,0,0,,
3/24/2022 23:15:00,Clear,,,,,,,
3/24/2022 23:35:00,Clear,9.1,44.40197695,101020,0,0,,
3/24/2022 23:55:00,Clear,9,44.04525865,101020,0,0,,
3/25/2022 0:15:00,Clear,8.4,49.74489285,101020,270,5.4,7.824163138,
3/25/2022 0:35:00,Clear,,,,,,,
3/25/2022 0:55:00,Clear,8.9,50.61990955,101050,0,0,,
3/25/2022 1:15:00,Clear,,,,,,,
3/25/2022 1:55:00,Clear,8.1,54.22235699,101020,300,7.56,6.89139969,
3/25/2022 2:15:00,Clear,,,,,,,
3/25/2022 2:35:00,Clear,8.6,49.80124627,101020,260,5.4,8.052236358,
3/25/2022 2:55:00,Clear,8.1,52.66198307,100980,0,0,,
3/25/2022 3:15:00,Clear,,,,,,,
3/25/2022 3:35:00,Clear,6.6,59.20419795,101020,0,0,,
3/25/2022 3:55:00,Clear,5.2,69.12877184,100980,0,0,,
3/25/2022 4:15:00,Clear,,,,,,,
3/25/2022 4:55:00,Clear,6.5,57.89441591,100950,290,5.4,5.657467543,
3/25/2022 5:15:00,Clear,,,,,,,
3/25/2022 5:35:00,Clear,5.9,60.7833282,100950,0,0,,
3/25/2022 5:55:00,Clear,5.4,62.92516714,100950,0,0,,
3/25/2022 6:15:00,Clear,4.7,66.0666415,100950,0,0,,
3/25/2022 6:35:00,Clear,4.6,66.52954368,100950,0,0,,
3/25/2022 6:55:00,Clear,4.4,68.46011084,100950,0,0,,
3/25/2022 7:15:00,Clear,,,,,,,
3/25/2022 7:35:00,Clear,,,,,,,
3/25/2022 7:55:00,Clear,4.6,72.08021665,100980,0,0,,
3/25/2022 8:15:00,Clear,,,,,,,
3/25/2022 8:35:00,Clear,,,,,,,
3/25/2022 8:55:00,Clear,7.8,63.03605189,100980,290,7.56,6.540680151,
3/25/2022 9:15:00,Clear,,,,,,,
3/25/2022 9:35:00,Clear,8.2,60.03631601,101020,290,9.36,6.618457448,
3/25/2022 10:15:00,Clear,9.2,58.16449116,101050,300,11.16,7.491510521,
3/25/2022 10:55:00,Partly Cloudy,10.1,55.15038609,101020,220,9.36,,
3/25/2022 11:15:00,Mostly Cloudy,,,,,,,
3/25/2022 11:35:00,Cloudy,,,,,,,
3/25/2022 11:55:00,Cloudy,10.4,51.77711809,100980,280,14.76,,
3/25/2022 12:15:00,Cloudy,,,,,,,
3/25/2022 12:35:00,Cloudy,9.7,53.48233372,100950,230,7.56,8.7619039,
3/25/2022 12:55:00,Cloudy,9.8,53.50929913,100920,270,5.4,9.420675681,
3/25/2022 13:15:00,Cloudy,,,,,,,
3/25/2022 13:35:00,Cloudy,,,,,,,
3/25/2022 13:55:00,Cloudy,11.6,47.81303078,100810,280,16.56,,
3/25/2022 14:15:00,Cloudy,11.9,46.87586076,100780,290,11.16,,
3/25/2022 14:35:00,Cloudy,12.5,45.3879696,100750,300,14.76,,
3/25/2022 14:55:00,Cloudy,11.8,46.51093048,100780,290,16.56,,
3/25/2022 15:15:00,Cloudy,,,,,,,
3/25/2022 15:35:00,Cloudy,11.9,48.24294658,100750,270,16.56,,
3/25/2022 15:55:00,Cloudy,11.1,49.77883409,100750,270,12.96,,
3/25/2022 16:15:00,Cloudy,,,,,,,
3/25/2022 16:35:00,Mostly Cloudy,11.8,46.84736159,100780,260,20.52,,
3/25/2022 16:55:00,Mostly Cloudy,10.7,50.02667619,100780,250,18.36,,
3/25/2022 17:15:00,Cloudy,,,,,,,
3/25/2022 17:35:00,Cloudy,10,53.56317295,100780,270,14.76,,
3/25/2022 17:55:00,Mostly Cloudy,10.7,50.75271741,100780,250,14.76,,
3/25/2022 18:15:00,Mostly Cloudy,,,,,,,
3/25/2022 18:35:00,Cloudy,9.2,54.51713493,100810,290,11.16,7.491510521,
3/25/2022 18:55:00,Cloudy,8.8,56.41342554,100850,290,14.76,6.479748439,
3/25/2022 19:15:00,Cloudy,,,,,,,
3/25/2022 19:35:00,Cloudy,8.1,57.88401173,100920,280,9.36,6.499647466,
3/25/2022 19:55:00,Cloudy,8,57.85839536,100920,280,9.36,6.380837483,
3/25/2022 20:15:00,Cloudy,7.7,59.05174773,100920,270,11.16,5.68510274,
3/25/2022 20:35:00,Cloudy,,,,,,,
3/25/2022 20:55:00,Cloudy,7.2,60.22316113,100880,290,11.16,5.082966813,
3/25/2022 21:15:00,Cloudy,,,,,,,
3/25/2022 21:35:00,Cloudy,7.2,61.54606208,100920,280,14.76,4.510255307,
3/25/2022 21:55:00,Cloudy,7.1,62.871022,100920,290,14.76,4.387161986,
3/25/2022 22:15:00,Cloudy,,,,,,,
3/25/2022 22:35:00,Cloudy,6.8,64.64219535,100880,280,9.36,4.955117698,
3/25/2022 22:55:00,Cloudy,6.8,65.58112833,100880,270,9.36,4.955117698,
3/25/2022 23:15:00,Cloudy,,,,,,,
3/25/2022 23:35:00,Cloudy,6.6,67.45231843,100850,260,11.16,4.3604037,
3/25/2022 23:55:00,Cloudy,6.2,69.83593836,100850,280,16.56,3.024741903,
3/26/2022 0:15:00,Cloudy,,,,,,,
3/26/2022 0:35:00,Cloudy,,,,,,,
3/26/2022 0:55:00,Cloudy,5.6,75.45090243,100880,290,11.16,3.156131846,
3/26/2022 1:15:00,Cloudy,5.5,74.3597979,100810,300,14.76,2.417668855,
3/26/2022 1:35:00,Light Drizzle,5.5,72.77439605,100810,280,16.56,2.155161678,
3/26/2022 1:55:00,Light Drizzle,5.1,78.6770046,100780,290,11.16,2.553995919,
3/26/2022 2:15:00,Cloudy,,,,,,,
3/26/2022 2:35:00,Cloudy,5.1,71.14029684,100750,270,11.16,2.553995919,
3/26/2022 2:55:00,Mostly Cloudy,4.8,71.08106089,100710,280,16.56,1.285581453,
3/26/2022 3:15:00,Cloudy,,,,,,,
3/26/2022 3:35:00,Mostly Cloudy,4.6,72.08021665,100640,270,11.16,1.951859992,
3/26/2022 3:55:00,Mostly Cloudy,4.5,72.06096847,100580,270,11.16,1.831432807,
3/26/2022 4:15:00,Partly Cloudy,,,,,,,
3/26/2022 4:35:00,Clear,4,74.62954111,100510,260,12.96,0.881024029,
3/26/2022 4:55:00,Mostly Cloudy,4.5,71.02165689,100510,250,9.36,2.222488109,
3/26/2022 5:15:00,Light Snow,,,,,,,
3/26/2022 5:55:00,Light Snow,1,100,100680,290,9.36,-1.935861266,
3/26/2022 6:15:00,Light Snow,,,,,,,
3/26/2022 6:55:00,Cloudy,0.5,100,100680,240,11.16,-2.985654609,
3/26/2022 7:15:00,Partly Cloudy,,,,,,,
3/26/2022 7:35:00,Clear,0.2,98.56126417,100680,280,7.56,-2.344214848,
3/26/2022 7:55:00,Partly Cloudy,0.8,84.59637882,100680,280,9.36,-2.17348123,
3/26/2022 8:15:00,Partly Cloudy,,,,,,,
3/26/2022 8:35:00,Clear,1.7,75.87803611,100680,250,11.16,-1.540528384,
3/26/2022 8:55:00,Clear,2.4,71.12504912,100640,250,7.56,0.227728441,
3/26/2022 9:15:00,Clear,3,66.66486262,100610,270,12.96,-0.337358817,
3/26/2022 9:55:00,Mostly Cloudy,4.3,56.47322679,100610,290,18.36,0.412513351,
3/26/2022 10:15:00,Mostly Cloudy,,,,,,,
3/26/2022 10:35:00,Cloudy,,,,,,,
3/26/2022 10:55:00,Cloudy,5.5,49.28868653,100540,280,20.52,1.652947677,
3/26/2022 11:15:00,Cloudy,4.7,48.32160271,100540,290,24.12,0.238175681,
3/26/2022 11:35:00,Light Snow,,,,,,,
3/26/2022 11:55:00,Light Snow,4.1,58.56683691,100580,280,20.52,-0.116543681,
3/26/2022 12:15:00,Cloudy,4.5,,100580,280,18.36,0.663031533,
3/26/2022 12:35:00,Cloudy,,,,,,,
3/26/2022 12:55:00,Light Snow,4.3,57.75173589,100580,280,18.36,0.412513351,
3/26/2022 13:15:00,Light Snow,,,,,,,
3/26/2022 13:35:00,Light Snow,2.6,,100610,270,14.76,-1.152037446,
3/26/2022 13:55:00,Mostly Cloudy,5,67.59611664,100610,280,18.36,1.289326989,
3/26/2022 14:15:00,Cloudy,,,,,,,
3/26/2022 14:55:00,Light Snow,2.2,98.58447829,100680,300,24.12,-2.96370891,
3/26/2022 15:15:00,Cloudy,,,,,,,
3/26/2022 15:35:00,Cloudy,4.1,67.40104155,100680,290,16.56,0.416001228,
3/26/2022 15:55:00,Cloudy,4.3,63.12664195,100680,290,18.36,0.412513351,
3/26/2022 16:15:00,Cloudy,4.6,56.97558529,100680,290,22.32,0.3058867,
3/26/2022 16:35:00,Cloudy,,,,,,,
3/26/2022 16:55:00,Mostly Cloudy,3.2,75.58179694,100750,300,14.76,-0.413477521,
3/26/2022 17:15:00,Mostly Cloudy,,,,,,,
3/26/2022 17:35:00,Cloudy,3.3,68.73042547,100780,300,16.56,-0.577804744,
3/26/2022 17:55:00,Cloudy,3.5,63.87681672,100780,280,14.76,-0.044197559,
3/26/2022 18:15:00,Cloudy,,,,,,,
3/26/2022 18:35:00,Cloudy,,,,,,,
3/26/2022 18:55:00,Mostly Cloudy,2.9,64.21188611,100880,300,18.36,-1.341113925,
3/26/2022 19:15:00,Cloudy,,,,,,,
3/26/2022 19:35:00,Light Snow,1.8,75.89527901,100920,300,18.36,-2.718963927,
3/26/2022 19:55:00,Mostly Cloudy,1.7,70.45901322,100920,290,27.72,-4.004435441,
3/26/2022 20:15:00,Mostly Cloudy,,,,,,,
3/26/2022 20:35:00,Partly Cloudy,1.7,65.87866411,100980,300,25.92,-3.810104086,
3/26/2022 20:55:00,Partly Cloudy,1.5,65.34044308,100980,300,24.12,-3.860236596,
3/26/2022 21:15:00,Clear,,,,,,,
3/26/2022 21:35:00,Clear,,,,,,,
3/26/2022 21:55:00,Clear,1,63.28227862,101080,300,22.32,-4.275557889,
3/26/2022 22:15:00,Clear,,,,,,,
3/26/2022 22:35:00,Clear,0.5,67.10985101,101080,270,9.36,-2.529911177,
3/26/2022 22:55:00,Partly Cloudy,0.5,66.60464209,101080,270,11.16,-2.985654609,
3/26/2022 23:15:00,Partly Cloudy,0.1,69.60366188,101080,280,7.56,-2.461121361,
3/26/2022 23:35:00,Partly Cloudy,0,71.17542033,101080,270,7.56,-2.578027874,
3/26/2022 23:55:00,Partly Cloudy,-0.1,72.23564757,101120,290,9.36,-3.242771069,
3/27/2022 0:15:00,Partly Cloudy,,,,,,,
3/27/2022 0:35:00,Partly Cloudy,-0.1,72.78126601,101080,270,5.4,-1.868948732,
3/27/2022 0:55:00,Mostly Cloudy,0,71.17542033,101080,270,5.4,-1.754912121,
3/27/2022 1:15:00,Mostly Cloudy,0,69.58269247,101080,290,12.96,-3.992507354,
3/27/2022 1:35:00,Mostly Cloudy,0,67.50836062,101080,280,16.56,-4.677254377,
3/27/2022 1:55:00,Mostly Cloudy,0,64.01023229,101050,290,22.32,-5.548181386,
3/27/2022 2:15:00,Cloudy,0,65.98887873,101050,290,14.76,-4.352463784,
3/27/2022 2:35:00,Cloudy,0,64.01023229,101050,290,18.36,-4.973627568,
3/27/2022 2:55:00,Cloudy,0,63.52389098,101020,290,22.32,-5.548181386,
3/27/2022 3:15:00,Cloudy,0,63.52389098,101020,290,24.12,-5.781367351,
3/27/2022 3:55:00,Cloudy,0,63.04083881,101020,290,16.56,-4.677254377,
3/27/2022 4:15:00,Cloudy,,,,,,,
3/27/2022 4:35:00,Mostly Cloudy,-0.5,56.91770822,101020,290,25.92,-6.644561045,
3/27/2022 4:55:00,Mostly Cloudy,-0.5,56.04110225,101050,290,24.12,-6.42174427,
3/27/2022 5:15:00,Cloudy,,,,,,,
3/27/2022 5:35:00,Mostly Cloudy,-0.6,59.59542537,101080,300,22.32,-6.311755484,
3/27/2022 5:55:00,Mostly Cloudy,-0.7,61.43645586,101080,300,24.12,-6.677895037,
3/27/2022 6:15:00,Cloudy,-0.8,62.84617603,101080,300,20.52,-6.309763433,
3/27/2022 6:35:00,Cloudy,-0.8,61.41140418,101080,300,14.76,-5.33721035,
3/27/2022 6:55:00,Mostly Cloudy,-1,63.2825894,101080,300,20.52,-6.562547913,
3/27/2022 7:15:00,Partly Cloudy,,,,,,,
3/27/2022 7:35:00,Partly Cloudy,,,,,,,
3/27/2022 7:55:00,Clear,-1,63.77121389,101080,300,25.92,-7.288755808,
3/27/2022 8:15:00,Partly Cloudy,,,,,,,
3/27/2022 8:35:00,Partly Cloudy,,,,,,,
3/27/2022 8:55:00,Partly Cloudy,-0.5,59.16286051,101150,300,25.92,-6.644561045,
3/27/2022 9:15:00,Partly Cloudy,,,,,,,
3/27/2022 9:35:00,Partly Cloudy,-0.1,56.58587459,101190,290,24.12,-5.909442735,
3/27/2022 9:55:00,Partly Cloudy,0,57.93888897,101220,280,20.52,-5.298625514,
3/27/2022 10:15:00,Partly Cloudy,,,,,,,
3/27/2022 10:55:00,Partly Cloudy,0,55.31382927,101320,280,22.32,-5.548181386,
3/27/2022 11:15:00,Mostly Cloudy,,,,,,,
3/27/2022 11:35:00,Mostly Cloudy,0.6,53.79068484,101360,300,24.12,-5.012915049,
3/27/2022 11:55:00,Mostly Cloudy,0.5,53.76281205,101360,290,14.76,-3.736997181,
3/27/2022 12:15:00,Mostly Cloudy,,,,,,,
3/27/2022 12:35:00,Partly Cloudy,,,,,,,
3/27/2022 12:55:00,Partly Cloudy,2.3,49.49460327,101320,290,20.52,-2.391603998,
3/27/2022 13:15:00,Clear,,,,,,,
3/27/2022 13:35:00,Partly Cloudy,2.2,47.96128334,101360,290,25.92,-3.165909323,
3/27/2022 13:55:00,Clear,2.9,48.16623582,101320,310,27.72,-2.449724965,
3/27/2022 14:15:00,Clear,,,,,,,
3/27/2022 14:35:00,Clear,,,,,,,
3/27/2022 14:55:00,Clear,3,46.73459749,101290,,,,
3/27/2022 15:15:00,Clear,,,,,,,
3/27/2022 15:35:00,Clear,3.5,42.73675612,101320,300,29.52,-1.844099377,
3/27/2022 15:55:00,Clear,3.7,42.13909242,101320,300,25.92,-1.233325033,
3/27/2022 16:15:00,Clear,,,,,,,
3/27/2022 16:35:00,Clear,3.9,40.59413544,101320,300,25.92,-0.975647127,
3/27/2022 16:55:00,Clear,3.9,38.7395622,101320,290,24.12,-0.786427388,
3/27/2022 17:15:00,Clear,,,,,,,
3/27/2022 17:55:00,Clear,4,37.5761089,101360,,,,
3/27/2022 18:15:00,Clear,,,,,,,
3/27/2022 18:55:00,Clear,3.5,38.01584208,101390,290,20.52,-0.87489712,
3/27/2022 19:15:00,Clear,,,,,,,
3/27/2022 19:35:00,Clear,,,,,,,
3/27/2022 19:55:00,Clear,2.4,41.09442102,101460,300,9.36,-0.272521516,
3/27/2022 20:15:00,Clear,,,,,,,
3/27/2022 20:55:00,Clear,1.3,47.32598216,101560,290,9.36,-1.579431319,
3/27/2022 21:15:00,Clear,,,,,,,
3/27/2022 21:35:00,Clear,0.6,50.94768877,101590,260,7.56,-1.876588795,
3/27/2022 21:55:00,Clear,0.3,52.87984797,101590,290,7.56,-2.227308335,
3/27/2022 22:15:00,Clear,,,,,,,
3/27/2022 22:35:00,Clear,0.2,52.03559514,101590,280,9.36,-2.886341123,
3/27/2022 22:55:00,Clear,0.5,50.52379798,101590,270,12.96,-3.383315931,
3/27/2022 23:15:00,Clear,,,,,,,
3/27/2022 23:35:00,Clear,,,,,,,
3/27/2022 23:55:00,Clear,0.5,47.83345156,101590,280,11.16,-2.985654609,
3/28/2022 0:15:00,Clear,,,,,,,
3/28/2022 0:35:00,Clear,,,,,,,
3/28/2022 0:55:00,Clear,0.5,47.45972306,101590,290,16.56,-4.056125645,
3/28/2022 1:15:00,Clear,,,,,,,
3/28/2022 1:55:00,Clear,0,50.37916649,101590,300,22.32,-5.548181386,
3/28/2022 2:15:00,Clear,,,,,,,
3/28/2022 2:35:00,Clear,-0.5,53.06686173,101590,290,24.12,-6.42174427,
3/28/2022 2:55:00,Clear,-0.8,55.09391137,101560,300,20.52,-6.309763433,
3/28/2022 3:15:00,Clear,,,,,,,
3/28/2022 3:35:00,Clear,-1.2,56.72908187,101560,300,24.12,-7.318271955,
3/28/2022 3:55:00,Clear,-1.6,58.87571508,101560,300,22.32,-7.584378981,
3/28/2022 4:15:00,Clear,,,,,,,
3/28/2022 4:35:00,Clear,-1.8,59.7481086,101560,300,20.52,-7.573685832,
3/28/2022 4:55:00,Clear,-1.9,60.66042303,101590,300,20.52,-7.700078071,
3/28/2022 5:15:00,Clear,-2.1,61.56151688,101590,290,14.76,-6.937423519,
3/28/2022 5:35:00,Clear,,,,,,,
3/28/2022 5:55:00,Clear,-2.5,63.4087242,101590,280,14.76,-7.429796802,
3/28/2022 6:15:00,Clear,,,,,,,
3/28/2022 6:35:00,Clear,-2.5,62.91666574,101630,290,16.56,-7.782898038,
3/28/2022 6:55:00,Clear,-2.5,60.98226108,101660,290,16.56,-7.782898038,
3/28/2022 7:15:00,Clear,,,,,,,
3/28/2022 7:35:00,Clear,,,,,,,
3/28/2022 7:55:00,Clear,-2.5,60.03507196,101730,290,11.16,-6.598470171,
3/28/2022 8:15:00,Clear,,,,,,,
3/28/2022 8:35:00,Clear,-2,55.63074293,101760,300,25.92,-8.577145335,
3/28/2022 8:55:00,Clear,-1.8,53.53685514,101800,300,14.76,-6.568143557,
3/28/2022 9:15:00,Partly Cloudy,,,,,,,
3/28/2022 9:35:00,Clear,-1.3,50.39794904,101800,290,11.16,-5.153343946,
3/28/2022 9:55:00,Clear,-0.6,49.03239959,101800,290,20.52,-6.056978953,
3/28/2022 10:15:00,Clear,-0.2,46.5108039,101830,290,12.96,-4.236183923,
3/28/2022 10:55:00,Clear,0.5,41.4920539,101830,260,18.36,-4.347332112,
3/28/2022 11:15:00,Clear,,,,,,,
3/28/2022 11:35:00,Clear,,,,,,,
3/28/2022 11:55:00,Clear,1.9,35.20008254,101800,290,20.52,-2.897172957,
3/28/2022 12:15:00,Clear,,,,,,,
3/28/2022 12:35:00,Clear,2.9,32.5220788,101760,300,24.12,-2.067181225,
3/28/2022 12:55:00,Clear,3,32.81467623,101760,290,24.12,-1.939105841,
3/28/2022 13:15:00,Clear,,,,,,,
3/28/2022 13:35:00,Clear,4.5,32.49257543,101690,290,18.36,0.663031533,
3/28/2022 13:55:00,Clear,4.2,29.91500359,101690,300,27.72,-0.765455283,
3/28/2022 14:15:00,Clear,,,,,,,
3/28/2022 14:35:00,Clear,4.9,25.8608279,101660,300,24.12,0.494326449,
3/28/2022 14:55:00,Clear,5.2,26.15920227,101660,300,24.12,0.8785526,
3/28/2022 15:15:00,Clear,5.3,24.34772773,101660,300,25.92,0.82809821,
3/28/2022 15:55:00,Clear,6,23.57534343,101690,290,22.32,2.087559596,
3/28/2022 16:15:00,Clear,,,,,,,
3/28/2022 16:35:00,Clear,6.3,22.53629122,101690,270,18.36,2.917695174,
3/28/2022 16:55:00,Clear,5.9,21.52487736,101690,280,22.32,1.960297246,
3/28/2022 17:15:00,Clear,5.8,21.49713058,101730,290,25.92,1.472292973,
3/28/2022 17:35:00,Clear,,,,,,,
3/28/2022 17:55:00,Clear,5.4,21.56296604,101760,300,22.32,1.323985498,
3/28/2022 18:15:00,Clear,4.8,21.21971435,101800,300,22.32,0.560411399,
3/28/2022 18:35:00,Clear,,,,,,,
3/28/2022 18:55:00,Clear,4.2,22.12867974,101830,290,18.36,0.28725426,
3/28/2022 19:15:00,Clear,3.5,24.22488098,101860,290,11.16,0.627160953,
3/28/2022 19:55:00,Clear,2.5,27.31617663,101900,300,9.36,-0.153711534,
3/28/2022 20:15:00,Clear,2.5,26.87138916,101930,300,12.96,-0.946550239,
3/28/2022 20:35:00,Clear,2.2,27.22631159,101970,300,14.76,-1.644410729,
3/28/2022 21:15:00,Clear,1.8,29.4274439,102000,290,9.36,-0.985381409,
3/28/2022 21:35:00,Clear,1.6,29.85136901,102030,280,5.4,0.069673642,
3/28/2022 21:55:00,Clear,1.4,31.03341086,102030,270,9.36,-1.460621337,
3/28/2022 22:15:00,Clear,,,,,,,
3/28/2022 22:35:00,Clear,1,33.26450236,102030,270,11.16,-2.383518682,
3/28/2022 22:55:00,Clear,0.6,35.08049728,102030,280,12.96,-3.261477647,
3/28/2022 23:15:00,Clear,,,,,,,
3/28/2022 23:55:00,Clear,0.5,36.79217867,102070,280,16.56,-4.056125645,
3/29/2022 0:15:00,Clear,0.3,37.63011134,102070,300,16.56,-4.304577138,
3/29/2022 0:35:00,Clear,0.1,38.48777394,102100,290,12.96,-3.87066907,
3/29/2022 0:55:00,Clear,0,39.71448736,102100,300,18.36,-4.973627568,
3/29/2022 1:15:00,Clear,0,40.3570291,102130,300,14.76,-4.352463784,
3/29/2022 1:55:00,Clear,-0.5,43.21189036,102130,290,9.36,-3.718010998,
3/29/2022 2:15:00,Clear,-0.5,43.21189036,102170,280,5.4,-2.325095173,
3/29/2022 2:55:00,Clear,-1,45.90341215,102170,280,5.4,-2.895278224,
3/29/2022 3:15:00,Clear,-1.5,47.99711372,102200,0,0,,
3/29/2022 3:55:00,Clear,-1.8,50.65260267,102200,290,7.56,-4.68234511,
3/29/2022 4:15:00,Clear,-2,50.99793925,102200,280,7.56,-4.916158137,
3/29/2022 4:35:00,Clear,-2.3,52.97401099,102270,290,5.4,-4.377754157,
3/29/2022 4:55:00,Clear,-2.5,53.76356297,102270,0,0,,
3/29/2022 5:15:00,Clear,-3,57.13658813,102270,260,5.4,-5.176010428,
3/29/2022 5:35:00,Clear,-3.1,58.94326873,102270,240,7.56,-6.202129781,
3/29/2022 5:55:00,Clear,-2.6,53.73532796,102300,250,7.56,-5.617597216,
3/29/2022 6:15:00,Clear,,,,,,,
3/29/2022 6:35:00,Clear,,,,,,,
3/29/2022 6:55:00,Clear,-2.7,54.56622638,102370,0,0,,
3/29/2022 7:15:00,Clear,,,,,,,
3/29/2022 7:35:00,Clear,-2.2,52.58407838,102410,0,0,,
3/29/2022 7:55:00,Clear,-2.2,53.42381043,102440,250,5.4,-4.263717547,
3/29/2022 8:15:00,Clear,,,,,,,
3/29/2022 8:35:00,Partly Cloudy,,,,,,,
3/29/2022 8:55:00,Mostly Cloudy,-1.5,49.54773229,102470,250,7.56,-4.331625571,
3/29/2022 9:15:00,Cloudy,-0.8,46.70030401,102510,280,11.16,-4.551208019,
3/29/2022 9:35:00,Cloudy,-0.1,44.73416157,102510,280,11.16,-3.708217721,
3/29/2022 9:55:00,Partly Cloudy,0.6,44.94583298,102540,290,7.56,-1.876588795,
3/29/2022 10:15:00,Partly Cloudy,,,,,,,
3/29/2022 10:35:00,Partly Cloudy,,,,,,,
3/29/2022 10:55:00,Clear,2.4,37.67779134,102510,250,5.4,0.981966524,
3/29/2022 11:15:00,Clear,,,,,,,
3/29/2022 11:35:00,Clear,3.6,31.70675759,102470,250,9.36,1.15319827,
3/29/2022 11:55:00,Clear,4.7,30.06601468,102470,210,9.36,2.460108073,
3/29/2022 12:15:00,Clear,,,,,,,
3/29/2022 12:55:00,Clear,6.4,23.68935923,102410,300,5.4,5.543430933,
3/29/2022 13:15:00,Clear,,,,,,,
3/29/2022 13:35:00,Clear,,,,,,,
3/29/2022 13:55:00,Clear,8.3,20.30595052,102340,0,0,,
3/29/2022 14:15:00,Clear,9.1,20.03128401,102300,0,0,,
3/29/2022 14:35:00,Partly Cloudy,9.9,18.98335766,102270,230,5.4,9.534712291,
3/29/2022 14:55:00,Cloudy,9.4,18.39891294,102270,220,7.56,8.411184361,
3/29/2022 15:15:00,Cloudy,,,,,,,
3/29/2022 15:35:00,Mostly Cloudy,,,,,,,
3/29/2022 15:55:00,Partly Cloudy,10.2,16.87966615,102200,0,0,,
3/29/2022 16:15:00,Clear,,,,,,,
3/29/2022 16:35:00,Partly Cloudy,,,,,,,
3/29/2022 16:55:00,Mostly Cloudy,10.9,20.02925146,102130,270,7.56,,
3/29/2022 17:15:00,Clear,,,,,,,
3/29/2022 17:55:00,Partly Cloudy,10.3,24.03449041,102130,0,0,,
3/29/2022 18:15:00,Clear,,,,,,,
3/29/2022 18:35:00,Mostly Cloudy,,,,,,,
3/29/2022 18:55:00,Cloudy,10.2,24.00629811,102130,0,0,,
3/29/2022 19:15:00,Cloudy,,,,,,,
3/29/2022 20:15:00,Cloudy,,,,,,,
3/29/2022 20:35:00,Cloudy,10,26.10428039,102170,0,0,,
3/29/2022 20:55:00,Cloudy,9.9,26.48510118,102170,0,0,,
3/29/2022 21:15:00,Cloudy,,,,,,,
3/29/2022 21:35:00,Cloudy,,,,,,,
3/29/2022 21:55:00,Cloudy,9.5,29.39856889,102200,110,5.4,9.07856585,
3/29/2022 22:15:00,Cloudy,,,,,,,
3/29/2022 22:35:00,Cloudy,,,,,,,
3/29/2022 22:55:00,Mostly Cloudy,7.8,36.72132128,102200,170,5.4,7.139943476,
3/29/2022 23:15:00,Partly Cloudy,,,,,,,
3/29/2022 23:35:00,Partly Cloudy,,,,,,,
3/29/2022 23:55:00,Mostly Cloudy,8.1,37.66092895,102240,190,7.56,6.89139969,
3/30/2022 0:15:00,Partly Cloudy,,,,,,,
3/30/2022 0:35:00,Partly Cloudy,7.6,38.96442957,102200,0,0,,
3/30/2022 0:55:00,Partly Cloudy,7.5,38.63948433,102200,190,7.56,6.189960611,
3/30/2022 1:15:00,Mostly Cloudy,7.1,40.31853034,102200,220,5.4,6.341687205,
3/30/2022 1:55:00,Cloudy,6.7,41.43969619,102200,0,0,,
3/30/2022 2:15:00,Cloudy,6.6,42.04323234,102200,0,0,,
3/30/2022 2:35:00,Cloudy,,,,,,,
3/30/2022 2:55:00,Mostly Cloudy,6.2,44.21055412,102170,0,0,,
3/30/2022 3:15:00,Partly Cloudy,6,44.15123369,102130,0,0,,
3/30/2022 3:35:00,Clear,,,,,,,
3/30/2022 3:55:00,Clear,5.6,45.7351724,102100,0,0,,
3/30/2022 4:15:00,Clear,,,,,,,
3/30/2022 4:55:00,Clear,5.1,48.07268775,102130,0,0,,
3/30/2022 5:15:00,Partly Cloudy,,,,,,,
3/30/2022 5:35:00,Partly Cloudy,5.9,45.47843054,102130,0,0,,
3/30/2022 5:55:00,Partly Cloudy,4.7,53.29634409,102130,0,0,,
3/30/2022 6:15:00,Mostly Cloudy,,,,,,,
3/30/2022 6:35:00,Mostly Cloudy,3.9,58.95358865,102130,120,5.4,2.692515677,
3/30/2022 6:55:00,Partly Cloudy,2.9,64.69163657,102130,0,0,,
3/30/2022 7:15:00,Clear,,,,,,,
3/30/2022 7:35:00,Clear,3,60.05953898,102170,0,0,,
3/30/2022 7:55:00,Clear,3.3,61.49777476,102170,0,0,,
3/30/2022 8:15:00,Clear,,,,,,,
3/30/2022 8:35:00,Clear,7.2,48.31689185,102130,90,7.56,5.839241072,
3/30/2022 8:55:00,Clear,8.2,46.15118608,102100,100,7.56,7.008306203,
3/30/2022 9:15:00,Clear,,,,,,,
3/30/2022 9:35:00,Haze,9.4,44.81909755,102130,0,0,,
3/30/2022 9:55:00,Mostly Cloudy,10.3,45.74506998,102100,0,0,,
3/30/2022 10:15:00,Mostly Cloudy,11.9,44.88956973,102100,150,7.56,,
3/30/2022 10:55:00,Clear,14.2,,102070,210,18.36,,
3/30/2022 11:15:00,Clear,,,,,,,
3/30/2022 11:35:00,Clear,,,,,,,
3/30/2022 11:55:00,Clear,16.3,61.9774515,102000,190,14.76,,
3/30/2022 12:15:00,Clear,,,,,,,
3/30/2022 12:35:00,Clear,16.8,65.07383004,101970,160,24.12,,
3/30/2022 12:55:00,Clear,16.6,68.13920416,101930,170,18.36,,
3/30/2022 13:15:00,Clear,,,,,,,
3/30/2022 13:35:00,Clear,17.2,67.36233304,101900,210,22.32,,
3/30/2022 13:55:00,Clear,18.1,64.49653418,101860,180,16.56,,
3/30/2022 14:15:00,Clear,,,,,,,
3/30/2022 14:35:00,Clear,18.5,63.73649672,101760,190,18.36,,
3/30/2022 14:55:00,Clear,18.4,62.46052062,101730,180,18.36,,
3/30/2022 15:15:00,Clear,19.1,60.18433835,101660,190,18.36,,
3/30/2022 15:35:00,Clear,,,,,,,
3/30/2022 15:55:00,Clear,19.4,46.69088039,101590,190,16.56,,
3/30/2022 16:15:00,Clear,,,,,,,
3/30/2022 16:35:00,Clear,,,,,,,
3/30/2022 16:55:00,Clear,20.3,48.87949706,101460,200,22.32,,
3/30/2022 17:15:00,Clear,,,,,,,
3/30/2022 17:35:00,Clear,19.8,56.86207118,101390,210,20.52,,
3/30/2022 17:55:00,Clear,19.5,58.70445801,101360,190,20.52,,
3/30/2022 18:15:00,Clear,18.5,61.65998496,101360,200,20.52,,
3/30/2022 18:35:00,Clear,17.6,64.38654429,101360,180,25.92,,
3/30/2022 18:55:00,Clear,16.5,68.11882611,101390,180,22.32,,
3/30/2022 19:15:00,Clear,15.6,71.66654008,101390,200,14.76,,
3/30/2022 19:35:00,Clear,,,,,,,
3/30/2022 19:55:00,Mostly Cloudy,15,76.99857741,101390,0,0,,
3/30/2022 20:15:00,Cloudy,,,,,,,
3/30/2022 20:35:00,Cloudy,15,81.18414966,101320,200,7.56,,
3/30/2022 20:55:00,Cloudy,15,81.18414966,101320,170,5.4,,
3/30/2022 21:15:00,Cloudy,,,,,,,
3/30/2022 21:35:00,Mostly Cloudy,13.5,88.28599196,101320,0,0,,
3/30/2022 21:55:00,Partly Cloudy,14.5,86.64884128,101320,150,9.36,,
3/30/2022 22:15:00,Clear,,,,,,,
3/30/2022 22:35:00,Mostly Cloudy,,,,,,,
3/30/2022 22:55:00,Cloudy,14.5,88.95252223,101250,80,11.16,,
3/30/2022 23:15:00,Cloudy,,,,,,,
3/30/2022 23:35:00,Cloudy,,,,,,,
3/30/2022 23:55:00,Cloudy,16.2,86.25077242,101190,130,12.96,,
3/31/2022 0:15:00,Cloudy,,,,,,,
3/31/2022 0:35:00,Cloudy,16.9,83.57370928,101150,180,16.56,,
3/31/2022 0:55:00,Light Rain,17.2,82.0010593,101120,180,20.52,,
3/31/2022 1:15:00,Cloudy,,,,,,,
3/31/2022 1:35:00,Light Rain,,,,,,,
3/31/2022 1:55:00,Cloudy,17.5,82.57049666,101050,190,16.56,,
3/31/2022 2:15:00,Cloudy,,,,,,,
3/31/2022 2:35:00,Cloudy,17.4,83.09339976,101020,190,20.52,,
3/31/2022 2:55:00,Cloudy,17.5,82.57049666,100980,200,16.56,,
3/31/2022 3:15:00,Cloudy,,,,,,,
3/31/2022 3:35:00,Cloudy,17.5,82.03874498,100920,190,12.96,,
3/31/2022 3:55:00,Light Rain,17.5,83.1052782,100880,190,11.16,,
3/31/2022 4:15:00,Light Drizzle,,,,,,,
3/31/2022 4:35:00,Cloudy,17,89.15270346,100780,170,12.96,,
3/31/2022 4:55:00,Cloudy,17.2,87.46731473,100750,180,18.36,,
3/31/2022 5:15:00,Light Rain,,,,,,,
3/31/2022 5:35:00,Light Rain,16.8,92.04498716,100710,200,12.96,,
3/31/2022 5:55:00,Light Drizzle,17.2,86.90663526,100680,190,16.56,,
3/31/2022 6:15:00,Light Rain,,,,,,,
3/31/2022 6:35:00,Rain,,,,,,,
3/31/2022 6:55:00,Light Rain,17.3,86.91604325,100580,190,22.32,,
3/31/2022 7:15:00,Rain,,,,,,,
3/31/2022 7:35:00,Rain,16.5,96.86450259,100610,200,22.32,,
3/31/2022 7:55:00,Light Rain,16.5,98.10817473,100640,200,9.36,,
3/31/2022 8:15:00,Cloudy,,,,,,,
3/31/2022 8:35:00,Light Rain,,,,,,,
3/31/2022 8:55:00,Rain,16.4,92.61460165,,210,14.76,,
3/31/2022 9:15:00,Rain,,,,,,,
3/31/2022 9:35:00,Light Drizzle,16.7,88.55674953,100610,180,25.92,,
3/31/2022 9:55:00,Cloudy,17,83.58530466,100580,200,18.36,,
3/31/2022 10:15:00,Rain,,,,,,,
3/31/2022 10:35:00,Light Drizzle,,,,,,,
3/31/2022 10:55:00,Cloudy,17.3,87.47634774,100510,200,11.16,,
3/31/2022 11:15:00,Rain,17.1,86.89721739,100480,210,11.16,,
3/31/2022 11:55:00,Light Drizzle,17,92.05674931,100480,180,20.52,,
3/31/2022 12:15:00,Cloudy,,,,,,,
3/31/2022 12:35:00,Mostly Cloudy,19.8,75.77020064,100440,190,25.92,,
3/31/2022 12:55:00,Mostly Cloudy,18.8,81.15471554,100410,190,18.36,,
3/31/2022 13:15:00,Cloudy,,,,,,,
3/31/2022 13:35:00,Light Rain,17.8,90.93866913,100340,220,9.36,,
3/31/2022 13:55:00,Light Rain,18.2,90.96518069,100270,180,9.36,,
3/31/2022 14:15:00,Cloudy,19.1,89.88283004,100200,190,12.96,,
3/31/2022 14:35:00,Cloudy,20,78.26386706,100140,190,18.36,,
3/31/2022 14:55:00,Cloudy,20.1,75.81853289,100100,190,18.36,,
3/31/2022 15:15:00,Mostly Cloudy,,,,,,,
3/31/2022 15:55:00,Mostly Cloudy,21.6,61.16667341,100000,190,24.12,,21.41268536
3/31/2022 16:15:00,Partly Cloudy,,,,,,,
3/31/2022 16:35:00,Partly Cloudy,22.1,57.42886929,99970,210,20.52,,21.86508714
3/31/2022 16:55:00,Partly Cloudy,21.4,60.72412946,99970,190,18.36,,21.18113005
3/31/2022 17:15:00,Mostly Cloudy,,,,,,,
3/31/2022 17:35:00,Mostly Cloudy,,,,,,,
3/31/2022 17:55:00,Light Rain,,,,190,9.36,,
3/31/2022 18:15:00,Cloudy,,,,,,,
3/31/2022 18:35:00,Cloudy,17.3,95.66094297,100000,190,11.16,,
3/31/2022 18:55:00,Cloudy,17.5,92.08604248,100000,210,9.36,,
3/31/2022 19:15:00,Mostly Cloudy,,,,,,,
3/31/2022 19:35:00,Partly Cloudy,19.2,52.33102199,100100,250,9.36,,
3/31/2022 19:55:00,Clear,18.8,52.22545095,100140,240,16.56,,
3/31/2022 20:15:00,Clear,,,,,,,
3/31/2022 20:35:00,Clear,,,,,,,
3/31/2022 20:55:00,Clear,17.5,52.59277529,100240,240,9.36,,
3/31/2022 21:15:00,Clear,,,,,,,
3/31/2022 21:35:00,Clear,16.8,51.69338299,100310,250,11.16,,
3/31/2022 21:55:00,Clear,16.4,51.94235186,100340,250,7.56,,
3/31/2022 22:15:00,Clear,,,,,,,
3/31/2022 22:35:00,Partly Cloudy,,,,,,,
3/31/2022 22:55:00,Mostly Cloudy,16.1,42.66234216,100410,250,20.52,,
3/31/2022 23:15:00,Cloudy,,,,,,,
3/31/2022 23:35:00,Cloudy,15.5,37.36510609,100440,260,12.96,,
3/31/2022 23:55:00,Mostly Cloudy,14.6,40.16467888,100440,250,16.56,,
