timestamp,Label,IndoorTemp_F,IndoorRH_percent,IndoorRH_frac,WallTemp_F,Ambient2_F,source_file
2026-03-28 23:50:08,Good,68.54,26.9,0.26899999999999996,72,72,March28Data_W_IRRA(in).csv
2026-03-28 23:50:10,Good,69.26,26.2,0.262,72,72,March28Data_W_IRRA(in).csv
2026-03-28 23:50:12,Good,69.26,26.2,0.262,73,72,March28Data_W_IRRA(in).csv
2026-03-28 23:50:14,Good,69.26,26.2,0.262,73,72,March28Data_W_IRRA(in).csv
2026-03-28 23:50:16,Good,69.26,26.2,0.262,73,72,March28Data_W_IRRA(in).csv
2026-03-28 23:50:18,Good,69.26,26.2,0.262,73,72,March28Data_W_IRRA(in).csv
2026-03-28 23:50:20,Good,69.26,26.2,0.262,73,72,March28Data_W_IRRA(in).csv
2026-03-28 23:50:22,Good,69.26,26.2,0.262,90,72,March28Data_W_IRRA(in).csv
2026-03-28 23:50:24,Good,69.26,26.1,0.261,90,72,March28Data_W_IRRA(in).csv
2026-03-28 23:50:26,Good,69.26,26.1,0.261,73,72,March28Data_W_IRRA(in).csv
2026-03-28 23:50:28,Good,69.26,26.1,0.261,72,72,March28Data_W_IRRA(in).csv
2026-03-28 23:50:31,Good,69.26,26.2,0.262,72,72,March28Data_W_IRRA(in).csv
2026-03-28 23:50:33,Good,69.26,26.2,0.262,73,72,March28Data_W_IRRA(in).csv
2026-03-28 23:50:35,Good,69.26,26.2,0.262,73,72,March28Data_W_IRRA(in).csv
2026-03-28 23:50:37,Good,69.26,26.2,0.262,72,72,March28Data_W_IRRA(in).csv
2026-03-28 23:50:39,Good,69.26,26.2,0.262,73,73,March28Data_W_IRRA(in).csv
2026-03-28 23:50:41,Good,69.26,26.2,0.262,73,72,March28Data_W_IRRA(in).csv
2026-03-28 23:50:43,Good,69.26,26.2,0.262,72,73,March28Data_W_IRRA(in).csv
2026-03-28 23:50:45,Good,69.26,26.2,0.262,73,73,March28Data_W_IRRA(in).csv
2026-03-28 23:50:47,Good,69.26,26.2,0.262,73,73,March28Data_W_IRRA(in).csv
2026-03-28 23:50:49,Good,69.26,26.2,0.262,73,73,March28Data_W_IRRA(in).csv
2026-03-28 23:50:51,Good,69.26,26.2,0.262,72,73,March28Data_W_IRRA(in).csv
2026-03-28 23:50:53,Good,69.26,26.2,0.262,72,73,March28Data_W_IRRA(in).csv
2026-03-28 23:50:55,Good,69.26,26.2,0.262,72,73,March28Data_W_IRRA(in).csv
2026-03-28 23:50:57,Good,69.44,26.2,0.262,72,73,March28Data_W_IRRA(in).csv
2026-03-28 23:50:59,Good,69.26,26.2,0.262,72,73,March28Data_W_IRRA(in).csv
2026-03-28 23:51:01,Good,69.44,26.3,0.263,72,73,March28Data_W_IRRA(in).csv
2026-03-28 23:51:03,Good,69.44,26.3,0.263,73,73,March28Data_W_IRRA(in).csv
2026-03-28 23:51:05,Good,69.44,26.2,0.262,72,73,March28Data_W_IRRA(in).csv
2026-03-28 23:51:07,Good,69.44,26.2,0.262,72,73,March28Data_W_IRRA(in).csv
2026-03-28 23:51:09,Good,69.44,26.2,0.262,72,73,March28Data_W_IRRA(in).csv
2026-03-28 23:51:11,Good,69.44,26.2,0.262,73,73,March28Data_W_IRRA(in).csv
2026-03-28 23:51:13,Good,69.44,26.2,0.262,73,73,March28Data_W_IRRA(in).csv
2026-03-28 23:51:15,Good,69.44,26.2,0.262,72,73,March28Data_W_IRRA(in).csv
2026-03-28 23:51:17,Good,69.44,26.2,0.262,72,73,March28Data_W_IRRA(in).csv
2026-03-28 23:51:19,Good,69.44,26.2,0.262,72,73,March28Data_W_IRRA(in).csv
2026-03-28 23:51:21,Good,69.44,26.2,0.262,73,73,March28Data_W_IRRA(in).csv
2026-03-28 23:51:23,Good,69.44,26.1,0.261,72,73,March28Data_W_IRRA(in).csv
2026-03-28 23:51:25,Good,69.44,26.1,0.261,72,73,March28Data_W_IRRA(in).csv
2026-03-28 23:51:28,Good,69.44,26.1,0.261,72,73,March28Data_W_IRRA(in).csv
2026-03-28 23:51:30,Good,69.44,26.1,0.261,73,73,March28Data_W_IRRA(in).csv
2026-03-28 23:51:32,Good,69.44,26.1,0.261,72,73,March28Data_W_IRRA(in).csv
2026-03-28 23:51:34,Good,69.44,26.1,0.261,72,73,March28Data_W_IRRA(in).csv
2026-04-02 12:38:37,Good,69.62,44.4,0.444,69,70,March28Data_W_IRRA(in).csv
2026-04-02 12:38:39,Good,69.08,45.3,0.45299999999999996,69,70,March28Data_W_IRRA(in).csv
2026-04-02 12:38:41,Good,68.9,45.2,0.452,69,70,March28Data_W_IRRA(in).csv
2026-04-02 12:38:43,Good,68.9,45.2,0.452,69,70,March28Data_W_IRRA(in).csv
2026-04-02 12:38:45,Good,68.9,45.2,0.452,69,70,March28Data_W_IRRA(in).csv
2026-04-02 12:38:47,Good,68.9,45.2,0.452,69,70,March28Data_W_IRRA(in).csv
2026-04-02 12:38:49,Good,68.9,45.3,0.45299999999999996,69,70,March28Data_W_IRRA(in).csv
2026-04-02 12:38:51,Good,68.9,45.2,0.452,69,70,March28Data_W_IRRA(in).csv
2026-04-02 12:38:53,Good,68.9,45.3,0.45299999999999996,69,70,March28Data_W_IRRA(in).csv
2026-04-02 12:38:55,Good,68.9,45.2,0.452,69,70,March28Data_W_IRRA(in).csv
2026-04-02 12:38:57,Good,68.9,45.3,0.45299999999999996,69,70,March28Data_W_IRRA(in).csv
2026-04-02 12:39:00,Good,68.9,45.3,0.45299999999999996,69,70,March28Data_W_IRRA(in).csv
2026-04-02 12:39:02,Good,68.9,45.3,0.45299999999999996,69,70,March28Data_W_IRRA(in).csv
2026-04-02 12:39:04,Good,68.9,45.3,0.45299999999999996,69,70,March28Data_W_IRRA(in).csv
2026-04-02 12:39:06,Good,68.9,45.3,0.45299999999999996,69,70,March28Data_W_IRRA(in).csv
2026-04-02 12:39:08,Good,68.72,45.2,0.452,69,70,March28Data_W_IRRA(in).csv
2026-04-02 12:39:10,Good,68.9,45.3,0.45299999999999996,69,70,March28Data_W_IRRA(in).csv
2026-04-02 12:39:12,Good,68.72,45.2,0.452,69,70,March28Data_W_IRRA(in).csv
2026-04-02 12:39:14,Good,68.72,45.3,0.45299999999999996,69,70,March28Data_W_IRRA(in).csv
2026-04-02 12:39:16,Good,68.72,45.3,0.45299999999999996,69,70,March28Data_W_IRRA(in).csv
2026-04-02 12:39:18,Good,68.72,45.3,0.45299999999999996,69,70,March28Data_W_IRRA(in).csv
2026-04-02 12:39:20,Good,68.72,45.3,0.45299999999999996,69,70,March28Data_W_IRRA(in).csv
2026-04-02 12:39:22,Good,68.72,45.3,0.45299999999999996,69,70,March28Data_W_IRRA(in).csv
2026-04-02 12:39:24,Good,68.9,45.4,0.45399999999999996,69,70,March28Data_W_IRRA(in).csv
2026-04-02 12:39:26,Good,68.72,45.4,0.45399999999999996,69,70,March28Data_W_IRRA(in).csv
2026-04-02 12:39:28,Good,68.9,45.5,0.455,69,70,March28Data_W_IRRA(in).csv
2026-04-02 12:39:30,Good,68.72,45.4,0.45399999999999996,69,70,March28Data_W_IRRA(in).csv
2026-04-02 12:39:32,Good,68.72,45.4,0.45399999999999996,69,70,March28Data_W_IRRA(in).csv
2026-04-02 12:39:34,Good,68.72,45.4,0.45399999999999996,69,70,March28Data_W_IRRA(in).csv
2026-04-02 12:39:36,Good,68.72,45.5,0.455,69,70,March28Data_W_IRRA(in).csv
2026-04-02 12:39:38,Good,68.72,45.5,0.455,69,70,March28Data_W_IRRA(in).csv
2026-04-02 12:39:40,Good,68.72,45.5,0.455,69,70,March28Data_W_IRRA(in).csv
2026-04-02 12:39:42,Good,68.72,45.5,0.455,69,70,March28Data_W_IRRA(in).csv
2026-04-02 12:39:44,Good,68.72,45.6,0.456,70,70,March28Data_W_IRRA(in).csv
2026-04-02 12:39:46,Good,68.72,45.6,0.456,69,70,March28Data_W_IRRA(in).csv
2026-04-02 12:39:48,Good,68.72,45.6,0.456,69,70,March28Data_W_IRRA(in).csv
2026-04-02 12:39:50,Good,68.72,45.7,0.457,70,70,March28Data_W_IRRA(in).csv
2026-04-02 12:39:52,Good,68.72,45.7,0.457,69,70,March28Data_W_IRRA(in).csv
2026-04-02 12:39:54,Good,68.72,45.7,0.457,70,70,March28Data_W_IRRA(in).csv
2026-04-02 12:39:57,Good,68.54,45.7,0.457,69,70,March28Data_W_IRRA(in).csv
2026-04-02 12:39:59,Good,68.72,45.7,0.457,70,70,March28Data_W_IRRA(in).csv
2026-04-02 12:40:01,Good,68.54,45.7,0.457,70,70,March28Data_W_IRRA(in).csv
2026-04-02 12:40:03,Good,68.54,45.7,0.457,70,70,March28Data_W_IRRA(in).csv
2026-04-02 12:40:05,Good,68.54,45.7,0.457,69,70,March28Data_W_IRRA(in).csv
2026-04-02 12:40:07,Good,68.54,45.7,0.457,70,70,March28Data_W_IRRA(in).csv
2026-04-02 12:40:09,Good,68.54,45.7,0.457,70,70,March28Data_W_IRRA(in).csv
2026-04-02 12:40:11,Good,68.54,45.7,0.457,70,70,March28Data_W_IRRA(in).csv
2026-04-02 12:40:32,Good,68.54,45.8,0.45799999999999996,70,69,March28Data_W_IRRA(in).csv
2026-04-02 12:40:34,Good,68.54,45.9,0.45899999999999996,69,69,March28Data_W_IRRA(in).csv
2026-04-02 12:40:36,Good,68.54,45.9,0.45899999999999996,70,70,March28Data_W_IRRA(in).csv
2026-04-02 12:40:38,Good,68.54,45.9,0.45899999999999996,70,69,March28Data_W_IRRA(in).csv
2026-04-02 12:40:40,Good,68.54,45.9,0.45899999999999996,69,70,March28Data_W_IRRA(in).csv
2026-04-02 12:40:42,Good,68.54,45.9,0.45899999999999996,67,70,March28Data_W_IRRA(in).csv
2026-04-02 12:40:44,Good,68.54,45.9,0.45899999999999996,68,70,March28Data_W_IRRA(in).csv
2026-04-02 12:40:46,Good,68.54,45.9,0.45899999999999996,68,70,March28Data_W_IRRA(in).csv
2026-04-02 12:40:48,Good,68.54,46.0,0.46,68,70,March28Data_W_IRRA(in).csv
2026-04-02 12:40:50,Good,68.54,46.0,0.46,68,70,March28Data_W_IRRA(in).csv
2026-04-02 12:40:52,Good,68.54,46.0,0.46,67,70,March28Data_W_IRRA(in).csv
2026-04-02 12:40:55,Good,68.36,45.9,0.45899999999999996,67,70,March28Data_W_IRRA(in).csv
2026-04-02 12:40:57,Good,68.54,46.0,0.46,67,70,March28Data_W_IRRA(in).csv
2026-04-02 12:40:59,Good,68.54,46.0,0.46,68,70,March28Data_W_IRRA(in).csv
2026-04-02 12:41:01,Good,68.54,46.0,0.46,68,70,March28Data_W_IRRA(in).csv
2026-04-02 12:41:03,Good,68.54,46.0,0.46,68,70,March28Data_W_IRRA(in).csv
2026-04-02 12:41:05,Good,68.54,46.0,0.46,68,70,March28Data_W_IRRA(in).csv
2026-04-02 12:41:07,Good,68.54,46.0,0.46,67,70,March28Data_W_IRRA(in).csv
2026-04-02 12:41:09,Good,68.54,46.0,0.46,67,70,March28Data_W_IRRA(in).csv
2026-04-02 12:41:11,Good,68.54,46.0,0.46,67,70,March28Data_W_IRRA(in).csv
2026-04-02 12:41:13,Good,68.54,46.0,0.46,67,70,March28Data_W_IRRA(in).csv
2026-04-02 12:41:15,Good,68.54,46.0,0.46,67,70,March28Data_W_IRRA(in).csv
2026-04-02 12:41:17,Good,68.54,46.0,0.46,79,70,March28Data_W_IRRA(in).csv
2026-04-02 12:41:19,Good,68.54,46.0,0.46,79,70,March28Data_W_IRRA(in).csv
2026-04-02 12:41:21,Good,68.36,45.9,0.45899999999999996,78,70,March28Data_W_IRRA(in).csv
2026-04-02 12:41:23,Good,68.54,46.0,0.46,81,70,March28Data_W_IRRA(in).csv
2026-04-02 12:41:25,Good,68.54,46.0,0.46,67,70,March28Data_W_IRRA(in).csv
2026-04-02 12:41:27,Good,68.54,46.1,0.461,67,70,March28Data_W_IRRA(in).csv
2026-04-02 12:41:29,Good,68.36,46.0,0.46,67,70,March28Data_W_IRRA(in).csv
2026-04-02 12:41:31,Good,68.54,46.1,0.461,67,70,March28Data_W_IRRA(in).csv
2026-04-02 12:41:33,Good,68.54,46.1,0.461,67,70,March28Data_W_IRRA(in).csv
2026-04-02 12:41:35,Good,68.54,46.1,0.461,67,70,March28Data_W_IRRA(in).csv
2026-04-02 12:41:37,Good,68.54,46.1,0.461,67,70,March28Data_W_IRRA(in).csv
2026-04-02 12:41:39,Good,68.36,46.0,0.46,67,70,March28Data_W_IRRA(in).csv
2026-04-02 12:41:41,Good,68.54,46.1,0.461,67,70,March28Data_W_IRRA(in).csv
2026-04-02 12:41:43,Good,68.36,46.1,0.461,67,70,March28Data_W_IRRA(in).csv
2026-04-02 12:41:45,Good,68.36,46.1,0.461,67,70,March28Data_W_IRRA(in).csv
2026-04-02 12:41:47,Cold,68.54,46.2,0.462,67,70,March28Data_W_IRRA(in).csv
2026-04-02 12:41:49,Cold,68.36,46.1,0.461,67,70,March28Data_W_IRRA(in).csv
2026-04-02 12:41:52,Cold,68.54,46.2,0.462,67,70,March28Data_W_IRRA(in).csv
2026-04-02 12:41:54,Cold,68.54,46.2,0.462,67,70,March28Data_W_IRRA(in).csv
2026-04-02 12:41:56,Cold,68.54,46.2,0.462,67,70,March28Data_W_IRRA(in).csv
2026-04-02 12:41:58,Cold,68.54,46.2,0.462,67,70,March28Data_W_IRRA(in).csv
2026-04-02 12:42:00,Cold,68.36,46.1,0.461,67,70,March28Data_W_IRRA(in).csv
2026-04-02 12:42:02,Cold,68.54,46.2,0.462,67,70,March28Data_W_IRRA(in).csv
2026-04-02 12:42:04,Cold,68.36,46.1,0.461,67,70,March28Data_W_IRRA(in).csv
2026-04-02 12:42:06,Cold,68.36,46.1,0.461,67,70,March28Data_W_IRRA(in).csv
2026-04-02 12:42:08,Cold,68.36,46.1,0.461,67,70,March28Data_W_IRRA(in).csv
2026-04-02 12:42:10,Cold,68.36,46.1,0.461,67,70,March28Data_W_IRRA(in).csv
2026-04-02 12:42:12,Cold,68.36,46.1,0.461,67,70,March28Data_W_IRRA(in).csv
2026-04-02 12:42:14,Cold,68.36,46.1,0.461,67,70,March28Data_W_IRRA(in).csv
2026-04-02 12:42:16,Cold,68.36,46.1,0.461,67,70,March28Data_W_IRRA(in).csv
2026-04-02 12:42:18,Cold,68.36,46.1,0.461,67,70,March28Data_W_IRRA(in).csv
2026-04-02 12:42:20,Cold,68.36,46.1,0.461,67,70,March28Data_W_IRRA(in).csv
2026-04-02 12:42:22,Cold,68.36,46.1,0.461,67,70,March28Data_W_IRRA(in).csv
2026-04-02 12:42:24,Cold,68.36,46.1,0.461,67,70,March28Data_W_IRRA(in).csv
2026-04-02 12:42:26,Cold,68.36,46.1,0.461,67,70,March28Data_W_IRRA(in).csv
2026-04-02 12:42:28,Cold,68.36,46.1,0.461,67,70,March28Data_W_IRRA(in).csv
2026-04-02 12:42:30,Cold,68.36,46.1,0.461,67,70,March28Data_W_IRRA(in).csv
2026-04-02 12:42:32,Cold,68.36,46.1,0.461,67,70,March28Data_W_IRRA(in).csv
2026-04-02 12:42:34,Cold,68.36,46.1,0.461,67,70,March28Data_W_IRRA(in).csv
2026-04-02 12:42:36,Cold,68.54,46.1,0.461,67,70,March28Data_W_IRRA(in).csv
2026-04-02 12:42:38,Cold,68.36,46.0,0.46,67,70,March28Data_W_IRRA(in).csv
2026-04-02 12:42:40,Cold,68.36,46.1,0.461,67,70,March28Data_W_IRRA(in).csv
2026-04-02 12:42:42,Cold,68.54,46.1,0.461,67,70,March28Data_W_IRRA(in).csv
2026-04-02 12:42:44,Cold,68.36,46.0,0.46,67,70,March28Data_W_IRRA(in).csv
2026-04-02 12:42:46,Cold,68.36,46.0,0.46,67,70,March28Data_W_IRRA(in).csv
2026-04-02 12:42:48,Cold,68.36,46.0,0.46,67,70,March28Data_W_IRRA(in).csv
2026-04-02 12:42:50,Cold,68.36,46.0,0.46,67,70,March28Data_W_IRRA(in).csv
2026-04-02 12:42:53,Cold,68.36,46.0,0.46,67,70,March28Data_W_IRRA(in).csv
2026-04-02 12:42:55,Cold,68.36,46.0,0.46,67,70,March28Data_W_IRRA(in).csv
2026-04-02 12:42:57,Cold,68.36,46.0,0.46,67,70,March28Data_W_IRRA(in).csv
2026-04-02 12:42:59,Cold,68.36,46.0,0.46,67,70,March28Data_W_IRRA(in).csv
2026-04-02 12:43:01,Cold,68.36,46.0,0.46,67,70,March28Data_W_IRRA(in).csv
2026-04-02 12:43:03,Cold,68.36,46.0,0.46,67,70,March28Data_W_IRRA(in).csv
2026-04-02 12:43:05,Cold,68.36,46.0,0.46,67,70,March28Data_W_IRRA(in).csv
2026-04-02 12:43:07,Cold,68.36,46.0,0.46,67,70,March28Data_W_IRRA(in).csv
2026-04-02 12:43:09,Cold,68.36,45.9,0.45899999999999996,67,70,March28Data_W_IRRA(in).csv
2026-04-02 12:43:11,Cold,68.18,45.9,0.45899999999999996,67,70,March28Data_W_IRRA(in).csv
2026-04-02 12:43:13,Cold,68.36,45.9,0.45899999999999996,67,70,March28Data_W_IRRA(in).csv
2026-04-02 12:43:15,Cold,68.36,45.9,0.45899999999999996,67,70,March28Data_W_IRRA(in).csv
2026-04-02 12:43:17,Cold,68.36,45.9,0.45899999999999996,67,70,March28Data_W_IRRA(in).csv
2026-04-02 12:43:19,Cold,68.36,45.9,0.45899999999999996,67,70,March28Data_W_IRRA(in).csv
2026-04-02 12:43:21,Cold,68.36,45.9,0.45899999999999996,67,70,March28Data_W_IRRA(in).csv
2026-04-02 12:43:23,Cold,68.36,45.9,0.45899999999999996,67,70,March28Data_W_IRRA(in).csv
2026-04-02 12:43:25,Cold,68.36,45.9,0.45899999999999996,67,70,March28Data_W_IRRA(in).csv
2026-04-02 12:43:27,Cold,68.36,45.9,0.45899999999999996,67,70,March28Data_W_IRRA(in).csv
2026-04-02 12:43:29,Cold,68.36,45.9,0.45899999999999996,67,70,March28Data_W_IRRA(in).csv
2026-04-02 12:43:31,Cold,68.36,45.9,0.45899999999999996,67,70,March28Data_W_IRRA(in).csv
2026-04-02 12:43:33,Cold,68.36,45.8,0.45799999999999996,67,70,March28Data_W_IRRA(in).csv
2026-04-02 12:43:35,Cold,68.36,45.8,0.45799999999999996,67,70,March28Data_W_IRRA(in).csv
2026-04-02 12:43:37,Cold,68.36,45.8,0.45799999999999996,67,70,March28Data_W_IRRA(in).csv
2026-04-02 12:43:39,Cold,68.36,45.8,0.45799999999999996,67,70,March28Data_W_IRRA(in).csv
2026-04-02 12:43:41,Cold,68.36,45.8,0.45799999999999996,67,70,March28Data_W_IRRA(in).csv
2026-04-02 12:43:43,Cold,68.36,45.8,0.45799999999999996,67,70,March28Data_W_IRRA(in).csv
2026-04-02 12:43:45,Cold,68.36,45.7,0.457,67,70,March28Data_W_IRRA(in).csv
2026-04-02 12:43:47,Cold,68.18,45.6,0.456,67,70,March28Data_W_IRRA(in).csv
2026-04-02 12:43:49,Cold,68.36,45.7,0.457,67,70,March28Data_W_IRRA(in).csv
2026-04-02 12:43:51,Cold,68.36,45.6,0.456,67,70,March28Data_W_IRRA(in).csv
2026-04-02 12:43:53,Cold,68.36,45.6,0.456,67,70,March28Data_W_IRRA(in).csv
2026-04-02 12:43:56,Cold,68.36,45.6,0.456,67,70,March28Data_W_IRRA(in).csv
2026-04-02 12:43:58,Cold,68.36,45.5,0.455,67,70,March28Data_W_IRRA(in).csv
2026-04-02 12:44:00,Cold,68.36,45.5,0.455,67,70,March28Data_W_IRRA(in).csv
2026-04-02 12:44:02,Cold,68.18,45.4,0.45399999999999996,67,70,March28Data_W_IRRA(in).csv
2026-04-02 12:44:04,Cold,68.18,45.4,0.45399999999999996,67,70,March28Data_W_IRRA(in).csv
2026-04-02 12:44:06,Cold,68.36,45.5,0.455,67,70,March28Data_W_IRRA(in).csv
2026-04-02 12:44:08,Cold,68.36,45.5,0.455,67,70,March28Data_W_IRRA(in).csv
2026-04-02 12:44:10,Cold,68.18,45.4,0.45399999999999996,67,70,March28Data_W_IRRA(in).csv
2026-04-02 12:44:12,Cold,68.36,45.4,0.45399999999999996,67,70,March28Data_W_IRRA(in).csv
2026-04-02 12:44:14,Cold,68.36,45.4,0.45399999999999996,67,70,March28Data_W_IRRA(in).csv
2026-04-02 12:44:16,Cold,68.36,45.3,0.45299999999999996,67,70,March28Data_W_IRRA(in).csv
2026-04-02 12:44:18,Cold,68.36,45.3,0.45299999999999996,67,70,March28Data_W_IRRA(in).csv
2026-04-02 12:44:20,Cold,68.36,45.3,0.45299999999999996,67,70,March28Data_W_IRRA(in).csv
2026-04-02 12:44:22,Cold,68.36,45.3,0.45299999999999996,67,70,March28Data_W_IRRA(in).csv
2026-04-02 12:44:24,Cold,68.36,45.3,0.45299999999999996,67,70,March28Data_W_IRRA(in).csv
2026-04-02 12:44:26,Cold,68.18,45.2,0.452,67,70,March28Data_W_IRRA(in).csv
2026-04-02 12:44:28,Cold,68.36,45.3,0.45299999999999996,67,70,March28Data_W_IRRA(in).csv
2026-04-02 12:44:30,Cold,68.36,45.3,0.45299999999999996,67,70,March28Data_W_IRRA(in).csv
2026-04-02 12:44:32,Cold,68.36,45.3,0.45299999999999996,67,70,March28Data_W_IRRA(in).csv
2026-04-02 12:44:34,Cold,68.36,45.3,0.45299999999999996,67,70,March28Data_W_IRRA(in).csv
2026-04-02 12:44:36,Cold,68.18,45.2,0.452,67,70,March28Data_W_IRRA(in).csv
2026-04-02 12:44:38,Cold,68.36,45.3,0.45299999999999996,67,70,March28Data_W_IRRA(in).csv
2026-04-02 12:44:40,Cold,68.36,45.3,0.45299999999999996,67,70,March28Data_W_IRRA(in).csv
2026-04-02 12:44:42,Cold,68.36,45.3,0.45299999999999996,67,70,March28Data_W_IRRA(in).csv
2026-04-02 12:44:44,Cold,68.36,45.3,0.45299999999999996,67,70,March28Data_W_IRRA(in).csv
2026-04-02 12:44:46,Cold,68.36,45.3,0.45299999999999996,67,70,March28Data_W_IRRA(in).csv
2026-04-02 12:44:48,Cold,68.36,45.3,0.45299999999999996,67,70,March28Data_W_IRRA(in).csv
2026-04-02 12:44:50,Cold,68.36,45.3,0.45299999999999996,67,70,March28Data_W_IRRA(in).csv
2026-04-02 12:44:52,Cold,68.18,45.3,0.45299999999999996,67,69,March28Data_W_IRRA(in).csv
2026-04-02 12:44:54,Cold,68.18,45.3,0.45299999999999996,67,69,March28Data_W_IRRA(in).csv
2026-04-02 12:44:57,Cold,68.18,45.3,0.45299999999999996,67,70,March28Data_W_IRRA(in).csv
2026-04-02 12:44:59,Cold,68.18,45.3,0.45299999999999996,67,70,March28Data_W_IRRA(in).csv
2026-04-02 12:45:01,Cold,68.36,45.3,0.45299999999999996,67,70,March28Data_W_IRRA(in).csv
2026-04-02 12:45:03,Cold,68.36,45.3,0.45299999999999996,67,70,March28Data_W_IRRA(in).csv
2026-04-02 12:45:05,Cold,68.36,45.3,0.45299999999999996,67,70,March28Data_W_IRRA(in).csv
2026-04-02 12:45:07,Cold,68.36,45.3,0.45299999999999996,67,70,March28Data_W_IRRA(in).csv
2026-04-02 12:45:09,Cold,68.18,45.2,0.452,67,70,March28Data_W_IRRA(in).csv
2026-04-02 12:45:11,Cold,68.36,45.3,0.45299999999999996,67,70,March28Data_W_IRRA(in).csv
2026-04-02 12:45:13,Cold,68.36,45.3,0.45299999999999996,67,70,March28Data_W_IRRA(in).csv
2026-04-02 12:45:15,Cold,68.36,45.3,0.45299999999999996,67,70,March28Data_W_IRRA(in).csv
2026-04-02 12:45:17,Cold,68.18,45.2,0.452,67,70,March28Data_W_IRRA(in).csv
2026-04-02 12:45:19,Cold,68.18,45.2,0.452,67,70,March28Data_W_IRRA(in).csv
2026-04-02 12:45:21,Cold,68.18,45.2,0.452,67,69,March28Data_W_IRRA(in).csv
2026-04-02 12:45:23,Cold,68.36,45.3,0.45299999999999996,67,69,March28Data_W_IRRA(in).csv
2026-04-02 12:45:25,Cold,68.36,45.3,0.45299999999999996,67,70,March28Data_W_IRRA(in).csv
2026-04-02 12:45:27,Cold,68.36,45.2,0.452,67,69,March28Data_W_IRRA(in).csv
2026-04-02 12:45:29,Cold,68.36,45.2,0.452,67,69,March28Data_W_IRRA(in).csv
2026-04-02 12:45:31,Cold,68.36,45.2,0.452,67,69,March28Data_W_IRRA(in).csv
2026-04-02 12:45:33,Cold,68.18,45.1,0.451,67,69,March28Data_W_IRRA(in).csv
2026-04-02 12:45:35,Cold,68.36,45.2,0.452,67,70,March28Data_W_IRRA(in).csv
2026-04-02 12:45:37,Cold,68.36,45.2,0.452,67,70,March28Data_W_IRRA(in).csv
2026-04-02 12:45:39,Cold,68.36,45.2,0.452,67,69,March28Data_W_IRRA(in).csv
2026-04-02 12:45:41,Cold,68.36,45.3,0.45299999999999996,67,69,March28Data_W_IRRA(in).csv
2026-04-02 12:45:43,Cold,68.18,45.2,0.452,67,69,March28Data_W_IRRA(in).csv
2026-04-02 12:45:45,Cold,68.36,45.3,0.45299999999999996,67,69,March28Data_W_IRRA(in).csv
2026-04-02 12:45:47,Cold,68.36,45.3,0.45299999999999996,67,70,March28Data_W_IRRA(in).csv
2026-04-02 12:45:49,Cold,68.36,45.3,0.45299999999999996,67,69,March28Data_W_IRRA(in).csv
2026-04-02 12:45:51,Cold,68.36,45.3,0.45299999999999996,67,70,March28Data_W_IRRA(in).csv
2026-04-02 12:45:53,Cold,68.36,45.3,0.45299999999999996,67,70,March28Data_W_IRRA(in).csv
2026-04-02 12:45:55,Cold,68.36,45.3,0.45299999999999996,67,69,March28Data_W_IRRA(in).csv
2026-04-02 12:45:57,Cold,68.36,45.3,0.45299999999999996,67,69,March28Data_W_IRRA(in).csv
2026-04-02 12:46:00,Cold,68.36,45.3,0.45299999999999996,67,69,March28Data_W_IRRA(in).csv
2026-04-02 12:46:02,Cold,68.36,45.3,0.45299999999999996,67,69,March28Data_W_IRRA(in).csv
2026-04-02 12:46:04,Cold,68.36,45.3,0.45299999999999996,67,70,March28Data_W_IRRA(in).csv
2026-04-02 12:46:06,Cold,68.36,45.3,0.45299999999999996,67,70,March28Data_W_IRRA(in).csv
2026-04-02 12:46:08,Cold,68.36,45.3,0.45299999999999996,67,69,March28Data_W_IRRA(in).csv
2026-04-02 12:46:10,Cold,68.36,45.3,0.45299999999999996,67,69,March28Data_W_IRRA(in).csv
2026-04-02 12:46:12,Cold,68.36,45.3,0.45299999999999996,67,69,March28Data_W_IRRA(in).csv
2026-04-02 12:46:14,Cold,68.18,45.2,0.452,67,69,March28Data_W_IRRA(in).csv
2026-04-02 12:46:16,Cold,68.36,45.3,0.45299999999999996,67,69,March28Data_W_IRRA(in).csv
2026-04-02 12:46:18,Cold,68.18,45.2,0.452,67,70,March28Data_W_IRRA(in).csv
2026-04-02 12:46:20,Cold,68.36,45.3,0.45299999999999996,67,69,March28Data_W_IRRA(in).csv
2026-04-02 12:46:22,Cold,68.36,45.3,0.45299999999999996,67,69,March28Data_W_IRRA(in).csv
2026-04-02 12:46:24,Cold,68.36,45.3,0.45299999999999996,67,69,March28Data_W_IRRA(in).csv
2026-04-02 12:46:26,Cold,68.36,45.3,0.45299999999999996,67,70,March28Data_W_IRRA(in).csv
2026-04-02 12:46:28,Cold,68.36,45.2,0.452,67,69,March28Data_W_IRRA(in).csv
2026-04-02 12:46:30,Cold,68.36,45.2,0.452,67,69,March28Data_W_IRRA(in).csv
2026-04-02 12:46:32,Cold,68.36,45.2,0.452,67,69,March28Data_W_IRRA(in).csv
2026-04-02 12:46:34,Cold,68.18,45.1,0.451,67,69,March28Data_W_IRRA(in).csv
2026-04-02 12:46:36,Cold,68.36,45.2,0.452,67,69,March28Data_W_IRRA(in).csv
2026-04-02 12:46:38,Cold,68.36,45.1,0.451,67,69,March28Data_W_IRRA(in).csv
2026-04-02 12:46:40,Cold,68.18,44.9,0.449,67,69,March28Data_W_IRRA(in).csv
2026-04-02 12:46:42,Cold,68.36,44.9,0.449,67,69,March28Data_W_IRRA(in).csv
2026-04-02 12:46:44,Cold,68.36,44.9,0.449,67,69,March28Data_W_IRRA(in).csv
2026-04-02 12:46:46,Cold,68.36,44.8,0.44799999999999995,67,69,March28Data_W_IRRA(in).csv
2026-04-02 12:46:48,Cold,68.18,44.7,0.447,67,69,March28Data_W_IRRA(in).csv
2026-04-02 12:46:50,Cold,68.36,44.8,0.44799999999999995,67,69,March28Data_W_IRRA(in).csv
2026-04-02 12:46:52,Cold,68.36,44.7,0.447,67,69,March28Data_W_IRRA(in).csv
2026-04-02 12:46:54,Cold,68.36,44.7,0.447,67,69,March28Data_W_IRRA(in).csv
2026-04-02 12:46:56,Cold,68.18,44.6,0.446,67,69,March28Data_W_IRRA(in).csv
2026-04-02 12:46:58,Cold,68.36,44.8,0.44799999999999995,67,69,March28Data_W_IRRA(in).csv
2026-04-02 12:47:01,Cold,68.36,44.8,0.44799999999999995,67,69,March28Data_W_IRRA(in).csv
2026-04-02 12:47:03,Cold,68.36,44.8,0.44799999999999995,68,69,March28Data_W_IRRA(in).csv
2026-04-02 12:47:05,Cold,68.36,44.8,0.44799999999999995,67,69,March28Data_W_IRRA(in).csv
2026-04-02 12:47:07,Cold,68.36,44.9,0.449,67,69,March28Data_W_IRRA(in).csv
2026-04-02 12:47:09,Cold,68.36,44.9,0.449,67,69,March28Data_W_IRRA(in).csv
2026-04-02 12:47:11,Cold,68.36,44.9,0.449,67,69,March28Data_W_IRRA(in).csv
2026-04-02 12:47:13,Cold,68.36,44.9,0.449,67,69,March28Data_W_IRRA(in).csv
2026-04-02 12:47:15,Cold,68.18,44.8,0.44799999999999995,67,69,March28Data_W_IRRA(in).csv
2026-04-02 12:47:17,Cold,68.36,44.9,0.449,67,69,March28Data_W_IRRA(in).csv
2026-04-02 12:47:19,Cold,68.36,44.9,0.449,67,69,March28Data_W_IRRA(in).csv
2026-04-02 12:47:21,Cold,68.36,45.0,0.45,68,69,March28Data_W_IRRA(in).csv
2026-04-02 12:47:23,Cold,68.36,45.0,0.45,67,69,March28Data_W_IRRA(in).csv
2026-04-02 12:47:25,Cold,68.18,44.9,0.449,67,69,March28Data_W_IRRA(in).csv
2026-04-02 12:47:27,Cold,68.36,45.0,0.45,67,69,March28Data_W_IRRA(in).csv
2026-04-02 12:47:29,Cold,68.36,45.0,0.45,67,69,March28Data_W_IRRA(in).csv
2026-04-02 12:47:31,Cold,68.36,45.0,0.45,67,69,March28Data_W_IRRA(in).csv
2026-04-02 12:47:33,Cold,68.36,45.0,0.45,67,69,March28Data_W_IRRA(in).csv
2026-04-02 12:47:35,Cold,68.36,45.0,0.45,67,69,March28Data_W_IRRA(in).csv
2026-04-02 12:47:37,Cold,68.36,45.0,0.45,67,69,March28Data_W_IRRA(in).csv
2026-04-02 12:47:39,Cold,68.36,45.0,0.45,67,69,March28Data_W_IRRA(in).csv
2026-04-02 12:47:41,Cold,68.18,44.9,0.449,67,69,March28Data_W_IRRA(in).csv
2026-04-02 12:47:43,Cold,68.18,44.9,0.449,67,69,March28Data_W_IRRA(in).csv
2026-04-02 12:47:45,Cold,68.36,45.0,0.45,67,69,March28Data_W_IRRA(in).csv
2026-04-02 12:47:47,Cold,68.36,45.0,0.45,67,69,March28Data_W_IRRA(in).csv
2026-04-02 12:47:49,Cold,68.36,45.0,0.45,67,69,March28Data_W_IRRA(in).csv
2026-04-02 12:47:51,Cold,68.36,45.0,0.45,67,69,March28Data_W_IRRA(in).csv
2026-04-02 12:47:53,Cold,68.36,44.9,0.449,68,69,March28Data_W_IRRA(in).csv
2026-04-02 12:47:55,Cold,68.36,44.9,0.449,67,69,March28Data_W_IRRA(in).csv
2026-04-02 12:47:57,Cold,68.36,44.9,0.449,67,70,March28Data_W_IRRA(in).csv
2026-04-02 12:47:59,Cold,68.36,44.8,0.44799999999999995,67,69,March28Data_W_IRRA(in).csv
2026-04-02 12:48:01,Cold,68.36,44.8,0.44799999999999995,68,69,March28Data_W_IRRA(in).csv
2026-04-02 12:48:04,Cold,68.36,44.8,0.44799999999999995,67,69,March28Data_W_IRRA(in).csv
2026-04-02 12:48:06,Cold,68.36,44.8,0.44799999999999995,67,69,March28Data_W_IRRA(in).csv
2026-04-02 12:48:08,Cold,68.36,44.8,0.44799999999999995,68,69,March28Data_W_IRRA(in).csv
2026-04-02 12:48:10,Cold,68.18,44.7,0.447,67,69,March28Data_W_IRRA(in).csv
2026-04-02 12:48:12,Cold,68.36,44.7,0.447,67,69,March28Data_W_IRRA(in).csv
2026-04-02 12:48:14,Cold,68.36,44.7,0.447,67,69,March28Data_W_IRRA(in).csv
2026-04-02 12:48:16,Cold,68.36,44.7,0.447,67,69,March28Data_W_IRRA(in).csv
2026-04-02 12:48:18,Cold,68.36,44.6,0.446,67,69,March28Data_W_IRRA(in).csv
2026-04-02 12:48:20,Cold,68.36,44.5,0.445,67,69,March28Data_W_IRRA(in).csv
2026-04-02 12:48:22,Cold,68.36,44.5,0.445,67,69,March28Data_W_IRRA(in).csv
2026-04-02 12:48:24,Cold,68.36,44.4,0.444,67,69,March28Data_W_IRRA(in).csv
2026-04-02 12:48:26,Cold,68.36,44.4,0.444,67,69,March28Data_W_IRRA(in).csv
2026-04-02 12:48:28,Cold,68.36,44.3,0.44299999999999995,68,69,March28Data_W_IRRA(in).csv
2026-04-02 12:48:30,Cold,68.36,44.3,0.44299999999999995,67,69,March28Data_W_IRRA(in).csv
2026-04-02 12:48:32,Cold,68.36,44.2,0.442,67,69,March28Data_W_IRRA(in).csv
2026-04-02 12:48:34,Cold,68.36,44.2,0.442,68,69,March28Data_W_IRRA(in).csv
2026-04-02 12:48:36,Cold,68.36,44.1,0.441,67,69,March28Data_W_IRRA(in).csv
2026-04-02 12:48:38,Cold,68.36,44.1,0.441,67,69,March28Data_W_IRRA(in).csv
2026-04-02 12:48:40,Cold,68.36,44.1,0.441,67,69,March28Data_W_IRRA(in).csv
2026-04-02 12:48:42,Cold,68.18,44.0,0.44,68,69,March28Data_W_IRRA(in).csv
2026-04-02 12:48:44,Cold,68.36,44.1,0.441,67,69,March28Data_W_IRRA(in).csv
2026-04-02 12:48:46,Cold,68.18,44.0,0.44,68,69,March28Data_W_IRRA(in).csv
2026-04-02 12:48:48,Cold,68.36,44.1,0.441,68,69,March28Data_W_IRRA(in).csv
2026-04-02 12:48:50,Cold,68.36,44.1,0.441,68,69,March28Data_W_IRRA(in).csv
2026-04-02 12:48:52,Cold,68.36,44.0,0.44,68,69,March28Data_W_IRRA(in).csv
2026-04-02 12:48:54,Cold,68.36,44.0,0.44,68,69,March28Data_W_IRRA(in).csv
2026-04-02 12:48:56,Cold,68.36,43.9,0.439,67,69,March28Data_W_IRRA(in).csv
2026-04-02 12:48:58,Cold,68.36,43.9,0.439,68,69,March28Data_W_IRRA(in).csv
2026-04-02 12:49:00,Cold,68.36,43.9,0.439,67,69,March28Data_W_IRRA(in).csv
2026-04-02 12:49:02,Cold,68.36,43.8,0.43799999999999994,68,69,March28Data_W_IRRA(in).csv
2026-04-02 12:49:05,Cold,68.36,43.8,0.43799999999999994,67,70,March28Data_W_IRRA(in).csv
2026-04-02 12:49:07,Cold,68.36,43.8,0.43799999999999994,67,69,March28Data_W_IRRA(in).csv
2026-04-02 12:49:09,Cold,68.36,43.7,0.43700000000000006,67,69,March28Data_W_IRRA(in).csv
2026-04-02 12:49:11,Cold,68.36,43.7,0.43700000000000006,68,69,March28Data_W_IRRA(in).csv
2026-04-02 12:49:13,Cold,68.36,43.7,0.43700000000000006,68,69,March28Data_W_IRRA(in).csv
2026-04-02 12:49:15,Cold,68.36,43.7,0.43700000000000006,67,69,March28Data_W_IRRA(in).csv
2026-04-02 12:49:17,Cold,68.36,43.6,0.436,67,70,March28Data_W_IRRA(in).csv
2026-04-02 12:49:19,Cold,68.36,43.6,0.436,68,69,March28Data_W_IRRA(in).csv
2026-04-02 12:49:21,Cold,68.36,43.6,0.436,67,69,March28Data_W_IRRA(in).csv
2026-04-02 12:49:23,Cold,68.36,43.6,0.436,67,69,March28Data_W_IRRA(in).csv
2026-04-02 12:49:25,Cold,68.36,43.6,0.436,68,69,March28Data_W_IRRA(in).csv
2026-04-02 12:49:27,Cold,68.18,43.5,0.435,67,69,March28Data_W_IRRA(in).csv
2026-04-02 12:49:29,Cold,68.36,43.6,0.436,68,70,March28Data_W_IRRA(in).csv
2026-04-02 12:49:31,Cold,68.36,43.6,0.436,67,69,March28Data_W_IRRA(in).csv
2026-04-02 12:49:33,Cold,68.36,43.6,0.436,67,69,March28Data_W_IRRA(in).csv
2026-04-02 12:49:35,Cold,68.36,43.6,0.436,67,69,March28Data_W_IRRA(in).csv
2026-04-02 12:49:37,Cold,68.18,43.5,0.435,67,69,March28Data_W_IRRA(in).csv
2026-04-02 12:49:39,Cold,68.36,43.6,0.436,68,69,March28Data_W_IRRA(in).csv
2026-04-02 12:49:41,Cold,68.36,43.6,0.436,67,69,March28Data_W_IRRA(in).csv
2026-04-02 12:49:43,Cold,68.36,43.5,0.435,67,69,March28Data_W_IRRA(in).csv
2026-04-02 12:49:45,Cold,68.36,43.6,0.436,68,69,March28Data_W_IRRA(in).csv
2026-04-02 12:49:47,Cold,68.36,43.5,0.435,68,69,March28Data_W_IRRA(in).csv
2026-04-02 12:49:49,Cold,68.36,43.6,0.436,67,69,March28Data_W_IRRA(in).csv
2026-04-02 12:49:51,Cold,68.36,43.6,0.436,68,69,March28Data_W_IRRA(in).csv
2026-04-02 12:49:53,Cold,68.36,43.6,0.436,67,69,March28Data_W_IRRA(in).csv
2026-04-02 12:49:55,Cold,68.18,43.5,0.435,67,69,March28Data_W_IRRA(in).csv
2026-04-02 12:49:57,Cold,68.36,43.6,0.436,68,69,March28Data_W_IRRA(in).csv
2026-04-02 12:49:59,Cold,68.36,43.6,0.436,68,69,March28Data_W_IRRA(in).csv
2026-04-02 12:50:01,Cold,68.36,43.6,0.436,68,69,March28Data_W_IRRA(in).csv
2026-04-02 12:50:03,Cold,68.36,43.6,0.436,67,69,March28Data_W_IRRA(in).csv
2026-04-02 12:50:06,Cold,68.36,43.6,0.436,67,69,March28Data_W_IRRA(in).csv
2026-04-02 12:50:08,Cold,68.36,43.6,0.436,67,69,March28Data_W_IRRA(in).csv
2026-04-02 12:50:10,Cold,68.36,43.6,0.436,68,69,March28Data_W_IRRA(in).csv
2026-04-02 12:50:12,Cold,68.36,43.6,0.436,67,69,March28Data_W_IRRA(in).csv
2026-04-02 12:50:14,Cold,68.36,43.6,0.436,67,69,March28Data_W_IRRA(in).csv
2026-04-02 12:50:16,Cold,68.18,43.5,0.435,67,69,March28Data_W_IRRA(in).csv
2026-04-02 12:50:18,Cold,68.36,43.6,0.436,67,69,March28Data_W_IRRA(in).csv
2026-04-02 12:50:20,Cold,68.36,43.6,0.436,68,69,March28Data_W_IRRA(in).csv
2026-04-02 12:50:22,Cold,68.36,43.6,0.436,68,69,March28Data_W_IRRA(in).csv
2026-04-02 12:50:24,Cold,68.36,43.6,0.436,68,69,March28Data_W_IRRA(in).csv
2026-04-02 12:50:26,Cold,68.36,43.6,0.436,68,69,March28Data_W_IRRA(in).csv
2026-04-02 12:50:28,Cold,68.36,43.7,0.43700000000000006,67,69,March28Data_W_IRRA(in).csv
2026-04-02 12:50:30,Cold,68.36,43.6,0.436,67,69,March28Data_W_IRRA(in).csv
2026-04-02 12:50:32,Cold,68.36,43.6,0.436,67,69,March28Data_W_IRRA(in).csv
2026-04-02 12:50:34,Cold,68.36,43.6,0.436,67,69,March28Data_W_IRRA(in).csv
2026-04-02 12:50:36,Cold,68.36,43.7,0.43700000000000006,67,69,March28Data_W_IRRA(in).csv
2026-04-02 12:50:38,Cold,68.36,43.7,0.43700000000000006,68,69,March28Data_W_IRRA(in).csv
2026-04-02 12:50:40,Cold,68.36,43.7,0.43700000000000006,67,69,March28Data_W_IRRA(in).csv
2026-04-02 12:50:42,Cold,68.36,43.6,0.436,68,69,March28Data_W_IRRA(in).csv
2026-04-02 12:50:44,Cold,68.36,43.7,0.43700000000000006,68,69,March28Data_W_IRRA(in).csv
2026-04-02 12:50:46,Cold,68.36,43.7,0.43700000000000006,68,69,March28Data_W_IRRA(in).csv
2026-04-02 12:50:48,Cold,68.36,43.7,0.43700000000000006,68,69,March28Data_W_IRRA(in).csv
2026-04-02 12:50:50,Cold,68.36,43.7,0.43700000000000006,67,69,March28Data_W_IRRA(in).csv
2026-04-02 12:50:52,Cold,68.36,43.7,0.43700000000000006,67,69,March28Data_W_IRRA(in).csv
2026-04-02 12:50:54,Cold,68.36,43.7,0.43700000000000006,67,69,March28Data_W_IRRA(in).csv
2026-04-02 12:50:56,Cold,68.36,43.7,0.43700000000000006,67,69,March28Data_W_IRRA(in).csv
2026-04-02 12:50:58,Cold,68.36,43.7,0.43700000000000006,68,69,March28Data_W_IRRA(in).csv
2026-04-02 12:51:00,Cold,68.36,43.7,0.43700000000000006,67,69,March28Data_W_IRRA(in).csv
2026-04-02 12:51:02,Cold,68.36,43.7,0.43700000000000006,67,69,March28Data_W_IRRA(in).csv
2026-04-02 12:51:04,Cold,68.36,43.7,0.43700000000000006,67,69,March28Data_W_IRRA(in).csv
2026-04-02 12:51:07,Cold,68.36,43.7,0.43700000000000006,67,69,March28Data_W_IRRA(in).csv
2026-04-02 12:51:09,Cold,68.18,43.6,0.436,67,69,March28Data_W_IRRA(in).csv
2026-04-02 12:51:11,Cold,68.18,43.6,0.436,67,69,March28Data_W_IRRA(in).csv
2026-04-02 12:51:13,Cold,68.36,43.7,0.43700000000000006,67,69,March28Data_W_IRRA(in).csv
2026-04-02 12:51:15,Cold,68.18,43.5,0.435,67,69,March28Data_W_IRRA(in).csv
2026-04-02 12:51:17,Cold,68.18,43.6,0.436,67,69,March28Data_W_IRRA(in).csv
2026-04-02 12:51:19,Cold,68.18,43.5,0.435,68,69,March28Data_W_IRRA(in).csv
2026-04-02 12:51:21,Cold,68.36,43.7,0.43700000000000006,68,69,March28Data_W_IRRA(in).csv
2026-04-02 12:51:23,Cold,68.36,43.7,0.43700000000000006,68,69,March28Data_W_IRRA(in).csv
2026-04-02 12:51:25,Cold,68.18,43.5,0.435,67,69,March28Data_W_IRRA(in).csv
2026-04-02 12:51:27,Cold,68.18,43.6,0.436,67,69,March28Data_W_IRRA(in).csv
2026-04-02 12:51:29,Cold,68.18,43.6,0.436,68,69,March28Data_W_IRRA(in).csv
2026-04-02 12:51:31,Cold,68.36,43.6,0.436,67,69,March28Data_W_IRRA(in).csv
2026-04-02 12:51:33,Cold,68.36,43.7,0.43700000000000006,67,69,March28Data_W_IRRA(in).csv
2026-04-02 12:51:35,Cold,68.18,43.5,0.435,67,69,March28Data_W_IRRA(in).csv
2026-04-02 12:51:37,Cold,68.18,43.6,0.436,68,69,March28Data_W_IRRA(in).csv
2026-04-02 12:51:39,Cold,68.36,43.6,0.436,68,69,March28Data_W_IRRA(in).csv
2026-04-02 12:51:41,Cold,68.36,43.7,0.43700000000000006,67,69,March28Data_W_IRRA(in).csv
2026-04-02 12:51:43,Cold,68.36,43.6,0.436,68,69,March28Data_W_IRRA(in).csv
2026-04-02 12:51:45,Cold,68.36,43.7,0.43700000000000006,68,69,March28Data_W_IRRA(in).csv
2026-04-02 12:51:47,Cold,68.18,43.6,0.436,68,69,March28Data_W_IRRA(in).csv
2026-04-02 12:51:49,Cold,68.18,43.6,0.436,67,69,March28Data_W_IRRA(in).csv
2026-04-02 12:51:51,Cold,68.18,43.6,0.436,68,69,March28Data_W_IRRA(in).csv
2026-04-02 12:51:53,Cold,68.18,43.6,0.436,68,69,March28Data_W_IRRA(in).csv
2026-04-02 12:51:55,Cold,68.36,43.7,0.43700000000000006,68,69,March28Data_W_IRRA(in).csv
2026-04-02 12:51:57,Cold,68.18,43.6,0.436,68,69,March28Data_W_IRRA(in).csv
2026-04-02 12:51:59,Cold,68.18,43.6,0.436,67,69,March28Data_W_IRRA(in).csv
2026-04-02 12:52:01,Cold,68.36,43.7,0.43700000000000006,68,69,March28Data_W_IRRA(in).csv
2026-04-02 12:52:03,Cold,68.18,43.6,0.436,68,69,March28Data_W_IRRA(in).csv
2026-04-02 12:52:05,Cold,68.18,43.6,0.436,68,69,March28Data_W_IRRA(in).csv
2026-04-02 12:52:07,Cold,68.36,43.7,0.43700000000000006,68,69,March28Data_W_IRRA(in).csv
2026-04-02 12:52:10,Cold,68.36,43.7,0.43700000000000006,68,69,March28Data_W_IRRA(in).csv
2026-04-02 12:52:12,Cold,68.36,43.7,0.43700000000000006,68,69,March28Data_W_IRRA(in).csv
2026-04-02 12:52:14,Cold,68.36,43.7,0.43700000000000006,68,69,March28Data_W_IRRA(in).csv
2026-04-02 12:52:16,Cold,68.18,43.5,0.435,68,69,March28Data_W_IRRA(in).csv
2026-04-02 12:52:18,Cold,68.36,43.7,0.43700000000000006,68,69,March28Data_W_IRRA(in).csv
2026-04-02 12:52:20,Cold,68.36,43.6,0.436,67,69,March28Data_W_IRRA(in).csv
2026-04-02 12:52:22,Cold,68.36,43.6,0.436,68,69,March28Data_W_IRRA(in).csv
2026-04-02 12:52:24,Cold,68.18,43.5,0.435,68,69,March28Data_W_IRRA(in).csv
2026-04-02 12:52:26,Cold,68.18,43.5,0.435,68,69,March28Data_W_IRRA(in).csv
2026-04-02 12:52:28,Cold,68.18,43.5,0.435,68,69,March28Data_W_IRRA(in).csv
2026-04-02 12:52:30,Cold,68.36,43.6,0.436,68,69,March28Data_W_IRRA(in).csv
2026-04-02 12:52:32,Cold,68.18,43.5,0.435,68,69,March28Data_W_IRRA(in).csv
2026-04-02 12:52:34,Cold,68.36,43.6,0.436,68,69,March28Data_W_IRRA(in).csv
2026-04-02 12:52:36,Cold,68.18,43.5,0.435,68,69,March28Data_W_IRRA(in).csv
2026-04-02 12:52:38,Cold,68.18,43.5,0.435,67,69,March28Data_W_IRRA(in).csv
2026-04-02 12:52:40,Cold,68.36,43.6,0.436,68,69,March28Data_W_IRRA(in).csv
2026-04-02 12:52:42,Cold,68.18,43.5,0.435,67,69,March28Data_W_IRRA(in).csv
2026-04-02 12:52:44,Cold,68.36,43.6,0.436,68,69,March28Data_W_IRRA(in).csv
2026-04-02 12:52:46,Cold,68.18,43.5,0.435,68,69,March28Data_W_IRRA(in).csv
2026-04-02 12:52:48,Cold,68.18,43.5,0.435,68,69,March28Data_W_IRRA(in).csv
2026-04-02 12:52:50,Cold,68.36,43.6,0.436,68,69,March28Data_W_IRRA(in).csv
2026-04-02 12:52:52,Cold,68.18,43.5,0.435,68,69,March28Data_W_IRRA(in).csv
2026-04-02 12:52:54,Cold,68.36,43.6,0.436,68,69,March28Data_W_IRRA(in).csv
2026-04-02 12:52:56,Cold,68.18,43.5,0.435,68,69,March28Data_W_IRRA(in).csv
2026-04-02 12:52:58,Cold,68.18,43.5,0.435,68,69,March28Data_W_IRRA(in).csv
2026-04-02 12:53:00,Cold,68.18,43.5,0.435,68,69,March28Data_W_IRRA(in).csv
2026-04-02 12:53:02,Cold,68.18,43.5,0.435,68,69,March28Data_W_IRRA(in).csv
2026-04-02 12:53:04,Cold,68.36,43.6,0.436,68,69,March28Data_W_IRRA(in).csv
2026-04-02 12:53:06,Cold,68.36,43.6,0.436,68,69,March28Data_W_IRRA(in).csv
2026-04-02 12:53:08,Cold,68.36,43.6,0.436,68,69,March28Data_W_IRRA(in).csv
2026-04-02 12:53:11,Cold,68.18,43.5,0.435,68,69,March28Data_W_IRRA(in).csv
2026-04-02 12:53:13,Cold,68.36,43.5,0.435,68,69,March28Data_W_IRRA(in).csv
2026-04-02 12:53:15,Cold,68.18,43.5,0.435,68,69,March28Data_W_IRRA(in).csv
2026-04-02 12:53:17,Cold,68.18,43.5,0.435,68,69,March28Data_W_IRRA(in).csv
2026-04-02 12:53:19,Cold,68.18,43.5,0.435,68,69,March28Data_W_IRRA(in).csv
2026-04-02 12:53:21,Cold,68.36,43.6,0.436,68,69,March28Data_W_IRRA(in).csv
2026-04-02 12:53:23,Cold,68.18,43.5,0.435,68,69,March28Data_W_IRRA(in).csv
2026-04-02 12:53:25,Cold,68.36,43.5,0.435,68,69,March28Data_W_IRRA(in).csv
2026-04-02 12:53:27,Cold,68.18,43.4,0.434,68,69,March28Data_W_IRRA(in).csv
2026-04-02 12:53:29,Cold,68.18,43.4,0.434,68,69,March28Data_W_IRRA(in).csv
2026-04-02 12:53:31,Cold,68.36,43.6,0.436,68,69,March28Data_W_IRRA(in).csv
2026-04-02 12:53:33,Cold,68.18,43.5,0.435,68,69,March28Data_W_IRRA(in).csv
2026-04-02 12:53:35,Cold,68.18,43.5,0.435,68,69,March28Data_W_IRRA(in).csv
2026-04-02 12:53:37,Cold,68.18,43.4,0.434,68,69,March28Data_W_IRRA(in).csv
2026-04-02 12:53:39,Cold,68.18,43.4,0.434,68,69,March28Data_W_IRRA(in).csv
2026-04-02 12:53:41,Cold,68.18,43.4,0.434,67,69,March28Data_W_IRRA(in).csv
2026-04-02 12:53:43,Cold,68.18,43.4,0.434,68,69,March28Data_W_IRRA(in).csv
2026-04-02 12:53:45,Cold,68.18,43.4,0.434,68,69,March28Data_W_IRRA(in).csv
2026-04-02 12:53:47,Cold,68.18,43.5,0.435,68,69,March28Data_W_IRRA(in).csv
2026-04-02 12:53:49,Cold,68.18,43.5,0.435,68,69,March28Data_W_IRRA(in).csv
2026-04-02 12:53:51,Cold,68.18,43.4,0.434,68,69,March28Data_W_IRRA(in).csv
2026-04-02 12:53:53,Cold,68.18,43.4,0.434,68,69,March28Data_W_IRRA(in).csv
2026-04-02 12:53:55,Cold,68.18,43.4,0.434,68,69,March28Data_W_IRRA(in).csv
2026-04-02 12:53:57,Cold,68.18,43.4,0.434,68,69,March28Data_W_IRRA(in).csv
2026-04-02 12:53:59,Cold,68.18,43.4,0.434,68,69,March28Data_W_IRRA(in).csv
2026-04-02 12:54:01,Cold,68.18,43.4,0.434,68,69,March28Data_W_IRRA(in).csv
2026-04-02 12:54:03,Cold,68.18,43.4,0.434,68,69,March28Data_W_IRRA(in).csv
2026-04-02 12:54:05,Cold,68.18,43.4,0.434,68,69,March28Data_W_IRRA(in).csv
2026-04-02 12:54:07,Cold,68.18,43.4,0.434,68,69,March28Data_W_IRRA(in).csv
2026-04-02 12:54:09,Cold,68.18,43.4,0.434,68,69,March28Data_W_IRRA(in).csv
2026-04-02 12:54:12,Cold,68.18,43.4,0.434,68,69,March28Data_W_IRRA(in).csv
2026-04-02 12:54:14,Cold,68.18,43.4,0.434,68,69,March28Data_W_IRRA(in).csv
2026-04-02 12:54:16,Cold,68.18,43.4,0.434,68,69,March28Data_W_IRRA(in).csv
2026-04-02 12:54:18,Cold,68.18,43.4,0.434,68,69,March28Data_W_IRRA(in).csv
2026-04-02 12:54:20,Cold,68.18,43.4,0.434,68,69,March28Data_W_IRRA(in).csv
2026-04-02 12:54:22,Cold,68.18,43.4,0.434,68,69,March28Data_W_IRRA(in).csv
2026-04-02 12:54:24,Cold,68.18,43.4,0.434,68,69,March28Data_W_IRRA(in).csv
2026-04-02 12:54:26,Cold,68.18,43.4,0.434,68,69,March28Data_W_IRRA(in).csv
2026-04-02 12:54:28,Cold,68.18,43.4,0.434,68,69,March28Data_W_IRRA(in).csv
2026-04-02 12:54:30,Cold,68.18,43.4,0.434,68,69,March28Data_W_IRRA(in).csv
2026-04-02 12:54:32,Cold,68.36,43.5,0.435,68,69,March28Data_W_IRRA(in).csv
2026-04-02 12:54:34,Cold,68.18,43.4,0.434,68,69,March28Data_W_IRRA(in).csv
2026-04-02 12:54:36,Cold,68.18,43.4,0.434,68,69,March28Data_W_IRRA(in).csv
2026-04-02 12:54:38,Cold,68.18,43.4,0.434,68,69,March28Data_W_IRRA(in).csv
2026-04-02 12:54:40,Cold,68.18,43.4,0.434,68,69,March28Data_W_IRRA(in).csv
2026-04-02 12:54:42,Cold,68.18,43.4,0.434,67,69,March28Data_W_IRRA(in).csv
2026-04-02 12:54:44,Cold,68.18,43.4,0.434,68,69,March28Data_W_IRRA(in).csv
2026-04-02 12:54:46,Cold,68.18,43.4,0.434,68,69,March28Data_W_IRRA(in).csv
2026-04-02 12:54:48,Cold,68.18,43.4,0.434,67,69,March28Data_W_IRRA(in).csv
2026-04-02 12:54:50,Cold,68.18,43.3,0.433,68,69,March28Data_W_IRRA(in).csv
2026-04-02 12:54:52,Cold,68.18,43.4,0.434,68,69,March28Data_W_IRRA(in).csv
2026-04-02 12:54:54,Cold,68.18,43.3,0.433,68,69,March28Data_W_IRRA(in).csv
2026-04-02 12:54:56,Cold,68.18,43.3,0.433,68,69,March28Data_W_IRRA(in).csv
2026-04-02 12:54:58,Cold,68.18,43.3,0.433,68,69,March28Data_W_IRRA(in).csv
2026-04-02 12:55:00,Cold,68.18,43.3,0.433,68,69,March28Data_W_IRRA(in).csv
2026-04-02 12:55:02,Cold,68.36,43.4,0.434,68,69,March28Data_W_IRRA(in).csv
2026-04-02 12:55:04,Cold,68.18,43.3,0.433,68,69,March28Data_W_IRRA(in).csv
2026-04-02 12:55:06,Cold,68.18,43.3,0.433,68,69,March28Data_W_IRRA(in).csv
2026-04-02 12:55:09,Cold,68.18,43.3,0.433,68,69,March28Data_W_IRRA(in).csv
2026-04-02 12:55:11,Cold,68.18,43.3,0.433,68,69,March28Data_W_IRRA(in).csv
2026-04-02 12:55:13,Cold,68.18,43.3,0.433,68,69,March28Data_W_IRRA(in).csv
2026-04-02 12:55:15,Cold,68.36,43.4,0.434,68,69,March28Data_W_IRRA(in).csv
2026-04-02 12:55:17,Cold,68.18,43.3,0.433,68,69,March28Data_W_IRRA(in).csv
2026-04-02 12:55:19,Cold,68.18,43.3,0.433,68,69,March28Data_W_IRRA(in).csv
2026-04-02 12:55:21,Cold,68.36,43.4,0.434,68,69,March28Data_W_IRRA(in).csv
2026-04-02 12:55:23,Cold,68.18,43.3,0.433,68,69,March28Data_W_IRRA(in).csv
2026-04-02 12:55:25,Cold,68.18,43.3,0.433,68,69,March28Data_W_IRRA(in).csv
2026-04-02 12:55:27,Cold,68.18,43.3,0.433,68,69,March28Data_W_IRRA(in).csv
2026-04-02 12:55:29,Cold,68.18,43.3,0.433,68,69,March28Data_W_IRRA(in).csv
2026-04-02 12:55:31,Cold,68.18,43.3,0.433,68,69,March28Data_W_IRRA(in).csv
2026-04-02 12:55:33,Cold,68.36,43.4,0.434,68,69,March28Data_W_IRRA(in).csv
2026-04-02 12:55:35,Cold,68.18,43.3,0.433,68,69,March28Data_W_IRRA(in).csv
2026-04-02 12:55:37,Cold,68.18,43.3,0.433,68,69,March28Data_W_IRRA(in).csv
2026-04-02 12:55:39,Cold,68.18,43.2,0.43200000000000005,68,69,March28Data_W_IRRA(in).csv
2026-04-02 12:55:41,Cold,68.18,43.3,0.433,68,69,March28Data_W_IRRA(in).csv
2026-04-02 12:55:43,Cold,68.18,43.3,0.433,67,69,March28Data_W_IRRA(in).csv
2026-04-02 12:55:45,Cold,68.18,43.3,0.433,68,69,March28Data_W_IRRA(in).csv
2026-04-02 12:55:47,Cold,68.18,43.2,0.43200000000000005,68,69,March28Data_W_IRRA(in).csv
2026-04-02 12:55:49,Cold,68.18,43.2,0.43200000000000005,68,69,March28Data_W_IRRA(in).csv
2026-04-02 12:55:51,Cold,68.18,43.2,0.43200000000000005,68,69,March28Data_W_IRRA(in).csv
2026-04-02 12:55:53,Cold,68.18,43.2,0.43200000000000005,68,69,March28Data_W_IRRA(in).csv
2026-04-02 12:55:55,Cold,68.18,43.2,0.43200000000000005,68,69,March28Data_W_IRRA(in).csv
2026-04-02 12:55:57,Cold,68.18,43.2,0.43200000000000005,68,69,March28Data_W_IRRA(in).csv
2026-04-02 12:55:59,Cold,68.18,43.2,0.43200000000000005,68,69,March28Data_W_IRRA(in).csv
2026-04-02 12:56:01,Cold,68.18,43.2,0.43200000000000005,68,69,March28Data_W_IRRA(in).csv
2026-04-02 12:56:03,Cold,68.18,43.2,0.43200000000000005,68,69,March28Data_W_IRRA(in).csv
2026-04-02 12:56:06,Cold,68.18,43.2,0.43200000000000005,68,69,March28Data_W_IRRA(in).csv
2026-04-02 12:56:08,Cold,68.18,43.2,0.43200000000000005,68,69,March28Data_W_IRRA(in).csv
2026-04-02 12:56:10,Cold,68.18,43.2,0.43200000000000005,68,69,March28Data_W_IRRA(in).csv
2026-04-02 12:56:12,Cold,68.18,43.2,0.43200000000000005,68,69,March28Data_W_IRRA(in).csv
2026-04-02 12:56:14,Cold,68.36,43.3,0.433,68,69,March28Data_W_IRRA(in).csv
2026-04-02 12:56:16,Cold,68.18,43.2,0.43200000000000005,68,69,March28Data_W_IRRA(in).csv
2026-04-02 12:56:18,Cold,68.18,43.2,0.43200000000000005,68,69,March28Data_W_IRRA(in).csv
2026-04-02 12:56:20,Cold,68.18,43.2,0.43200000000000005,68,69,March28Data_W_IRRA(in).csv
2026-04-02 12:56:22,Cold,68.18,43.2,0.43200000000000005,68,69,March28Data_W_IRRA(in).csv
2026-04-02 12:56:24,Cold,68.18,43.2,0.43200000000000005,68,69,March28Data_W_IRRA(in).csv
2026-04-02 12:56:26,Cold,68.18,43.2,0.43200000000000005,68,69,March28Data_W_IRRA(in).csv
2026-04-02 12:56:28,Cold,68.18,43.2,0.43200000000000005,68,69,March28Data_W_IRRA(in).csv
2026-04-02 12:56:30,Cold,68.18,43.2,0.43200000000000005,68,69,March28Data_W_IRRA(in).csv
2026-04-02 12:56:32,Cold,68.18,43.2,0.43200000000000005,68,69,March28Data_W_IRRA(in).csv
2026-04-02 12:56:34,Cold,68.18,43.2,0.43200000000000005,68,69,March28Data_W_IRRA(in).csv
2026-04-02 12:56:36,Cold,68.18,43.2,0.43200000000000005,68,69,March28Data_W_IRRA(in).csv
2026-04-02 12:56:38,Cold,68.18,43.2,0.43200000000000005,68,69,March28Data_W_IRRA(in).csv
2026-04-02 12:56:40,Cold,68.18,43.2,0.43200000000000005,68,69,March28Data_W_IRRA(in).csv
2026-04-02 12:56:42,Cold,68.18,43.2,0.43200000000000005,68,69,March28Data_W_IRRA(in).csv
2026-04-02 12:56:44,Cold,68.18,43.2,0.43200000000000005,68,69,March28Data_W_IRRA(in).csv
2026-04-02 12:56:46,Cold,68.18,43.2,0.43200000000000005,68,69,March28Data_W_IRRA(in).csv
2026-04-02 12:56:48,Cold,68.18,43.2,0.43200000000000005,68,69,March28Data_W_IRRA(in).csv
2026-04-02 12:56:50,Cold,68.18,43.2,0.43200000000000005,68,69,March28Data_W_IRRA(in).csv
2026-04-02 12:56:52,Cold,68.18,43.2,0.43200000000000005,68,69,March28Data_W_IRRA(in).csv
2026-04-02 12:56:54,Cold,68.18,43.2,0.43200000000000005,68,69,March28Data_W_IRRA(in).csv
2026-04-02 12:56:56,Cold,68.18,43.2,0.43200000000000005,68,69,March28Data_W_IRRA(in).csv
2026-04-02 12:56:58,Cold,68.18,43.2,0.43200000000000005,68,69,March28Data_W_IRRA(in).csv
2026-04-02 12:57:00,Cold,68.18,43.2,0.43200000000000005,68,69,March28Data_W_IRRA(in).csv
2026-04-02 12:57:03,Cold,68.18,43.2,0.43200000000000005,68,69,March28Data_W_IRRA(in).csv
2026-04-02 12:57:05,Cold,68.18,43.2,0.43200000000000005,68,69,March28Data_W_IRRA(in).csv
2026-04-02 12:57:07,Cold,68.18,43.2,0.43200000000000005,68,69,March28Data_W_IRRA(in).csv
2026-04-02 12:57:09,Cold,68.18,43.2,0.43200000000000005,68,69,March28Data_W_IRRA(in).csv
2026-04-02 12:57:11,Cold,68.18,43.2,0.43200000000000005,68,69,March28Data_W_IRRA(in).csv
2026-04-02 12:57:13,Cold,68.36,43.3,0.433,68,69,March28Data_W_IRRA(in).csv
2026-04-02 12:57:15,Cold,68.36,43.3,0.433,68,69,March28Data_W_IRRA(in).csv
2026-04-02 12:57:17,Cold,68.18,43.2,0.43200000000000005,68,69,March28Data_W_IRRA(in).csv
2026-04-02 12:57:19,Cold,68.18,43.2,0.43200000000000005,68,69,March28Data_W_IRRA(in).csv
2026-04-02 12:57:21,Cold,68.18,43.2,0.43200000000000005,68,69,March28Data_W_IRRA(in).csv
2026-04-02 12:57:23,Cold,68.36,43.3,0.433,68,69,March28Data_W_IRRA(in).csv
2026-04-02 12:57:25,Cold,68.18,43.2,0.43200000000000005,68,69,March28Data_W_IRRA(in).csv
2026-04-02 12:57:27,Cold,68.18,43.2,0.43200000000000005,68,69,March28Data_W_IRRA(in).csv
2026-04-02 12:57:29,Cold,68.18,43.2,0.43200000000000005,68,69,March28Data_W_IRRA(in).csv
2026-04-02 12:57:31,Cold,68.18,43.2,0.43200000000000005,68,69,March28Data_W_IRRA(in).csv
2026-04-02 12:57:33,Cold,68.18,43.2,0.43200000000000005,68,69,March28Data_W_IRRA(in).csv
2026-04-02 12:57:35,Cold,68.18,43.2,0.43200000000000005,68,69,March28Data_W_IRRA(in).csv
2026-04-02 12:57:37,Cold,68.18,43.2,0.43200000000000005,68,69,March28Data_W_IRRA(in).csv
2026-04-02 12:57:39,Cold,68.18,43.2,0.43200000000000005,68,69,March28Data_W_IRRA(in).csv
2026-04-02 12:57:41,Cold,68.36,43.3,0.433,68,69,March28Data_W_IRRA(in).csv
2026-04-02 12:57:43,Cold,68.18,43.2,0.43200000000000005,68,69,March28Data_W_IRRA(in).csv
2026-04-02 12:57:45,Cold,68.18,43.1,0.431,68,69,March28Data_W_IRRA(in).csv
2026-04-02 12:57:47,Cold,68.18,43.1,0.431,68,69,March28Data_W_IRRA(in).csv
2026-04-02 12:57:49,Cold,68.36,43.2,0.43200000000000005,68,69,March28Data_W_IRRA(in).csv
2026-04-02 12:57:51,Cold,68.18,43.2,0.43200000000000005,68,69,March28Data_W_IRRA(in).csv
2026-04-02 12:57:53,Cold,68.18,43.1,0.431,68,69,March28Data_W_IRRA(in).csv
2026-04-02 12:57:55,Cold,68.18,43.1,0.431,68,69,March28Data_W_IRRA(in).csv
2026-04-02 12:57:57,Cold,68.18,43.1,0.431,68,69,March28Data_W_IRRA(in).csv
2026-04-02 12:58:00,Cold,68.18,43.1,0.431,68,69,March28Data_W_IRRA(in).csv
2026-04-02 12:58:02,Cold,68.18,43.1,0.431,68,69,March28Data_W_IRRA(in).csv
2026-04-02 12:58:04,Cold,68.36,43.2,0.43200000000000005,68,69,March28Data_W_IRRA(in).csv
2026-04-02 12:58:06,Cold,68.18,43.1,0.431,68,69,March28Data_W_IRRA(in).csv
2026-04-02 12:58:08,Cold,68.18,43.1,0.431,68,69,March28Data_W_IRRA(in).csv
2026-04-02 12:58:10,Cold,68.18,43.1,0.431,68,69,March28Data_W_IRRA(in).csv
2026-04-02 12:58:12,Cold,68.18,43.1,0.431,68,69,March28Data_W_IRRA(in).csv
2026-04-02 12:58:14,Cold,68.36,43.3,0.433,68,69,March28Data_W_IRRA(in).csv
2026-04-02 12:58:16,Cold,68.18,43.1,0.431,68,69,March28Data_W_IRRA(in).csv
2026-04-02 12:58:18,Cold,68.18,43.1,0.431,68,69,March28Data_W_IRRA(in).csv
2026-04-02 12:58:20,Cold,68.18,43.1,0.431,68,69,March28Data_W_IRRA(in).csv
2026-04-02 12:58:22,Cold,68.18,43.1,0.431,68,69,March28Data_W_IRRA(in).csv
2026-04-02 12:58:24,Cold,68.18,43.1,0.431,68,69,March28Data_W_IRRA(in).csv
2026-04-02 12:58:26,Cold,68.18,43.1,0.431,68,69,March28Data_W_IRRA(in).csv
2026-04-02 12:58:28,Cold,68.18,43.1,0.431,68,69,March28Data_W_IRRA(in).csv
2026-04-02 12:58:30,Cold,68.36,43.2,0.43200000000000005,68,69,March28Data_W_IRRA(in).csv
2026-04-02 12:58:32,Cold,68.18,43.2,0.43200000000000005,68,69,March28Data_W_IRRA(in).csv
2026-04-02 12:58:34,Cold,68.18,43.2,0.43200000000000005,68,69,March28Data_W_IRRA(in).csv
2026-04-02 12:58:36,Cold,68.36,43.3,0.433,68,69,March28Data_W_IRRA(in).csv
2026-04-02 12:58:38,Cold,68.18,43.1,0.431,68,69,March28Data_W_IRRA(in).csv
2026-04-02 12:58:40,Cold,68.18,43.1,0.431,68,69,March28Data_W_IRRA(in).csv
2026-04-02 12:58:42,Cold,68.18,43.1,0.431,68,69,March28Data_W_IRRA(in).csv
2026-04-02 12:58:44,Cold,68.18,43.2,0.43200000000000005,68,69,March28Data_W_IRRA(in).csv
2026-04-02 12:58:46,Cold,68.18,43.2,0.43200000000000005,68,69,March28Data_W_IRRA(in).csv
2026-04-02 12:58:48,Cold,68.18,43.1,0.431,68,69,March28Data_W_IRRA(in).csv
2026-04-02 12:58:50,Cold,68.18,43.1,0.431,68,69,March28Data_W_IRRA(in).csv
2026-04-02 12:58:52,Cold,68.18,43.1,0.431,68,69,March28Data_W_IRRA(in).csv
2026-04-02 12:58:54,Cold,68.18,43.1,0.431,68,69,March28Data_W_IRRA(in).csv
2026-04-02 12:58:57,Cold,68.18,43.1,0.431,68,69,March28Data_W_IRRA(in).csv
2026-04-02 12:58:59,Cold,68.18,43.1,0.431,68,69,March28Data_W_IRRA(in).csv
2026-04-02 12:59:01,Cold,68.18,43.1,0.431,68,69,March28Data_W_IRRA(in).csv
2026-04-02 12:59:03,Cold,68.18,43.1,0.431,68,69,March28Data_W_IRRA(in).csv
2026-04-02 12:59:05,Cold,68.18,43.1,0.431,68,69,March28Data_W_IRRA(in).csv
2026-04-02 12:59:07,Cold,68.18,43.1,0.431,68,69,March28Data_W_IRRA(in).csv
2026-04-02 12:59:09,Cold,68.18,43.1,0.431,68,69,March28Data_W_IRRA(in).csv
2026-04-02 12:59:11,Cold,68.18,43.1,0.431,68,69,March28Data_W_IRRA(in).csv
2026-04-02 12:59:13,Cold,68.18,43.1,0.431,68,69,March28Data_W_IRRA(in).csv
2026-04-02 12:59:15,Cold,68.18,43.1,0.431,68,69,March28Data_W_IRRA(in).csv
2026-04-02 12:59:17,Cold,68.36,43.2,0.43200000000000005,68,69,March28Data_W_IRRA(in).csv
2026-04-02 12:59:19,Cold,68.18,43.1,0.431,68,69,March28Data_W_IRRA(in).csv
2026-04-02 12:59:21,Cold,68.18,43.1,0.431,68,69,March28Data_W_IRRA(in).csv
2026-04-02 12:59:23,Cold,68.18,43.1,0.431,68,69,March28Data_W_IRRA(in).csv
2026-04-02 12:59:25,Cold,68.18,43.1,0.431,68,69,March28Data_W_IRRA(in).csv
2026-04-02 12:59:27,Cold,68.18,43.1,0.431,68,69,March28Data_W_IRRA(in).csv
2026-04-02 12:59:29,Cold,68.18,43.2,0.43200000000000005,68,69,March28Data_W_IRRA(in).csv
2026-04-02 12:59:31,Cold,68.18,43.1,0.431,68,69,March28Data_W_IRRA(in).csv
2026-04-02 12:59:33,Cold,68.18,43.1,0.431,68,69,March28Data_W_IRRA(in).csv
2026-04-02 12:59:35,Cold,68.18,43.1,0.431,68,69,March28Data_W_IRRA(in).csv
2026-04-02 12:59:37,Cold,68.18,43.1,0.431,68,69,March28Data_W_IRRA(in).csv
2026-04-02 12:59:39,Cold,68.36,43.2,0.43200000000000005,68,69,March28Data_W_IRRA(in).csv
2026-04-02 12:59:41,Cold,68.18,43.1,0.431,68,69,March28Data_W_IRRA(in).csv
2026-04-02 12:59:43,Cold,68.18,43.1,0.431,68,69,March28Data_W_IRRA(in).csv
2026-04-02 12:59:45,Cold,68.18,43.1,0.431,68,69,March28Data_W_IRRA(in).csv
2026-04-02 12:59:47,Cold,68.36,43.2,0.43200000000000005,68,69,March28Data_W_IRRA(in).csv
2026-04-02 12:59:49,Cold,68.18,43.2,0.43200000000000005,68,69,March28Data_W_IRRA(in).csv
2026-04-02 12:59:51,Cold,68.18,43.2,0.43200000000000005,68,69,March28Data_W_IRRA(in).csv
2026-04-02 12:59:54,Cold,68.18,43.1,0.431,68,69,March28Data_W_IRRA(in).csv
2026-04-02 12:59:56,Cold,68.18,43.1,0.431,68,69,March28Data_W_IRRA(in).csv
2026-04-02 12:59:58,Cold,68.18,43.2,0.43200000000000005,68,69,March28Data_W_IRRA(in).csv
2026-04-02 13:00:00,Cold,68.18,43.1,0.431,68,69,March28Data_W_IRRA(in).csv
2026-04-02 13:00:02,Cold,68.36,43.2,0.43200000000000005,68,69,March28Data_W_IRRA(in).csv
2026-04-02 13:00:04,Cold,68.18,43.1,0.431,68,69,March28Data_W_IRRA(in).csv
2026-04-02 13:00:06,Cold,68.18,43.2,0.43200000000000005,68,69,March28Data_W_IRRA(in).csv
2026-04-02 13:00:08,Cold,68.18,43.2,0.43200000000000005,68,69,March28Data_W_IRRA(in).csv
2026-04-02 13:00:10,Cold,68.18,43.2,0.43200000000000005,68,69,March28Data_W_IRRA(in).csv
2026-04-02 13:00:12,Cold,68.18,43.2,0.43200000000000005,68,69,March28Data_W_IRRA(in).csv
2026-04-02 13:00:14,Cold,68.18,43.1,0.431,68,69,March28Data_W_IRRA(in).csv
2026-04-02 13:00:16,Cold,68.18,43.1,0.431,68,69,March28Data_W_IRRA(in).csv
2026-04-02 13:00:18,Cold,68.18,43.1,0.431,68,69,March28Data_W_IRRA(in).csv
2026-04-02 13:00:20,Cold,68.18,43.1,0.431,68,69,March28Data_W_IRRA(in).csv
2026-04-02 13:00:22,Cold,68.18,43.2,0.43200000000000005,68,69,March28Data_W_IRRA(in).csv
2026-04-02 13:00:24,Cold,68.18,43.1,0.431,68,69,March28Data_W_IRRA(in).csv
2026-04-02 13:00:26,Cold,68.18,43.1,0.431,68,69,March28Data_W_IRRA(in).csv
2026-04-02 13:00:28,Cold,68.18,43.1,0.431,68,69,March28Data_W_IRRA(in).csv
2026-04-02 13:00:30,Cold,68.18,43.1,0.431,68,69,March28Data_W_IRRA(in).csv
2026-04-02 13:00:32,Cold,68.18,43.1,0.431,68,69,March28Data_W_IRRA(in).csv
2026-04-02 13:00:34,Cold,68.18,43.1,0.431,68,69,March28Data_W_IRRA(in).csv
2026-04-02 13:00:36,Cold,68.18,43.1,0.431,68,69,March28Data_W_IRRA(in).csv
2026-04-02 13:00:38,Cold,68.36,43.2,0.43200000000000005,68,69,March28Data_W_IRRA(in).csv
2026-04-02 13:00:40,Cold,68.18,43.1,0.431,68,69,March28Data_W_IRRA(in).csv
2026-04-02 13:00:42,Cold,68.36,43.3,0.433,68,69,March28Data_W_IRRA(in).csv
2026-04-02 13:00:44,Cold,68.18,43.1,0.431,68,69,March28Data_W_IRRA(in).csv
2026-04-02 13:00:46,Cold,68.18,43.2,0.43200000000000005,68,69,March28Data_W_IRRA(in).csv
2026-04-02 13:00:48,Cold,68.18,43.2,0.43200000000000005,68,69,March28Data_W_IRRA(in).csv
2026-04-02 13:00:51,Cold,68.18,43.1,0.431,68,69,March28Data_W_IRRA(in).csv
2026-04-02 13:00:53,Cold,68.18,43.2,0.43200000000000005,68,69,March28Data_W_IRRA(in).csv
2026-04-02 13:00:55,Cold,68.18,43.2,0.43200000000000005,68,69,March28Data_W_IRRA(in).csv
2026-04-02 13:00:57,Cold,68.18,43.2,0.43200000000000005,68,69,March28Data_W_IRRA(in).csv
2026-04-02 13:00:59,Cold,68.18,43.1,0.431,68,69,March28Data_W_IRRA(in).csv
2026-04-02 13:01:01,Cold,68.18,43.2,0.43200000000000005,68,69,March28Data_W_IRRA(in).csv
2026-04-02 13:01:03,Cold,68.18,43.1,0.431,68,69,March28Data_W_IRRA(in).csv
2026-04-02 13:01:05,Cold,68.18,43.1,0.431,68,69,March28Data_W_IRRA(in).csv
2026-04-02 13:01:07,Cold,68.18,43.1,0.431,68,69,March28Data_W_IRRA(in).csv
2026-04-02 13:01:09,Cold,68.18,43.1,0.431,68,69,March28Data_W_IRRA(in).csv
2026-04-02 13:01:11,Cold,68.18,43.1,0.431,68,69,March28Data_W_IRRA(in).csv
2026-04-02 13:01:13,Cold,68.18,43.1,0.431,68,69,March28Data_W_IRRA(in).csv
2026-04-02 13:01:15,Cold,68.18,43.1,0.431,68,69,March28Data_W_IRRA(in).csv
2026-04-02 13:01:17,Cold,68.18,43.1,0.431,68,69,March28Data_W_IRRA(in).csv
2026-04-02 13:01:19,Cold,68.18,43.1,0.431,68,69,March28Data_W_IRRA(in).csv
2026-04-02 13:01:21,Cold,68.36,43.2,0.43200000000000005,68,69,March28Data_W_IRRA(in).csv
2026-04-02 13:01:23,Cold,68.18,43.1,0.431,68,69,March28Data_W_IRRA(in).csv
2026-04-02 13:01:25,Cold,68.18,43.1,0.431,68,69,March28Data_W_IRRA(in).csv
2026-04-02 13:01:27,Cold,68.18,43.1,0.431,68,69,March28Data_W_IRRA(in).csv
2026-04-02 13:01:29,Cold,68.18,43.1,0.431,68,69,March28Data_W_IRRA(in).csv
2026-04-02 13:01:31,Cold,68.36,43.2,0.43200000000000005,68,69,March28Data_W_IRRA(in).csv
2026-04-02 13:01:33,Cold,68.18,43.1,0.431,68,69,March28Data_W_IRRA(in).csv
2026-04-02 13:01:35,Cold,68.18,43.1,0.431,68,69,March28Data_W_IRRA(in).csv
2026-04-02 13:01:37,Cold,68.36,43.2,0.43200000000000005,68,69,March28Data_W_IRRA(in).csv
2026-04-02 13:01:39,Cold,68.36,43.2,0.43200000000000005,68,69,March28Data_W_IRRA(in).csv
2026-04-02 13:01:41,Cold,68.18,43.1,0.431,68,69,March28Data_W_IRRA(in).csv
2026-04-02 13:01:43,Cold,68.18,43.1,0.431,68,69,March28Data_W_IRRA(in).csv
2026-04-02 13:01:45,Cold,68.18,43.1,0.431,68,69,March28Data_W_IRRA(in).csv
2026-04-02 13:01:48,Cold,68.18,43.1,0.431,68,69,March28Data_W_IRRA(in).csv
2026-04-02 13:01:50,Cold,68.36,43.2,0.43200000000000005,68,69,March28Data_W_IRRA(in).csv
2026-04-02 13:01:52,Cold,68.18,43.1,0.431,68,69,March28Data_W_IRRA(in).csv
2026-04-02 13:01:54,Cold,68.18,43.1,0.431,68,69,March28Data_W_IRRA(in).csv
2026-04-02 13:01:56,Cold,68.18,43.1,0.431,68,69,March28Data_W_IRRA(in).csv
2026-04-02 13:01:58,Cold,68.18,43.1,0.431,68,69,March28Data_W_IRRA(in).csv
2026-04-02 13:02:00,Cold,68.36,43.2,0.43200000000000005,68,69,March28Data_W_IRRA(in).csv
2026-04-02 13:02:02,Cold,68.18,43.1,0.431,68,69,March28Data_W_IRRA(in).csv
2026-04-02 13:02:04,Cold,68.18,43.1,0.431,68,69,March28Data_W_IRRA(in).csv
2026-04-02 13:02:06,Cold,68.18,43.1,0.431,68,69,March28Data_W_IRRA(in).csv
2026-04-02 13:02:08,Cold,68.18,43.1,0.431,68,69,March28Data_W_IRRA(in).csv
2026-04-02 13:02:10,Cold,68.18,43.1,0.431,68,69,March28Data_W_IRRA(in).csv
2026-04-02 13:02:12,Cold,68.18,43.1,0.431,68,69,March28Data_W_IRRA(in).csv
2026-04-02 13:02:14,Cold,68.18,43.1,0.431,68,69,March28Data_W_IRRA(in).csv
2026-04-02 13:02:16,Cold,68.18,43.1,0.431,68,69,March28Data_W_IRRA(in).csv
2026-04-02 13:02:18,Cold,68.18,43.1,0.431,68,69,March28Data_W_IRRA(in).csv
2026-04-02 13:02:20,Cold,68.18,43.1,0.431,68,69,March28Data_W_IRRA(in).csv
2026-04-02 13:02:22,Cold,68.18,43.1,0.431,68,69,March28Data_W_IRRA(in).csv
2026-04-02 13:02:24,Cold,68.36,43.2,0.43200000000000005,68,69,March28Data_W_IRRA(in).csv
2026-04-02 13:02:26,Cold,68.18,43.1,0.431,68,69,March28Data_W_IRRA(in).csv
2026-04-02 13:02:28,Cold,68.18,43.1,0.431,68,69,March28Data_W_IRRA(in).csv
2026-04-02 13:02:30,Cold,68.18,43.1,0.431,68,69,March28Data_W_IRRA(in).csv
2026-04-02 13:02:32,Cold,68.18,43.1,0.431,68,69,March28Data_W_IRRA(in).csv
2026-04-02 13:02:34,Cold,68.36,43.2,0.43200000000000005,68,69,March28Data_W_IRRA(in).csv
2026-04-02 13:02:36,Cold,68.36,43.2,0.43200000000000005,68,69,March28Data_W_IRRA(in).csv
2026-04-02 13:02:38,Cold,68.18,43.1,0.431,68,69,March28Data_W_IRRA(in).csv
2026-04-02 13:02:40,Cold,68.18,43.1,0.431,68,69,March28Data_W_IRRA(in).csv
2026-04-02 13:02:42,Cold,68.18,43.1,0.431,68,69,March28Data_W_IRRA(in).csv
2026-04-02 13:02:45,Cold,68.36,43.1,0.431,68,69,March28Data_W_IRRA(in).csv
2026-04-02 13:02:47,Cold,68.18,43.1,0.431,68,69,March28Data_W_IRRA(in).csv
2026-04-02 13:02:49,Cold,68.18,43.0,0.43,68,69,March28Data_W_IRRA(in).csv
2026-04-02 13:02:51,Cold,68.18,43.1,0.431,68,69,March28Data_W_IRRA(in).csv
2026-04-02 13:02:53,Cold,68.18,43.0,0.43,68,69,March28Data_W_IRRA(in).csv
2026-04-02 13:02:55,Cold,68.18,43.1,0.431,68,69,March28Data_W_IRRA(in).csv
2026-04-02 13:02:57,Cold,68.36,43.1,0.431,68,69,March28Data_W_IRRA(in).csv
2026-04-02 13:02:59,Cold,68.36,43.2,0.43200000000000005,68,69,March28Data_W_IRRA(in).csv
2026-04-02 13:03:01,Cold,68.36,43.2,0.43200000000000005,68,69,March28Data_W_IRRA(in).csv
2026-04-02 13:03:03,Cold,68.18,43.1,0.431,68,69,March28Data_W_IRRA(in).csv
2026-04-02 13:03:05,Cold,68.18,43.0,0.43,68,69,March28Data_W_IRRA(in).csv
2026-04-02 13:03:07,Cold,68.18,43.0,0.43,68,69,March28Data_W_IRRA(in).csv
2026-04-02 13:03:09,Cold,68.18,43.0,0.43,68,69,March28Data_W_IRRA(in).csv
2026-04-02 13:03:11,Cold,68.18,43.0,0.43,68,69,March28Data_W_IRRA(in).csv
2026-04-02 13:03:13,Cold,68.18,43.0,0.43,68,69,March28Data_W_IRRA(in).csv
2026-04-02 13:03:15,Cold,68.18,43.0,0.43,68,69,March28Data_W_IRRA(in).csv
2026-04-02 13:03:17,Cold,68.18,43.0,0.43,68,69,March28Data_W_IRRA(in).csv
2026-04-02 13:03:19,Cold,68.18,43.0,0.43,68,69,March28Data_W_IRRA(in).csv
2026-04-02 13:03:21,Cold,68.18,43.0,0.43,68,69,March28Data_W_IRRA(in).csv
2026-04-02 13:03:23,Cold,68.18,43.0,0.43,68,69,March28Data_W_IRRA(in).csv
2026-04-02 13:03:25,Cold,68.18,43.0,0.43,68,69,March28Data_W_IRRA(in).csv
2026-04-02 13:03:27,Cold,68.18,43.0,0.43,68,69,March28Data_W_IRRA(in).csv
2026-04-02 13:03:29,Cold,68.18,43.0,0.43,68,69,March28Data_W_IRRA(in).csv
2026-04-02 13:03:31,Cold,68.18,43.0,0.43,68,69,March28Data_W_IRRA(in).csv
2026-04-02 13:03:33,Cold,68.18,43.0,0.43,68,69,March28Data_W_IRRA(in).csv
2026-04-02 13:03:35,Cold,68.18,43.0,0.43,68,69,March28Data_W_IRRA(in).csv
2026-04-02 13:03:37,Cold,68.18,43.0,0.43,68,69,March28Data_W_IRRA(in).csv
2026-04-02 13:03:39,Cold,68.36,43.1,0.431,68,69,March28Data_W_IRRA(in).csv
2026-04-02 13:03:42,Cold,68.18,43.0,0.43,68,69,March28Data_W_IRRA(in).csv
2026-04-02 13:03:44,Cold,68.18,43.0,0.43,68,69,March28Data_W_IRRA(in).csv
2026-04-02 13:03:46,Cold,68.18,43.0,0.43,68,69,March28Data_W_IRRA(in).csv
2026-04-02 13:03:48,Cold,68.18,43.0,0.43,68,69,March28Data_W_IRRA(in).csv
2026-04-02 13:03:50,Cold,68.18,43.0,0.43,68,69,March28Data_W_IRRA(in).csv
2026-04-02 13:03:52,Cold,68.36,43.1,0.431,68,69,March28Data_W_IRRA(in).csv
2026-04-02 13:03:54,Cold,68.18,43.0,0.43,68,69,March28Data_W_IRRA(in).csv
2026-04-02 13:03:56,Cold,68.18,43.0,0.43,68,69,March28Data_W_IRRA(in).csv
2026-04-02 13:03:58,Cold,68.18,43.0,0.43,68,69,March28Data_W_IRRA(in).csv
2026-04-02 13:04:00,Cold,68.18,43.0,0.43,68,69,March28Data_W_IRRA(in).csv
2026-04-02 13:04:02,Cold,68.18,43.0,0.43,68,69,March28Data_W_IRRA(in).csv
2026-04-02 13:04:04,Cold,68.18,43.0,0.43,68,69,March28Data_W_IRRA(in).csv
2026-04-02 13:04:06,Cold,68.18,43.0,0.43,68,69,March28Data_W_IRRA(in).csv
2026-04-02 13:04:08,Cold,68.36,43.0,0.43,68,69,March28Data_W_IRRA(in).csv
2026-04-02 13:04:10,Cold,68.18,43.0,0.43,68,69,March28Data_W_IRRA(in).csv
2026-04-02 13:04:12,Cold,68.18,43.0,0.43,68,69,March28Data_W_IRRA(in).csv
2026-04-02 13:04:14,Cold,68.18,43.0,0.43,68,69,March28Data_W_IRRA(in).csv
2026-04-02 13:04:16,Cold,68.36,43.0,0.43,68,69,March28Data_W_IRRA(in).csv
2026-04-02 13:04:18,Cold,68.18,42.9,0.429,68,69,March28Data_W_IRRA(in).csv
2026-04-02 13:04:20,Cold,68.18,42.9,0.429,68,69,March28Data_W_IRRA(in).csv
2026-04-02 13:04:22,Cold,68.18,42.9,0.429,68,69,March28Data_W_IRRA(in).csv
2026-04-02 13:04:24,Cold,68.36,43.0,0.43,68,69,March28Data_W_IRRA(in).csv
2026-04-02 13:04:26,Cold,68.36,42.9,0.429,68,69,March28Data_W_IRRA(in).csv
2026-04-02 13:04:28,Cold,68.18,42.8,0.428,68,69,March28Data_W_IRRA(in).csv
2026-04-02 13:04:30,Cold,68.18,42.8,0.428,68,69,March28Data_W_IRRA(in).csv
2026-04-02 13:04:32,Cold,68.18,42.8,0.428,68,69,March28Data_W_IRRA(in).csv
2026-04-02 13:04:34,Cold,68.18,42.8,0.428,68,69,March28Data_W_IRRA(in).csv
2026-04-02 13:04:36,Cold,68.18,42.8,0.428,68,69,March28Data_W_IRRA(in).csv
2026-04-02 13:04:38,Cold,68.18,42.8,0.428,68,69,March28Data_W_IRRA(in).csv
2026-04-02 13:04:41,Cold,68.18,42.8,0.428,68,69,March28Data_W_IRRA(in).csv
2026-04-02 13:04:43,Cold,68.18,42.8,0.428,68,69,March28Data_W_IRRA(in).csv
2026-04-02 13:04:45,Cold,68.18,42.8,0.428,68,69,March28Data_W_IRRA(in).csv
2026-04-02 13:04:47,Cold,68.18,42.8,0.428,68,69,March28Data_W_IRRA(in).csv
2026-04-02 13:04:49,Cold,68.18,42.8,0.428,68,69,March28Data_W_IRRA(in).csv
2026-04-02 13:04:51,Cold,68.18,42.8,0.428,68,69,March28Data_W_IRRA(in).csv
2026-04-02 13:04:53,Cold,68.36,42.9,0.429,68,69,March28Data_W_IRRA(in).csv
2026-04-02 13:04:55,Cold,68.36,42.9,0.429,68,69,March28Data_W_IRRA(in).csv
2026-04-02 13:04:57,Cold,68.36,42.9,0.429,68,69,March28Data_W_IRRA(in).csv
2026-04-02 13:04:59,Cold,68.18,42.8,0.428,68,69,March28Data_W_IRRA(in).csv
2026-04-02 13:05:01,Cold,68.18,42.8,0.428,68,69,March28Data_W_IRRA(in).csv
2026-04-02 13:05:03,Cold,68.18,42.8,0.428,68,69,March28Data_W_IRRA(in).csv
2026-04-02 13:05:05,Cold,68.18,42.8,0.428,68,69,March28Data_W_IRRA(in).csv
2026-04-02 13:05:07,Cold,68.36,42.9,0.429,68,69,March28Data_W_IRRA(in).csv
2026-04-02 13:05:09,Cold,68.18,42.8,0.428,68,69,March28Data_W_IRRA(in).csv
2026-04-02 13:05:11,Cold,68.18,42.8,0.428,68,69,March28Data_W_IRRA(in).csv
2026-04-02 13:05:13,Cold,68.18,42.8,0.428,68,69,March28Data_W_IRRA(in).csv
2026-04-02 13:05:15,Cold,68.18,42.8,0.428,68,69,March28Data_W_IRRA(in).csv
2026-04-02 13:05:17,Cold,68.18,42.8,0.428,68,69,March28Data_W_IRRA(in).csv
2026-04-02 13:05:19,Cold,68.18,42.8,0.428,68,69,March28Data_W_IRRA(in).csv
2026-04-02 13:05:21,Cold,68.18,42.8,0.428,68,69,March28Data_W_IRRA(in).csv
2026-04-02 13:05:23,Cold,68.18,42.8,0.428,68,69,March28Data_W_IRRA(in).csv
2026-04-02 13:05:25,Cold,68.36,42.9,0.429,68,69,March28Data_W_IRRA(in).csv
2026-04-02 13:05:27,Cold,68.18,42.8,0.428,68,69,March28Data_W_IRRA(in).csv
2026-04-02 13:05:29,Cold,68.18,42.8,0.428,68,69,March28Data_W_IRRA(in).csv
2026-04-02 13:05:31,Cold,68.18,42.8,0.428,68,69,March28Data_W_IRRA(in).csv
2026-04-02 13:05:33,Cold,68.18,42.8,0.428,68,69,March28Data_W_IRRA(in).csv
2026-04-02 13:05:35,Cold,68.18,42.8,0.428,68,69,March28Data_W_IRRA(in).csv
2026-04-02 13:05:38,Cold,68.18,42.8,0.428,68,69,March28Data_W_IRRA(in).csv
2026-04-02 13:05:40,Cold,68.18,42.8,0.428,68,69,March28Data_W_IRRA(in).csv
2026-04-02 13:05:42,Cold,68.36,42.9,0.429,68,69,March28Data_W_IRRA(in).csv
2026-04-02 13:05:44,Cold,68.18,42.8,0.428,68,69,March28Data_W_IRRA(in).csv
2026-04-02 13:05:46,Cold,68.18,42.8,0.428,68,69,March28Data_W_IRRA(in).csv
2026-04-02 13:05:48,Cold,68.36,42.9,0.429,68,69,March28Data_W_IRRA(in).csv
2026-04-02 13:05:50,Cold,68.18,42.8,0.428,68,69,March28Data_W_IRRA(in).csv
2026-04-02 13:05:52,Cold,68.18,42.8,0.428,68,69,March28Data_W_IRRA(in).csv
2026-04-02 13:05:54,Cold,68.18,42.8,0.428,68,69,March28Data_W_IRRA(in).csv
2026-04-02 13:05:56,Cold,68.18,42.8,0.428,68,69,March28Data_W_IRRA(in).csv
2026-04-02 13:05:58,Cold,68.18,42.8,0.428,68,69,March28Data_W_IRRA(in).csv
2026-04-02 13:06:00,Cold,68.18,42.8,0.428,68,69,March28Data_W_IRRA(in).csv
2026-04-02 13:06:02,Cold,68.36,42.9,0.429,68,69,March28Data_W_IRRA(in).csv
2026-04-02 13:06:04,Cold,68.36,42.9,0.429,68,69,March28Data_W_IRRA(in).csv
2026-04-02 13:06:06,Cold,68.18,42.8,0.428,68,69,March28Data_W_IRRA(in).csv
2026-04-02 13:06:08,Cold,68.18,42.8,0.428,68,69,March28Data_W_IRRA(in).csv
2026-04-02 13:06:10,Cold,68.18,42.8,0.428,68,69,March28Data_W_IRRA(in).csv
2026-04-02 13:06:12,Cold,68.18,42.8,0.428,68,69,March28Data_W_IRRA(in).csv
2026-04-02 13:06:14,Cold,68.18,42.8,0.428,68,69,March28Data_W_IRRA(in).csv
2026-04-02 13:06:16,Cold,68.18,42.8,0.428,68,69,March28Data_W_IRRA(in).csv
2026-04-02 13:06:18,Cold,68.36,42.8,0.428,68,69,March28Data_W_IRRA(in).csv
2026-04-02 13:06:20,Cold,68.36,42.8,0.428,68,69,March28Data_W_IRRA(in).csv
2026-04-02 13:06:22,Cold,68.36,42.9,0.429,68,69,March28Data_W_IRRA(in).csv
2026-04-02 13:06:24,Cold,68.36,42.9,0.429,68,69,March28Data_W_IRRA(in).csv
2026-04-02 13:06:26,Cold,68.18,42.8,0.428,68,69,March28Data_W_IRRA(in).csv
2026-04-02 13:06:28,Cold,68.36,42.9,0.429,68,69,March28Data_W_IRRA(in).csv
2026-04-02 13:06:30,Cold,68.36,42.8,0.428,68,69,March28Data_W_IRRA(in).csv
2026-04-02 13:06:32,Cold,68.18,42.8,0.428,68,69,March28Data_W_IRRA(in).csv
2026-04-02 13:06:35,Cold,68.36,42.8,0.428,68,69,March28Data_W_IRRA(in).csv
2026-04-02 13:06:37,Cold,68.18,42.8,0.428,68,69,March28Data_W_IRRA(in).csv
2026-04-02 13:06:39,Cold,68.18,42.8,0.428,68,69,March28Data_W_IRRA(in).csv
2026-04-02 13:06:41,Cold,68.36,42.8,0.428,68,69,March28Data_W_IRRA(in).csv
2026-04-02 13:06:43,Cold,68.36,42.9,0.429,68,69,March28Data_W_IRRA(in).csv
2026-04-02 13:06:45,Cold,68.18,42.8,0.428,68,69,March28Data_W_IRRA(in).csv
2026-04-02 13:06:47,Cold,68.36,42.8,0.428,68,69,March28Data_W_IRRA(in).csv
2026-04-02 13:06:49,Cold,68.36,42.8,0.428,68,69,March28Data_W_IRRA(in).csv
2026-04-02 13:06:51,Cold,68.36,42.8,0.428,68,69,March28Data_W_IRRA(in).csv
2026-04-02 13:06:53,Cold,68.18,42.8,0.428,68,69,March28Data_W_IRRA(in).csv
2026-04-02 13:06:55,Cold,68.36,42.8,0.428,68,69,March28Data_W_IRRA(in).csv
2026-04-02 13:06:57,Cold,68.36,42.8,0.428,68,69,March28Data_W_IRRA(in).csv
2026-04-02 13:06:59,Cold,68.18,42.8,0.428,68,69,March28Data_W_IRRA(in).csv
2026-04-02 13:07:01,Cold,68.18,42.8,0.428,68,69,March28Data_W_IRRA(in).csv
2026-04-02 13:07:03,Cold,68.36,42.9,0.429,68,69,March28Data_W_IRRA(in).csv
2026-04-02 13:07:05,Cold,68.36,42.8,0.428,68,69,March28Data_W_IRRA(in).csv
2026-04-02 13:07:07,Cold,68.18,42.8,0.428,68,69,March28Data_W_IRRA(in).csv
2026-04-02 13:07:09,Cold,68.18,42.8,0.428,68,69,March28Data_W_IRRA(in).csv
2026-04-02 13:07:11,Cold,68.18,42.8,0.428,68,69,March28Data_W_IRRA(in).csv
2026-04-02 13:07:13,Cold,68.36,42.8,0.428,68,69,March28Data_W_IRRA(in).csv
2026-04-02 13:07:15,Cold,68.36,42.8,0.428,68,69,March28Data_W_IRRA(in).csv
2026-04-02 13:07:17,Cold,68.36,42.8,0.428,68,69,March28Data_W_IRRA(in).csv
2026-04-02 13:07:19,Cold,68.18,42.8,0.428,68,69,March28Data_W_IRRA(in).csv
2026-04-02 13:07:21,Cold,68.36,42.8,0.428,68,69,March28Data_W_IRRA(in).csv
2026-04-02 13:07:23,Cold,68.36,42.8,0.428,68,69,March28Data_W_IRRA(in).csv
2026-04-02 13:07:25,Cold,68.36,42.8,0.428,68,69,March28Data_W_IRRA(in).csv
2026-04-02 13:07:27,Cold,68.36,42.8,0.428,68,69,March28Data_W_IRRA(in).csv
2026-04-02 13:07:29,Cold,68.36,42.8,0.428,68,69,March28Data_W_IRRA(in).csv
2026-04-02 13:07:32,Cold,68.36,42.8,0.428,68,69,March28Data_W_IRRA(in).csv
2026-04-02 13:07:34,Cold,68.18,42.7,0.42700000000000005,68,69,March28Data_W_IRRA(in).csv
2026-04-02 13:07:36,Cold,68.36,42.8,0.428,68,69,March28Data_W_IRRA(in).csv
2026-04-02 13:07:38,Cold,68.36,42.8,0.428,68,69,March28Data_W_IRRA(in).csv
2026-04-02 13:07:40,Cold,68.18,42.7,0.42700000000000005,68,69,March28Data_W_IRRA(in).csv
2026-04-02 13:07:42,Cold,68.18,42.7,0.42700000000000005,68,69,March28Data_W_IRRA(in).csv
2026-04-02 13:07:44,Cold,68.36,42.8,0.428,68,69,March28Data_W_IRRA(in).csv
2026-04-02 13:07:46,Cold,68.36,42.8,0.428,68,69,March28Data_W_IRRA(in).csv
2026-04-02 13:07:48,Cold,68.18,42.7,0.42700000000000005,68,69,March28Data_W_IRRA(in).csv
2026-04-02 13:07:50,Cold,68.36,42.8,0.428,68,69,March28Data_W_IRRA(in).csv
2026-04-02 13:07:52,Cold,68.36,42.7,0.42700000000000005,68,69,March28Data_W_IRRA(in).csv
2026-04-02 13:07:54,Cold,68.18,42.7,0.42700000000000005,68,69,March28Data_W_IRRA(in).csv
2026-04-02 13:07:56,Cold,68.36,42.7,0.42700000000000005,68,69,March28Data_W_IRRA(in).csv
2026-04-02 13:07:58,Cold,68.18,42.7,0.42700000000000005,68,69,March28Data_W_IRRA(in).csv
2026-04-02 13:08:00,Cold,68.36,42.8,0.428,68,69,March28Data_W_IRRA(in).csv
2026-04-02 13:08:02,Cold,68.36,42.8,0.428,68,69,March28Data_W_IRRA(in).csv
2026-04-02 13:08:04,Cold,68.36,42.8,0.428,68,69,March28Data_W_IRRA(in).csv
2026-04-02 13:08:06,Cold,68.36,42.7,0.42700000000000005,68,69,March28Data_W_IRRA(in).csv
2026-04-02 13:08:08,Cold,68.18,42.7,0.42700000000000005,68,69,March28Data_W_IRRA(in).csv
2026-04-02 13:08:10,Cold,68.36,42.7,0.42700000000000005,68,69,March28Data_W_IRRA(in).csv
2026-04-02 13:08:12,Cold,68.18,42.7,0.42700000000000005,68,69,March28Data_W_IRRA(in).csv
2026-04-02 13:08:14,Cold,68.36,42.7,0.42700000000000005,68,69,March28Data_W_IRRA(in).csv
2026-04-02 13:08:16,Cold,68.18,42.7,0.42700000000000005,68,69,March28Data_W_IRRA(in).csv
2026-04-02 13:08:18,Cold,68.36,42.7,0.42700000000000005,68,69,March28Data_W_IRRA(in).csv
2026-04-02 13:08:20,Cold,68.36,42.7,0.42700000000000005,68,69,March28Data_W_IRRA(in).csv
2026-04-02 13:08:22,Cold,68.36,42.7,0.42700000000000005,68,69,March28Data_W_IRRA(in).csv
2026-04-02 13:08:24,Cold,68.36,42.7,0.42700000000000005,68,69,March28Data_W_IRRA(in).csv
2026-04-02 13:08:26,Cold,68.36,42.7,0.42700000000000005,68,69,March28Data_W_IRRA(in).csv
2026-04-02 13:08:29,Cold,68.18,42.6,0.426,68,69,March28Data_W_IRRA(in).csv
2026-04-02 13:08:31,Cold,68.36,42.7,0.42700000000000005,68,69,March28Data_W_IRRA(in).csv
2026-04-02 13:08:33,Cold,68.36,42.7,0.42700000000000005,68,69,March28Data_W_IRRA(in).csv
2026-04-02 13:08:35,Cold,68.36,42.7,0.42700000000000005,68,69,March28Data_W_IRRA(in).csv
2026-04-02 13:08:37,Cold,68.36,42.7,0.42700000000000005,68,69,March28Data_W_IRRA(in).csv
2026-04-02 13:08:39,Cold,68.18,42.6,0.426,68,69,March28Data_W_IRRA(in).csv
2026-04-02 13:08:41,Cold,68.36,42.7,0.42700000000000005,68,69,March28Data_W_IRRA(in).csv
2026-04-02 13:08:43,Cold,68.36,42.7,0.42700000000000005,68,69,March28Data_W_IRRA(in).csv
2026-04-02 13:08:45,Cold,68.36,42.7,0.42700000000000005,68,69,March28Data_W_IRRA(in).csv
2026-04-02 13:08:47,Cold,68.18,42.6,0.426,68,69,March28Data_W_IRRA(in).csv
2026-04-02 13:08:49,Cold,68.36,42.7,0.42700000000000005,68,69,March28Data_W_IRRA(in).csv
2026-04-02 13:08:51,Cold,68.36,42.7,0.42700000000000005,68,69,March28Data_W_IRRA(in).csv
2026-04-02 13:08:53,Cold,68.36,42.7,0.42700000000000005,68,69,March28Data_W_IRRA(in).csv
2026-04-02 13:08:55,Cold,68.18,42.6,0.426,68,69,March28Data_W_IRRA(in).csv
2026-04-02 13:08:57,Cold,68.36,42.6,0.426,68,69,March28Data_W_IRRA(in).csv
2026-04-02 13:08:59,Cold,68.36,42.6,0.426,68,69,March28Data_W_IRRA(in).csv
2026-04-02 13:09:01,Cold,68.36,42.6,0.426,68,69,March28Data_W_IRRA(in).csv
2026-04-02 13:09:03,Cold,68.36,42.6,0.426,68,69,March28Data_W_IRRA(in).csv
2026-04-02 13:09:05,Cold,68.36,42.6,0.426,68,69,March28Data_W_IRRA(in).csv
2026-04-02 13:09:07,Cold,68.36,42.6,0.426,68,69,March28Data_W_IRRA(in).csv
2026-04-02 13:09:09,Cold,68.36,42.6,0.426,68,69,March28Data_W_IRRA(in).csv
2026-04-02 13:09:11,Cold,68.36,42.6,0.426,68,69,March28Data_W_IRRA(in).csv
2026-04-02 13:09:13,Cold,68.36,42.6,0.426,68,69,March28Data_W_IRRA(in).csv
2026-04-02 13:09:15,Cold,68.18,42.5,0.425,68,69,March28Data_W_IRRA(in).csv
2026-04-02 13:09:17,Cold,68.36,42.6,0.426,68,69,March28Data_W_IRRA(in).csv
2026-04-02 13:09:19,Cold,68.36,42.6,0.426,68,69,March28Data_W_IRRA(in).csv
2026-04-02 13:09:21,Cold,68.18,42.5,0.425,68,69,March28Data_W_IRRA(in).csv
2026-04-02 13:09:23,Cold,68.36,42.6,0.426,68,69,March28Data_W_IRRA(in).csv
2026-04-02 13:09:26,Cold,68.36,42.6,0.426,68,69,March28Data_W_IRRA(in).csv
2026-04-02 13:09:28,Cold,68.36,42.5,0.425,68,69,March28Data_W_IRRA(in).csv
2026-04-02 13:09:30,Cold,68.36,42.6,0.426,68,69,March28Data_W_IRRA(in).csv
2026-04-02 13:09:32,Cold,68.18,42.5,0.425,68,69,March28Data_W_IRRA(in).csv
2026-04-02 13:09:34,Cold,68.36,42.5,0.425,68,69,March28Data_W_IRRA(in).csv
2026-04-02 13:09:36,Cold,68.18,42.5,0.425,68,69,March28Data_W_IRRA(in).csv
2026-04-02 13:09:38,Cold,68.18,42.5,0.425,68,69,March28Data_W_IRRA(in).csv
2026-04-02 13:09:40,Cold,68.36,42.6,0.426,68,69,March28Data_W_IRRA(in).csv
2026-04-02 13:09:42,Cold,68.36,42.6,0.426,68,69,March28Data_W_IRRA(in).csv
2026-04-02 13:09:44,Cold,68.36,42.5,0.425,68,69,March28Data_W_IRRA(in).csv
2026-04-02 13:09:46,Cold,68.36,42.5,0.425,68,69,March28Data_W_IRRA(in).csv
2026-04-02 13:09:48,Cold,68.18,42.5,0.425,68,69,March28Data_W_IRRA(in).csv
2026-04-02 13:09:50,Cold,68.36,42.5,0.425,68,69,March28Data_W_IRRA(in).csv
2026-04-02 13:09:52,Cold,68.36,42.5,0.425,68,69,March28Data_W_IRRA(in).csv
2026-04-02 13:09:54,Cold,68.36,42.5,0.425,68,69,March28Data_W_IRRA(in).csv
2026-04-02 13:09:56,Cold,68.36,42.5,0.425,68,69,March28Data_W_IRRA(in).csv
2026-04-02 13:09:58,Cold,68.36,42.5,0.425,68,69,March28Data_W_IRRA(in).csv
2026-04-02 13:10:00,Cold,68.36,42.5,0.425,68,69,March28Data_W_IRRA(in).csv
2026-04-02 13:10:02,Cold,68.36,42.5,0.425,68,69,March28Data_W_IRRA(in).csv
2026-04-02 13:10:04,Cold,68.36,42.5,0.425,68,69,March28Data_W_IRRA(in).csv
2026-04-02 13:10:06,Cold,68.36,42.5,0.425,68,69,March28Data_W_IRRA(in).csv
2026-04-02 13:10:08,Cold,68.36,42.5,0.425,68,69,March28Data_W_IRRA(in).csv
2026-04-02 13:10:10,Cold,68.36,42.5,0.425,68,69,March28Data_W_IRRA(in).csv
2026-04-02 13:10:12,Cold,68.36,42.5,0.425,68,69,March28Data_W_IRRA(in).csv
2026-04-02 13:10:14,Cold,68.36,42.5,0.425,68,69,March28Data_W_IRRA(in).csv
2026-04-02 13:10:16,Cold,68.18,42.4,0.424,68,69,March28Data_W_IRRA(in).csv
2026-04-02 13:10:18,Cold,68.36,42.5,0.425,68,69,March28Data_W_IRRA(in).csv
2026-04-02 13:10:20,Cold,68.36,42.5,0.425,68,69,March28Data_W_IRRA(in).csv
2026-04-02 13:10:23,Cold,68.36,42.5,0.425,68,69,March28Data_W_IRRA(in).csv
2026-04-02 13:10:25,Cold,68.36,42.5,0.425,68,69,March28Data_W_IRRA(in).csv
2026-04-02 13:10:27,Cold,68.36,42.5,0.425,68,69,March28Data_W_IRRA(in).csv
2026-04-02 13:10:29,Cold,68.18,42.4,0.424,68,69,March28Data_W_IRRA(in).csv
2026-04-02 13:10:31,Cold,68.36,42.5,0.425,68,69,March28Data_W_IRRA(in).csv
2026-04-02 13:10:33,Cold,68.36,42.5,0.425,68,69,March28Data_W_IRRA(in).csv
2026-04-02 13:10:35,Cold,68.36,42.5,0.425,68,69,March28Data_W_IRRA(in).csv
2026-04-02 13:10:37,Cold,68.36,42.5,0.425,68,69,March28Data_W_IRRA(in).csv
2026-04-02 13:10:39,Cold,68.36,42.5,0.425,68,69,March28Data_W_IRRA(in).csv
2026-04-02 13:10:41,Cold,68.18,42.4,0.424,68,69,March28Data_W_IRRA(in).csv
2026-04-02 13:10:43,Cold,68.36,42.5,0.425,68,69,March28Data_W_IRRA(in).csv
2026-04-02 13:10:45,Cold,68.36,42.5,0.425,68,69,March28Data_W_IRRA(in).csv
2026-04-02 13:10:47,Cold,68.36,42.5,0.425,68,69,March28Data_W_IRRA(in).csv
2026-04-02 13:10:49,Cold,68.36,42.5,0.425,68,69,March28Data_W_IRRA(in).csv
2026-04-02 13:10:51,Cold,68.36,42.5,0.425,68,69,March28Data_W_IRRA(in).csv
2026-04-02 13:10:53,Cold,68.36,42.4,0.424,68,69,March28Data_W_IRRA(in).csv
2026-04-02 13:10:55,Cold,68.36,42.4,0.424,68,69,March28Data_W_IRRA(in).csv
2026-04-02 13:10:57,Cold,68.36,42.5,0.425,68,69,March28Data_W_IRRA(in).csv
2026-04-02 13:10:59,Cold,68.36,42.4,0.424,68,69,March28Data_W_IRRA(in).csv
2026-04-02 13:11:01,Cold,68.36,42.4,0.424,68,69,March28Data_W_IRRA(in).csv
2026-04-02 13:11:03,Cold,68.36,42.4,0.424,68,69,March28Data_W_IRRA(in).csv
2026-04-02 13:11:05,Cold,68.36,42.4,0.424,68,69,March28Data_W_IRRA(in).csv
2026-04-02 13:11:07,Cold,68.36,42.4,0.424,68,69,March28Data_W_IRRA(in).csv
2026-04-02 13:11:09,Cold,68.36,42.4,0.424,68,69,March28Data_W_IRRA(in).csv
2026-04-02 13:11:11,Cold,68.36,42.4,0.424,68,69,March28Data_W_IRRA(in).csv
2026-04-02 13:11:13,Cold,68.36,42.4,0.424,68,69,March28Data_W_IRRA(in).csv
2026-04-02 13:11:15,Cold,68.36,42.4,0.424,68,69,March28Data_W_IRRA(in).csv
2026-04-02 13:11:17,Cold,68.36,42.4,0.424,68,69,March28Data_W_IRRA(in).csv
2026-04-02 13:11:20,Cold,68.36,42.4,0.424,68,69,March28Data_W_IRRA(in).csv
2026-04-02 13:11:22,Cold,68.36,42.4,0.424,68,69,March28Data_W_IRRA(in).csv
2026-04-02 13:11:24,Cold,68.36,42.5,0.425,68,69,March28Data_W_IRRA(in).csv
2026-04-02 13:11:26,Cold,68.36,42.4,0.424,68,69,March28Data_W_IRRA(in).csv
2026-04-02 13:11:28,Cold,68.36,42.4,0.424,68,69,March28Data_W_IRRA(in).csv
2026-04-02 13:11:30,Cold,68.36,42.4,0.424,68,69,March28Data_W_IRRA(in).csv
2026-04-02 13:11:32,Cold,68.36,42.4,0.424,68,69,March28Data_W_IRRA(in).csv
2026-04-02 13:11:34,Cold,68.36,42.4,0.424,68,69,March28Data_W_IRRA(in).csv
2026-04-02 13:11:36,Cold,68.36,42.4,0.424,68,69,March28Data_W_IRRA(in).csv
2026-04-02 13:11:38,Cold,68.36,42.4,0.424,68,69,March28Data_W_IRRA(in).csv
2026-04-02 13:11:40,Cold,68.36,42.4,0.424,68,69,March28Data_W_IRRA(in).csv
2026-04-02 13:11:42,Cold,68.36,42.4,0.424,68,69,March28Data_W_IRRA(in).csv
2026-04-02 13:11:44,Cold,68.36,42.4,0.424,68,69,March28Data_W_IRRA(in).csv
2026-04-02 13:11:46,Cold,68.18,42.3,0.423,68,69,March28Data_W_IRRA(in).csv
2026-04-02 13:11:48,Cold,68.36,42.4,0.424,68,69,March28Data_W_IRRA(in).csv
2026-04-02 13:11:50,Cold,68.36,42.4,0.424,68,69,March28Data_W_IRRA(in).csv
2026-04-02 13:11:52,Cold,68.36,42.4,0.424,68,69,March28Data_W_IRRA(in).csv
2026-04-02 13:11:54,Cold,68.18,42.4,0.424,68,69,March28Data_W_IRRA(in).csv
2026-04-02 13:11:56,Cold,68.36,42.4,0.424,68,69,March28Data_W_IRRA(in).csv
2026-04-02 13:11:58,Cold,68.36,42.4,0.424,68,69,March28Data_W_IRRA(in).csv
2026-04-02 13:12:00,Cold,68.36,42.4,0.424,68,69,March28Data_W_IRRA(in).csv
2026-04-02 13:12:02,Cold,68.36,42.4,0.424,68,69,March28Data_W_IRRA(in).csv
2026-04-02 13:12:04,Cold,68.36,42.4,0.424,68,69,March28Data_W_IRRA(in).csv
2026-04-02 13:12:06,Cold,68.36,42.4,0.424,68,69,March28Data_W_IRRA(in).csv
2026-04-02 13:12:08,Cold,68.36,42.4,0.424,68,69,March28Data_W_IRRA(in).csv
2026-04-02 13:12:10,Cold,68.36,42.4,0.424,68,69,March28Data_W_IRRA(in).csv
2026-04-02 13:12:12,Cold,68.36,42.3,0.423,68,69,March28Data_W_IRRA(in).csv
2026-04-02 13:12:14,Cold,68.18,42.3,0.423,68,69,March28Data_W_IRRA(in).csv
2026-04-02 13:12:17,Cold,68.18,42.3,0.423,68,69,March28Data_W_IRRA(in).csv
2026-04-02 13:12:19,Cold,68.36,42.3,0.423,68,69,March28Data_W_IRRA(in).csv
2026-04-02 13:12:21,Cold,68.36,42.3,0.423,68,69,March28Data_W_IRRA(in).csv
2026-04-02 13:12:23,Cold,68.36,42.3,0.423,68,69,March28Data_W_IRRA(in).csv
2026-04-02 13:12:25,Cold,68.36,42.3,0.423,68,69,March28Data_W_IRRA(in).csv
2026-04-02 13:12:27,Cold,68.36,42.3,0.423,68,69,March28Data_W_IRRA(in).csv
2026-04-02 13:12:29,Cold,68.36,42.3,0.423,68,69,March28Data_W_IRRA(in).csv
2026-04-02 13:12:31,Cold,68.36,42.3,0.423,68,69,March28Data_W_IRRA(in).csv
2026-04-02 13:12:33,Cold,68.36,42.3,0.423,68,69,March28Data_W_IRRA(in).csv
2026-04-02 13:12:35,Cold,68.36,42.3,0.423,68,69,March28Data_W_IRRA(in).csv
2026-04-02 13:12:37,Cold,68.18,42.2,0.42200000000000004,68,69,March28Data_W_IRRA(in).csv
2026-04-02 13:12:39,Cold,68.36,42.3,0.423,68,69,March28Data_W_IRRA(in).csv
2026-04-02 13:12:41,Cold,68.36,42.3,0.423,68,69,March28Data_W_IRRA(in).csv
2026-04-02 13:12:43,Cold,68.36,42.3,0.423,68,69,March28Data_W_IRRA(in).csv
2026-04-02 13:12:45,Cold,68.18,42.2,0.42200000000000004,68,69,March28Data_W_IRRA(in).csv
2026-04-02 13:12:47,Cold,68.36,42.3,0.423,68,69,March28Data_W_IRRA(in).csv
2026-04-02 13:12:49,Cold,68.36,42.3,0.423,68,69,March28Data_W_IRRA(in).csv
2026-04-02 13:12:51,Cold,68.36,42.3,0.423,68,69,March28Data_W_IRRA(in).csv
2026-04-02 13:12:53,Cold,68.36,42.3,0.423,68,69,March28Data_W_IRRA(in).csv
2026-04-02 13:12:55,Cold,68.36,42.3,0.423,68,69,March28Data_W_IRRA(in).csv
2026-04-02 13:12:57,Cold,68.36,42.3,0.423,68,69,March28Data_W_IRRA(in).csv
2026-04-02 13:12:59,Cold,68.36,42.3,0.423,68,69,March28Data_W_IRRA(in).csv
2026-04-02 13:13:01,Cold,68.36,42.3,0.423,68,69,March28Data_W_IRRA(in).csv
2026-04-02 13:13:03,Cold,68.36,42.3,0.423,68,69,March28Data_W_IRRA(in).csv
2026-04-02 13:13:05,Cold,68.36,42.3,0.423,68,69,March28Data_W_IRRA(in).csv
2026-04-02 13:13:07,Cold,68.36,42.3,0.423,68,69,March28Data_W_IRRA(in).csv
2026-04-02 13:13:09,Cold,68.36,42.3,0.423,68,69,March28Data_W_IRRA(in).csv
2026-04-02 13:13:11,Cold,68.18,42.2,0.42200000000000004,68,69,March28Data_W_IRRA(in).csv
2026-04-02 13:13:14,Cold,68.36,42.3,0.423,68,69,March28Data_W_IRRA(in).csv
2026-04-02 13:13:16,Cold,68.36,42.3,0.423,68,69,March28Data_W_IRRA(in).csv
2026-04-02 13:13:18,Cold,68.36,42.3,0.423,68,69,March28Data_W_IRRA(in).csv
2026-04-02 13:13:20,Cold,68.36,42.3,0.423,68,69,March28Data_W_IRRA(in).csv
2026-04-02 13:13:22,Cold,68.36,42.3,0.423,68,69,March28Data_W_IRRA(in).csv
2026-04-02 13:13:24,Cold,68.36,42.3,0.423,68,69,March28Data_W_IRRA(in).csv
2026-04-02 13:13:26,Cold,68.36,42.3,0.423,68,69,March28Data_W_IRRA(in).csv
2026-04-02 13:13:28,Cold,68.18,42.2,0.42200000000000004,68,69,March28Data_W_IRRA(in).csv
2026-04-02 13:13:30,Cold,68.36,42.3,0.423,68,69,March28Data_W_IRRA(in).csv
2026-04-02 13:13:32,Cold,68.36,42.3,0.423,68,69,March28Data_W_IRRA(in).csv
2026-04-02 13:13:34,Cold,68.36,42.3,0.423,68,69,March28Data_W_IRRA(in).csv
2026-04-02 13:13:36,Cold,68.36,42.3,0.423,68,69,March28Data_W_IRRA(in).csv
2026-04-02 13:13:38,Cold,68.36,42.3,0.423,68,69,March28Data_W_IRRA(in).csv
2026-04-02 13:13:40,Cold,68.36,42.3,0.423,68,69,March28Data_W_IRRA(in).csv
2026-04-02 13:13:42,Cold,68.36,42.3,0.423,68,69,March28Data_W_IRRA(in).csv
2026-04-02 13:13:44,Cold,68.36,42.3,0.423,68,69,March28Data_W_IRRA(in).csv
2026-04-02 13:13:46,Cold,68.36,42.3,0.423,68,69,March28Data_W_IRRA(in).csv
2026-04-02 13:13:48,Cold,68.36,42.3,0.423,68,69,March28Data_W_IRRA(in).csv
2026-04-02 13:13:50,Cold,68.18,42.2,0.42200000000000004,68,69,March28Data_W_IRRA(in).csv
2026-04-02 13:13:52,Cold,68.36,42.3,0.423,68,69,March28Data_W_IRRA(in).csv
2026-04-02 13:13:54,Cold,68.36,42.3,0.423,68,69,March28Data_W_IRRA(in).csv
2026-04-02 13:13:56,Cold,68.36,42.3,0.423,68,69,March28Data_W_IRRA(in).csv
2026-04-02 13:13:58,Cold,68.18,42.2,0.42200000000000004,68,69,March28Data_W_IRRA(in).csv
2026-04-02 13:14:00,Cold,68.36,42.3,0.423,68,69,March28Data_W_IRRA(in).csv
2026-04-02 13:14:02,Cold,68.36,42.3,0.423,68,69,March28Data_W_IRRA(in).csv
2026-04-02 13:14:04,Cold,68.36,42.2,0.42200000000000004,68,69,March28Data_W_IRRA(in).csv
2026-04-02 13:14:06,Cold,68.36,42.2,0.42200000000000004,68,69,March28Data_W_IRRA(in).csv
2026-04-02 13:14:08,Cold,68.36,42.3,0.423,68,69,March28Data_W_IRRA(in).csv
2026-04-02 13:14:11,Cold,68.36,42.2,0.42200000000000004,68,69,March28Data_W_IRRA(in).csv
2026-04-02 13:14:13,Cold,68.36,42.2,0.42200000000000004,68,69,March28Data_W_IRRA(in).csv
2026-04-02 13:14:15,Cold,68.36,42.2,0.42200000000000004,68,69,March28Data_W_IRRA(in).csv
2026-04-02 13:14:17,Cold,68.36,42.2,0.42200000000000004,68,69,March28Data_W_IRRA(in).csv
2026-04-02 13:14:19,Cold,68.36,42.2,0.42200000000000004,68,69,March28Data_W_IRRA(in).csv
2026-04-02 13:14:21,Cold,68.36,42.2,0.42200000000000004,68,69,March28Data_W_IRRA(in).csv
2026-04-02 13:14:23,Cold,68.36,42.2,0.42200000000000004,68,69,March28Data_W_IRRA(in).csv
2026-04-02 13:14:25,Cold,68.36,42.2,0.42200000000000004,68,69,March28Data_W_IRRA(in).csv
2026-04-02 13:14:27,Cold,68.36,42.2,0.42200000000000004,68,69,March28Data_W_IRRA(in).csv
2026-04-02 13:14:29,Cold,68.36,42.2,0.42200000000000004,68,69,March28Data_W_IRRA(in).csv
2026-04-02 13:14:31,Cold,68.36,42.3,0.423,68,69,March28Data_W_IRRA(in).csv
2026-04-02 13:14:33,Cold,68.36,42.3,0.423,68,69,March28Data_W_IRRA(in).csv
2026-04-02 13:14:35,Cold,68.36,42.2,0.42200000000000004,68,69,March28Data_W_IRRA(in).csv
2026-04-02 13:14:37,Cold,68.36,42.3,0.423,68,69,March28Data_W_IRRA(in).csv
2026-04-02 13:14:39,Cold,68.36,42.3,0.423,68,69,March28Data_W_IRRA(in).csv
2026-04-02 13:14:41,Cold,68.36,42.3,0.423,68,69,March28Data_W_IRRA(in).csv
2026-04-02 13:14:43,Cold,68.36,42.2,0.42200000000000004,68,69,March28Data_W_IRRA(in).csv
2026-04-02 13:14:45,Cold,68.36,42.2,0.42200000000000004,68,69,March28Data_W_IRRA(in).csv
2026-04-02 13:14:47,Cold,68.36,42.3,0.423,68,69,March28Data_W_IRRA(in).csv
2026-04-02 13:14:49,Cold,68.36,42.2,0.42200000000000004,68,69,March28Data_W_IRRA(in).csv
2026-04-02 13:14:51,Cold,68.36,42.2,0.42200000000000004,68,69,March28Data_W_IRRA(in).csv
2026-04-02 13:14:53,Cold,68.36,42.2,0.42200000000000004,68,69,March28Data_W_IRRA(in).csv
2026-04-02 13:14:55,Cold,68.54,42.3,0.423,68,69,March28Data_W_IRRA(in).csv
2026-04-02 13:14:57,Cold,68.36,42.2,0.42200000000000004,68,69,March28Data_W_IRRA(in).csv
2026-04-02 13:14:59,Cold,68.36,42.2,0.42200000000000004,68,69,March28Data_W_IRRA(in).csv
2026-04-02 13:15:01,Cold,68.36,42.2,0.42200000000000004,68,69,March28Data_W_IRRA(in).csv
2026-04-02 13:15:03,Cold,68.36,42.2,0.42200000000000004,68,69,March28Data_W_IRRA(in).csv
2026-04-02 13:15:05,Cold,68.54,42.3,0.423,68,69,March28Data_W_IRRA(in).csv
2026-04-02 13:15:08,Cold,68.36,42.2,0.42200000000000004,68,69,March28Data_W_IRRA(in).csv
2026-04-02 13:15:10,Cold,68.36,42.2,0.42200000000000004,68,69,March28Data_W_IRRA(in).csv
2026-04-02 13:15:12,Cold,68.36,42.2,0.42200000000000004,68,69,March28Data_W_IRRA(in).csv
2026-04-02 13:15:14,Cold,68.36,42.2,0.42200000000000004,68,69,March28Data_W_IRRA(in).csv
2026-04-02 13:15:16,Cold,68.54,42.3,0.423,68,69,March28Data_W_IRRA(in).csv
2026-04-02 13:15:18,Cold,68.36,42.2,0.42200000000000004,68,69,March28Data_W_IRRA(in).csv
2026-04-02 13:15:20,Cold,68.36,42.2,0.42200000000000004,68,69,March28Data_W_IRRA(in).csv
2026-04-02 13:15:22,Cold,68.36,42.2,0.42200000000000004,68,69,March28Data_W_IRRA(in).csv
2026-04-02 13:15:24,Cold,68.36,42.2,0.42200000000000004,68,69,March28Data_W_IRRA(in).csv
2026-04-02 13:15:26,Cold,68.36,42.2,0.42200000000000004,68,69,March28Data_W_IRRA(in).csv
2026-04-02 13:15:28,Cold,68.36,42.2,0.42200000000000004,68,69,March28Data_W_IRRA(in).csv
2026-04-02 13:15:30,Cold,68.36,42.2,0.42200000000000004,68,69,March28Data_W_IRRA(in).csv
2026-04-02 13:15:32,Cold,68.36,42.2,0.42200000000000004,68,69,March28Data_W_IRRA(in).csv
2026-04-02 13:15:34,Cold,68.36,42.2,0.42200000000000004,68,69,March28Data_W_IRRA(in).csv
2026-04-02 13:15:36,Cold,68.36,42.2,0.42200000000000004,68,69,March28Data_W_IRRA(in).csv
2026-04-02 13:15:38,Cold,68.36,42.2,0.42200000000000004,68,69,March28Data_W_IRRA(in).csv
2026-04-02 13:15:40,Cold,68.36,42.2,0.42200000000000004,68,69,March28Data_W_IRRA(in).csv
2026-04-02 13:15:42,Cold,68.36,42.2,0.42200000000000004,68,69,March28Data_W_IRRA(in).csv
2026-04-02 13:15:44,Cold,68.36,42.1,0.42100000000000004,68,69,March28Data_W_IRRA(in).csv
2026-04-02 13:15:46,Cold,68.36,42.1,0.42100000000000004,68,69,March28Data_W_IRRA(in).csv
2026-04-02 13:15:48,Cold,68.36,42.1,0.42100000000000004,68,69,March28Data_W_IRRA(in).csv
2026-04-02 13:15:50,Cold,68.36,42.1,0.42100000000000004,68,69,March28Data_W_IRRA(in).csv
2026-04-02 13:15:52,Cold,68.36,42.1,0.42100000000000004,68,69,March28Data_W_IRRA(in).csv
2026-04-02 13:15:54,Cold,68.36,42.1,0.42100000000000004,68,69,March28Data_W_IRRA(in).csv
2026-04-02 13:15:56,Cold,68.54,42.2,0.42200000000000004,68,69,March28Data_W_IRRA(in).csv
2026-04-02 13:15:58,Cold,68.36,42.1,0.42100000000000004,68,69,March28Data_W_IRRA(in).csv
2026-04-02 13:16:00,Cold,68.36,42.1,0.42100000000000004,68,69,March28Data_W_IRRA(in).csv
2026-04-02 13:16:02,Cold,68.54,42.2,0.42200000000000004,68,69,March28Data_W_IRRA(in).csv
2026-04-02 13:16:05,Cold,68.36,42.1,0.42100000000000004,68,69,March28Data_W_IRRA(in).csv
2026-04-02 13:16:07,Cold,68.36,42.1,0.42100000000000004,68,69,March28Data_W_IRRA(in).csv
2026-04-02 13:16:09,Cold,68.36,42.1,0.42100000000000004,68,69,March28Data_W_IRRA(in).csv
2026-04-02 13:16:11,Cold,68.36,42.1,0.42100000000000004,68,69,March28Data_W_IRRA(in).csv
2026-04-02 13:16:13,Cold,68.36,42.1,0.42100000000000004,68,69,March28Data_W_IRRA(in).csv
2026-04-02 13:16:15,Cold,68.36,42.2,0.42200000000000004,68,69,March28Data_W_IRRA(in).csv
2026-04-02 13:16:17,Cold,68.36,42.2,0.42200000000000004,68,69,March28Data_W_IRRA(in).csv
2026-04-02 13:16:19,Cold,68.36,42.2,0.42200000000000004,68,69,March28Data_W_IRRA(in).csv
2026-04-02 13:16:21,Cold,68.36,42.2,0.42200000000000004,68,69,March28Data_W_IRRA(in).csv
2026-04-02 13:16:23,Cold,68.36,42.2,0.42200000000000004,68,69,March28Data_W_IRRA(in).csv
2026-04-02 13:16:25,Cold,68.36,42.2,0.42200000000000004,68,69,March28Data_W_IRRA(in).csv
2026-04-02 13:16:27,Cold,68.36,42.2,0.42200000000000004,68,69,March28Data_W_IRRA(in).csv
2026-04-02 13:16:29,Cold,68.36,42.2,0.42200000000000004,68,69,March28Data_W_IRRA(in).csv
2026-04-02 13:16:31,Cold,68.36,42.2,0.42200000000000004,68,69,March28Data_W_IRRA(in).csv
2026-04-02 13:16:33,Cold,68.54,42.2,0.42200000000000004,68,69,March28Data_W_IRRA(in).csv
2026-04-02 13:16:35,Cold,68.36,42.2,0.42200000000000004,68,69,March28Data_W_IRRA(in).csv
2026-04-02 13:16:37,Cold,68.36,42.2,0.42200000000000004,68,69,March28Data_W_IRRA(in).csv
2026-04-02 13:16:39,Cold,68.36,42.1,0.42100000000000004,68,69,March28Data_W_IRRA(in).csv
2026-04-02 13:16:41,Cold,68.54,42.2,0.42200000000000004,68,69,March28Data_W_IRRA(in).csv
2026-04-02 13:16:43,Cold,68.36,42.1,0.42100000000000004,68,69,March28Data_W_IRRA(in).csv
2026-04-02 13:16:45,Cold,68.36,42.1,0.42100000000000004,68,69,March28Data_W_IRRA(in).csv
2026-04-02 13:16:47,Cold,68.36,42.1,0.42100000000000004,68,69,March28Data_W_IRRA(in).csv
2026-04-02 13:16:49,Cold,68.36,42.1,0.42100000000000004,68,69,March28Data_W_IRRA(in).csv
2026-04-02 13:16:51,Cold,68.36,42.1,0.42100000000000004,68,69,March28Data_W_IRRA(in).csv
2026-04-02 13:16:53,Cold,68.36,42.1,0.42100000000000004,68,69,March28Data_W_IRRA(in).csv
2026-04-02 13:16:55,Cold,68.36,42.1,0.42100000000000004,68,69,March28Data_W_IRRA(in).csv
2026-04-02 13:16:57,Cold,68.36,42.1,0.42100000000000004,68,69,March28Data_W_IRRA(in).csv
2026-04-02 13:16:59,Cold,68.36,42.1,0.42100000000000004,68,69,March28Data_W_IRRA(in).csv
2026-04-02 13:17:02,Cold,68.36,42.1,0.42100000000000004,68,69,March28Data_W_IRRA(in).csv
2026-04-02 13:17:04,Cold,68.36,42.1,0.42100000000000004,68,69,March28Data_W_IRRA(in).csv
2026-04-02 13:17:06,Cold,68.36,42.1,0.42100000000000004,68,69,March28Data_W_IRRA(in).csv
2026-04-02 13:17:08,Cold,68.54,42.1,0.42100000000000004,68,69,March28Data_W_IRRA(in).csv
2026-04-02 13:17:10,Cold,68.36,42.1,0.42100000000000004,68,69,March28Data_W_IRRA(in).csv
2026-04-02 13:17:12,Cold,68.36,42.1,0.42100000000000004,68,69,March28Data_W_IRRA(in).csv
2026-04-02 13:17:14,Cold,68.36,42.1,0.42100000000000004,68,69,March28Data_W_IRRA(in).csv
2026-04-02 13:17:16,Cold,68.36,42.1,0.42100000000000004,68,69,March28Data_W_IRRA(in).csv
2026-04-02 13:17:18,Cold,68.36,42.1,0.42100000000000004,68,69,March28Data_W_IRRA(in).csv
2026-04-02 13:17:20,Cold,68.36,42.1,0.42100000000000004,68,69,March28Data_W_IRRA(in).csv
2026-04-02 13:17:22,Cold,68.54,42.1,0.42100000000000004,68,69,March28Data_W_IRRA(in).csv
2026-04-02 13:17:24,Cold,68.36,42.1,0.42100000000000004,68,69,March28Data_W_IRRA(in).csv
2026-04-02 13:17:26,Cold,68.54,42.1,0.42100000000000004,68,69,March28Data_W_IRRA(in).csv
2026-04-02 13:17:28,Cold,68.36,42.1,0.42100000000000004,68,69,March28Data_W_IRRA(in).csv
2026-04-02 13:17:30,Cold,68.36,42.1,0.42100000000000004,68,69,March28Data_W_IRRA(in).csv
2026-04-02 13:17:32,Cold,68.36,42.1,0.42100000000000004,68,69,March28Data_W_IRRA(in).csv
2026-04-02 13:17:34,Cold,68.36,42.1,0.42100000000000004,68,69,March28Data_W_IRRA(in).csv
2026-04-02 13:17:36,Cold,68.36,42.1,0.42100000000000004,68,69,March28Data_W_IRRA(in).csv
2026-04-02 13:17:38,Cold,68.36,42.1,0.42100000000000004,68,69,March28Data_W_IRRA(in).csv
2026-04-02 13:17:40,Cold,68.54,42.2,0.42200000000000004,68,69,March28Data_W_IRRA(in).csv
2026-04-02 13:17:42,Cold,68.36,42.1,0.42100000000000004,68,69,March28Data_W_IRRA(in).csv
2026-04-02 13:17:44,Cold,68.36,42.1,0.42100000000000004,68,69,March28Data_W_IRRA(in).csv
2026-04-02 13:17:46,Cold,68.36,42.1,0.42100000000000004,68,69,March28Data_W_IRRA(in).csv
2026-04-02 13:17:48,Cold,68.36,42.1,0.42100000000000004,68,69,March28Data_W_IRRA(in).csv
2026-04-02 13:17:50,Cold,68.54,42.2,0.42200000000000004,68,69,March28Data_W_IRRA(in).csv
2026-04-02 13:17:52,Cold,68.54,42.2,0.42200000000000004,68,69,March28Data_W_IRRA(in).csv
2026-04-02 13:17:54,Cold,68.54,42.1,0.42100000000000004,68,69,March28Data_W_IRRA(in).csv
2026-04-02 13:17:56,Cold,68.36,42.1,0.42100000000000004,68,69,March28Data_W_IRRA(in).csv
2026-04-02 13:17:59,Cold,68.36,42.1,0.42100000000000004,68,69,March28Data_W_IRRA(in).csv
2026-04-02 13:18:01,Cold,68.54,42.1,0.42100000000000004,68,69,March28Data_W_IRRA(in).csv
2026-04-02 13:18:03,Cold,68.54,42.1,0.42100000000000004,68,69,March28Data_W_IRRA(in).csv
2026-04-02 13:18:05,Cold,68.36,42.1,0.42100000000000004,68,69,March28Data_W_IRRA(in).csv
2026-04-02 13:18:07,Cold,68.36,42.1,0.42100000000000004,68,69,March28Data_W_IRRA(in).csv
2026-04-02 13:18:09,Cold,68.36,42.1,0.42100000000000004,68,69,March28Data_W_IRRA(in).csv
2026-04-02 13:18:11,Cold,68.54,42.2,0.42200000000000004,68,69,March28Data_W_IRRA(in).csv
2026-04-02 13:18:13,Cold,68.36,42.1,0.42100000000000004,68,69,March28Data_W_IRRA(in).csv
2026-04-02 13:18:15,Cold,68.54,42.2,0.42200000000000004,68,69,March28Data_W_IRRA(in).csv
2026-04-02 13:18:17,Cold,68.36,42.1,0.42100000000000004,68,69,March28Data_W_IRRA(in).csv
2026-04-02 13:18:19,Cold,68.36,42.1,0.42100000000000004,68,69,March28Data_W_IRRA(in).csv
2026-04-02 13:18:21,Cold,68.36,42.1,0.42100000000000004,68,69,March28Data_W_IRRA(in).csv
2026-04-02 13:18:23,Cold,68.36,42.1,0.42100000000000004,68,69,March28Data_W_IRRA(in).csv
2026-04-02 13:18:25,Cold,68.36,42.1,0.42100000000000004,68,69,March28Data_W_IRRA(in).csv
2026-04-02 13:18:27,Cold,68.36,42.1,0.42100000000000004,68,69,March28Data_W_IRRA(in).csv
2026-04-02 13:18:29,Cold,68.36,42.1,0.42100000000000004,68,69,March28Data_W_IRRA(in).csv
2026-04-02 13:18:31,Cold,68.36,42.1,0.42100000000000004,68,69,March28Data_W_IRRA(in).csv
2026-04-02 13:18:33,Cold,68.36,42.1,0.42100000000000004,68,69,March28Data_W_IRRA(in).csv
2026-04-02 13:18:35,Cold,68.36,42.1,0.42100000000000004,68,69,March28Data_W_IRRA(in).csv
2026-04-02 13:18:37,Cold,68.36,42.1,0.42100000000000004,68,69,March28Data_W_IRRA(in).csv
2026-04-02 13:18:39,Cold,68.54,42.2,0.42200000000000004,68,69,March28Data_W_IRRA(in).csv
2026-04-02 13:18:41,Cold,68.54,42.2,0.42200000000000004,68,69,March28Data_W_IRRA(in).csv
2026-04-02 13:18:43,Cold,68.36,42.1,0.42100000000000004,68,69,March28Data_W_IRRA(in).csv
2026-04-02 13:18:45,Cold,68.36,42.1,0.42100000000000004,68,69,March28Data_W_IRRA(in).csv
2026-04-02 13:18:47,Cold,68.54,42.2,0.42200000000000004,68,69,March28Data_W_IRRA(in).csv
2026-04-02 13:18:49,Cold,68.36,42.1,0.42100000000000004,68,69,March28Data_W_IRRA(in).csv
2026-04-02 13:18:51,Cold,68.54,42.2,0.42200000000000004,68,69,March28Data_W_IRRA(in).csv
2026-04-02 13:18:53,Cold,68.36,42.1,0.42100000000000004,68,69,March28Data_W_IRRA(in).csv
2026-04-02 13:18:56,Cold,68.36,42.1,0.42100000000000004,68,69,March28Data_W_IRRA(in).csv
2026-04-02 13:18:58,Cold,68.54,42.2,0.42200000000000004,68,69,March28Data_W_IRRA(in).csv
2026-04-02 13:19:00,Cold,68.36,42.1,0.42100000000000004,68,69,March28Data_W_IRRA(in).csv
2026-04-02 13:19:02,Cold,68.36,42.1,0.42100000000000004,68,69,March28Data_W_IRRA(in).csv
2026-04-02 13:19:04,Cold,68.36,42.1,0.42100000000000004,68,69,March28Data_W_IRRA(in).csv
2026-04-02 13:19:06,Cold,68.36,42.1,0.42100000000000004,68,69,March28Data_W_IRRA(in).csv
2026-04-02 13:19:08,Cold,68.36,42.1,0.42100000000000004,68,69,March28Data_W_IRRA(in).csv
2026-04-02 13:19:10,Cold,68.36,42.1,0.42100000000000004,68,69,March28Data_W_IRRA(in).csv
2026-04-02 13:19:12,Cold,68.54,42.2,0.42200000000000004,68,69,March28Data_W_IRRA(in).csv
2026-04-02 13:19:14,Cold,68.36,42.1,0.42100000000000004,68,69,March28Data_W_IRRA(in).csv
2026-04-02 13:19:16,Cold,68.54,42.2,0.42200000000000004,68,69,March28Data_W_IRRA(in).csv
2026-04-02 13:19:18,Cold,68.36,42.1,0.42100000000000004,68,69,March28Data_W_IRRA(in).csv
2026-04-02 13:19:20,Cold,68.36,42.1,0.42100000000000004,68,69,March28Data_W_IRRA(in).csv
2026-04-02 13:19:22,Cold,68.36,42.1,0.42100000000000004,68,69,March28Data_W_IRRA(in).csv
2026-04-02 13:19:24,Cold,68.36,42.1,0.42100000000000004,68,69,March28Data_W_IRRA(in).csv
2026-04-02 13:19:26,Cold,68.36,42.1,0.42100000000000004,68,69,March28Data_W_IRRA(in).csv
2026-04-02 13:19:28,Cold,68.36,42.1,0.42100000000000004,68,69,March28Data_W_IRRA(in).csv
2026-04-02 13:19:30,Cold,68.36,42.1,0.42100000000000004,68,69,March28Data_W_IRRA(in).csv
2026-04-02 13:19:32,Cold,68.36,42.1,0.42100000000000004,68,69,March28Data_W_IRRA(in).csv
2026-04-02 13:19:34,Cold,68.54,42.2,0.42200000000000004,68,69,March28Data_W_IRRA(in).csv
2026-04-02 13:19:36,Cold,68.36,42.1,0.42100000000000004,68,69,March28Data_W_IRRA(in).csv
2026-04-02 13:19:38,Cold,68.54,42.2,0.42200000000000004,68,69,March28Data_W_IRRA(in).csv
2026-04-02 13:19:40,Cold,68.36,42.1,0.42100000000000004,68,69,March28Data_W_IRRA(in).csv
2026-04-02 13:19:42,Cold,68.54,42.2,0.42200000000000004,68,69,March28Data_W_IRRA(in).csv
2026-04-02 13:19:44,Cold,68.54,42.2,0.42200000000000004,68,69,March28Data_W_IRRA(in).csv
2026-04-02 13:19:46,Cold,68.36,42.1,0.42100000000000004,68,69,March28Data_W_IRRA(in).csv
2026-04-02 13:19:48,Cold,68.54,42.2,0.42200000000000004,68,69,March28Data_W_IRRA(in).csv
2026-04-02 13:19:50,Cold,68.54,42.2,0.42200000000000004,68,69,March28Data_W_IRRA(in).csv
2026-04-02 13:19:53,Cold,68.36,42.1,0.42100000000000004,68,69,March28Data_W_IRRA(in).csv
2026-04-02 13:19:55,Cold,68.54,42.2,0.42200000000000004,68,69,March28Data_W_IRRA(in).csv
2026-04-02 13:19:57,Cold,68.36,42.1,0.42100000000000004,68,69,March28Data_W_IRRA(in).csv
2026-04-02 13:19:59,Cold,68.54,42.2,0.42200000000000004,68,69,March28Data_W_IRRA(in).csv
2026-04-02 13:20:01,Cold,68.36,42.1,0.42100000000000004,68,69,March28Data_W_IRRA(in).csv
2026-04-02 13:20:03,Cold,68.36,42.1,0.42100000000000004,68,69,March28Data_W_IRRA(in).csv
2026-04-02 13:20:05,Cold,68.36,42.1,0.42100000000000004,68,69,March28Data_W_IRRA(in).csv
2026-04-02 13:20:07,Cold,68.54,42.2,0.42200000000000004,68,69,March28Data_W_IRRA(in).csv
2026-04-02 13:20:09,Cold,68.36,42.1,0.42100000000000004,68,69,March28Data_W_IRRA(in).csv
2026-04-02 13:20:11,Cold,68.54,42.2,0.42200000000000004,68,69,March28Data_W_IRRA(in).csv
2026-04-02 13:20:13,Cold,68.36,42.1,0.42100000000000004,68,69,March28Data_W_IRRA(in).csv
2026-04-02 13:20:15,Cold,68.54,42.2,0.42200000000000004,68,69,March28Data_W_IRRA(in).csv
2026-04-02 13:20:17,Cold,68.54,42.2,0.42200000000000004,68,69,March28Data_W_IRRA(in).csv
2026-04-02 13:20:19,Cold,68.54,42.2,0.42200000000000004,68,69,March28Data_W_IRRA(in).csv
2026-04-02 13:20:21,Cold,68.36,42.1,0.42100000000000004,68,69,March28Data_W_IRRA(in).csv
2026-04-02 13:20:23,Cold,68.36,42.1,0.42100000000000004,68,69,March28Data_W_IRRA(in).csv
2026-04-02 13:20:25,Cold,68.36,42.1,0.42100000000000004,68,69,March28Data_W_IRRA(in).csv
2026-04-02 13:20:27,Cold,68.36,42.1,0.42100000000000004,68,69,March28Data_W_IRRA(in).csv
2026-04-02 13:20:29,Cold,68.54,42.1,0.42100000000000004,68,69,March28Data_W_IRRA(in).csv
2026-04-02 13:20:31,Cold,68.36,42.0,0.42,68,69,March28Data_W_IRRA(in).csv
2026-04-02 13:20:33,Cold,68.36,42.0,0.42,68,69,March28Data_W_IRRA(in).csv
2026-04-02 13:20:35,Cold,68.36,42.0,0.42,68,69,March28Data_W_IRRA(in).csv
2026-04-02 13:20:37,Cold,68.54,42.1,0.42100000000000004,68,69,March28Data_W_IRRA(in).csv
2026-04-02 13:20:39,Cold,68.36,42.0,0.42,68,69,March28Data_W_IRRA(in).csv
2026-04-02 13:20:41,Cold,68.54,42.1,0.42100000000000004,68,69,March28Data_W_IRRA(in).csv
2026-04-02 13:20:43,Cold,68.36,42.0,0.42,68,69,March28Data_W_IRRA(in).csv
2026-04-02 13:20:45,Cold,68.54,42.1,0.42100000000000004,68,69,March28Data_W_IRRA(in).csv
2026-04-02 13:20:47,Cold,68.36,42.0,0.42,68,69,March28Data_W_IRRA(in).csv
2026-04-02 13:20:50,Cold,68.36,42.0,0.42,68,69,March28Data_W_IRRA(in).csv
2026-04-02 13:20:52,Cold,68.36,42.0,0.42,68,69,March28Data_W_IRRA(in).csv
2026-04-02 13:20:54,Cold,68.36,42.0,0.42,68,69,March28Data_W_IRRA(in).csv
2026-04-02 13:20:56,Cold,68.54,42.1,0.42100000000000004,68,69,March28Data_W_IRRA(in).csv
2026-04-02 13:20:58,Cold,68.54,42.1,0.42100000000000004,68,69,March28Data_W_IRRA(in).csv
2026-04-02 13:21:00,Cold,68.36,42.0,0.42,68,69,March28Data_W_IRRA(in).csv
2026-04-02 13:21:02,Cold,68.54,42.1,0.42100000000000004,68,69,March28Data_W_IRRA(in).csv
2026-04-02 13:21:04,Cold,68.36,42.0,0.42,68,69,March28Data_W_IRRA(in).csv
2026-04-02 13:21:06,Cold,68.54,42.1,0.42100000000000004,68,69,March28Data_W_IRRA(in).csv
2026-04-02 13:21:08,Cold,68.36,42.0,0.42,68,69,March28Data_W_IRRA(in).csv
2026-04-02 13:21:10,Cold,68.54,42.1,0.42100000000000004,68,69,March28Data_W_IRRA(in).csv
2026-04-02 13:21:12,Cold,68.54,42.1,0.42100000000000004,68,69,March28Data_W_IRRA(in).csv
2026-04-02 13:21:14,Cold,68.54,42.1,0.42100000000000004,68,69,March28Data_W_IRRA(in).csv
2026-04-02 13:21:16,Cold,68.54,42.1,0.42100000000000004,68,69,March28Data_W_IRRA(in).csv
2026-04-02 13:21:18,Cold,68.36,42.0,0.42,68,69,March28Data_W_IRRA(in).csv
2026-04-02 13:21:20,Cold,68.54,42.1,0.42100000000000004,68,69,March28Data_W_IRRA(in).csv
2026-04-02 13:21:22,Cold,68.54,42.0,0.42,68,69,March28Data_W_IRRA(in).csv
2026-04-02 13:21:24,Cold,68.54,42.0,0.42,68,69,March28Data_W_IRRA(in).csv
2026-04-02 13:21:26,Cold,68.54,42.0,0.42,68,69,March28Data_W_IRRA(in).csv
2026-04-02 13:21:28,Cold,68.36,42.0,0.42,68,69,March28Data_W_IRRA(in).csv
2026-04-02 13:21:30,Cold,68.54,42.0,0.42,68,69,March28Data_W_IRRA(in).csv
2026-04-02 13:21:32,Cold,68.36,42.0,0.42,68,69,March28Data_W_IRRA(in).csv
2026-04-02 13:21:34,Cold,68.54,42.0,0.42,68,69,March28Data_W_IRRA(in).csv
2026-04-02 13:21:36,Cold,68.36,42.0,0.42,68,69,March28Data_W_IRRA(in).csv
2026-04-02 13:21:38,Cold,68.54,42.0,0.42,68,69,March28Data_W_IRRA(in).csv
2026-04-02 13:21:40,Cold,68.54,42.1,0.42100000000000004,68,69,March28Data_W_IRRA(in).csv
2026-04-02 13:21:42,Cold,68.36,42.0,0.42,68,69,March28Data_W_IRRA(in).csv
2026-04-02 13:21:44,Cold,68.36,42.0,0.42,68,69,March28Data_W_IRRA(in).csv
2026-04-02 13:21:47,Cold,68.36,42.0,0.42,68,69,March28Data_W_IRRA(in).csv
2026-04-02 13:21:49,Cold,68.54,42.0,0.42,68,69,March28Data_W_IRRA(in).csv
2026-04-02 13:21:51,Cold,68.36,42.0,0.42,68,69,March28Data_W_IRRA(in).csv
2026-04-02 13:21:53,Cold,68.54,42.0,0.42,68,69,March28Data_W_IRRA(in).csv
2026-04-02 13:21:55,Cold,68.36,42.0,0.42,68,69,March28Data_W_IRRA(in).csv
2026-04-02 13:21:57,Cold,68.36,42.0,0.42,68,69,March28Data_W_IRRA(in).csv
2026-04-02 13:21:59,Cold,68.36,42.0,0.42,68,69,March28Data_W_IRRA(in).csv
2026-04-02 13:22:01,Cold,68.36,41.9,0.419,68,69,March28Data_W_IRRA(in).csv
2026-04-02 13:22:03,Cold,68.36,42.0,0.42,68,69,March28Data_W_IRRA(in).csv
2026-04-02 13:22:05,Cold,68.36,42.0,0.42,68,69,March28Data_W_IRRA(in).csv
2026-04-02 13:22:07,Cold,68.54,42.0,0.42,68,69,March28Data_W_IRRA(in).csv
2026-04-02 13:22:09,Cold,68.54,42.0,0.42,68,69,March28Data_W_IRRA(in).csv
2026-04-02 13:22:11,Cold,68.36,42.0,0.42,68,69,March28Data_W_IRRA(in).csv
2026-04-02 13:22:13,Cold,68.36,42.0,0.42,68,69,March28Data_W_IRRA(in).csv
2026-04-02 13:22:15,Cold,68.36,42.0,0.42,68,69,March28Data_W_IRRA(in).csv
2026-04-02 13:22:17,Cold,68.54,42.0,0.42,68,69,March28Data_W_IRRA(in).csv
2026-04-02 13:22:19,Cold,68.54,42.1,0.42100000000000004,68,69,March28Data_W_IRRA(in).csv
2026-04-02 13:22:21,Cold,68.36,42.0,0.42,68,69,March28Data_W_IRRA(in).csv
2026-04-02 13:22:23,Cold,68.36,42.0,0.42,68,69,March28Data_W_IRRA(in).csv
2026-04-02 13:22:25,Cold,68.36,42.0,0.42,68,69,March28Data_W_IRRA(in).csv
2026-04-02 13:22:27,Cold,68.54,42.0,0.42,68,69,March28Data_W_IRRA(in).csv
2026-04-02 13:22:29,Cold,68.36,41.9,0.419,68,69,March28Data_W_IRRA(in).csv
2026-04-02 13:22:31,Cold,68.36,42.0,0.42,68,69,March28Data_W_IRRA(in).csv
2026-04-02 13:22:33,Cold,68.54,42.0,0.42,68,69,March28Data_W_IRRA(in).csv
2026-04-02 13:22:35,Cold,68.36,41.9,0.419,68,69,March28Data_W_IRRA(in).csv
2026-04-02 13:22:37,Cold,68.36,41.9,0.419,68,69,March28Data_W_IRRA(in).csv
2026-04-02 13:22:39,Cold,68.54,42.0,0.42,68,69,March28Data_W_IRRA(in).csv
2026-04-02 13:22:41,Cold,68.54,42.0,0.42,68,69,March28Data_W_IRRA(in).csv
2026-04-02 13:22:44,Cold,68.36,41.9,0.419,68,69,March28Data_W_IRRA(in).csv
2026-04-02 13:22:46,Cold,68.36,41.9,0.419,68,69,March28Data_W_IRRA(in).csv
2026-04-02 13:22:48,Cold,68.54,42.0,0.42,68,69,March28Data_W_IRRA(in).csv
2026-04-02 13:22:50,Cold,68.36,41.9,0.419,68,69,March28Data_W_IRRA(in).csv
2026-04-02 13:22:52,Cold,68.54,42.0,0.42,68,69,March28Data_W_IRRA(in).csv
2026-04-02 13:22:54,Cold,68.36,41.9,0.419,68,69,March28Data_W_IRRA(in).csv
2026-04-02 13:22:56,Cold,68.36,41.9,0.419,68,69,March28Data_W_IRRA(in).csv
2026-04-02 13:22:58,Cold,68.36,41.9,0.419,68,69,March28Data_W_IRRA(in).csv
2026-04-02 13:23:00,Cold,68.36,41.9,0.419,68,69,March28Data_W_IRRA(in).csv
2026-04-02 13:23:02,Cold,68.54,42.0,0.42,68,69,March28Data_W_IRRA(in).csv
2026-04-02 13:23:04,Cold,68.36,41.9,0.419,68,69,March28Data_W_IRRA(in).csv
2026-04-02 13:23:06,Cold,68.36,41.9,0.419,68,69,March28Data_W_IRRA(in).csv
2026-04-02 13:23:08,Cold,68.36,41.9,0.419,68,69,March28Data_W_IRRA(in).csv
2026-04-02 13:23:10,Cold,68.54,42.0,0.42,68,69,March28Data_W_IRRA(in).csv
2026-04-02 13:23:12,Cold,68.36,41.9,0.419,68,69,March28Data_W_IRRA(in).csv
2026-04-02 13:23:14,Cold,68.54,42.0,0.42,68,69,March28Data_W_IRRA(in).csv
2026-04-02 13:23:16,Cold,68.54,42.0,0.42,68,69,March28Data_W_IRRA(in).csv
2026-04-02 13:23:18,Cold,68.36,41.9,0.419,68,69,March28Data_W_IRRA(in).csv
2026-04-02 13:23:20,Cold,68.36,41.9,0.419,68,69,March28Data_W_IRRA(in).csv
2026-04-02 13:23:22,Cold,68.36,41.9,0.419,68,69,March28Data_W_IRRA(in).csv
2026-04-02 13:23:24,Cold,68.36,41.9,0.419,68,69,March28Data_W_IRRA(in).csv
2026-04-02 13:23:26,Cold,68.36,41.9,0.419,68,69,March28Data_W_IRRA(in).csv
2026-04-02 13:23:28,Cold,68.54,42.0,0.42,68,69,March28Data_W_IRRA(in).csv
2026-04-02 13:23:30,Cold,68.36,41.9,0.419,68,69,March28Data_W_IRRA(in).csv
2026-04-02 13:23:32,Cold,68.36,41.9,0.419,68,69,March28Data_W_IRRA(in).csv
2026-04-02 13:23:34,Cold,68.54,42.0,0.42,68,69,March28Data_W_IRRA(in).csv
2026-04-02 13:23:36,Cold,68.36,41.9,0.419,68,69,March28Data_W_IRRA(in).csv
2026-04-02 13:23:38,Cold,68.54,42.0,0.42,68,69,March28Data_W_IRRA(in).csv
2026-04-02 13:23:41,Cold,68.54,42.0,0.42,68,69,March28Data_W_IRRA(in).csv
2026-04-02 13:23:43,Cold,68.54,42.0,0.42,68,69,March28Data_W_IRRA(in).csv
2026-04-02 13:23:45,Cold,68.36,41.9,0.419,68,69,March28Data_W_IRRA(in).csv
2026-04-02 13:23:47,Cold,68.36,41.9,0.419,68,69,March28Data_W_IRRA(in).csv
2026-04-02 13:23:49,Cold,68.36,41.9,0.419,68,69,March28Data_W_IRRA(in).csv
2026-04-02 13:23:51,Cold,68.54,41.9,0.419,68,69,March28Data_W_IRRA(in).csv
2026-04-02 13:23:53,Cold,68.54,42.0,0.42,68,69,March28Data_W_IRRA(in).csv
2026-04-02 13:23:55,Cold,68.54,41.9,0.419,68,69,March28Data_W_IRRA(in).csv
2026-04-02 13:23:57,Cold,68.36,41.9,0.419,68,69,March28Data_W_IRRA(in).csv
2026-04-02 13:23:59,Cold,68.54,42.0,0.42,68,69,March28Data_W_IRRA(in).csv
2026-04-02 13:24:01,Cold,68.36,41.9,0.419,68,69,March28Data_W_IRRA(in).csv
2026-04-02 13:24:03,Cold,68.36,41.9,0.419,68,69,March28Data_W_IRRA(in).csv
2026-04-02 13:24:05,Cold,68.36,41.9,0.419,68,69,March28Data_W_IRRA(in).csv
2026-04-02 13:24:07,Cold,68.54,42.0,0.42,68,69,March28Data_W_IRRA(in).csv
2026-04-02 13:24:09,Cold,68.54,42.0,0.42,68,69,March28Data_W_IRRA(in).csv
2026-04-02 13:24:11,Cold,68.54,42.0,0.42,68,69,March28Data_W_IRRA(in).csv
2026-04-02 13:24:13,Cold,68.54,42.0,0.42,68,69,March28Data_W_IRRA(in).csv
2026-04-02 13:24:15,Cold,68.36,41.9,0.419,68,69,March28Data_W_IRRA(in).csv
2026-04-02 13:24:17,Cold,68.54,42.0,0.42,68,69,March28Data_W_IRRA(in).csv
2026-04-02 13:24:19,Cold,68.36,41.9,0.419,68,69,March28Data_W_IRRA(in).csv
2026-04-02 13:24:21,Cold,68.54,41.9,0.419,68,69,March28Data_W_IRRA(in).csv
2026-04-02 13:24:23,Cold,68.54,41.9,0.419,68,69,March28Data_W_IRRA(in).csv
2026-04-02 13:24:25,Cold,68.36,41.9,0.419,68,69,March28Data_W_IRRA(in).csv
2026-04-02 13:24:27,Cold,68.54,42.0,0.42,68,69,March28Data_W_IRRA(in).csv
2026-04-02 13:24:29,Cold,68.54,42.0,0.42,68,69,March28Data_W_IRRA(in).csv
2026-04-02 13:24:31,Cold,68.36,41.9,0.419,68,69,March28Data_W_IRRA(in).csv
2026-04-02 13:24:33,Cold,68.36,41.9,0.419,68,69,March28Data_W_IRRA(in).csv
2026-04-02 13:24:35,Cold,68.36,41.9,0.419,68,69,March28Data_W_IRRA(in).csv
2026-04-02 13:24:37,Cold,68.36,41.9,0.419,68,69,March28Data_W_IRRA(in).csv
2026-04-02 13:24:40,Cold,68.36,41.9,0.419,68,69,March28Data_W_IRRA(in).csv
2026-04-02 13:24:42,Cold,68.54,41.9,0.419,68,69,March28Data_W_IRRA(in).csv
2026-04-02 13:24:44,Cold,68.54,41.9,0.419,68,69,March28Data_W_IRRA(in).csv
2026-04-02 13:24:46,Cold,68.36,41.9,0.419,68,69,March28Data_W_IRRA(in).csv
2026-04-02 13:24:48,Cold,68.54,41.9,0.419,68,69,March28Data_W_IRRA(in).csv
2026-04-02 13:24:50,Cold,68.54,41.9,0.419,68,69,March28Data_W_IRRA(in).csv
2026-04-02 13:24:52,Cold,68.36,41.8,0.418,68,69,March28Data_W_IRRA(in).csv
2026-04-02 13:24:54,Cold,68.54,41.9,0.419,68,69,March28Data_W_IRRA(in).csv
2026-04-02 13:24:56,Cold,68.54,41.9,0.419,68,69,March28Data_W_IRRA(in).csv
2026-04-02 13:24:58,Cold,68.54,41.9,0.419,68,69,March28Data_W_IRRA(in).csv
2026-04-02 13:25:00,Cold,68.54,41.9,0.419,68,69,March28Data_W_IRRA(in).csv
2026-04-02 13:25:02,Cold,68.54,41.9,0.419,68,69,March28Data_W_IRRA(in).csv
2026-04-02 13:25:04,Cold,68.54,41.9,0.419,68,69,March28Data_W_IRRA(in).csv
2026-04-02 13:25:06,Cold,68.36,41.8,0.418,68,69,March28Data_W_IRRA(in).csv
2026-04-02 13:25:08,Cold,68.36,41.8,0.418,68,69,March28Data_W_IRRA(in).csv
2026-04-02 13:25:10,Cold,68.54,41.9,0.419,68,69,March28Data_W_IRRA(in).csv
2026-04-02 13:25:12,Cold,68.36,41.8,0.418,68,69,March28Data_W_IRRA(in).csv
2026-04-02 13:25:14,Cold,68.36,41.8,0.418,68,69,March28Data_W_IRRA(in).csv
2026-04-02 13:25:16,Cold,68.36,41.8,0.418,68,69,March28Data_W_IRRA(in).csv
2026-04-02 13:25:18,Cold,68.36,41.8,0.418,68,69,March28Data_W_IRRA(in).csv
2026-04-02 13:25:20,Cold,68.54,41.9,0.419,68,69,March28Data_W_IRRA(in).csv
2026-04-02 13:25:22,Cold,68.36,41.8,0.418,68,69,March28Data_W_IRRA(in).csv
2026-04-02 13:25:24,Cold,68.36,41.8,0.418,68,69,March28Data_W_IRRA(in).csv
2026-04-02 13:25:26,Cold,68.36,41.8,0.418,68,69,March28Data_W_IRRA(in).csv
2026-04-02 13:25:28,Cold,68.36,41.8,0.418,68,69,March28Data_W_IRRA(in).csv
2026-04-02 13:25:30,Cold,68.54,41.9,0.419,68,69,March28Data_W_IRRA(in).csv
2026-04-02 13:25:32,Cold,68.54,41.9,0.419,68,69,March28Data_W_IRRA(in).csv
2026-04-02 13:25:34,Cold,68.54,41.9,0.419,68,69,March28Data_W_IRRA(in).csv
2026-04-02 13:25:37,Cold,68.36,41.8,0.418,68,69,March28Data_W_IRRA(in).csv
2026-04-02 13:25:39,Cold,68.36,41.8,0.418,68,69,March28Data_W_IRRA(in).csv
2026-04-02 13:25:41,Cold,68.54,41.9,0.419,68,69,March28Data_W_IRRA(in).csv
2026-04-02 13:25:43,Cold,68.36,41.8,0.418,68,69,March28Data_W_IRRA(in).csv
2026-04-02 13:25:45,Cold,68.36,41.8,0.418,68,69,March28Data_W_IRRA(in).csv
2026-04-02 13:25:47,Cold,68.36,41.8,0.418,68,69,March28Data_W_IRRA(in).csv
2026-04-02 13:25:49,Cold,68.54,41.9,0.419,68,69,March28Data_W_IRRA(in).csv
2026-04-02 13:25:51,Cold,68.54,41.9,0.419,68,69,March28Data_W_IRRA(in).csv
2026-04-02 13:25:53,Cold,68.54,41.8,0.418,68,69,March28Data_W_IRRA(in).csv
2026-04-02 13:25:55,Cold,68.54,41.8,0.418,68,69,March28Data_W_IRRA(in).csv
2026-04-02 13:25:57,Cold,68.54,41.8,0.418,68,69,March28Data_W_IRRA(in).csv
2026-04-02 13:25:59,Cold,68.54,41.8,0.418,68,69,March28Data_W_IRRA(in).csv
2026-04-02 13:26:01,Cold,68.54,41.8,0.418,68,69,March28Data_W_IRRA(in).csv
2026-04-02 13:26:03,Cold,68.54,41.8,0.418,68,69,March28Data_W_IRRA(in).csv
2026-04-02 13:26:05,Cold,68.54,41.8,0.418,68,69,March28Data_W_IRRA(in).csv
2026-04-02 13:26:07,Cold,68.36,41.8,0.418,68,69,March28Data_W_IRRA(in).csv
2026-04-02 13:26:09,Cold,68.54,41.8,0.418,68,69,March28Data_W_IRRA(in).csv
2026-04-02 13:26:11,Cold,68.54,41.8,0.418,68,69,March28Data_W_IRRA(in).csv
2026-04-02 13:26:13,Cold,68.54,41.8,0.418,68,69,March28Data_W_IRRA(in).csv
2026-04-02 13:26:15,Cold,68.36,41.8,0.418,68,69,March28Data_W_IRRA(in).csv
2026-04-02 13:26:17,Cold,68.36,41.8,0.418,68,69,March28Data_W_IRRA(in).csv
2026-04-02 13:26:19,Cold,68.54,41.8,0.418,68,69,March28Data_W_IRRA(in).csv
2026-04-02 13:26:21,Cold,68.36,41.8,0.418,68,69,March28Data_W_IRRA(in).csv
2026-04-02 13:26:23,Cold,68.36,41.8,0.418,68,69,March28Data_W_IRRA(in).csv
2026-04-02 13:26:25,Cold,68.36,41.8,0.418,68,69,March28Data_W_IRRA(in).csv
2026-04-02 13:26:27,Cold,68.54,41.9,0.419,68,69,March28Data_W_IRRA(in).csv
2026-04-02 13:26:29,Cold,68.36,41.8,0.418,68,69,March28Data_W_IRRA(in).csv
2026-04-02 13:26:31,Cold,68.36,41.8,0.418,68,69,March28Data_W_IRRA(in).csv
2026-04-02 13:26:34,Cold,68.54,41.9,0.419,68,69,March28Data_W_IRRA(in).csv
2026-04-02 13:26:36,Cold,68.36,41.8,0.418,68,69,March28Data_W_IRRA(in).csv
2026-04-02 13:26:38,Cold,68.36,41.8,0.418,68,69,March28Data_W_IRRA(in).csv
2026-04-02 13:26:40,Cold,68.54,41.9,0.419,68,69,March28Data_W_IRRA(in).csv
2026-04-02 13:26:42,Cold,68.54,41.9,0.419,68,69,March28Data_W_IRRA(in).csv
2026-04-02 13:26:44,Cold,68.36,41.8,0.418,68,69,March28Data_W_IRRA(in).csv
2026-04-02 13:26:46,Cold,68.36,41.8,0.418,68,69,March28Data_W_IRRA(in).csv
2026-04-02 13:26:48,Cold,68.36,41.8,0.418,68,69,March28Data_W_IRRA(in).csv
2026-04-02 13:26:50,Cold,68.36,41.8,0.418,68,69,March28Data_W_IRRA(in).csv
2026-04-02 13:26:52,Cold,68.36,41.8,0.418,68,69,March28Data_W_IRRA(in).csv
2026-04-02 13:26:54,Cold,68.36,41.8,0.418,68,69,March28Data_W_IRRA(in).csv
2026-04-02 13:26:56,Cold,68.54,41.9,0.419,68,69,March28Data_W_IRRA(in).csv
2026-04-02 13:26:58,Cold,68.36,41.8,0.418,68,69,March28Data_W_IRRA(in).csv
2026-04-02 13:27:00,Cold,68.36,41.8,0.418,68,69,March28Data_W_IRRA(in).csv
2026-04-02 13:27:02,Cold,68.36,41.8,0.418,68,69,March28Data_W_IRRA(in).csv
2026-04-02 13:27:04,Cold,68.54,41.9,0.419,68,69,March28Data_W_IRRA(in).csv
2026-04-02 13:27:06,Cold,68.54,41.9,0.419,68,69,March28Data_W_IRRA(in).csv
2026-04-02 13:27:08,Cold,68.54,41.9,0.419,68,69,March28Data_W_IRRA(in).csv
2026-04-02 13:27:10,Cold,68.54,41.9,0.419,68,69,March28Data_W_IRRA(in).csv
2026-04-02 13:27:12,Cold,68.36,41.8,0.418,68,69,March28Data_W_IRRA(in).csv
2026-04-02 13:27:14,Cold,68.36,41.8,0.418,68,69,March28Data_W_IRRA(in).csv
2026-04-02 13:27:16,Cold,68.36,41.8,0.418,68,69,March28Data_W_IRRA(in).csv
2026-04-02 13:27:18,Cold,68.54,41.8,0.418,68,69,March28Data_W_IRRA(in).csv
2026-04-02 13:27:20,Cold,68.54,41.8,0.418,68,69,March28Data_W_IRRA(in).csv
2026-04-02 13:27:22,Cold,68.36,41.8,0.418,68,69,March28Data_W_IRRA(in).csv
2026-04-02 13:27:24,Cold,68.36,41.8,0.418,68,69,March28Data_W_IRRA(in).csv
2026-04-02 13:27:26,Cold,68.54,41.8,0.418,68,69,March28Data_W_IRRA(in).csv
2026-04-02 13:27:28,Cold,68.54,41.8,0.418,68,69,March28Data_W_IRRA(in).csv
2026-04-02 13:27:31,Cold,68.54,41.8,0.418,68,69,March28Data_W_IRRA(in).csv
2026-04-02 13:27:33,Cold,68.54,41.8,0.418,68,69,March28Data_W_IRRA(in).csv
2026-04-02 13:27:35,Cold,68.54,41.8,0.418,68,69,March28Data_W_IRRA(in).csv
2026-04-02 13:27:37,Cold,68.54,41.8,0.418,68,69,March28Data_W_IRRA(in).csv
2026-04-02 13:27:39,Cold,68.36,41.7,0.41700000000000004,68,69,March28Data_W_IRRA(in).csv
2026-04-02 13:27:41,Cold,68.54,41.8,0.418,68,69,March28Data_W_IRRA(in).csv
2026-04-02 13:27:43,Cold,68.54,41.8,0.418,68,69,March28Data_W_IRRA(in).csv
2026-04-02 13:27:45,Cold,68.54,41.8,0.418,68,69,March28Data_W_IRRA(in).csv
2026-04-02 13:27:47,Cold,68.36,41.7,0.41700000000000004,68,69,March28Data_W_IRRA(in).csv
2026-04-02 13:27:49,Cold,68.54,41.8,0.418,68,69,March28Data_W_IRRA(in).csv
2026-04-02 13:27:51,Cold,68.36,41.7,0.41700000000000004,68,69,March28Data_W_IRRA(in).csv
2026-04-02 13:27:53,Cold,68.54,41.8,0.418,68,69,March28Data_W_IRRA(in).csv
2026-04-02 13:27:55,Cold,68.54,41.8,0.418,68,69,March28Data_W_IRRA(in).csv
2026-04-02 13:27:57,Cold,68.54,41.8,0.418,68,69,March28Data_W_IRRA(in).csv
2026-04-02 13:27:59,Cold,68.54,41.8,0.418,68,69,March28Data_W_IRRA(in).csv
2026-04-02 13:28:01,Cold,68.54,41.8,0.418,68,69,March28Data_W_IRRA(in).csv
2026-04-02 13:28:03,Cold,68.54,41.8,0.418,68,69,March28Data_W_IRRA(in).csv
2026-04-02 13:28:05,Cold,68.36,41.7,0.41700000000000004,68,69,March28Data_W_IRRA(in).csv
2026-04-02 13:28:07,Cold,68.36,41.7,0.41700000000000004,68,69,March28Data_W_IRRA(in).csv
2026-04-02 13:28:09,Cold,68.36,41.7,0.41700000000000004,68,69,March28Data_W_IRRA(in).csv
2026-04-02 13:28:11,Cold,68.54,41.8,0.418,68,69,March28Data_W_IRRA(in).csv
2026-04-02 13:28:13,Cold,68.36,41.7,0.41700000000000004,68,69,March28Data_W_IRRA(in).csv
2026-04-02 13:28:15,Cold,68.36,41.7,0.41700000000000004,68,69,March28Data_W_IRRA(in).csv
2026-04-02 13:28:17,Cold,68.36,41.7,0.41700000000000004,68,69,March28Data_W_IRRA(in).csv
2026-04-02 13:28:19,Cold,68.36,41.7,0.41700000000000004,68,69,March28Data_W_IRRA(in).csv
2026-04-02 13:28:21,Cold,68.36,41.7,0.41700000000000004,68,69,March28Data_W_IRRA(in).csv
2026-04-02 13:28:23,Cold,68.36,41.7,0.41700000000000004,68,69,March28Data_W_IRRA(in).csv
2026-04-02 13:28:25,Cold,68.54,41.8,0.418,68,69,March28Data_W_IRRA(in).csv
2026-04-02 13:28:28,Cold,68.54,41.8,0.418,68,69,March28Data_W_IRRA(in).csv
2026-04-02 13:28:30,Cold,68.36,41.7,0.41700000000000004,68,69,March28Data_W_IRRA(in).csv
2026-04-02 13:28:32,Cold,68.36,41.7,0.41700000000000004,68,69,March28Data_W_IRRA(in).csv
2026-04-02 13:28:34,Cold,68.54,41.8,0.418,68,69,March28Data_W_IRRA(in).csv
2026-04-02 13:28:36,Cold,68.54,41.7,0.41700000000000004,68,69,March28Data_W_IRRA(in).csv
2026-04-02 13:28:38,Cold,68.36,41.7,0.41700000000000004,68,69,March28Data_W_IRRA(in).csv
2026-04-02 13:28:40,Cold,68.36,41.7,0.41700000000000004,68,69,March28Data_W_IRRA(in).csv
2026-04-02 13:28:42,Cold,68.54,41.8,0.418,68,69,March28Data_W_IRRA(in).csv
2026-04-02 13:28:44,Cold,68.36,41.7,0.41700000000000004,68,69,March28Data_W_IRRA(in).csv
2026-04-02 13:28:46,Cold,68.36,41.7,0.41700000000000004,68,69,March28Data_W_IRRA(in).csv
2026-04-02 13:28:48,Cold,68.36,41.7,0.41700000000000004,68,69,March28Data_W_IRRA(in).csv
2026-04-02 13:28:50,Cold,68.36,41.7,0.41700000000000004,68,69,March28Data_W_IRRA(in).csv
2026-04-02 13:28:52,Cold,68.36,41.7,0.41700000000000004,68,69,March28Data_W_IRRA(in).csv
2026-04-02 13:28:54,Cold,68.54,41.8,0.418,68,69,March28Data_W_IRRA(in).csv
2026-04-02 13:28:56,Cold,68.36,41.7,0.41700000000000004,68,69,March28Data_W_IRRA(in).csv
2026-04-02 13:28:58,Cold,68.54,41.8,0.418,68,69,March28Data_W_IRRA(in).csv
2026-04-02 13:29:00,Cold,68.54,41.8,0.418,68,69,March28Data_W_IRRA(in).csv
2026-04-02 13:29:02,Cold,68.36,41.7,0.41700000000000004,68,69,March28Data_W_IRRA(in).csv
2026-04-02 13:29:04,Cold,68.54,41.8,0.418,68,69,March28Data_W_IRRA(in).csv
2026-04-02 13:29:06,Cold,68.54,41.8,0.418,68,69,March28Data_W_IRRA(in).csv
2026-04-02 13:29:08,Cold,68.54,41.8,0.418,68,69,March28Data_W_IRRA(in).csv
2026-04-02 13:29:10,Cold,68.36,41.7,0.41700000000000004,68,69,March28Data_W_IRRA(in).csv
2026-04-02 13:29:12,Cold,68.54,41.8,0.418,68,69,March28Data_W_IRRA(in).csv
2026-04-02 13:29:14,Cold,68.54,41.8,0.418,68,69,March28Data_W_IRRA(in).csv
2026-04-02 13:29:16,Cold,68.36,41.7,0.41700000000000004,68,69,March28Data_W_IRRA(in).csv
2026-04-02 13:29:18,Cold,68.54,41.8,0.418,68,69,March28Data_W_IRRA(in).csv
2026-04-02 13:29:20,Cold,68.36,41.7,0.41700000000000004,68,69,March28Data_W_IRRA(in).csv
2026-04-02 13:29:23,Cold,68.36,41.7,0.41700000000000004,68,69,March28Data_W_IRRA(in).csv
2026-04-02 13:29:25,Cold,68.36,41.7,0.41700000000000004,68,69,March28Data_W_IRRA(in).csv
2026-04-02 13:29:27,Cold,68.36,41.7,0.41700000000000004,68,69,March28Data_W_IRRA(in).csv
2026-04-02 13:29:29,Cold,68.54,41.8,0.418,68,69,March28Data_W_IRRA(in).csv
2026-04-02 13:29:31,Cold,68.54,41.8,0.418,68,69,March28Data_W_IRRA(in).csv
2026-04-02 13:29:33,Cold,68.54,41.8,0.418,68,69,March28Data_W_IRRA(in).csv
2026-04-02 13:29:35,Cold,68.54,41.7,0.41700000000000004,68,69,March28Data_W_IRRA(in).csv
2026-04-02 13:29:37,Cold,68.54,41.8,0.418,68,69,March28Data_W_IRRA(in).csv
2026-04-02 13:29:39,Cold,68.36,41.7,0.41700000000000004,68,69,March28Data_W_IRRA(in).csv
2026-04-02 13:29:41,Cold,68.36,41.7,0.41700000000000004,68,69,March28Data_W_IRRA(in).csv
2026-04-02 13:29:43,Cold,68.54,41.7,0.41700000000000004,68,69,March28Data_W_IRRA(in).csv
2026-04-02 13:29:45,Cold,68.54,41.7,0.41700000000000004,68,69,March28Data_W_IRRA(in).csv
2026-04-02 13:29:47,Cold,68.54,41.8,0.418,68,69,March28Data_W_IRRA(in).csv
2026-04-02 13:29:49,Cold,68.36,41.7,0.41700000000000004,68,69,March28Data_W_IRRA(in).csv
2026-04-02 13:29:51,Cold,68.54,41.7,0.41700000000000004,68,69,March28Data_W_IRRA(in).csv
2026-04-02 13:29:53,Cold,68.54,41.7,0.41700000000000004,68,69,March28Data_W_IRRA(in).csv
2026-04-02 13:29:55,Cold,68.54,41.7,0.41700000000000004,68,69,March28Data_W_IRRA(in).csv
2026-04-02 13:29:57,Cold,68.54,41.7,0.41700000000000004,68,69,March28Data_W_IRRA(in).csv
2026-04-02 13:29:59,Cold,68.54,41.7,0.41700000000000004,68,69,March28Data_W_IRRA(in).csv
2026-04-02 13:30:01,Cold,68.54,41.7,0.41700000000000004,68,69,March28Data_W_IRRA(in).csv
2026-04-02 13:30:03,Cold,68.54,41.7,0.41700000000000004,68,69,March28Data_W_IRRA(in).csv
2026-04-02 13:30:05,Cold,68.54,41.7,0.41700000000000004,68,69,March28Data_W_IRRA(in).csv
2026-04-02 13:30:07,Cold,68.54,41.7,0.41700000000000004,68,69,March28Data_W_IRRA(in).csv
2026-04-02 13:30:09,Cold,68.54,41.7,0.41700000000000004,68,69,March28Data_W_IRRA(in).csv
2026-04-02 13:30:11,Cold,68.54,41.7,0.41700000000000004,68,69,March28Data_W_IRRA(in).csv
2026-04-02 13:30:13,Cold,68.54,41.7,0.41700000000000004,68,69,March28Data_W_IRRA(in).csv
2026-04-02 13:30:15,Cold,68.54,41.7,0.41700000000000004,68,69,March28Data_W_IRRA(in).csv
2026-04-02 13:30:17,Cold,68.54,41.7,0.41700000000000004,68,69,March28Data_W_IRRA(in).csv
2026-04-02 13:30:20,Cold,68.54,41.7,0.41700000000000004,68,69,March28Data_W_IRRA(in).csv
2026-04-02 13:30:22,Cold,68.36,41.6,0.41600000000000004,68,69,March28Data_W_IRRA(in).csv
2026-04-02 13:30:24,Cold,68.54,41.7,0.41700000000000004,68,69,March28Data_W_IRRA(in).csv
2026-04-02 13:30:26,Cold,68.54,41.7,0.41700000000000004,68,69,March28Data_W_IRRA(in).csv
2026-04-02 13:30:28,Cold,68.54,41.7,0.41700000000000004,68,69,March28Data_W_IRRA(in).csv
2026-04-02 13:30:30,Cold,68.36,41.6,0.41600000000000004,68,69,March28Data_W_IRRA(in).csv
2026-04-02 13:30:32,Cold,68.36,41.6,0.41600000000000004,68,69,March28Data_W_IRRA(in).csv
2026-04-02 13:30:34,Cold,68.36,41.6,0.41600000000000004,68,69,March28Data_W_IRRA(in).csv
2026-04-02 13:30:36,Cold,68.54,41.7,0.41700000000000004,68,69,March28Data_W_IRRA(in).csv
2026-04-02 13:30:38,Cold,68.54,41.7,0.41700000000000004,68,69,March28Data_W_IRRA(in).csv
2026-04-02 13:30:40,Cold,68.54,41.7,0.41700000000000004,68,69,March28Data_W_IRRA(in).csv
2026-04-02 13:30:42,Cold,68.36,41.6,0.41600000000000004,68,69,March28Data_W_IRRA(in).csv
2026-04-02 13:30:44,Cold,68.54,41.7,0.41700000000000004,68,69,March28Data_W_IRRA(in).csv
2026-04-02 13:30:46,Cold,68.54,41.7,0.41700000000000004,68,69,March28Data_W_IRRA(in).csv
2026-04-02 13:30:48,Cold,68.54,41.7,0.41700000000000004,68,69,March28Data_W_IRRA(in).csv
2026-04-02 13:30:50,Cold,68.54,41.7,0.41700000000000004,68,69,March28Data_W_IRRA(in).csv
2026-04-02 13:30:52,Cold,68.36,41.6,0.41600000000000004,68,69,March28Data_W_IRRA(in).csv
2026-04-02 13:30:54,Cold,68.54,41.7,0.41700000000000004,68,69,March28Data_W_IRRA(in).csv
2026-04-02 13:30:56,Cold,68.54,41.7,0.41700000000000004,68,69,March28Data_W_IRRA(in).csv
2026-04-02 13:30:58,Cold,68.54,41.7,0.41700000000000004,68,69,March28Data_W_IRRA(in).csv
2026-04-02 13:31:00,Cold,68.54,41.7,0.41700000000000004,68,69,March28Data_W_IRRA(in).csv
2026-04-02 13:31:02,Cold,68.54,41.7,0.41700000000000004,68,69,March28Data_W_IRRA(in).csv
2026-04-02 13:31:04,Cold,68.36,41.6,0.41600000000000004,68,69,March28Data_W_IRRA(in).csv
2026-04-02 13:31:06,Cold,68.54,41.7,0.41700000000000004,68,69,March28Data_W_IRRA(in).csv
2026-04-02 13:31:08,Cold,68.54,41.7,0.41700000000000004,68,69,March28Data_W_IRRA(in).csv
2026-04-02 13:31:10,Cold,68.36,41.6,0.41600000000000004,68,69,March28Data_W_IRRA(in).csv
2026-04-02 13:31:12,Cold,68.54,41.7,0.41700000000000004,68,69,March28Data_W_IRRA(in).csv
2026-04-02 13:31:14,Cold,68.54,41.7,0.41700000000000004,68,69,March28Data_W_IRRA(in).csv
2026-04-02 13:31:17,Cold,68.36,41.6,0.41600000000000004,68,69,March28Data_W_IRRA(in).csv
2026-04-02 13:31:19,Cold,68.36,41.6,0.41600000000000004,68,69,March28Data_W_IRRA(in).csv
2026-04-02 13:31:21,Cold,68.36,41.6,0.41600000000000004,68,69,March28Data_W_IRRA(in).csv
2026-04-02 13:31:23,Cold,68.54,41.7,0.41700000000000004,68,69,March28Data_W_IRRA(in).csv
2026-04-02 13:31:25,Cold,68.54,41.7,0.41700000000000004,68,69,March28Data_W_IRRA(in).csv
2026-04-02 13:31:27,Cold,68.54,41.7,0.41700000000000004,68,69,March28Data_W_IRRA(in).csv
2026-04-02 13:31:29,Cold,68.54,41.7,0.41700000000000004,68,69,March28Data_W_IRRA(in).csv
2026-04-02 13:31:31,Cold,68.54,41.7,0.41700000000000004,68,69,March28Data_W_IRRA(in).csv
2026-04-02 13:31:33,Cold,68.54,41.7,0.41700000000000004,68,69,March28Data_W_IRRA(in).csv
2026-04-02 13:31:35,Cold,68.54,41.7,0.41700000000000004,68,69,March28Data_W_IRRA(in).csv
2026-04-02 13:31:37,Cold,68.36,41.6,0.41600000000000004,68,69,March28Data_W_IRRA(in).csv
2026-04-02 13:31:39,Cold,68.54,41.7,0.41700000000000004,68,69,March28Data_W_IRRA(in).csv
2026-04-02 13:31:41,Cold,68.54,41.7,0.41700000000000004,68,69,March28Data_W_IRRA(in).csv
2026-04-02 13:31:43,Cold,68.54,41.7,0.41700000000000004,68,69,March28Data_W_IRRA(in).csv
2026-04-02 13:31:45,Cold,68.54,41.7,0.41700000000000004,68,69,March28Data_W_IRRA(in).csv
2026-04-02 13:31:47,Cold,68.54,41.7,0.41700000000000004,68,69,March28Data_W_IRRA(in).csv
2026-04-02 13:31:49,Cold,68.54,41.7,0.41700000000000004,68,69,March28Data_W_IRRA(in).csv
2026-04-02 13:31:51,Cold,68.36,41.6,0.41600000000000004,68,69,March28Data_W_IRRA(in).csv
2026-04-02 13:31:53,Cold,68.54,41.7,0.41700000000000004,68,69,March28Data_W_IRRA(in).csv
2026-04-02 13:31:55,Cold,68.54,41.7,0.41700000000000004,68,69,March28Data_W_IRRA(in).csv
2026-04-02 13:31:57,Cold,68.36,41.6,0.41600000000000004,68,69,March28Data_W_IRRA(in).csv
2026-04-02 13:31:59,Cold,68.54,41.7,0.41700000000000004,68,69,March28Data_W_IRRA(in).csv
2026-04-02 13:32:01,Cold,68.54,41.6,0.41600000000000004,68,69,March28Data_W_IRRA(in).csv
2026-04-02 13:32:03,Cold,68.54,41.6,0.41600000000000004,68,69,March28Data_W_IRRA(in).csv
2026-04-02 13:32:05,Cold,68.54,41.6,0.41600000000000004,68,69,March28Data_W_IRRA(in).csv
2026-04-02 13:32:07,Cold,68.54,41.6,0.41600000000000004,68,69,March28Data_W_IRRA(in).csv
2026-04-02 13:32:09,Cold,68.54,41.6,0.41600000000000004,68,69,March28Data_W_IRRA(in).csv
2026-04-02 13:32:11,Cold,68.54,41.6,0.41600000000000004,68,69,March28Data_W_IRRA(in).csv
2026-04-02 13:32:14,Cold,68.36,41.6,0.41600000000000004,68,69,March28Data_W_IRRA(in).csv
2026-04-02 13:32:16,Cold,68.54,41.6,0.41600000000000004,68,69,March28Data_W_IRRA(in).csv
2026-04-02 13:32:18,Cold,68.54,41.6,0.41600000000000004,68,69,March28Data_W_IRRA(in).csv
2026-04-02 13:32:20,Cold,68.54,41.6,0.41600000000000004,68,69,March28Data_W_IRRA(in).csv
2026-04-02 13:32:22,Cold,68.54,41.6,0.41600000000000004,68,69,March28Data_W_IRRA(in).csv
2026-04-02 13:32:24,Cold,68.54,41.6,0.41600000000000004,68,69,March28Data_W_IRRA(in).csv
2026-04-02 13:32:26,Cold,68.54,41.6,0.41600000000000004,68,69,March28Data_W_IRRA(in).csv
2026-04-02 13:32:28,Cold,68.54,41.6,0.41600000000000004,68,69,March28Data_W_IRRA(in).csv
2026-04-02 13:32:30,Cold,68.54,41.6,0.41600000000000004,68,69,March28Data_W_IRRA(in).csv
2026-04-02 13:32:32,Cold,68.54,41.6,0.41600000000000004,68,69,March28Data_W_IRRA(in).csv
2026-04-02 13:32:34,Cold,68.54,41.6,0.41600000000000004,68,69,March28Data_W_IRRA(in).csv
2026-04-02 13:32:36,Cold,68.54,41.6,0.41600000000000004,68,69,March28Data_W_IRRA(in).csv
2026-04-02 13:32:38,Cold,68.36,41.5,0.415,68,69,March28Data_W_IRRA(in).csv
2026-04-02 13:32:40,Cold,68.54,41.6,0.41600000000000004,68,69,March28Data_W_IRRA(in).csv
2026-04-02 13:32:42,Cold,68.54,41.6,0.41600000000000004,68,69,March28Data_W_IRRA(in).csv
2026-04-02 13:32:44,Cold,68.54,41.6,0.41600000000000004,68,69,March28Data_W_IRRA(in).csv
2026-04-02 13:32:46,Cold,68.54,41.6,0.41600000000000004,68,69,March28Data_W_IRRA(in).csv
2026-04-02 13:32:48,Cold,68.54,41.6,0.41600000000000004,68,69,March28Data_W_IRRA(in).csv
2026-04-02 13:32:50,Cold,68.54,41.6,0.41600000000000004,68,69,March28Data_W_IRRA(in).csv
2026-04-02 13:32:52,Cold,68.54,41.6,0.41600000000000004,68,69,March28Data_W_IRRA(in).csv
2026-04-02 13:32:54,Cold,68.54,41.6,0.41600000000000004,68,69,March28Data_W_IRRA(in).csv
2026-04-02 13:32:56,Cold,68.54,41.6,0.41600000000000004,68,69,March28Data_W_IRRA(in).csv
2026-04-02 13:32:58,Cold,68.54,41.6,0.41600000000000004,68,69,March28Data_W_IRRA(in).csv
2026-04-02 13:33:00,Cold,68.54,41.6,0.41600000000000004,68,69,March28Data_W_IRRA(in).csv
2026-04-02 13:33:02,Cold,68.54,41.6,0.41600000000000004,68,69,March28Data_W_IRRA(in).csv
2026-04-02 13:33:04,Cold,68.54,41.6,0.41600000000000004,68,69,March28Data_W_IRRA(in).csv
2026-04-02 13:33:06,Cold,68.54,41.5,0.415,68,69,March28Data_W_IRRA(in).csv
2026-04-02 13:33:08,Cold,68.54,41.5,0.415,68,69,March28Data_W_IRRA(in).csv
2026-04-02 13:33:11,Cold,68.54,41.5,0.415,68,69,March28Data_W_IRRA(in).csv
2026-04-02 13:33:13,Cold,68.54,41.5,0.415,68,69,March28Data_W_IRRA(in).csv
2026-04-02 13:33:15,Cold,68.54,41.5,0.415,68,69,March28Data_W_IRRA(in).csv
2026-04-02 13:33:17,Cold,68.54,41.6,0.41600000000000004,68,69,March28Data_W_IRRA(in).csv
2026-04-02 13:33:19,Cold,68.72,41.7,0.41700000000000004,68,69,March28Data_W_IRRA(in).csv
2026-04-02 13:33:21,Cold,68.54,41.6,0.41600000000000004,68,69,March28Data_W_IRRA(in).csv
2026-04-02 13:33:23,Cold,68.54,41.6,0.41600000000000004,68,69,March28Data_W_IRRA(in).csv
2026-04-02 13:33:25,Cold,68.54,41.6,0.41600000000000004,68,69,March28Data_W_IRRA(in).csv
2026-04-02 13:33:27,Cold,68.54,41.6,0.41600000000000004,68,69,March28Data_W_IRRA(in).csv
2026-04-02 13:33:29,Cold,68.54,41.6,0.41600000000000004,68,69,March28Data_W_IRRA(in).csv
2026-04-02 13:33:31,Cold,68.54,41.6,0.41600000000000004,68,69,March28Data_W_IRRA(in).csv
2026-04-02 13:33:33,Cold,68.54,41.6,0.41600000000000004,68,69,March28Data_W_IRRA(in).csv
2026-04-02 13:33:35,Cold,68.54,41.6,0.41600000000000004,68,69,March28Data_W_IRRA(in).csv
2026-04-02 13:33:37,Cold,68.54,41.6,0.41600000000000004,68,69,March28Data_W_IRRA(in).csv
2026-04-02 13:33:39,Cold,68.72,41.7,0.41700000000000004,68,69,March28Data_W_IRRA(in).csv
2026-04-02 13:33:41,Cold,68.54,41.6,0.41600000000000004,68,69,March28Data_W_IRRA(in).csv
2026-04-02 13:33:43,Cold,68.54,41.6,0.41600000000000004,68,69,March28Data_W_IRRA(in).csv
2026-04-02 13:33:45,Cold,68.54,41.6,0.41600000000000004,68,69,March28Data_W_IRRA(in).csv
2026-04-02 13:33:47,Cold,68.54,41.6,0.41600000000000004,68,69,March28Data_W_IRRA(in).csv
2026-04-02 13:33:49,Cold,68.54,41.6,0.41600000000000004,68,69,March28Data_W_IRRA(in).csv
2026-04-02 13:33:51,Cold,68.54,41.6,0.41600000000000004,68,69,March28Data_W_IRRA(in).csv
2026-04-02 13:33:53,Cold,68.54,41.6,0.41600000000000004,68,69,March28Data_W_IRRA(in).csv
2026-04-02 13:33:55,Cold,68.54,41.6,0.41600000000000004,68,69,March28Data_W_IRRA(in).csv
2026-04-02 13:33:57,Cold,68.54,41.6,0.41600000000000004,68,69,March28Data_W_IRRA(in).csv
2026-04-02 13:33:59,Cold,68.54,41.6,0.41600000000000004,68,69,March28Data_W_IRRA(in).csv
2026-04-02 13:34:01,Cold,68.54,41.6,0.41600000000000004,68,69,March28Data_W_IRRA(in).csv
2026-04-02 13:34:03,Cold,68.54,41.6,0.41600000000000004,68,69,March28Data_W_IRRA(in).csv
2026-04-02 13:34:05,Cold,68.54,41.6,0.41600000000000004,68,69,March28Data_W_IRRA(in).csv
2026-04-02 13:34:07,Cold,68.54,41.6,0.41600000000000004,68,69,March28Data_W_IRRA(in).csv
2026-04-02 13:34:10,Cold,68.54,41.6,0.41600000000000004,68,69,March28Data_W_IRRA(in).csv
2026-04-02 13:34:12,Cold,68.54,41.6,0.41600000000000004,68,69,March28Data_W_IRRA(in).csv
2026-04-02 13:34:14,Cold,68.54,41.6,0.41600000000000004,68,69,March28Data_W_IRRA(in).csv
2026-04-02 13:34:16,Cold,68.54,41.6,0.41600000000000004,68,69,March28Data_W_IRRA(in).csv
2026-04-02 13:34:18,Cold,68.72,41.7,0.41700000000000004,68,69,March28Data_W_IRRA(in).csv
2026-04-02 13:34:20,Cold,68.54,41.6,0.41600000000000004,68,69,March28Data_W_IRRA(in).csv
2026-04-02 13:34:22,Cold,68.54,41.6,0.41600000000000004,68,69,March28Data_W_IRRA(in).csv
2026-04-02 13:34:24,Cold,68.54,41.6,0.41600000000000004,68,69,March28Data_W_IRRA(in).csv
2026-04-02 13:34:26,Cold,68.72,41.7,0.41700000000000004,68,69,March28Data_W_IRRA(in).csv
2026-04-02 13:34:28,Cold,68.72,41.7,0.41700000000000004,68,69,March28Data_W_IRRA(in).csv
2026-04-02 13:34:30,Cold,68.54,41.6,0.41600000000000004,68,69,March28Data_W_IRRA(in).csv
2026-04-02 13:34:32,Cold,68.54,41.6,0.41600000000000004,68,69,March28Data_W_IRRA(in).csv
2026-04-02 13:34:34,Cold,68.54,41.6,0.41600000000000004,68,69,March28Data_W_IRRA(in).csv
2026-04-02 13:34:36,Cold,68.54,41.6,0.41600000000000004,68,69,March28Data_W_IRRA(in).csv
2026-04-02 13:34:38,Cold,68.54,41.6,0.41600000000000004,68,69,March28Data_W_IRRA(in).csv
2026-04-02 13:34:40,Cold,68.54,41.6,0.41600000000000004,68,69,March28Data_W_IRRA(in).csv
2026-04-02 13:34:42,Cold,68.54,41.5,0.415,68,69,March28Data_W_IRRA(in).csv
2026-04-02 13:34:44,Cold,68.54,41.5,0.415,68,69,March28Data_W_IRRA(in).csv
2026-04-02 13:34:46,Cold,68.54,41.5,0.415,68,69,March28Data_W_IRRA(in).csv
2026-04-02 13:34:48,Cold,68.54,41.5,0.415,68,69,March28Data_W_IRRA(in).csv
2026-04-02 13:34:50,Cold,68.54,41.5,0.415,68,69,March28Data_W_IRRA(in).csv
2026-04-02 13:34:52,Cold,68.54,41.5,0.415,68,69,March28Data_W_IRRA(in).csv
2026-04-02 13:34:54,Cold,68.54,41.5,0.415,68,69,March28Data_W_IRRA(in).csv
2026-04-02 13:34:56,Cold,68.54,41.5,0.415,68,69,March28Data_W_IRRA(in).csv
2026-04-02 13:34:58,Cold,68.54,41.5,0.415,68,69,March28Data_W_IRRA(in).csv
2026-04-02 13:35:00,Cold,68.72,41.6,0.41600000000000004,68,69,March28Data_W_IRRA(in).csv
2026-04-02 13:35:02,Cold,68.72,41.6,0.41600000000000004,68,69,March28Data_W_IRRA(in).csv
2026-04-02 13:35:04,Cold,68.54,41.5,0.415,68,69,March28Data_W_IRRA(in).csv
2026-04-02 13:35:07,Cold,68.54,41.5,0.415,68,69,March28Data_W_IRRA(in).csv
2026-04-02 13:35:09,Cold,68.54,41.5,0.415,68,69,March28Data_W_IRRA(in).csv
2026-04-02 13:35:11,Cold,68.54,41.5,0.415,68,69,March28Data_W_IRRA(in).csv
2026-04-02 13:35:13,Cold,68.54,41.5,0.415,68,69,March28Data_W_IRRA(in).csv
2026-04-02 13:35:15,Cold,68.54,41.5,0.415,68,69,March28Data_W_IRRA(in).csv
2026-04-02 13:35:17,Cold,68.54,41.5,0.415,68,69,March28Data_W_IRRA(in).csv
2026-04-02 13:35:19,Cold,68.54,41.5,0.415,68,69,March28Data_W_IRRA(in).csv
2026-04-02 13:35:21,Cold,68.54,41.5,0.415,68,69,March28Data_W_IRRA(in).csv
2026-04-02 13:35:23,Cold,68.54,41.5,0.415,68,69,March28Data_W_IRRA(in).csv
2026-04-02 13:35:25,Cold,68.54,41.5,0.415,68,69,March28Data_W_IRRA(in).csv
2026-04-02 13:35:27,Cold,68.54,41.5,0.415,68,69,March28Data_W_IRRA(in).csv
2026-04-02 13:35:29,Cold,68.54,41.5,0.415,68,69,March28Data_W_IRRA(in).csv
2026-04-02 13:35:31,Cold,68.54,41.5,0.415,68,69,March28Data_W_IRRA(in).csv
2026-04-02 13:35:33,Cold,68.54,41.5,0.415,68,69,March28Data_W_IRRA(in).csv
2026-04-02 13:35:35,Cold,68.54,41.5,0.415,68,69,March28Data_W_IRRA(in).csv
2026-04-02 13:35:37,Cold,68.72,41.6,0.41600000000000004,68,69,March28Data_W_IRRA(in).csv
2026-04-02 13:35:39,Cold,68.54,41.5,0.415,68,69,March28Data_W_IRRA(in).csv
2026-04-02 13:35:41,Cold,68.54,41.5,0.415,68,69,March28Data_W_IRRA(in).csv
2026-04-02 13:35:43,Cold,68.72,41.6,0.41600000000000004,68,69,March28Data_W_IRRA(in).csv
2026-04-02 13:35:45,Cold,68.72,41.6,0.41600000000000004,68,69,March28Data_W_IRRA(in).csv
2026-04-02 13:35:47,Cold,68.54,41.5,0.415,68,69,March28Data_W_IRRA(in).csv
2026-04-02 13:35:49,Cold,68.54,41.5,0.415,68,69,March28Data_W_IRRA(in).csv
2026-04-02 13:35:51,Cold,68.54,41.5,0.415,68,69,March28Data_W_IRRA(in).csv
2026-04-02 13:35:53,Cold,68.54,41.5,0.415,68,69,March28Data_W_IRRA(in).csv
2026-04-02 13:35:55,Cold,68.54,41.5,0.415,68,69,March28Data_W_IRRA(in).csv
2026-04-02 13:35:57,Cold,68.54,41.5,0.415,68,69,March28Data_W_IRRA(in).csv
2026-04-02 13:35:59,Cold,68.54,41.5,0.415,68,69,March28Data_W_IRRA(in).csv
2026-04-02 13:36:01,Cold,68.54,41.5,0.415,68,69,March28Data_W_IRRA(in).csv
2026-04-02 13:36:04,Cold,68.54,41.5,0.415,68,69,March28Data_W_IRRA(in).csv
2026-04-02 13:36:06,Cold,68.54,41.5,0.415,68,69,March28Data_W_IRRA(in).csv
2026-04-02 13:36:08,Cold,68.54,41.5,0.415,68,69,March28Data_W_IRRA(in).csv
2026-04-02 13:36:10,Cold,68.72,41.6,0.41600000000000004,68,69,March28Data_W_IRRA(in).csv
2026-04-02 13:36:12,Cold,68.54,41.5,0.415,68,69,March28Data_W_IRRA(in).csv
2026-04-02 13:36:14,Cold,68.54,41.5,0.415,68,69,March28Data_W_IRRA(in).csv
2026-04-02 13:36:16,Cold,68.54,41.5,0.415,68,69,March28Data_W_IRRA(in).csv
2026-04-02 13:36:18,Cold,68.54,41.5,0.415,68,69,March28Data_W_IRRA(in).csv
2026-04-02 13:36:20,Cold,68.54,41.5,0.415,68,69,March28Data_W_IRRA(in).csv
2026-04-02 13:36:22,Cold,68.54,41.5,0.415,68,69,March28Data_W_IRRA(in).csv
2026-04-02 13:36:24,Cold,68.72,41.5,0.415,68,69,March28Data_W_IRRA(in).csv
2026-04-02 13:36:26,Cold,68.54,41.5,0.415,68,69,March28Data_W_IRRA(in).csv
2026-04-02 13:36:28,Cold,68.72,41.5,0.415,68,69,March28Data_W_IRRA(in).csv
2026-04-02 13:36:30,Cold,68.54,41.5,0.415,68,69,March28Data_W_IRRA(in).csv
2026-04-02 13:36:32,Cold,68.54,41.5,0.415,68,69,March28Data_W_IRRA(in).csv
2026-04-02 13:36:34,Cold,68.54,41.5,0.415,68,69,March28Data_W_IRRA(in).csv
2026-04-02 13:36:36,Cold,68.54,41.5,0.415,68,69,March28Data_W_IRRA(in).csv
2026-04-02 13:36:38,Cold,68.54,41.5,0.415,68,69,March28Data_W_IRRA(in).csv
2026-04-02 13:36:40,Cold,68.54,41.5,0.415,68,69,March28Data_W_IRRA(in).csv
2026-04-02 13:36:42,Cold,68.54,41.5,0.415,68,69,March28Data_W_IRRA(in).csv
2026-04-02 13:36:44,Cold,68.54,41.5,0.415,68,69,March28Data_W_IRRA(in).csv
2026-04-02 13:36:46,Cold,68.54,41.5,0.415,68,69,March28Data_W_IRRA(in).csv
2026-04-02 13:36:48,Cold,68.54,41.5,0.415,68,69,March28Data_W_IRRA(in).csv
2026-04-02 13:36:50,Cold,68.54,41.5,0.415,68,69,March28Data_W_IRRA(in).csv
2026-04-02 13:36:52,Cold,68.54,41.5,0.415,68,69,March28Data_W_IRRA(in).csv
2026-04-02 13:36:54,Cold,68.72,41.5,0.415,68,69,March28Data_W_IRRA(in).csv
2026-04-02 13:36:56,Cold,68.54,41.5,0.415,68,69,March28Data_W_IRRA(in).csv
2026-04-02 13:36:59,Cold,68.54,41.5,0.415,68,69,March28Data_W_IRRA(in).csv
2026-04-02 13:37:01,Cold,68.54,41.5,0.415,68,69,March28Data_W_IRRA(in).csv
2026-04-02 13:37:03,Cold,68.54,41.5,0.415,68,69,March28Data_W_IRRA(in).csv
2026-04-02 13:37:05,Cold,68.54,41.5,0.415,68,69,March28Data_W_IRRA(in).csv
2026-04-02 13:37:07,Cold,68.54,41.5,0.415,68,69,March28Data_W_IRRA(in).csv
2026-04-02 13:37:09,Cold,68.72,41.6,0.41600000000000004,68,69,March28Data_W_IRRA(in).csv
2026-04-02 13:37:11,Cold,68.72,41.6,0.41600000000000004,68,69,March28Data_W_IRRA(in).csv
2026-04-02 13:37:13,Cold,68.54,41.5,0.415,68,69,March28Data_W_IRRA(in).csv
2026-04-02 13:37:15,Cold,68.72,41.6,0.41600000000000004,68,69,March28Data_W_IRRA(in).csv
2026-04-02 13:37:17,Cold,68.54,41.5,0.415,68,69,March28Data_W_IRRA(in).csv
2026-04-02 13:37:19,Cold,68.54,41.5,0.415,68,69,March28Data_W_IRRA(in).csv
2026-04-02 13:37:21,Cold,68.54,41.5,0.415,68,69,March28Data_W_IRRA(in).csv
2026-04-02 13:37:23,Cold,68.54,41.5,0.415,68,69,March28Data_W_IRRA(in).csv
2026-04-02 13:37:25,Cold,68.54,41.5,0.415,68,69,March28Data_W_IRRA(in).csv
2026-04-02 13:37:27,Cold,68.72,41.6,0.41600000000000004,68,69,March28Data_W_IRRA(in).csv
2026-04-02 13:37:29,Cold,68.54,41.5,0.415,68,69,March28Data_W_IRRA(in).csv
2026-04-02 13:37:31,Cold,68.54,41.5,0.415,68,69,March28Data_W_IRRA(in).csv
2026-04-02 13:37:33,Cold,68.54,41.5,0.415,68,69,March28Data_W_IRRA(in).csv
2026-04-02 13:37:35,Cold,68.54,41.5,0.415,68,69,March28Data_W_IRRA(in).csv
2026-04-02 13:37:37,Cold,68.54,41.5,0.415,68,69,March28Data_W_IRRA(in).csv
2026-04-02 13:37:39,Cold,68.54,41.5,0.415,68,69,March28Data_W_IRRA(in).csv
2026-04-02 13:37:41,Cold,68.54,41.4,0.414,68,69,March28Data_W_IRRA(in).csv
2026-04-02 13:37:43,Cold,68.72,41.5,0.415,68,69,March28Data_W_IRRA(in).csv
2026-04-02 13:37:45,Cold,68.54,41.4,0.414,68,69,March28Data_W_IRRA(in).csv
2026-04-02 13:37:47,Cold,68.72,41.5,0.415,68,69,March28Data_W_IRRA(in).csv
2026-04-02 13:37:49,Cold,68.54,41.4,0.414,68,69,March28Data_W_IRRA(in).csv
2026-04-02 13:37:51,Cold,68.72,41.5,0.415,68,69,March28Data_W_IRRA(in).csv
2026-04-02 13:37:53,Cold,68.54,41.4,0.414,68,69,March28Data_W_IRRA(in).csv
2026-04-02 13:37:56,Cold,68.54,41.4,0.414,68,69,March28Data_W_IRRA(in).csv
2026-04-02 13:37:58,Cold,68.72,41.5,0.415,68,69,March28Data_W_IRRA(in).csv
2026-04-02 13:38:00,Cold,68.54,41.4,0.414,68,69,March28Data_W_IRRA(in).csv
2026-04-02 13:38:02,Cold,68.72,41.5,0.415,68,69,March28Data_W_IRRA(in).csv
2026-04-02 13:38:04,Cold,68.54,41.4,0.414,68,69,March28Data_W_IRRA(in).csv
2026-04-02 13:38:06,Cold,68.54,41.4,0.414,68,69,March28Data_W_IRRA(in).csv
2026-04-02 13:38:08,Cold,68.54,41.4,0.414,68,69,March28Data_W_IRRA(in).csv
2026-04-02 13:38:10,Cold,68.54,41.4,0.414,68,69,March28Data_W_IRRA(in).csv
2026-04-02 13:38:12,Cold,68.72,41.5,0.415,68,69,March28Data_W_IRRA(in).csv
2026-04-02 13:38:14,Cold,68.54,41.4,0.414,68,69,March28Data_W_IRRA(in).csv
2026-04-02 13:38:16,Cold,68.54,41.4,0.414,68,69,March28Data_W_IRRA(in).csv
2026-04-02 13:38:18,Cold,68.54,41.4,0.414,68,69,March28Data_W_IRRA(in).csv
2026-04-02 13:38:20,Cold,68.54,41.4,0.414,68,69,March28Data_W_IRRA(in).csv
2026-04-02 13:38:22,Cold,68.72,41.5,0.415,68,69,March28Data_W_IRRA(in).csv
2026-04-02 13:38:24,Cold,68.72,41.5,0.415,68,69,March28Data_W_IRRA(in).csv
2026-04-02 13:38:26,Cold,68.72,41.5,0.415,68,69,March28Data_W_IRRA(in).csv
2026-04-02 13:38:28,Cold,68.54,41.4,0.414,68,69,March28Data_W_IRRA(in).csv
2026-04-02 13:38:30,Cold,68.54,41.4,0.414,68,69,March28Data_W_IRRA(in).csv
2026-04-02 13:38:32,Cold,68.72,41.5,0.415,68,69,March28Data_W_IRRA(in).csv
2026-04-02 13:38:34,Cold,68.72,41.5,0.415,68,69,March28Data_W_IRRA(in).csv
2026-04-02 13:38:36,Cold,68.54,41.4,0.414,68,69,March28Data_W_IRRA(in).csv
2026-04-02 13:38:38,Cold,68.54,41.4,0.414,68,69,March28Data_W_IRRA(in).csv
2026-04-02 13:38:40,Good,68.54,41.4,0.414,68,69,March28Data_W_IRRA(in).csv
2026-04-02 13:38:42,Cold,68.54,41.4,0.414,68,69,March28Data_W_IRRA(in).csv
2026-04-02 13:38:44,Cold,68.54,41.3,0.413,68,69,March28Data_W_IRRA(in).csv
2026-04-02 13:38:46,Cold,68.54,41.3,0.413,68,69,March28Data_W_IRRA(in).csv
2026-04-02 13:38:48,Cold,68.54,41.4,0.414,68,69,March28Data_W_IRRA(in).csv
2026-04-02 13:38:50,Cold,68.72,41.4,0.414,68,69,March28Data_W_IRRA(in).csv
2026-04-02 13:38:53,Cold,68.54,41.3,0.413,68,69,March28Data_W_IRRA(in).csv
2026-04-02 13:38:55,Cold,68.54,41.3,0.413,68,69,March28Data_W_IRRA(in).csv
2026-04-02 13:38:57,Cold,68.54,41.3,0.413,68,69,March28Data_W_IRRA(in).csv
2026-04-02 13:38:59,Cold,68.54,41.3,0.413,68,69,March28Data_W_IRRA(in).csv
2026-04-02 13:39:01,Cold,68.72,41.4,0.414,68,69,March28Data_W_IRRA(in).csv
2026-04-02 13:39:03,Cold,68.54,41.3,0.413,68,69,March28Data_W_IRRA(in).csv
2026-04-02 13:39:05,Cold,68.54,41.3,0.413,68,69,March28Data_W_IRRA(in).csv
2026-04-02 13:39:07,Cold,68.54,41.3,0.413,68,69,March28Data_W_IRRA(in).csv
2026-04-02 13:39:09,Cold,68.72,41.4,0.414,68,69,March28Data_W_IRRA(in).csv
2026-04-02 13:39:11,Cold,68.72,41.4,0.414,68,69,March28Data_W_IRRA(in).csv
2026-04-02 13:39:13,Cold,68.54,41.3,0.413,68,69,March28Data_W_IRRA(in).csv
2026-04-02 13:39:15,Cold,68.54,41.3,0.413,68,69,March28Data_W_IRRA(in).csv
2026-04-02 13:39:17,Cold,68.54,41.3,0.413,68,69,March28Data_W_IRRA(in).csv
2026-04-02 13:39:19,Cold,68.72,41.4,0.414,68,69,March28Data_W_IRRA(in).csv
2026-04-02 13:39:21,Cold,68.72,41.4,0.414,68,69,March28Data_W_IRRA(in).csv
2026-04-02 13:39:23,Cold,68.72,41.3,0.413,68,69,March28Data_W_IRRA(in).csv
2026-04-02 13:39:25,Cold,68.54,41.3,0.413,68,69,March28Data_W_IRRA(in).csv
2026-04-02 13:39:27,Cold,68.72,41.3,0.413,68,69,March28Data_W_IRRA(in).csv
2026-04-02 13:39:29,Cold,68.54,41.3,0.413,68,69,March28Data_W_IRRA(in).csv
2026-04-02 13:39:31,Cold,68.54,41.3,0.413,68,69,March28Data_W_IRRA(in).csv
2026-04-02 13:39:33,Cold,68.54,41.2,0.41200000000000003,68,69,March28Data_W_IRRA(in).csv
2026-04-02 13:39:35,Cold,68.54,41.1,0.41100000000000003,68,69,March28Data_W_IRRA(in).csv
2026-04-02 13:39:37,Cold,68.72,41.0,0.41,68,69,March28Data_W_IRRA(in).csv
2026-04-02 13:39:39,Cold,68.54,40.7,0.40700000000000003,68,69,March28Data_W_IRRA(in).csv
2026-04-02 13:39:41,Cold,68.54,40.5,0.405,68,69,March28Data_W_IRRA(in).csv
2026-04-02 13:39:43,Cold,68.54,40.4,0.40399999999999997,68,69,March28Data_W_IRRA(in).csv
2026-04-02 13:39:45,Cold,68.54,40.2,0.402,68,69,March28Data_W_IRRA(in).csv
2026-04-02 13:39:47,Cold,68.72,40.1,0.401,68,69,March28Data_W_IRRA(in).csv
2026-04-02 13:39:50,Cold,68.54,39.9,0.39899999999999997,68,69,March28Data_W_IRRA(in).csv
2026-04-02 13:39:52,Good,68.54,39.7,0.397,68,69,March28Data_W_IRRA(in).csv
2026-04-02 13:39:54,Good,68.54,39.6,0.396,68,69,March28Data_W_IRRA(in).csv
2026-04-02 13:39:56,Good,68.72,39.6,0.396,68,69,March28Data_W_IRRA(in).csv
2026-04-02 13:39:58,Good,68.72,39.4,0.39399999999999996,68,69,March28Data_W_IRRA(in).csv
2026-04-02 13:40:00,Good,68.54,39.2,0.392,68,69,March28Data_W_IRRA(in).csv
2026-04-02 13:40:02,Good,68.54,39.1,0.391,68,69,March28Data_W_IRRA(in).csv
2026-04-02 13:40:04,Good,68.72,39.1,0.391,68,69,March28Data_W_IRRA(in).csv
2026-04-02 13:40:06,Good,68.72,39.0,0.39,68,69,March28Data_W_IRRA(in).csv
2026-04-02 13:40:08,Good,68.54,38.8,0.38799999999999996,68,69,March28Data_W_IRRA(in).csv
2026-04-02 13:40:10,Good,68.54,38.7,0.387,68,69,March28Data_W_IRRA(in).csv
2026-04-02 13:40:12,Good,68.54,38.6,0.386,68,69,March28Data_W_IRRA(in).csv
2026-04-02 13:40:14,Good,68.72,38.6,0.386,68,69,March28Data_W_IRRA(in).csv
2026-04-02 13:40:16,Good,68.72,38.6,0.386,68,69,March28Data_W_IRRA(in).csv
2026-04-02 13:40:18,Good,68.72,38.5,0.385,68,69,March28Data_W_IRRA(in).csv
2026-04-02 13:40:20,Good,68.54,38.4,0.384,68,69,March28Data_W_IRRA(in).csv
2026-04-02 13:40:22,Good,68.72,38.5,0.385,68,69,March28Data_W_IRRA(in).csv
2026-04-02 13:40:24,Good,68.54,38.4,0.384,68,69,March28Data_W_IRRA(in).csv
2026-04-02 13:40:26,Good,68.72,38.5,0.385,68,69,March28Data_W_IRRA(in).csv
2026-04-02 13:40:28,Good,68.72,38.4,0.384,68,69,March28Data_W_IRRA(in).csv
2026-04-02 13:40:30,Good,68.72,38.5,0.385,68,69,March28Data_W_IRRA(in).csv
2026-04-02 13:40:32,Good,68.72,38.5,0.385,68,69,March28Data_W_IRRA(in).csv
2026-04-02 13:40:34,Good,68.72,38.5,0.385,68,69,March28Data_W_IRRA(in).csv
2026-04-02 13:40:36,Good,68.72,38.5,0.385,68,69,March28Data_W_IRRA(in).csv
2026-04-02 13:40:38,Good,68.72,38.5,0.385,68,69,March28Data_W_IRRA(in).csv
2026-04-02 13:40:40,Good,68.72,38.6,0.386,68,69,March28Data_W_IRRA(in).csv
2026-04-02 13:40:43,Good,68.72,38.6,0.386,68,69,March28Data_W_IRRA(in).csv
2026-04-02 13:40:45,Good,68.72,38.7,0.387,68,69,March28Data_W_IRRA(in).csv
2026-04-02 13:40:47,Good,68.54,38.6,0.386,68,69,March28Data_W_IRRA(in).csv
2026-04-02 13:40:49,Good,68.72,38.7,0.387,68,69,March28Data_W_IRRA(in).csv
2026-04-02 13:40:51,Good,68.72,38.8,0.38799999999999996,68,69,March28Data_W_IRRA(in).csv
2026-04-02 13:40:53,Good,68.72,38.8,0.38799999999999996,68,69,March28Data_W_IRRA(in).csv
2026-04-02 13:40:55,Good,68.72,38.8,0.38799999999999996,68,69,March28Data_W_IRRA(in).csv
2026-04-02 13:40:57,Good,68.72,38.9,0.389,68,69,March28Data_W_IRRA(in).csv
2026-04-02 13:40:59,Good,68.72,38.9,0.389,68,69,March28Data_W_IRRA(in).csv
2026-04-02 13:41:01,Good,68.72,38.9,0.389,68,69,March28Data_W_IRRA(in).csv
2026-04-02 13:41:03,Good,68.72,39.0,0.39,68,69,March28Data_W_IRRA(in).csv
2026-04-02 13:41:05,Good,68.72,39.0,0.39,68,69,March28Data_W_IRRA(in).csv
2026-04-02 13:41:07,Good,68.72,39.0,0.39,68,69,March28Data_W_IRRA(in).csv
2026-04-02 13:41:09,Good,68.72,39.0,0.39,68,69,March28Data_W_IRRA(in).csv
2026-04-02 13:41:11,Good,68.72,39.0,0.39,68,69,March28Data_W_IRRA(in).csv
2026-04-02 13:41:13,Good,68.72,39.1,0.391,68,69,March28Data_W_IRRA(in).csv
2026-04-02 13:41:15,Good,68.9,39.2,0.392,68,69,March28Data_W_IRRA(in).csv
2026-04-02 13:41:17,Good,68.72,39.1,0.391,68,69,March28Data_W_IRRA(in).csv
2026-04-02 13:41:19,Good,68.72,39.1,0.391,68,69,March28Data_W_IRRA(in).csv
2026-04-02 13:41:21,Good,68.9,39.2,0.392,68,69,March28Data_W_IRRA(in).csv
2026-04-02 13:41:23,Good,68.72,39.1,0.391,68,69,March28Data_W_IRRA(in).csv
2026-04-02 13:41:25,Good,68.72,39.1,0.391,68,70,March28Data_W_IRRA(in).csv
2026-04-02 13:41:27,Good,68.72,39.1,0.391,68,69,March28Data_W_IRRA(in).csv
2026-04-02 13:41:29,Good,68.72,39.1,0.391,68,69,March28Data_W_IRRA(in).csv
2026-04-02 13:41:31,Good,68.9,39.2,0.392,68,70,March28Data_W_IRRA(in).csv
2026-04-02 13:41:33,Good,68.72,39.1,0.391,68,70,March28Data_W_IRRA(in).csv
2026-04-02 13:41:35,Good,68.9,39.2,0.392,68,70,March28Data_W_IRRA(in).csv
2026-04-02 13:41:38,Good,68.9,39.2,0.392,68,70,March28Data_W_IRRA(in).csv
2026-04-02 13:41:40,Good,68.72,39.1,0.391,68,70,March28Data_W_IRRA(in).csv
2026-04-02 13:41:42,Good,68.9,39.1,0.391,68,70,March28Data_W_IRRA(in).csv
2026-04-02 13:41:44,Good,68.9,39.1,0.391,68,70,March28Data_W_IRRA(in).csv
2026-04-02 13:41:46,Good,68.9,39.1,0.391,68,70,March28Data_W_IRRA(in).csv
2026-04-02 13:41:48,Good,68.9,39.1,0.391,68,70,March28Data_W_IRRA(in).csv
2026-04-02 13:41:50,Good,68.9,39.1,0.391,69,70,March28Data_W_IRRA(in).csv
2026-04-02 13:41:52,Good,68.9,39.0,0.39,68,70,March28Data_W_IRRA(in).csv
2026-04-02 13:41:54,Good,68.9,39.0,0.39,68,70,March28Data_W_IRRA(in).csv
2026-04-02 13:41:56,Good,68.9,39.0,0.39,68,70,March28Data_W_IRRA(in).csv
2026-04-02 13:41:58,Good,68.9,39.0,0.39,68,70,March28Data_W_IRRA(in).csv
2026-04-02 13:42:00,Good,68.9,39.0,0.39,68,70,March28Data_W_IRRA(in).csv
2026-04-02 13:42:02,Good,68.9,39.0,0.39,69,70,March28Data_W_IRRA(in).csv
2026-04-02 13:42:04,Good,68.9,39.0,0.39,68,70,March28Data_W_IRRA(in).csv
2026-04-02 13:42:06,Good,68.9,39.0,0.39,69,70,March28Data_W_IRRA(in).csv
2026-04-02 13:42:08,Good,69.08,39.0,0.39,68,70,March28Data_W_IRRA(in).csv
2026-04-02 13:42:10,Good,69.08,39.0,0.39,68,70,March28Data_W_IRRA(in).csv
2026-04-02 13:42:12,Good,69.08,39.0,0.39,68,70,March28Data_W_IRRA(in).csv
2026-04-02 13:42:14,Good,69.08,39.0,0.39,69,70,March28Data_W_IRRA(in).csv
2026-04-02 13:42:16,Good,68.9,38.8,0.38799999999999996,68,70,March28Data_W_IRRA(in).csv
2026-04-02 13:42:18,Good,68.9,38.8,0.38799999999999996,68,70,March28Data_W_IRRA(in).csv
2026-04-02 13:42:20,Good,68.9,38.8,0.38799999999999996,68,70,March28Data_W_IRRA(in).csv
2026-04-02 13:42:22,Good,69.08,38.9,0.389,68,70,March28Data_W_IRRA(in).csv
2026-04-02 13:42:24,Good,68.9,38.8,0.38799999999999996,68,70,March28Data_W_IRRA(in).csv
2026-04-02 13:42:26,Good,68.9,38.8,0.38799999999999996,68,70,March28Data_W_IRRA(in).csv
2026-04-02 13:42:28,Good,69.08,39.0,0.39,68,70,March28Data_W_IRRA(in).csv
2026-04-02 13:42:31,Good,69.08,39.0,0.39,68,70,March28Data_W_IRRA(in).csv
2026-04-02 13:42:33,Good,69.08,39.0,0.39,68,70,March28Data_W_IRRA(in).csv
2026-04-02 13:42:35,Good,68.9,38.9,0.389,68,70,March28Data_W_IRRA(in).csv
2026-04-02 13:42:37,Good,69.08,39.1,0.391,69,70,March28Data_W_IRRA(in).csv
2026-04-02 13:42:39,Good,68.9,39.0,0.39,69,70,March28Data_W_IRRA(in).csv
2026-04-02 13:42:41,Good,68.9,39.0,0.39,69,70,March28Data_W_IRRA(in).csv
2026-04-02 13:42:43,Good,69.08,39.0,0.39,68,70,March28Data_W_IRRA(in).csv
2026-04-02 13:42:45,Good,69.08,39.0,0.39,68,70,March28Data_W_IRRA(in).csv
2026-04-02 13:42:47,Good,69.08,38.9,0.389,68,70,March28Data_W_IRRA(in).csv
2026-04-02 13:42:49,Good,69.08,38.9,0.389,69,70,March28Data_W_IRRA(in).csv
2026-04-02 13:42:51,Good,69.08,38.9,0.389,69,70,March28Data_W_IRRA(in).csv
2026-04-02 13:42:53,Good,69.08,38.8,0.38799999999999996,68,70,March28Data_W_IRRA(in).csv
2026-04-02 13:42:55,Good,69.08,38.8,0.38799999999999996,69,70,March28Data_W_IRRA(in).csv
2026-04-02 13:42:57,Good,68.9,38.6,0.386,69,70,March28Data_W_IRRA(in).csv
2026-04-02 13:42:59,Good,68.9,38.6,0.386,69,70,March28Data_W_IRRA(in).csv
2026-04-02 13:43:01,Good,69.08,38.7,0.387,69,70,March28Data_W_IRRA(in).csv
2026-04-02 13:43:03,Good,68.9,38.6,0.386,69,70,March28Data_W_IRRA(in).csv
2026-04-02 13:43:05,Good,68.9,38.6,0.386,69,70,March28Data_W_IRRA(in).csv
2026-04-02 13:43:07,Good,69.08,38.7,0.387,69,70,March28Data_W_IRRA(in).csv
2026-04-02 13:43:09,Good,69.08,38.7,0.387,68,70,March28Data_W_IRRA(in).csv
2026-04-02 13:43:11,Good,69.08,38.7,0.387,69,70,March28Data_W_IRRA(in).csv
2026-04-02 13:43:13,Good,69.08,38.7,0.387,69,71,March28Data_W_IRRA(in).csv
2026-04-02 13:43:15,Good,69.08,38.7,0.387,68,70,March28Data_W_IRRA(in).csv
2026-04-02 13:43:17,Good,69.08,38.7,0.387,69,71,March28Data_W_IRRA(in).csv
2026-04-02 13:43:19,Good,69.08,38.7,0.387,69,70,March28Data_W_IRRA(in).csv
2026-04-02 13:43:21,Good,69.08,38.7,0.387,69,71,March28Data_W_IRRA(in).csv
2026-04-02 13:43:24,Good,69.26,38.8,0.38799999999999996,69,71,March28Data_W_IRRA(in).csv
2026-04-02 13:43:26,Good,69.08,38.7,0.387,69,71,March28Data_W_IRRA(in).csv
2026-04-02 13:43:28,Good,69.08,38.7,0.387,68,71,March28Data_W_IRRA(in).csv
2026-04-02 13:43:30,Good,69.08,38.6,0.386,68,71,March28Data_W_IRRA(in).csv
2026-04-02 13:43:32,Good,69.26,38.7,0.387,68,71,March28Data_W_IRRA(in).csv
2026-04-02 13:43:34,Good,69.08,38.6,0.386,69,71,March28Data_W_IRRA(in).csv
2026-04-02 13:43:36,Good,69.08,38.6,0.386,69,71,March28Data_W_IRRA(in).csv
2026-04-02 13:43:38,Good,69.08,38.5,0.385,69,71,March28Data_W_IRRA(in).csv
2026-04-02 13:43:40,Good,69.08,38.5,0.385,69,71,March28Data_W_IRRA(in).csv
2026-04-02 13:43:42,Good,69.08,38.5,0.385,69,71,March28Data_W_IRRA(in).csv
2026-04-02 13:43:44,Good,69.26,38.6,0.386,69,71,March28Data_W_IRRA(in).csv
2026-04-02 13:43:46,Good,69.08,38.4,0.384,69,71,March28Data_W_IRRA(in).csv
2026-04-02 13:43:48,Good,69.08,38.4,0.384,69,71,March28Data_W_IRRA(in).csv
2026-04-02 13:43:50,Good,69.08,38.4,0.384,69,71,March28Data_W_IRRA(in).csv
2026-04-02 13:43:52,Good,69.08,38.4,0.384,69,71,March28Data_W_IRRA(in).csv
2026-04-02 13:43:54,Good,69.08,38.4,0.384,69,71,March28Data_W_IRRA(in).csv
2026-04-02 13:43:56,Good,69.08,38.4,0.384,69,71,March28Data_W_IRRA(in).csv
2026-04-02 13:43:58,Good,69.08,38.4,0.384,69,71,March28Data_W_IRRA(in).csv
2026-04-02 13:44:00,Good,69.26,38.6,0.386,69,71,March28Data_W_IRRA(in).csv
2026-04-02 13:44:02,Good,69.26,38.5,0.385,69,71,March28Data_W_IRRA(in).csv
2026-04-02 13:44:04,Good,69.08,38.4,0.384,69,71,March28Data_W_IRRA(in).csv
2026-04-02 13:44:06,Good,69.26,38.5,0.385,69,71,March28Data_W_IRRA(in).csv
2026-04-02 13:44:08,Good,69.08,38.4,0.384,69,71,March28Data_W_IRRA(in).csv
2026-04-02 13:44:10,Good,69.26,38.5,0.385,69,71,March28Data_W_IRRA(in).csv
2026-04-02 13:44:12,Good,69.26,38.5,0.385,69,71,March28Data_W_IRRA(in).csv
2026-04-02 13:44:14,Good,69.26,38.5,0.385,69,71,March28Data_W_IRRA(in).csv
2026-04-02 13:44:17,Good,69.26,38.5,0.385,69,71,March28Data_W_IRRA(in).csv
2026-04-02 13:44:19,Good,69.26,38.5,0.385,69,71,March28Data_W_IRRA(in).csv
2026-04-02 13:44:21,Good,69.26,38.5,0.385,69,71,March28Data_W_IRRA(in).csv
2026-04-02 13:44:23,Good,69.26,38.4,0.384,69,71,March28Data_W_IRRA(in).csv
2026-04-02 13:44:25,Good,69.26,38.4,0.384,69,71,March28Data_W_IRRA(in).csv
2026-04-02 13:44:27,Good,69.26,38.3,0.38299999999999995,69,71,March28Data_W_IRRA(in).csv
2026-04-02 13:44:29,Good,69.26,38.3,0.38299999999999995,69,71,March28Data_W_IRRA(in).csv
2026-04-02 13:44:31,Good,69.26,38.3,0.38299999999999995,69,71,March28Data_W_IRRA(in).csv
2026-04-02 13:44:33,Good,69.26,38.3,0.38299999999999995,69,71,March28Data_W_IRRA(in).csv
2026-04-02 13:44:35,Good,69.26,38.2,0.382,69,71,March28Data_W_IRRA(in).csv
2026-04-02 13:44:37,Good,69.26,38.2,0.382,69,72,March28Data_W_IRRA(in).csv
2026-04-02 13:44:39,Good,69.26,38.2,0.382,69,72,March28Data_W_IRRA(in).csv
2026-04-02 13:44:41,Good,69.26,38.2,0.382,69,72,March28Data_W_IRRA(in).csv
2026-04-02 13:44:43,Good,69.26,38.2,0.382,69,72,March28Data_W_IRRA(in).csv
2026-04-02 13:44:45,Good,69.26,38.2,0.382,69,72,March28Data_W_IRRA(in).csv
2026-04-02 13:44:47,Good,69.26,38.2,0.382,69,72,March28Data_W_IRRA(in).csv
2026-04-02 13:44:49,Good,69.44,38.2,0.382,69,72,March28Data_W_IRRA(in).csv
2026-04-02 13:44:51,Good,69.44,38.2,0.382,69,72,March28Data_W_IRRA(in).csv
2026-04-02 13:44:53,Good,69.26,38.1,0.381,69,72,March28Data_W_IRRA(in).csv
2026-04-02 13:44:55,Good,69.44,38.2,0.382,69,72,March28Data_W_IRRA(in).csv
2026-04-02 13:44:57,Good,69.44,38.1,0.381,69,72,March28Data_W_IRRA(in).csv
2026-04-02 13:44:59,Good,69.26,38.0,0.38,69,72,March28Data_W_IRRA(in).csv
2026-04-02 13:45:01,Good,69.26,37.9,0.379,69,72,March28Data_W_IRRA(in).csv
2026-04-02 13:45:03,Good,69.44,38.0,0.38,69,72,March28Data_W_IRRA(in).csv
2026-04-02 13:45:05,Good,69.44,38.0,0.38,69,72,March28Data_W_IRRA(in).csv
2026-04-02 13:45:07,Good,69.26,37.8,0.37799999999999995,69,72,March28Data_W_IRRA(in).csv
2026-04-02 13:45:10,Good,69.44,37.9,0.379,69,72,March28Data_W_IRRA(in).csv
2026-04-02 13:45:12,Good,69.44,37.8,0.37799999999999995,69,72,March28Data_W_IRRA(in).csv
2026-04-02 13:45:14,Good,69.26,37.7,0.377,69,72,March28Data_W_IRRA(in).csv
2026-04-02 13:45:16,Good,69.44,37.8,0.37799999999999995,69,72,March28Data_W_IRRA(in).csv
2026-04-02 13:45:18,Good,69.26,37.7,0.377,69,72,March28Data_W_IRRA(in).csv
2026-04-02 13:45:20,Good,69.44,37.7,0.377,69,72,March28Data_W_IRRA(in).csv
2026-04-02 13:45:22,Good,69.44,37.7,0.377,69,72,March28Data_W_IRRA(in).csv
2026-04-02 13:45:24,Good,69.44,37.7,0.377,69,72,March28Data_W_IRRA(in).csv
2026-04-02 13:45:26,Good,69.44,37.6,0.376,69,72,March28Data_W_IRRA(in).csv
2026-04-02 13:45:28,Good,69.44,37.6,0.376,69,72,March28Data_W_IRRA(in).csv
2026-04-02 13:45:30,Good,69.44,37.5,0.375,69,72,March28Data_W_IRRA(in).csv
2026-04-02 13:45:32,Good,69.44,37.5,0.375,69,73,March28Data_W_IRRA(in).csv
2026-04-02 13:45:34,Good,69.44,37.4,0.374,69,72,March28Data_W_IRRA(in).csv
2026-04-02 13:45:36,Good,69.44,37.4,0.374,69,73,March28Data_W_IRRA(in).csv
2026-04-02 13:45:38,Good,69.44,37.3,0.373,69,73,March28Data_W_IRRA(in).csv
2026-04-02 13:45:40,Good,69.44,37.3,0.373,69,73,March28Data_W_IRRA(in).csv
2026-04-02 13:45:42,Good,69.44,37.3,0.373,69,73,March28Data_W_IRRA(in).csv
2026-04-02 13:45:44,Good,69.44,37.3,0.373,69,73,March28Data_W_IRRA(in).csv
2026-04-02 13:45:46,Good,69.44,37.3,0.373,69,73,March28Data_W_IRRA(in).csv
2026-04-02 13:45:48,Good,69.44,37.3,0.373,69,73,March28Data_W_IRRA(in).csv
2026-04-02 13:45:50,Good,69.62,37.4,0.374,69,73,March28Data_W_IRRA(in).csv
2026-04-02 13:45:52,Good,69.62,37.4,0.374,69,73,March28Data_W_IRRA(in).csv
2026-04-02 13:45:54,Good,69.62,37.3,0.373,69,73,March28Data_W_IRRA(in).csv
2026-04-02 13:45:56,Good,69.62,37.3,0.373,69,73,March28Data_W_IRRA(in).csv
2026-04-02 13:45:58,Good,69.62,37.2,0.37200000000000005,69,73,March28Data_W_IRRA(in).csv
2026-04-02 13:46:00,Good,69.62,37.1,0.371,69,73,March28Data_W_IRRA(in).csv
2026-04-02 13:46:03,Good,69.62,37.1,0.371,69,73,March28Data_W_IRRA(in).csv
2026-04-02 13:46:05,Good,69.62,37.0,0.37,69,73,March28Data_W_IRRA(in).csv
2026-04-02 13:46:07,Good,69.62,37.0,0.37,69,73,March28Data_W_IRRA(in).csv
2026-04-02 13:46:09,Good,69.62,37.0,0.37,69,73,March28Data_W_IRRA(in).csv
2026-04-02 13:46:11,Good,69.8,37.0,0.37,69,73,March28Data_W_IRRA(in).csv
2026-04-02 13:46:13,Good,69.8,37.0,0.37,69,73,March28Data_W_IRRA(in).csv
2026-04-02 13:46:15,Good,69.8,36.9,0.369,69,73,March28Data_W_IRRA(in).csv
2026-04-02 13:46:17,Good,69.8,36.9,0.369,69,73,March28Data_W_IRRA(in).csv
2026-04-02 13:46:19,Good,69.8,36.9,0.369,69,73,March28Data_W_IRRA(in).csv
2026-04-02 13:46:21,Good,69.8,36.8,0.368,69,73,March28Data_W_IRRA(in).csv
2026-04-02 13:46:23,Good,69.8,36.8,0.368,69,73,March28Data_W_IRRA(in).csv
2026-04-02 13:46:25,Good,69.8,36.7,0.36700000000000005,69,73,March28Data_W_IRRA(in).csv
2026-04-02 13:46:27,Good,69.8,36.7,0.36700000000000005,69,73,March28Data_W_IRRA(in).csv
2026-04-02 13:46:29,Good,69.8,36.6,0.366,69,73,March28Data_W_IRRA(in).csv
2026-04-02 13:46:31,Good,69.8,36.6,0.366,69,73,March28Data_W_IRRA(in).csv
2026-04-02 13:46:33,Good,69.98,36.6,0.366,69,73,March28Data_W_IRRA(in).csv
2026-04-02 13:46:35,Good,69.98,36.6,0.366,69,73,March28Data_W_IRRA(in).csv
2026-04-02 13:46:37,Good,69.98,36.5,0.365,69,73,March28Data_W_IRRA(in).csv
2026-04-02 13:46:39,Good,69.98,36.5,0.365,69,73,March28Data_W_IRRA(in).csv
2026-04-02 13:46:41,Good,70.16,36.5,0.365,69,73,March28Data_W_IRRA(in).csv
2026-04-02 13:46:43,Good,69.98,36.4,0.364,69,73,March28Data_W_IRRA(in).csv
2026-04-02 13:46:45,Good,70.16,36.5,0.365,69,73,March28Data_W_IRRA(in).csv
2026-04-02 13:46:47,Good,70.16,36.4,0.364,69,73,March28Data_W_IRRA(in).csv
2026-04-02 13:46:49,Good,70.16,36.4,0.364,69,73,March28Data_W_IRRA(in).csv
2026-04-02 13:46:51,Good,70.16,36.4,0.364,69,73,March28Data_W_IRRA(in).csv
2026-04-02 13:46:53,Good,70.16,36.3,0.363,69,73,March28Data_W_IRRA(in).csv
2026-04-02 13:46:56,Good,70.16,36.3,0.363,69,73,March28Data_W_IRRA(in).csv
2026-04-02 13:46:58,Good,70.16,36.3,0.363,69,73,March28Data_W_IRRA(in).csv
2026-04-02 13:47:00,Good,70.34,36.3,0.363,69,73,March28Data_W_IRRA(in).csv
2026-04-02 13:47:02,Good,70.34,36.3,0.363,69,73,March28Data_W_IRRA(in).csv
2026-04-02 13:47:04,Good,70.34,36.3,0.363,69,73,March28Data_W_IRRA(in).csv
2026-04-02 13:47:06,Good,70.34,36.3,0.363,69,73,March28Data_W_IRRA(in).csv
2026-04-02 13:47:08,Good,70.34,36.3,0.363,69,73,March28Data_W_IRRA(in).csv
2026-04-02 13:47:10,Good,70.34,36.3,0.363,69,73,March28Data_W_IRRA(in).csv
2026-04-02 13:47:12,Good,70.34,36.3,0.363,69,73,March28Data_W_IRRA(in).csv
2026-04-02 13:47:14,Good,70.34,36.2,0.36200000000000004,69,73,March28Data_W_IRRA(in).csv
2026-04-02 13:47:16,Good,70.34,36.2,0.36200000000000004,69,73,March28Data_W_IRRA(in).csv
2026-04-02 13:47:18,Good,70.34,36.2,0.36200000000000004,69,74,March28Data_W_IRRA(in).csv
2026-04-02 13:47:20,Good,70.34,36.2,0.36200000000000004,69,74,March28Data_W_IRRA(in).csv
2026-04-02 13:47:22,Good,70.34,36.2,0.36200000000000004,69,73,March28Data_W_IRRA(in).csv
2026-04-02 13:47:24,Good,70.34,36.2,0.36200000000000004,69,74,March28Data_W_IRRA(in).csv
2026-04-02 13:47:26,Good,70.34,36.1,0.361,69,73,March28Data_W_IRRA(in).csv
2026-04-02 13:47:28,Good,70.34,36.1,0.361,69,74,March28Data_W_IRRA(in).csv
2026-04-02 13:47:30,Good,70.34,36.1,0.361,69,74,March28Data_W_IRRA(in).csv
2026-04-02 13:47:32,Good,70.34,36.1,0.361,69,74,March28Data_W_IRRA(in).csv
2026-04-02 13:47:34,Good,70.34,36.1,0.361,69,73,March28Data_W_IRRA(in).csv
2026-04-02 13:47:36,Good,70.34,36.1,0.361,69,74,March28Data_W_IRRA(in).csv
2026-04-02 13:47:38,Good,70.34,36.0,0.36,69,73,March28Data_W_IRRA(in).csv
2026-04-02 13:47:40,Good,70.34,36.0,0.36,69,73,March28Data_W_IRRA(in).csv
2026-04-02 13:47:42,Good,70.34,36.0,0.36,69,74,March28Data_W_IRRA(in).csv
2026-04-02 13:47:44,Good,70.34,36.0,0.36,69,74,March28Data_W_IRRA(in).csv
2026-04-02 13:47:46,Good,70.52,36.1,0.361,69,74,March28Data_W_IRRA(in).csv
2026-04-02 13:47:49,Good,70.34,36.0,0.36,69,74,March28Data_W_IRRA(in).csv
2026-04-02 13:47:51,Good,70.52,36.1,0.361,69,73,March28Data_W_IRRA(in).csv
2026-04-02 13:47:53,Good,70.34,36.0,0.36,69,73,March28Data_W_IRRA(in).csv
2026-04-02 13:47:55,Good,70.34,36.0,0.36,69,73,March28Data_W_IRRA(in).csv
2026-04-02 13:47:57,Good,70.34,35.9,0.359,69,73,March28Data_W_IRRA(in).csv
2026-04-02 13:47:59,Good,70.34,35.9,0.359,69,73,March28Data_W_IRRA(in).csv
2026-04-02 13:48:01,Good,70.34,35.9,0.359,69,73,March28Data_W_IRRA(in).csv
2026-04-02 13:48:03,Good,70.34,35.9,0.359,69,73,March28Data_W_IRRA(in).csv
2026-04-02 13:48:05,Good,70.34,35.9,0.359,69,73,March28Data_W_IRRA(in).csv
2026-04-02 13:48:07,Good,70.34,35.9,0.359,69,73,March28Data_W_IRRA(in).csv
2026-04-02 13:48:09,Good,70.34,35.9,0.359,69,73,March28Data_W_IRRA(in).csv
2026-04-02 13:48:11,Good,70.34,35.9,0.359,69,73,March28Data_W_IRRA(in).csv
2026-04-02 13:48:13,Good,70.34,35.9,0.359,69,73,March28Data_W_IRRA(in).csv
2026-04-02 13:48:15,Good,70.34,35.8,0.358,69,73,March28Data_W_IRRA(in).csv
2026-04-02 13:48:17,Good,70.34,35.8,0.358,69,73,March28Data_W_IRRA(in).csv
2026-04-02 13:48:19,Good,70.34,35.8,0.358,69,73,March28Data_W_IRRA(in).csv
2026-04-02 13:48:21,Good,70.34,35.7,0.35700000000000004,69,73,March28Data_W_IRRA(in).csv
2026-04-02 13:48:23,Good,70.34,35.7,0.35700000000000004,69,73,March28Data_W_IRRA(in).csv
2026-04-02 13:48:25,Good,70.34,35.7,0.35700000000000004,69,73,March28Data_W_IRRA(in).csv
2026-04-02 13:48:27,Good,70.34,35.7,0.35700000000000004,69,73,March28Data_W_IRRA(in).csv
2026-04-02 13:48:29,Good,70.34,35.6,0.35600000000000004,69,73,March28Data_W_IRRA(in).csv
2026-04-02 13:48:31,Good,70.34,35.6,0.35600000000000004,69,73,March28Data_W_IRRA(in).csv
2026-04-02 13:48:33,Good,70.34,35.6,0.35600000000000004,69,73,March28Data_W_IRRA(in).csv
2026-04-02 13:48:35,Good,70.34,35.6,0.35600000000000004,69,73,March28Data_W_IRRA(in).csv
2026-04-02 13:48:37,Good,70.34,35.6,0.35600000000000004,69,73,March28Data_W_IRRA(in).csv
2026-04-02 13:48:39,Good,70.34,35.6,0.35600000000000004,69,73,March28Data_W_IRRA(in).csv
2026-04-02 13:48:41,Good,70.34,35.6,0.35600000000000004,69,73,March28Data_W_IRRA(in).csv
2026-04-02 13:48:44,Good,70.34,35.5,0.355,69,73,March28Data_W_IRRA(in).csv
2026-04-02 13:48:46,Good,70.34,35.5,0.355,69,73,March28Data_W_IRRA(in).csv
2026-04-02 13:48:48,Good,70.34,35.5,0.355,69,73,March28Data_W_IRRA(in).csv
2026-04-02 13:48:50,Good,70.34,35.5,0.355,69,73,March28Data_W_IRRA(in).csv
2026-04-02 13:48:52,Good,70.34,35.5,0.355,69,73,March28Data_W_IRRA(in).csv
2026-04-02 13:48:54,Good,70.34,35.5,0.355,69,73,March28Data_W_IRRA(in).csv
2026-04-02 13:48:56,Good,70.34,35.4,0.354,69,73,March28Data_W_IRRA(in).csv
2026-04-02 13:48:58,Good,70.34,35.4,0.354,69,73,March28Data_W_IRRA(in).csv
2026-04-02 13:49:00,Good,70.34,35.4,0.354,69,73,March28Data_W_IRRA(in).csv
2026-04-02 13:49:02,Good,70.34,35.4,0.354,69,73,March28Data_W_IRRA(in).csv
2026-04-02 13:49:04,Good,70.34,35.4,0.354,69,73,March28Data_W_IRRA(in).csv
2026-04-02 13:49:06,Good,70.34,35.4,0.354,69,73,March28Data_W_IRRA(in).csv
2026-04-02 13:49:08,Good,70.34,35.4,0.354,69,73,March28Data_W_IRRA(in).csv
2026-04-02 13:49:10,Good,70.34,35.4,0.354,69,73,March28Data_W_IRRA(in).csv
2026-04-02 13:49:12,Good,70.34,35.3,0.353,69,73,March28Data_W_IRRA(in).csv
2026-04-02 13:49:14,Good,70.34,35.3,0.353,69,73,March28Data_W_IRRA(in).csv
2026-04-02 13:49:16,Good,70.34,35.3,0.353,69,73,March28Data_W_IRRA(in).csv
2026-04-02 13:49:18,Good,70.34,35.3,0.353,69,73,March28Data_W_IRRA(in).csv
2026-04-02 13:49:20,Good,70.34,35.3,0.353,69,73,March28Data_W_IRRA(in).csv
2026-04-02 13:49:22,Good,70.34,35.3,0.353,69,73,March28Data_W_IRRA(in).csv
2026-04-02 13:49:24,Good,70.34,35.3,0.353,69,73,March28Data_W_IRRA(in).csv
2026-04-02 13:49:26,Good,70.34,35.3,0.353,69,73,March28Data_W_IRRA(in).csv
2026-04-02 13:49:28,Good,70.34,35.2,0.35200000000000004,69,73,March28Data_W_IRRA(in).csv
2026-04-02 13:49:30,Good,70.34,35.2,0.35200000000000004,69,73,March28Data_W_IRRA(in).csv
2026-04-02 13:49:32,Good,70.34,35.2,0.35200000000000004,69,73,March28Data_W_IRRA(in).csv
2026-04-02 13:49:34,Good,70.34,35.2,0.35200000000000004,69,73,March28Data_W_IRRA(in).csv
2026-04-02 13:49:37,Good,70.34,35.2,0.35200000000000004,69,73,March28Data_W_IRRA(in).csv
2026-04-02 13:49:39,Good,70.34,35.2,0.35200000000000004,69,73,March28Data_W_IRRA(in).csv
2026-04-02 13:49:41,Good,70.16,35.1,0.35100000000000003,69,73,March28Data_W_IRRA(in).csv
2026-04-02 13:49:43,Good,70.16,35.1,0.35100000000000003,69,73,March28Data_W_IRRA(in).csv
2026-04-02 13:49:45,Good,70.16,35.1,0.35100000000000003,69,73,March28Data_W_IRRA(in).csv
2026-04-02 13:49:47,Good,70.34,35.2,0.35200000000000004,69,73,March28Data_W_IRRA(in).csv
2026-04-02 13:49:49,Good,70.34,35.2,0.35200000000000004,69,73,March28Data_W_IRRA(in).csv
2026-04-02 13:49:51,Good,70.34,35.2,0.35200000000000004,69,73,March28Data_W_IRRA(in).csv
2026-04-02 13:49:53,Good,70.34,35.2,0.35200000000000004,69,73,March28Data_W_IRRA(in).csv
2026-04-02 13:49:55,Good,70.34,35.2,0.35200000000000004,69,73,March28Data_W_IRRA(in).csv
2026-04-02 13:49:57,Good,70.34,35.2,0.35200000000000004,69,73,March28Data_W_IRRA(in).csv
2026-04-02 13:49:59,Good,70.34,35.2,0.35200000000000004,69,73,March28Data_W_IRRA(in).csv
2026-04-02 13:50:01,Good,70.34,35.1,0.35100000000000003,69,73,March28Data_W_IRRA(in).csv
2026-04-02 13:50:03,Good,70.16,35.1,0.35100000000000003,69,73,March28Data_W_IRRA(in).csv
2026-04-02 13:50:05,Good,70.34,35.1,0.35100000000000003,69,73,March28Data_W_IRRA(in).csv
2026-04-02 13:50:07,Good,70.16,35.1,0.35100000000000003,69,73,March28Data_W_IRRA(in).csv
2026-04-02 13:50:09,Good,70.34,35.1,0.35100000000000003,69,73,March28Data_W_IRRA(in).csv
2026-04-02 13:50:11,Good,70.34,35.1,0.35100000000000003,69,73,March28Data_W_IRRA(in).csv
2026-04-02 13:50:13,Good,70.16,35.1,0.35100000000000003,69,73,March28Data_W_IRRA(in).csv
2026-04-02 13:50:15,Good,70.16,35.0,0.35,69,73,March28Data_W_IRRA(in).csv
2026-04-02 13:50:17,Good,70.16,35.0,0.35,69,73,March28Data_W_IRRA(in).csv
2026-04-02 13:50:19,Good,70.34,35.1,0.35100000000000003,69,73,March28Data_W_IRRA(in).csv
2026-04-02 13:50:21,Good,70.34,35.1,0.35100000000000003,69,73,March28Data_W_IRRA(in).csv
2026-04-02 13:50:23,Good,70.16,35.0,0.35,69,73,March28Data_W_IRRA(in).csv
2026-04-02 13:50:25,Good,70.16,35.0,0.35,69,73,March28Data_W_IRRA(in).csv
2026-04-02 13:50:27,Good,70.16,35.0,0.35,69,73,March28Data_W_IRRA(in).csv
2026-04-02 13:50:30,Good,70.16,35.0,0.35,69,73,March28Data_W_IRRA(in).csv
2026-04-02 13:50:32,Good,70.16,35.0,0.35,69,73,March28Data_W_IRRA(in).csv
2026-04-02 13:50:34,Good,70.34,35.1,0.35100000000000003,69,73,March28Data_W_IRRA(in).csv
2026-04-02 13:50:36,Good,70.16,35.0,0.35,69,73,March28Data_W_IRRA(in).csv
2026-04-02 13:50:38,Good,70.16,35.0,0.35,69,73,March28Data_W_IRRA(in).csv
2026-04-02 13:50:40,Good,70.16,35.0,0.35,69,73,March28Data_W_IRRA(in).csv
2026-04-02 13:50:42,Good,70.34,35.1,0.35100000000000003,69,73,March28Data_W_IRRA(in).csv
2026-04-02 13:50:44,Good,70.16,35.0,0.35,69,73,March28Data_W_IRRA(in).csv
2026-04-02 13:50:46,Good,70.34,35.1,0.35100000000000003,69,73,March28Data_W_IRRA(in).csv
2026-04-02 13:50:48,Good,70.16,35.0,0.35,69,73,March28Data_W_IRRA(in).csv
2026-04-02 13:50:50,Good,70.16,35.0,0.35,69,73,March28Data_W_IRRA(in).csv
2026-04-02 13:50:52,Good,70.16,35.0,0.35,69,73,March28Data_W_IRRA(in).csv
2026-04-02 13:50:54,Good,70.16,35.0,0.35,69,73,March28Data_W_IRRA(in).csv
2026-04-02 13:50:56,Good,70.16,35.0,0.35,69,73,March28Data_W_IRRA(in).csv
2026-04-02 13:50:58,Good,70.16,35.0,0.35,69,73,March28Data_W_IRRA(in).csv
2026-04-02 13:51:00,Good,70.16,35.0,0.35,69,72,March28Data_W_IRRA(in).csv
2026-04-02 13:51:02,Good,70.16,35.0,0.35,69,72,March28Data_W_IRRA(in).csv
2026-04-02 13:51:04,Good,70.34,35.1,0.35100000000000003,69,72,March28Data_W_IRRA(in).csv
2026-04-02 13:51:06,Good,70.16,35.0,0.35,69,72,March28Data_W_IRRA(in).csv
2026-04-02 13:51:08,Good,70.34,35.1,0.35100000000000003,69,72,March28Data_W_IRRA(in).csv
2026-04-02 13:51:10,Good,70.16,35.0,0.35,69,72,March28Data_W_IRRA(in).csv
2026-04-02 13:51:12,Good,70.16,35.0,0.35,69,72,March28Data_W_IRRA(in).csv
2026-04-02 13:51:14,Good,70.16,35.0,0.35,69,72,March28Data_W_IRRA(in).csv
2026-04-02 13:51:16,Good,70.16,35.0,0.35,69,72,March28Data_W_IRRA(in).csv
2026-04-02 13:51:18,Good,70.16,35.0,0.35,69,72,March28Data_W_IRRA(in).csv
2026-04-02 13:51:20,Good,70.16,35.0,0.35,69,72,March28Data_W_IRRA(in).csv
2026-04-02 13:51:23,Good,70.16,35.0,0.35,69,72,March28Data_W_IRRA(in).csv
2026-04-02 13:51:25,Good,70.16,35.0,0.35,69,72,March28Data_W_IRRA(in).csv
2026-04-02 13:51:27,Good,70.16,35.0,0.35,69,72,March28Data_W_IRRA(in).csv
2026-04-02 13:51:29,Good,70.16,35.0,0.35,69,72,March28Data_W_IRRA(in).csv
2026-04-02 13:51:31,Good,70.16,35.0,0.35,69,72,March28Data_W_IRRA(in).csv
2026-04-02 13:51:33,Good,70.16,35.0,0.35,69,72,March28Data_W_IRRA(in).csv
2026-04-02 13:51:35,Good,70.16,35.0,0.35,69,72,March28Data_W_IRRA(in).csv
2026-04-02 13:51:37,Good,70.16,35.0,0.35,69,72,March28Data_W_IRRA(in).csv
2026-04-02 13:51:39,Good,70.16,35.0,0.35,69,72,March28Data_W_IRRA(in).csv
2026-04-02 13:51:41,Good,70.16,35.0,0.35,69,72,March28Data_W_IRRA(in).csv
2026-04-02 13:51:43,Good,70.16,35.0,0.35,69,72,March28Data_W_IRRA(in).csv
2026-04-02 13:51:45,Good,70.16,35.0,0.35,69,72,March28Data_W_IRRA(in).csv
2026-04-02 13:51:47,Good,70.16,35.0,0.35,69,72,March28Data_W_IRRA(in).csv
2026-04-02 13:51:49,Good,70.16,35.1,0.35100000000000003,69,72,March28Data_W_IRRA(in).csv
2026-04-02 13:51:51,Good,70.16,35.1,0.35100000000000003,69,72,March28Data_W_IRRA(in).csv
2026-04-02 13:51:53,Good,70.16,35.1,0.35100000000000003,69,72,March28Data_W_IRRA(in).csv
2026-04-02 13:51:55,Good,70.16,35.1,0.35100000000000003,69,72,March28Data_W_IRRA(in).csv
2026-04-02 13:51:57,Good,70.16,35.1,0.35100000000000003,69,72,March28Data_W_IRRA(in).csv
2026-04-02 13:51:59,Good,70.16,35.1,0.35100000000000003,69,72,March28Data_W_IRRA(in).csv
2026-04-02 13:52:01,Good,70.16,35.1,0.35100000000000003,69,72,March28Data_W_IRRA(in).csv
2026-04-02 13:52:03,Good,70.16,35.1,0.35100000000000003,69,72,March28Data_W_IRRA(in).csv
2026-04-02 13:52:05,Good,70.16,35.1,0.35100000000000003,69,72,March28Data_W_IRRA(in).csv
2026-04-02 13:52:07,Good,70.16,35.1,0.35100000000000003,69,72,March28Data_W_IRRA(in).csv
2026-04-02 13:52:09,Good,70.16,35.1,0.35100000000000003,69,72,March28Data_W_IRRA(in).csv
2026-04-02 13:52:11,Good,70.16,35.1,0.35100000000000003,69,72,March28Data_W_IRRA(in).csv
2026-04-02 13:52:13,Good,70.16,35.1,0.35100000000000003,69,72,March28Data_W_IRRA(in).csv
2026-04-02 13:52:16,Good,70.16,35.1,0.35100000000000003,69,72,March28Data_W_IRRA(in).csv
2026-04-02 13:52:18,Good,70.16,35.1,0.35100000000000003,69,72,March28Data_W_IRRA(in).csv
2026-04-02 13:52:20,Good,70.16,35.1,0.35100000000000003,69,72,March28Data_W_IRRA(in).csv
2026-04-02 13:52:22,Good,70.16,35.1,0.35100000000000003,69,72,March28Data_W_IRRA(in).csv
2026-04-02 13:52:24,Good,70.16,35.1,0.35100000000000003,69,72,March28Data_W_IRRA(in).csv
2026-04-02 13:52:26,Good,70.16,35.1,0.35100000000000003,69,72,March28Data_W_IRRA(in).csv
2026-04-02 13:52:28,Good,70.16,35.1,0.35100000000000003,69,72,March28Data_W_IRRA(in).csv
2026-04-02 13:52:30,Good,70.16,35.1,0.35100000000000003,69,72,March28Data_W_IRRA(in).csv
2026-04-02 13:52:32,Good,70.16,35.1,0.35100000000000003,69,72,March28Data_W_IRRA(in).csv
2026-04-02 13:52:34,Good,70.16,35.1,0.35100000000000003,69,72,March28Data_W_IRRA(in).csv
2026-04-02 13:52:36,Good,70.16,35.1,0.35100000000000003,69,72,March28Data_W_IRRA(in).csv
2026-04-02 13:52:38,Good,70.16,35.1,0.35100000000000003,69,72,March28Data_W_IRRA(in).csv
2026-04-02 13:52:40,Good,70.16,35.1,0.35100000000000003,69,72,March28Data_W_IRRA(in).csv
2026-04-02 13:52:42,Good,70.16,35.2,0.35200000000000004,69,72,March28Data_W_IRRA(in).csv
2026-04-02 13:52:44,Good,70.16,35.1,0.35100000000000003,69,72,March28Data_W_IRRA(in).csv
2026-04-02 13:52:46,Good,70.16,35.1,0.35100000000000003,69,72,March28Data_W_IRRA(in).csv
2026-04-02 13:52:48,Good,70.16,35.1,0.35100000000000003,69,72,March28Data_W_IRRA(in).csv
2026-04-02 13:52:50,Good,69.98,35.0,0.35,69,72,March28Data_W_IRRA(in).csv
2026-04-02 13:52:52,Good,69.98,35.0,0.35,69,72,March28Data_W_IRRA(in).csv
2026-04-02 13:52:54,Good,70.16,35.1,0.35100000000000003,69,72,March28Data_W_IRRA(in).csv
2026-04-02 13:52:56,Good,70.16,35.2,0.35200000000000004,69,72,March28Data_W_IRRA(in).csv
2026-04-02 13:52:58,Good,70.16,35.1,0.35100000000000003,69,72,March28Data_W_IRRA(in).csv
2026-04-02 13:53:00,Good,70.16,35.1,0.35100000000000003,69,72,March28Data_W_IRRA(in).csv
2026-04-02 13:53:02,Good,69.98,35.0,0.35,69,72,March28Data_W_IRRA(in).csv
2026-04-02 13:53:04,Good,70.16,35.1,0.35100000000000003,69,72,March28Data_W_IRRA(in).csv
2026-04-02 13:53:06,Good,70.16,35.1,0.35100000000000003,69,72,March28Data_W_IRRA(in).csv
2026-04-02 13:53:09,Good,70.16,35.1,0.35100000000000003,69,72,March28Data_W_IRRA(in).csv
2026-04-02 13:53:11,Good,70.16,35.1,0.35100000000000003,69,72,March28Data_W_IRRA(in).csv
2026-04-02 13:53:13,Good,70.16,35.1,0.35100000000000003,69,72,March28Data_W_IRRA(in).csv
2026-04-02 13:53:15,Good,70.16,35.1,0.35100000000000003,69,72,March28Data_W_IRRA(in).csv
2026-04-02 13:53:17,Good,70.16,35.1,0.35100000000000003,69,72,March28Data_W_IRRA(in).csv
2026-04-02 13:53:19,Good,70.16,35.1,0.35100000000000003,69,72,March28Data_W_IRRA(in).csv
2026-04-02 13:53:21,Good,70.16,35.1,0.35100000000000003,69,72,March28Data_W_IRRA(in).csv
2026-04-02 13:53:23,Good,70.16,35.1,0.35100000000000003,69,72,March28Data_W_IRRA(in).csv
2026-04-02 13:53:25,Good,70.16,35.1,0.35100000000000003,69,72,March28Data_W_IRRA(in).csv
2026-04-02 13:53:27,Good,69.98,35.0,0.35,69,72,March28Data_W_IRRA(in).csv
2026-04-02 13:53:29,Good,70.16,35.1,0.35100000000000003,69,72,March28Data_W_IRRA(in).csv
2026-04-02 13:53:31,Good,70.16,35.1,0.35100000000000003,69,72,March28Data_W_IRRA(in).csv
2026-04-02 13:53:33,Good,70.16,35.1,0.35100000000000003,69,72,March28Data_W_IRRA(in).csv
2026-04-02 13:53:35,Good,70.16,35.1,0.35100000000000003,69,72,March28Data_W_IRRA(in).csv
2026-04-02 13:53:37,Good,70.16,35.1,0.35100000000000003,69,72,March28Data_W_IRRA(in).csv
2026-04-02 13:53:39,Good,70.16,35.1,0.35100000000000003,69,72,March28Data_W_IRRA(in).csv
2026-04-02 13:53:41,Good,70.16,35.1,0.35100000000000003,69,72,March28Data_W_IRRA(in).csv
2026-04-02 13:53:43,Good,70.16,35.1,0.35100000000000003,69,72,March28Data_W_IRRA(in).csv
2026-04-02 13:53:45,Good,70.16,35.1,0.35100000000000003,69,72,March28Data_W_IRRA(in).csv
2026-04-02 13:53:47,Good,70.16,35.1,0.35100000000000003,69,72,March28Data_W_IRRA(in).csv
2026-04-02 13:53:49,Good,70.16,35.1,0.35100000000000003,69,72,March28Data_W_IRRA(in).csv
2026-04-02 13:53:51,Good,70.16,35.1,0.35100000000000003,69,72,March28Data_W_IRRA(in).csv
2026-04-02 13:53:53,Good,70.16,35.0,0.35,69,72,March28Data_W_IRRA(in).csv
2026-04-02 13:53:55,Good,70.16,35.0,0.35,69,72,March28Data_W_IRRA(in).csv
2026-04-02 13:53:57,Good,70.16,35.0,0.35,69,72,March28Data_W_IRRA(in).csv
2026-04-02 13:53:59,Good,70.16,35.0,0.35,69,72,March28Data_W_IRRA(in).csv
2026-04-02 13:54:02,Good,70.16,35.0,0.35,69,72,March28Data_W_IRRA(in).csv
2026-04-02 13:54:04,Good,70.16,35.0,0.35,69,72,March28Data_W_IRRA(in).csv
2026-04-02 13:54:06,Good,70.16,35.0,0.35,69,72,March28Data_W_IRRA(in).csv
2026-04-02 13:54:08,Good,70.16,35.0,0.35,69,72,March28Data_W_IRRA(in).csv
2026-04-02 13:54:10,Good,70.16,35.0,0.35,69,72,March28Data_W_IRRA(in).csv
2026-04-02 13:54:12,Good,70.16,35.0,0.35,69,72,March28Data_W_IRRA(in).csv
2026-04-02 13:54:14,Good,70.16,35.0,0.35,69,72,March28Data_W_IRRA(in).csv
2026-04-02 13:54:16,Good,70.16,35.0,0.35,69,72,March28Data_W_IRRA(in).csv
2026-04-02 13:54:18,Good,70.16,35.0,0.35,69,72,March28Data_W_IRRA(in).csv
2026-04-02 13:54:20,Good,69.98,34.9,0.349,69,72,March28Data_W_IRRA(in).csv
2026-04-02 13:54:22,Good,70.16,35.0,0.35,69,72,March28Data_W_IRRA(in).csv
2026-04-02 13:54:24,Good,70.16,35.0,0.35,69,72,March28Data_W_IRRA(in).csv
2026-04-02 13:54:26,Good,70.16,35.0,0.35,69,72,March28Data_W_IRRA(in).csv
2026-04-02 13:54:28,Good,70.16,35.0,0.35,69,72,March28Data_W_IRRA(in).csv
2026-04-02 13:54:30,Good,69.98,34.9,0.349,69,72,March28Data_W_IRRA(in).csv
2026-04-02 13:54:32,Good,69.98,34.9,0.349,69,72,March28Data_W_IRRA(in).csv
2026-04-02 13:54:34,Good,70.16,35.0,0.35,69,72,March28Data_W_IRRA(in).csv
2026-04-02 13:54:36,Good,70.16,35.0,0.35,69,72,March28Data_W_IRRA(in).csv
2026-04-02 13:54:38,Good,70.16,35.0,0.35,69,72,March28Data_W_IRRA(in).csv
2026-04-02 13:54:40,Good,70.16,35.0,0.35,69,72,March28Data_W_IRRA(in).csv
2026-04-02 13:54:42,Good,70.16,35.0,0.35,69,72,March28Data_W_IRRA(in).csv
2026-04-02 13:54:44,Good,70.16,35.0,0.35,69,72,March28Data_W_IRRA(in).csv
2026-04-02 13:54:46,Good,70.16,35.0,0.35,69,72,March28Data_W_IRRA(in).csv
2026-04-02 13:54:48,Good,70.16,35.0,0.35,69,72,March28Data_W_IRRA(in).csv
2026-04-02 13:54:50,Good,70.16,35.0,0.35,69,72,March28Data_W_IRRA(in).csv
2026-04-02 13:54:52,Good,70.16,35.0,0.35,69,72,March28Data_W_IRRA(in).csv
2026-04-02 13:54:55,Good,70.16,35.0,0.35,69,72,March28Data_W_IRRA(in).csv
2026-04-02 13:54:57,Good,69.98,34.9,0.349,69,72,March28Data_W_IRRA(in).csv
2026-04-02 13:54:59,Good,70.16,35.0,0.35,69,72,March28Data_W_IRRA(in).csv
2026-04-02 13:55:01,Good,70.16,35.0,0.35,69,72,March28Data_W_IRRA(in).csv
2026-04-02 13:55:03,Good,70.16,35.0,0.35,69,72,March28Data_W_IRRA(in).csv
2026-04-02 13:55:05,Good,70.16,35.0,0.35,69,72,March28Data_W_IRRA(in).csv
2026-04-02 13:55:07,Good,70.16,35.0,0.35,69,72,March28Data_W_IRRA(in).csv
2026-04-02 13:55:09,Good,70.16,35.0,0.35,69,72,March28Data_W_IRRA(in).csv
2026-04-02 13:55:11,Good,69.98,34.9,0.349,69,72,March28Data_W_IRRA(in).csv
2026-04-02 13:55:13,Good,70.16,35.0,0.35,69,72,March28Data_W_IRRA(in).csv
2026-04-02 13:55:15,Good,70.16,35.0,0.35,69,72,March28Data_W_IRRA(in).csv
2026-04-02 13:55:17,Good,70.16,35.0,0.35,69,72,March28Data_W_IRRA(in).csv
2026-04-02 13:55:19,Good,70.16,35.0,0.35,69,72,March28Data_W_IRRA(in).csv
2026-04-02 13:55:21,Good,70.16,35.0,0.35,69,71,March28Data_W_IRRA(in).csv
2026-04-02 13:55:23,Good,70.16,35.0,0.35,69,72,March28Data_W_IRRA(in).csv
2026-04-02 13:55:25,Good,70.16,35.0,0.35,69,72,March28Data_W_IRRA(in).csv
2026-04-02 13:55:27,Good,70.16,35.0,0.35,69,72,March28Data_W_IRRA(in).csv
2026-04-02 13:55:29,Good,70.16,35.0,0.35,69,72,March28Data_W_IRRA(in).csv
2026-04-02 13:55:31,Good,70.16,35.0,0.35,69,71,March28Data_W_IRRA(in).csv
2026-04-02 13:55:33,Good,70.16,35.0,0.35,69,72,March28Data_W_IRRA(in).csv
2026-04-02 13:55:35,Good,70.16,35.0,0.35,69,72,March28Data_W_IRRA(in).csv
2026-04-02 13:55:37,Good,69.98,34.9,0.349,69,72,March28Data_W_IRRA(in).csv
2026-04-02 13:55:39,Good,69.98,34.9,0.349,69,71,March28Data_W_IRRA(in).csv
2026-04-02 13:55:41,Good,70.16,35.0,0.35,69,71,March28Data_W_IRRA(in).csv
2026-04-02 13:55:43,Good,69.98,34.9,0.349,69,71,March28Data_W_IRRA(in).csv
2026-04-02 13:55:45,Good,69.98,34.9,0.349,69,71,March28Data_W_IRRA(in).csv
2026-04-02 13:55:48,Good,70.16,35.0,0.35,69,71,March28Data_W_IRRA(in).csv
2026-04-02 13:55:50,Good,70.16,35.0,0.35,69,72,March28Data_W_IRRA(in).csv
2026-04-02 13:55:52,Good,70.16,34.9,0.349,69,72,March28Data_W_IRRA(in).csv
2026-04-02 13:55:54,Good,70.16,34.9,0.349,69,71,March28Data_W_IRRA(in).csv
2026-04-02 13:55:56,Good,70.16,34.9,0.349,69,71,March28Data_W_IRRA(in).csv
2026-04-02 13:55:58,Good,70.16,34.9,0.349,69,72,March28Data_W_IRRA(in).csv
2026-04-02 13:56:00,Good,70.16,34.9,0.349,69,72,March28Data_W_IRRA(in).csv
2026-04-02 13:56:02,Good,69.98,34.8,0.348,69,71,March28Data_W_IRRA(in).csv
2026-04-02 13:56:04,Good,70.16,34.9,0.349,69,71,March28Data_W_IRRA(in).csv
2026-04-02 13:56:06,Good,70.16,34.9,0.349,69,71,March28Data_W_IRRA(in).csv
2026-04-02 13:56:08,Good,70.16,34.9,0.349,69,71,March28Data_W_IRRA(in).csv
2026-04-02 13:56:10,Good,70.16,34.9,0.349,69,71,March28Data_W_IRRA(in).csv
2026-04-02 13:56:12,Good,70.16,34.9,0.349,69,71,March28Data_W_IRRA(in).csv
2026-04-02 13:56:14,Good,70.16,34.9,0.349,69,71,March28Data_W_IRRA(in).csv
2026-04-02 13:56:16,Good,69.98,34.8,0.348,69,71,March28Data_W_IRRA(in).csv
2026-04-02 13:56:18,Good,69.98,34.8,0.348,69,71,March28Data_W_IRRA(in).csv
2026-04-02 13:56:20,Good,69.98,34.8,0.348,69,71,March28Data_W_IRRA(in).csv
2026-04-02 13:56:22,Good,69.98,34.8,0.348,69,71,March28Data_W_IRRA(in).csv
2026-04-02 13:56:24,Good,69.98,34.8,0.348,69,71,March28Data_W_IRRA(in).csv
2026-04-02 13:56:26,Good,70.16,34.9,0.349,69,71,March28Data_W_IRRA(in).csv
2026-04-02 13:56:28,Good,70.16,34.9,0.349,69,71,March28Data_W_IRRA(in).csv
2026-04-02 13:56:30,Good,69.98,34.8,0.348,69,71,March28Data_W_IRRA(in).csv
2026-04-02 13:56:32,Good,70.16,34.9,0.349,69,71,March28Data_W_IRRA(in).csv
2026-04-02 13:56:34,Good,69.98,34.8,0.348,69,71,March28Data_W_IRRA(in).csv
2026-04-02 13:56:36,Good,69.98,34.8,0.348,69,71,March28Data_W_IRRA(in).csv
2026-04-02 13:56:38,Good,69.98,34.8,0.348,69,71,March28Data_W_IRRA(in).csv
2026-04-02 13:56:40,Good,70.16,34.9,0.349,69,71,March28Data_W_IRRA(in).csv
2026-04-02 13:56:43,Good,70.16,34.9,0.349,69,71,March28Data_W_IRRA(in).csv
2026-04-02 13:56:45,Good,69.98,34.8,0.348,69,71,March28Data_W_IRRA(in).csv
2026-04-02 13:56:47,Good,70.16,34.9,0.349,69,71,March28Data_W_IRRA(in).csv
2026-04-02 13:56:49,Good,70.16,34.8,0.348,69,71,March28Data_W_IRRA(in).csv
2026-04-02 13:56:51,Good,69.98,34.7,0.34700000000000003,69,71,March28Data_W_IRRA(in).csv
2026-04-02 13:56:53,Good,69.98,34.7,0.34700000000000003,69,71,March28Data_W_IRRA(in).csv
2026-04-02 13:56:55,Good,69.98,34.7,0.34700000000000003,69,71,March28Data_W_IRRA(in).csv
2026-04-02 13:56:57,Good,70.16,34.8,0.348,69,71,March28Data_W_IRRA(in).csv
2026-04-02 13:56:59,Good,70.16,34.8,0.348,69,71,March28Data_W_IRRA(in).csv
2026-04-02 13:57:01,Good,70.16,34.8,0.348,69,71,March28Data_W_IRRA(in).csv
2026-04-02 13:57:03,Good,70.16,34.8,0.348,69,71,March28Data_W_IRRA(in).csv
2026-04-02 13:57:05,Good,69.98,34.7,0.34700000000000003,69,71,March28Data_W_IRRA(in).csv
2026-04-02 13:57:07,Good,69.98,34.7,0.34700000000000003,69,71,March28Data_W_IRRA(in).csv
2026-04-02 13:57:09,Good,69.98,34.7,0.34700000000000003,69,71,March28Data_W_IRRA(in).csv
2026-04-02 13:57:11,Good,70.16,34.8,0.348,69,71,March28Data_W_IRRA(in).csv
2026-04-02 13:57:13,Good,69.98,34.7,0.34700000000000003,69,71,March28Data_W_IRRA(in).csv
2026-04-02 13:57:15,Good,70.16,34.8,0.348,69,71,March28Data_W_IRRA(in).csv
2026-04-02 13:57:17,Good,70.16,34.8,0.348,69,71,March28Data_W_IRRA(in).csv
2026-04-02 13:57:19,Good,69.98,34.7,0.34700000000000003,69,71,March28Data_W_IRRA(in).csv
2026-04-02 13:57:21,Good,69.98,34.7,0.34700000000000003,69,71,March28Data_W_IRRA(in).csv
2026-04-02 13:57:23,Good,70.16,34.8,0.348,69,71,March28Data_W_IRRA(in).csv
2026-04-02 13:57:25,Good,69.98,34.7,0.34700000000000003,69,71,March28Data_W_IRRA(in).csv
2026-04-02 13:57:27,Good,69.98,34.7,0.34700000000000003,69,71,March28Data_W_IRRA(in).csv
2026-04-02 13:57:29,Good,70.16,34.8,0.348,69,71,March28Data_W_IRRA(in).csv
2026-04-02 13:57:31,Good,69.98,34.7,0.34700000000000003,69,71,March28Data_W_IRRA(in).csv
2026-04-02 13:57:33,Good,69.98,34.7,0.34700000000000003,69,71,March28Data_W_IRRA(in).csv
2026-04-02 13:57:36,Good,69.98,34.7,0.34700000000000003,69,71,March28Data_W_IRRA(in).csv
2026-04-02 13:57:38,Good,69.98,34.7,0.34700000000000003,69,71,March28Data_W_IRRA(in).csv
2026-04-02 13:57:40,Good,69.98,34.7,0.34700000000000003,69,71,March28Data_W_IRRA(in).csv
2026-04-02 13:57:42,Good,69.98,34.7,0.34700000000000003,69,71,March28Data_W_IRRA(in).csv
2026-04-02 13:57:44,Good,69.98,34.7,0.34700000000000003,69,71,March28Data_W_IRRA(in).csv
2026-04-02 13:57:46,Good,69.98,34.7,0.34700000000000003,69,71,March28Data_W_IRRA(in).csv
2026-04-02 13:57:48,Good,69.98,34.7,0.34700000000000003,69,71,March28Data_W_IRRA(in).csv
2026-04-02 13:57:50,Good,69.98,34.7,0.34700000000000003,69,71,March28Data_W_IRRA(in).csv
2026-04-02 13:57:52,Good,69.98,34.7,0.34700000000000003,69,71,March28Data_W_IRRA(in).csv
2026-04-02 13:57:54,Good,69.98,34.7,0.34700000000000003,69,71,March28Data_W_IRRA(in).csv
2026-04-02 13:57:56,Good,69.98,34.7,0.34700000000000003,69,71,March28Data_W_IRRA(in).csv
2026-04-02 13:57:58,Good,69.98,34.7,0.34700000000000003,69,71,March28Data_W_IRRA(in).csv
2026-04-02 13:58:00,Good,70.16,34.8,0.348,69,71,March28Data_W_IRRA(in).csv
2026-04-02 13:58:02,Good,69.98,34.7,0.34700000000000003,69,71,March28Data_W_IRRA(in).csv
2026-04-02 13:58:04,Good,69.98,34.7,0.34700000000000003,69,71,March28Data_W_IRRA(in).csv
2026-04-02 13:58:06,Good,69.98,34.7,0.34700000000000003,69,71,March28Data_W_IRRA(in).csv
2026-04-02 13:58:08,Good,70.16,34.8,0.348,69,71,March28Data_W_IRRA(in).csv
2026-04-02 13:58:10,Good,69.98,34.7,0.34700000000000003,69,71,March28Data_W_IRRA(in).csv
2026-04-02 13:58:12,Good,70.16,34.8,0.348,69,71,March28Data_W_IRRA(in).csv
2026-04-02 13:58:14,Good,69.98,34.7,0.34700000000000003,69,71,March28Data_W_IRRA(in).csv
2026-04-02 13:58:16,Good,69.98,34.7,0.34700000000000003,69,71,March28Data_W_IRRA(in).csv
2026-04-02 13:58:18,Good,69.98,34.7,0.34700000000000003,69,71,March28Data_W_IRRA(in).csv
2026-04-02 13:58:20,Good,70.16,34.8,0.348,69,71,March28Data_W_IRRA(in).csv
2026-04-02 13:58:22,Good,69.98,34.7,0.34700000000000003,69,71,March28Data_W_IRRA(in).csv
2026-04-02 13:58:24,Good,70.16,34.8,0.348,69,71,March28Data_W_IRRA(in).csv
2026-04-02 13:58:26,Good,69.98,34.7,0.34700000000000003,69,71,March28Data_W_IRRA(in).csv
2026-04-02 13:58:29,Good,70.16,34.8,0.348,69,71,March28Data_W_IRRA(in).csv
2026-04-02 13:58:31,Good,69.98,34.7,0.34700000000000003,69,71,March28Data_W_IRRA(in).csv
2026-04-02 13:58:33,Good,70.16,34.9,0.349,69,71,March28Data_W_IRRA(in).csv
2026-04-02 13:58:35,Good,70.16,34.9,0.349,69,71,March28Data_W_IRRA(in).csv
2026-04-02 13:58:37,Good,70.16,34.9,0.349,69,71,March28Data_W_IRRA(in).csv
2026-04-02 13:58:39,Good,70.16,34.9,0.349,69,71,March28Data_W_IRRA(in).csv
2026-04-02 13:58:41,Good,69.98,34.8,0.348,69,71,March28Data_W_IRRA(in).csv
2026-04-02 13:58:43,Good,69.98,34.8,0.348,69,71,March28Data_W_IRRA(in).csv
2026-04-02 13:58:45,Good,70.16,34.9,0.349,69,71,March28Data_W_IRRA(in).csv
2026-04-02 13:58:47,Good,70.16,34.9,0.349,69,71,March28Data_W_IRRA(in).csv
2026-04-02 13:58:49,Good,69.98,34.8,0.348,69,71,March28Data_W_IRRA(in).csv
2026-04-02 13:58:51,Good,70.16,34.9,0.349,69,71,March28Data_W_IRRA(in).csv
2026-04-02 13:58:53,Good,69.98,34.8,0.348,69,71,March28Data_W_IRRA(in).csv
2026-04-02 13:58:55,Good,69.98,34.8,0.348,69,71,March28Data_W_IRRA(in).csv
2026-04-02 13:58:57,Good,69.98,34.8,0.348,69,71,March28Data_W_IRRA(in).csv
2026-04-02 13:58:59,Good,69.98,34.8,0.348,69,71,March28Data_W_IRRA(in).csv
2026-04-02 13:59:01,Good,70.16,34.9,0.349,69,71,March28Data_W_IRRA(in).csv
2026-04-02 13:59:03,Good,69.98,34.8,0.348,69,71,March28Data_W_IRRA(in).csv
2026-04-02 13:59:05,Good,69.98,34.8,0.348,69,71,March28Data_W_IRRA(in).csv
2026-04-02 13:59:07,Good,69.98,34.8,0.348,69,71,March28Data_W_IRRA(in).csv
2026-04-02 13:59:09,Good,69.98,34.8,0.348,69,71,March28Data_W_IRRA(in).csv
2026-04-02 13:59:11,Good,70.16,34.9,0.349,69,71,March28Data_W_IRRA(in).csv
2026-04-02 13:59:13,Good,69.98,34.8,0.348,69,71,March28Data_W_IRRA(in).csv
2026-04-02 13:59:15,Good,70.16,34.9,0.349,69,71,March28Data_W_IRRA(in).csv
2026-04-02 13:59:17,Good,69.98,34.8,0.348,69,71,March28Data_W_IRRA(in).csv
2026-04-02 13:59:19,Good,70.16,34.9,0.349,69,71,March28Data_W_IRRA(in).csv
2026-04-02 13:59:22,Good,70.16,34.9,0.349,69,71,March28Data_W_IRRA(in).csv
2026-04-02 13:59:24,Good,70.16,34.9,0.349,69,71,March28Data_W_IRRA(in).csv
2026-04-02 13:59:26,Good,69.98,34.8,0.348,69,71,March28Data_W_IRRA(in).csv
2026-04-02 13:59:28,Good,69.98,34.8,0.348,69,71,March28Data_W_IRRA(in).csv
2026-04-02 13:59:30,Good,69.98,34.8,0.348,69,71,March28Data_W_IRRA(in).csv
2026-04-02 13:59:32,Good,69.98,34.8,0.348,69,71,March28Data_W_IRRA(in).csv
2026-04-02 13:59:34,Good,69.98,34.8,0.348,69,71,March28Data_W_IRRA(in).csv
2026-04-02 13:59:36,Good,70.16,34.9,0.349,69,71,March28Data_W_IRRA(in).csv
2026-04-02 13:59:38,Good,69.98,34.8,0.348,69,71,March28Data_W_IRRA(in).csv
2026-04-02 13:59:40,Good,70.16,34.9,0.349,69,71,March28Data_W_IRRA(in).csv
2026-04-02 13:59:42,Good,69.98,34.8,0.348,69,71,March28Data_W_IRRA(in).csv
2026-04-02 13:59:44,Good,69.98,34.8,0.348,69,71,March28Data_W_IRRA(in).csv
2026-04-02 13:59:46,Good,70.16,34.9,0.349,69,71,March28Data_W_IRRA(in).csv
2026-04-02 13:59:48,Good,70.16,34.9,0.349,69,71,March28Data_W_IRRA(in).csv
2026-04-02 13:59:50,Good,69.98,34.8,0.348,69,71,March28Data_W_IRRA(in).csv
2026-04-02 13:59:52,Good,69.98,34.8,0.348,69,71,March28Data_W_IRRA(in).csv
2026-04-02 13:59:54,Good,69.98,34.8,0.348,69,71,March28Data_W_IRRA(in).csv
2026-04-02 13:59:56,Good,69.98,34.8,0.348,69,71,March28Data_W_IRRA(in).csv
2026-04-02 13:59:58,Good,70.16,34.9,0.349,69,71,March28Data_W_IRRA(in).csv
2026-04-02 14:00:00,Good,69.98,34.8,0.348,69,71,March28Data_W_IRRA(in).csv
2026-04-02 14:00:02,Good,70.16,34.9,0.349,69,71,March28Data_W_IRRA(in).csv
2026-04-02 14:00:04,Good,70.16,34.9,0.349,69,71,March28Data_W_IRRA(in).csv
2026-04-02 14:00:06,Good,70.16,34.9,0.349,69,71,March28Data_W_IRRA(in).csv
2026-04-02 14:00:08,Good,69.98,34.8,0.348,69,71,March28Data_W_IRRA(in).csv
2026-04-02 14:00:10,Good,70.16,34.9,0.349,69,71,March28Data_W_IRRA(in).csv
2026-04-02 14:00:12,Good,69.98,34.8,0.348,69,71,March28Data_W_IRRA(in).csv
2026-04-02 14:00:15,Good,69.98,34.8,0.348,69,71,March28Data_W_IRRA(in).csv
2026-04-02 14:00:17,Good,69.98,34.8,0.348,69,71,March28Data_W_IRRA(in).csv
2026-04-02 14:00:19,Good,69.98,34.8,0.348,69,71,March28Data_W_IRRA(in).csv
2026-04-02 14:00:21,Good,70.16,34.9,0.349,69,71,March28Data_W_IRRA(in).csv
2026-04-02 14:00:23,Good,70.16,34.9,0.349,69,71,March28Data_W_IRRA(in).csv
2026-04-02 14:00:25,Good,69.98,34.8,0.348,69,71,March28Data_W_IRRA(in).csv
2026-04-02 14:00:27,Good,70.16,34.9,0.349,69,71,March28Data_W_IRRA(in).csv
2026-04-02 14:00:29,Good,69.98,34.8,0.348,69,71,March28Data_W_IRRA(in).csv
2026-04-02 14:00:31,Good,70.16,34.9,0.349,69,71,March28Data_W_IRRA(in).csv
2026-04-02 14:00:33,Good,69.98,34.8,0.348,69,71,March28Data_W_IRRA(in).csv
2026-04-02 14:00:35,Good,69.98,34.8,0.348,69,71,March28Data_W_IRRA(in).csv
2026-04-02 14:00:37,Good,70.16,34.9,0.349,69,71,March28Data_W_IRRA(in).csv
2026-04-02 14:00:39,Good,69.98,34.8,0.348,69,71,March28Data_W_IRRA(in).csv
2026-04-02 14:00:41,Good,70.16,34.9,0.349,69,71,March28Data_W_IRRA(in).csv
2026-04-02 14:00:43,Good,69.98,34.8,0.348,69,71,March28Data_W_IRRA(in).csv
2026-04-02 14:00:45,Good,69.98,34.8,0.348,69,71,March28Data_W_IRRA(in).csv
2026-04-02 14:00:47,Good,69.98,34.8,0.348,69,71,March28Data_W_IRRA(in).csv
2026-04-02 14:00:49,Good,70.16,34.9,0.349,69,71,March28Data_W_IRRA(in).csv
2026-04-02 14:00:51,Good,70.16,34.9,0.349,69,71,March28Data_W_IRRA(in).csv
2026-04-02 14:00:53,Good,70.16,34.9,0.349,69,71,March28Data_W_IRRA(in).csv
2026-04-02 14:00:55,Good,69.98,34.8,0.348,69,71,March28Data_W_IRRA(in).csv
2026-04-02 14:00:57,Good,70.16,34.9,0.349,69,71,March28Data_W_IRRA(in).csv
2026-04-02 14:00:59,Good,69.98,34.8,0.348,69,71,March28Data_W_IRRA(in).csv
2026-04-02 14:01:01,Good,70.16,34.9,0.349,69,71,March28Data_W_IRRA(in).csv
2026-04-02 14:01:03,Good,70.16,34.9,0.349,69,71,March28Data_W_IRRA(in).csv
2026-04-02 14:01:05,Good,70.16,34.9,0.349,69,71,March28Data_W_IRRA(in).csv
2026-04-02 14:01:07,Good,69.98,34.8,0.348,69,71,March28Data_W_IRRA(in).csv
2026-04-02 14:01:10,Good,70.16,34.9,0.349,69,71,March28Data_W_IRRA(in).csv
2026-04-02 14:01:12,Good,70.16,34.9,0.349,69,71,March28Data_W_IRRA(in).csv
2026-04-02 14:01:14,Good,69.98,34.8,0.348,69,71,March28Data_W_IRRA(in).csv
2026-04-02 14:01:16,Good,70.16,34.9,0.349,69,71,March28Data_W_IRRA(in).csv
2026-04-02 14:01:18,Good,70.16,34.9,0.349,69,71,March28Data_W_IRRA(in).csv
2026-04-02 14:01:20,Good,69.98,34.8,0.348,69,71,March28Data_W_IRRA(in).csv
2026-04-02 14:01:22,Good,70.16,34.9,0.349,69,71,March28Data_W_IRRA(in).csv
2026-04-02 14:01:24,Good,70.16,34.8,0.348,69,71,March28Data_W_IRRA(in).csv
2026-04-02 14:01:26,Good,70.16,34.8,0.348,69,71,March28Data_W_IRRA(in).csv
2026-04-02 14:01:28,Good,70.16,34.8,0.348,69,71,March28Data_W_IRRA(in).csv
2026-04-02 14:01:30,Good,69.98,34.7,0.34700000000000003,69,71,March28Data_W_IRRA(in).csv
2026-04-02 14:01:32,Good,70.16,34.8,0.348,69,71,March28Data_W_IRRA(in).csv
2026-04-02 14:01:34,Good,70.16,34.8,0.348,69,71,March28Data_W_IRRA(in).csv
2026-04-02 14:01:36,Good,70.16,34.8,0.348,69,71,March28Data_W_IRRA(in).csv
2026-04-02 14:01:38,Good,70.16,34.8,0.348,69,71,March28Data_W_IRRA(in).csv
2026-04-02 14:01:40,Good,70.16,34.8,0.348,69,71,March28Data_W_IRRA(in).csv
2026-04-02 14:01:42,Good,70.16,34.8,0.348,69,71,March28Data_W_IRRA(in).csv
2026-04-02 14:01:44,Good,69.98,34.7,0.34700000000000003,69,71,March28Data_W_IRRA(in).csv
2026-04-02 14:01:46,Good,70.16,34.8,0.348,69,71,March28Data_W_IRRA(in).csv
2026-04-02 14:01:48,Good,70.16,34.8,0.348,69,71,March28Data_W_IRRA(in).csv
2026-04-02 14:01:50,Good,70.16,34.8,0.348,69,71,March28Data_W_IRRA(in).csv
2026-04-02 14:01:52,Good,70.16,34.8,0.348,69,71,March28Data_W_IRRA(in).csv
2026-04-02 14:01:54,Good,70.16,34.8,0.348,69,71,March28Data_W_IRRA(in).csv
2026-04-02 14:01:56,Good,69.98,34.7,0.34700000000000003,69,71,March28Data_W_IRRA(in).csv
2026-04-02 14:01:58,Good,70.16,34.8,0.348,69,71,March28Data_W_IRRA(in).csv
2026-04-02 14:02:00,Good,70.16,34.8,0.348,69,71,March28Data_W_IRRA(in).csv
2026-04-02 14:02:02,Good,70.16,34.8,0.348,69,71,March28Data_W_IRRA(in).csv
2026-04-02 14:02:05,Good,70.16,34.8,0.348,69,71,March28Data_W_IRRA(in).csv
2026-04-02 14:02:07,Good,69.98,34.6,0.34600000000000003,69,71,March28Data_W_IRRA(in).csv
2026-04-02 14:02:09,Good,70.16,34.8,0.348,69,71,March28Data_W_IRRA(in).csv
2026-04-02 14:02:11,Good,70.16,34.8,0.348,69,71,March28Data_W_IRRA(in).csv
2026-04-02 14:02:13,Good,70.16,34.8,0.348,69,71,March28Data_W_IRRA(in).csv
2026-04-02 14:02:15,Good,70.16,34.8,0.348,69,71,March28Data_W_IRRA(in).csv
2026-04-02 14:02:17,Good,69.98,34.6,0.34600000000000003,69,71,March28Data_W_IRRA(in).csv
2026-04-02 14:02:19,Good,69.98,34.6,0.34600000000000003,69,71,March28Data_W_IRRA(in).csv
2026-04-02 14:02:21,Good,70.16,34.7,0.34700000000000003,69,71,March28Data_W_IRRA(in).csv
2026-04-02 14:02:23,Good,70.16,34.7,0.34700000000000003,69,71,March28Data_W_IRRA(in).csv
2026-04-02 14:02:25,Good,70.16,34.7,0.34700000000000003,69,71,March28Data_W_IRRA(in).csv
2026-04-02 14:02:27,Good,69.98,34.6,0.34600000000000003,69,71,March28Data_W_IRRA(in).csv
2026-04-02 14:02:29,Good,70.16,34.7,0.34700000000000003,69,71,March28Data_W_IRRA(in).csv
2026-04-02 14:02:31,Good,70.16,34.7,0.34700000000000003,69,71,March28Data_W_IRRA(in).csv
2026-04-02 14:02:33,Good,69.98,34.6,0.34600000000000003,69,71,March28Data_W_IRRA(in).csv
2026-04-02 14:02:35,Good,70.16,34.7,0.34700000000000003,69,71,March28Data_W_IRRA(in).csv
2026-04-02 14:02:37,Good,70.16,34.7,0.34700000000000003,69,71,March28Data_W_IRRA(in).csv
2026-04-02 14:02:39,Good,70.16,34.7,0.34700000000000003,69,71,March28Data_W_IRRA(in).csv
2026-04-02 14:02:41,Good,69.98,34.6,0.34600000000000003,69,71,March28Data_W_IRRA(in).csv
2026-04-02 14:02:43,Good,69.98,34.6,0.34600000000000003,69,71,March28Data_W_IRRA(in).csv
2026-04-02 14:02:45,Good,70.16,34.7,0.34700000000000003,69,71,March28Data_W_IRRA(in).csv
2026-04-02 14:02:47,Good,69.98,34.6,0.34600000000000003,69,71,March28Data_W_IRRA(in).csv
2026-04-02 14:02:49,Good,70.16,34.7,0.34700000000000003,69,71,March28Data_W_IRRA(in).csv
2026-04-02 14:02:51,Good,70.16,34.7,0.34700000000000003,69,71,March28Data_W_IRRA(in).csv
2026-04-02 14:02:53,Good,69.98,34.7,0.34700000000000003,69,71,March28Data_W_IRRA(in).csv
2026-04-02 14:02:55,Good,70.16,34.8,0.348,69,71,March28Data_W_IRRA(in).csv
2026-04-02 14:02:58,Good,69.98,34.8,0.348,69,71,March28Data_W_IRRA(in).csv
2026-04-02 14:03:00,Good,69.98,34.8,0.348,69,71,March28Data_W_IRRA(in).csv
2026-04-02 14:03:02,Good,70.16,34.9,0.349,69,71,March28Data_W_IRRA(in).csv
2026-04-02 14:03:04,Good,70.16,34.9,0.349,69,71,March28Data_W_IRRA(in).csv
2026-04-02 14:03:06,Good,70.16,34.9,0.349,70,71,March28Data_W_IRRA(in).csv
2026-04-02 14:03:08,Good,70.16,35.0,0.35,69,71,March28Data_W_IRRA(in).csv
2026-04-02 14:03:10,Good,70.16,35.0,0.35,70,71,March28Data_W_IRRA(in).csv
2026-04-02 14:03:12,Good,70.16,35.1,0.35100000000000003,69,71,March28Data_W_IRRA(in).csv
2026-04-04 18:37:55,Good,74.84,42.0,0.42,74,73,April4_9_10(April4_9_10).csv
2026-04-04 18:37:57,Hot,74.84,43.3,0.433,74,73,April4_9_10(April4_9_10).csv
2026-04-04 18:37:59,Hot,74.84,43.3,0.433,74,73,April4_9_10(April4_9_10).csv
2026-04-04 18:38:01,Hot,75.02,43.3,0.433,74,73,April4_9_10(April4_9_10).csv
2026-04-04 18:38:03,Hot,74.66,43.1,0.431,74,73,April4_9_10(April4_9_10).csv
2026-04-04 18:38:05,Hot,74.66,43.0,0.43,74,73,April4_9_10(April4_9_10).csv
2026-04-04 18:38:07,Hot,74.84,43.0,0.43,74,73,April4_9_10(April4_9_10).csv
2026-04-04 18:38:10,Hot,74.84,43.0,0.43,74,73,April4_9_10(April4_9_10).csv
2026-04-04 18:38:12,Hot,74.84,43.0,0.43,74,73,April4_9_10(April4_9_10).csv
2026-04-04 18:38:14,Hot,74.84,43.1,0.431,74,73,April4_9_10(April4_9_10).csv
2026-04-04 18:38:16,Hot,74.84,43.1,0.431,74,73,April4_9_10(April4_9_10).csv
2026-04-04 18:38:18,Hot,75.02,43.3,0.433,74,73,April4_9_10(April4_9_10).csv
2026-04-04 18:38:20,Hot,74.84,43.2,0.43200000000000005,74,73,April4_9_10(April4_9_10).csv
2026-04-04 18:38:22,Hot,74.84,43.3,0.433,74,73,April4_9_10(April4_9_10).csv
2026-04-04 18:38:24,Hot,74.84,43.3,0.433,74,74,April4_9_10(April4_9_10).csv
2026-04-04 18:38:26,Hot,74.84,43.2,0.43200000000000005,74,73,April4_9_10(April4_9_10).csv
2026-04-04 18:38:28,Hot,75.02,43.3,0.433,74,74,April4_9_10(April4_9_10).csv
2026-04-04 18:38:30,Hot,74.84,43.2,0.43200000000000005,74,74,April4_9_10(April4_9_10).csv
2026-04-04 18:38:32,Hot,74.84,43.1,0.431,74,73,April4_9_10(April4_9_10).csv
2026-04-04 18:38:34,Hot,74.84,43.0,0.43,74,74,April4_9_10(April4_9_10).csv
2026-04-04 18:38:36,Hot,74.84,42.9,0.429,74,74,April4_9_10(April4_9_10).csv
2026-04-04 18:38:38,Hot,75.02,42.9,0.429,74,74,April4_9_10(April4_9_10).csv
2026-04-04 18:38:40,Hot,74.84,42.7,0.42700000000000005,74,74,April4_9_10(April4_9_10).csv
2026-04-04 18:38:42,Hot,75.02,42.7,0.42700000000000005,74,74,April4_9_10(April4_9_10).csv
2026-04-04 18:38:44,Hot,74.84,42.5,0.425,74,74,April4_9_10(April4_9_10).csv
2026-04-04 18:38:46,Hot,74.84,42.5,0.425,74,74,April4_9_10(April4_9_10).csv
2026-04-04 18:38:48,Hot,74.84,42.6,0.426,74,74,April4_9_10(April4_9_10).csv
2026-04-04 18:38:50,Hot,74.84,42.7,0.42700000000000005,74,74,April4_9_10(April4_9_10).csv
2026-04-04 18:38:52,Hot,75.02,42.9,0.429,74,74,April4_9_10(April4_9_10).csv
2026-04-04 18:38:54,Hot,75.02,43.0,0.43,74,74,April4_9_10(April4_9_10).csv
2026-04-04 18:38:56,Hot,75.02,43.1,0.431,74,74,April4_9_10(April4_9_10).csv
2026-04-04 18:38:58,Hot,75.02,43.2,0.43200000000000005,74,74,April4_9_10(April4_9_10).csv
2026-04-04 18:39:00,Hot,75.02,43.2,0.43200000000000005,74,74,April4_9_10(April4_9_10).csv
2026-04-04 18:39:02,Hot,74.84,43.2,0.43200000000000005,74,74,April4_9_10(April4_9_10).csv
2026-04-04 18:39:04,Hot,75.02,43.4,0.434,74,74,April4_9_10(April4_9_10).csv
2026-04-04 18:39:06,Hot,75.02,43.4,0.434,74,74,April4_9_10(April4_9_10).csv
2026-04-04 18:39:08,Hot,75.02,43.4,0.434,74,74,April4_9_10(April4_9_10).csv
2026-04-04 18:39:10,Hot,75.02,43.4,0.434,74,74,April4_9_10(April4_9_10).csv
2026-04-04 18:39:13,Hot,75.02,43.4,0.434,74,74,April4_9_10(April4_9_10).csv
2026-04-04 18:39:15,Hot,75.02,43.3,0.433,74,74,April4_9_10(April4_9_10).csv
2026-04-04 18:39:17,Hot,75.02,43.3,0.433,74,74,April4_9_10(April4_9_10).csv
2026-04-04 18:39:19,Hot,75.02,43.3,0.433,74,74,April4_9_10(April4_9_10).csv
2026-04-04 18:39:21,Hot,75.2,43.5,0.435,74,74,April4_9_10(April4_9_10).csv
2026-04-04 18:39:23,Hot,75.02,43.5,0.435,74,74,April4_9_10(April4_9_10).csv
2026-04-04 18:39:25,Hot,75.02,43.5,0.435,74,74,April4_9_10(April4_9_10).csv
2026-04-04 18:39:27,Hot,75.02,43.6,0.436,74,74,April4_9_10(April4_9_10).csv
2026-04-04 18:39:29,Hot,75.02,43.7,0.43700000000000006,74,74,April4_9_10(April4_9_10).csv
2026-04-04 18:39:31,Hot,75.02,43.7,0.43700000000000006,74,74,April4_9_10(April4_9_10).csv
2026-04-04 18:39:33,Hot,75.02,43.8,0.43799999999999994,74,74,April4_9_10(April4_9_10).csv
2026-04-04 18:39:35,Hot,75.2,43.9,0.439,74,74,April4_9_10(April4_9_10).csv
2026-04-04 18:39:37,Hot,75.02,43.8,0.43799999999999994,74,74,April4_9_10(April4_9_10).csv
2026-04-04 18:39:39,Hot,75.2,44.0,0.44,74,74,April4_9_10(April4_9_10).csv
2026-04-04 18:39:41,Hot,75.02,43.9,0.439,74,74,April4_9_10(April4_9_10).csv
2026-04-04 18:39:43,Hot,75.02,44.0,0.44,74,74,April4_9_10(April4_9_10).csv
2026-04-04 18:39:45,Hot,75.02,44.0,0.44,74,74,April4_9_10(April4_9_10).csv
2026-04-04 18:39:47,Hot,75.02,44.1,0.441,74,74,April4_9_10(April4_9_10).csv
2026-04-04 18:39:49,Hot,75.02,44.1,0.441,74,74,April4_9_10(April4_9_10).csv
2026-04-04 18:39:51,Hot,75.2,44.2,0.442,74,74,April4_9_10(April4_9_10).csv
2026-04-04 18:39:53,Hot,75.02,44.2,0.442,74,74,April4_9_10(April4_9_10).csv
2026-04-04 18:39:55,Hot,75.02,44.2,0.442,74,74,April4_9_10(April4_9_10).csv
2026-04-04 18:39:57,Hot,75.02,44.2,0.442,74,74,April4_9_10(April4_9_10).csv
2026-04-04 18:39:59,Hot,75.02,44.2,0.442,74,74,April4_9_10(April4_9_10).csv
2026-04-04 18:40:01,Hot,75.02,44.2,0.442,74,74,April4_9_10(April4_9_10).csv
2026-04-04 18:40:03,Hot,75.02,44.2,0.442,74,74,April4_9_10(April4_9_10).csv
2026-04-04 18:40:05,Hot,75.2,44.3,0.44299999999999995,74,74,April4_9_10(April4_9_10).csv
2026-04-04 18:40:07,Hot,75.02,44.2,0.442,74,74,April4_9_10(April4_9_10).csv
2026-04-04 18:40:09,Hot,75.02,44.3,0.44299999999999995,74,74,April4_9_10(April4_9_10).csv
2026-04-04 18:40:11,Hot,75.02,44.3,0.44299999999999995,74,74,April4_9_10(April4_9_10).csv
2026-04-04 18:40:14,Hot,75.02,44.3,0.44299999999999995,74,74,April4_9_10(April4_9_10).csv
2026-04-04 18:40:16,Hot,75.02,44.3,0.44299999999999995,74,74,April4_9_10(April4_9_10).csv
2026-04-04 18:40:18,Hot,75.02,44.3,0.44299999999999995,74,74,April4_9_10(April4_9_10).csv
2026-04-04 18:40:20,Hot,75.02,44.3,0.44299999999999995,74,74,April4_9_10(April4_9_10).csv
2026-04-04 18:40:22,Hot,75.02,44.3,0.44299999999999995,74,74,April4_9_10(April4_9_10).csv
2026-04-04 18:40:24,Hot,75.2,44.4,0.444,74,74,April4_9_10(April4_9_10).csv
2026-04-04 18:40:26,Hot,75.2,44.4,0.444,74,74,April4_9_10(April4_9_10).csv
2026-04-04 18:40:28,Hot,75.02,44.3,0.44299999999999995,74,74,April4_9_10(April4_9_10).csv
2026-04-04 18:40:30,Hot,75.2,44.3,0.44299999999999995,74,74,April4_9_10(April4_9_10).csv
2026-04-04 18:40:32,Hot,75.02,44.1,0.441,74,74,April4_9_10(April4_9_10).csv
2026-04-04 18:40:34,Hot,75.2,44.0,0.44,74,74,April4_9_10(April4_9_10).csv
2026-04-04 18:40:36,Hot,75.2,44.0,0.44,74,74,April4_9_10(April4_9_10).csv
2026-04-04 18:40:38,Hot,75.2,44.0,0.44,74,74,April4_9_10(April4_9_10).csv
2026-04-04 18:40:40,Hot,75.2,44.0,0.44,74,74,April4_9_10(April4_9_10).csv
2026-04-04 18:40:42,Hot,75.2,44.1,0.441,74,74,April4_9_10(April4_9_10).csv
2026-04-04 18:40:44,Hot,75.2,44.1,0.441,74,74,April4_9_10(April4_9_10).csv
2026-04-04 18:40:46,Hot,75.2,44.1,0.441,74,74,April4_9_10(April4_9_10).csv
2026-04-04 18:40:48,Hot,75.2,44.2,0.442,74,74,April4_9_10(April4_9_10).csv
2026-04-04 18:40:50,Hot,75.02,44.1,0.441,74,74,April4_9_10(April4_9_10).csv
2026-04-04 18:40:52,Hot,75.02,44.1,0.441,74,74,April4_9_10(April4_9_10).csv
2026-04-04 18:40:54,Hot,75.2,44.2,0.442,74,74,April4_9_10(April4_9_10).csv
2026-04-04 18:40:56,Hot,75.2,44.2,0.442,74,74,April4_9_10(April4_9_10).csv
2026-04-04 18:40:58,Hot,75.02,44.1,0.441,74,74,April4_9_10(April4_9_10).csv
2026-04-04 18:41:00,Hot,75.02,44.2,0.442,74,74,April4_9_10(April4_9_10).csv
2026-04-04 18:41:02,Hot,75.2,44.3,0.44299999999999995,74,74,April4_9_10(April4_9_10).csv
2026-04-04 18:41:04,Hot,75.02,44.2,0.442,74,74,April4_9_10(April4_9_10).csv
2026-04-04 18:41:06,Hot,75.2,44.4,0.444,74,74,April4_9_10(April4_9_10).csv
2026-04-04 18:41:08,Hot,75.2,44.4,0.444,74,74,April4_9_10(April4_9_10).csv
2026-04-04 18:41:10,Hot,75.02,44.3,0.44299999999999995,74,74,April4_9_10(April4_9_10).csv
2026-04-04 18:41:12,Hot,75.2,44.4,0.444,74,74,April4_9_10(April4_9_10).csv
2026-04-04 18:41:15,Hot,75.2,44.4,0.444,74,74,April4_9_10(April4_9_10).csv
2026-04-04 18:41:17,Hot,75.38,44.5,0.445,74,74,April4_9_10(April4_9_10).csv
2026-04-04 18:41:19,Hot,75.02,44.3,0.44299999999999995,74,74,April4_9_10(April4_9_10).csv
2026-04-04 18:41:21,Hot,75.02,44.3,0.44299999999999995,74,74,April4_9_10(April4_9_10).csv
2026-04-04 18:41:23,Hot,75.2,44.4,0.444,74,74,April4_9_10(April4_9_10).csv
2026-04-04 18:41:25,Hot,75.2,44.4,0.444,74,74,April4_9_10(April4_9_10).csv
2026-04-04 18:41:27,Hot,75.02,44.4,0.444,74,74,April4_9_10(April4_9_10).csv
2026-04-04 18:41:29,Hot,75.2,44.4,0.444,74,74,April4_9_10(April4_9_10).csv
2026-04-04 18:41:31,Hot,75.2,44.4,0.444,74,74,April4_9_10(April4_9_10).csv
2026-04-04 18:41:33,Hot,75.2,44.4,0.444,74,74,April4_9_10(April4_9_10).csv
2026-04-04 18:41:35,Hot,75.2,44.4,0.444,74,74,April4_9_10(April4_9_10).csv
2026-04-04 18:41:37,Hot,75.2,44.4,0.444,74,74,April4_9_10(April4_9_10).csv
2026-04-04 18:41:39,Hot,75.2,44.4,0.444,74,74,April4_9_10(April4_9_10).csv
2026-04-04 18:41:41,Hot,75.2,44.4,0.444,74,74,April4_9_10(April4_9_10).csv
2026-04-04 18:41:43,Hot,75.2,44.4,0.444,74,74,April4_9_10(April4_9_10).csv
2026-04-04 18:41:45,Hot,75.2,44.4,0.444,74,74,April4_9_10(April4_9_10).csv
2026-04-04 18:41:47,Hot,75.2,44.4,0.444,74,74,April4_9_10(April4_9_10).csv
2026-04-04 18:41:49,Hot,75.2,44.3,0.44299999999999995,74,74,April4_9_10(April4_9_10).csv
2026-04-04 18:41:51,Hot,75.2,44.3,0.44299999999999995,74,74,April4_9_10(April4_9_10).csv
2026-04-04 18:41:53,Hot,75.2,44.2,0.442,74,74,April4_9_10(April4_9_10).csv
2026-04-04 18:41:55,Hot,75.2,44.2,0.442,74,74,April4_9_10(April4_9_10).csv
2026-04-04 18:41:57,Hot,75.2,44.2,0.442,74,74,April4_9_10(April4_9_10).csv
2026-04-04 18:41:59,Hot,75.38,44.3,0.44299999999999995,74,74,April4_9_10(April4_9_10).csv
2026-04-04 18:42:01,Hot,75.2,44.2,0.442,74,74,April4_9_10(April4_9_10).csv
2026-04-04 18:42:03,Hot,75.2,44.2,0.442,74,74,April4_9_10(April4_9_10).csv
2026-04-04 18:42:05,Hot,75.2,44.3,0.44299999999999995,74,74,April4_9_10(April4_9_10).csv
2026-04-04 18:42:07,Hot,75.2,44.3,0.44299999999999995,74,74,April4_9_10(April4_9_10).csv
2026-04-04 18:42:09,Hot,75.2,44.3,0.44299999999999995,74,74,April4_9_10(April4_9_10).csv
2026-04-04 18:42:11,Hot,75.2,44.3,0.44299999999999995,74,74,April4_9_10(April4_9_10).csv
2026-04-04 18:42:13,Hot,75.2,44.2,0.442,74,74,April4_9_10(April4_9_10).csv
2026-04-04 18:42:16,Hot,75.2,44.2,0.442,74,74,April4_9_10(April4_9_10).csv
2026-04-04 18:42:18,Hot,75.2,44.2,0.442,74,74,April4_9_10(April4_9_10).csv
2026-04-04 18:42:20,Hot,75.2,44.2,0.442,74,74,April4_9_10(April4_9_10).csv
2026-04-04 18:42:22,Hot,75.38,44.3,0.44299999999999995,74,74,April4_9_10(April4_9_10).csv
2026-04-04 18:42:24,Hot,75.2,44.3,0.44299999999999995,74,74,April4_9_10(April4_9_10).csv
2026-04-04 18:42:26,Hot,75.2,44.3,0.44299999999999995,74,74,April4_9_10(April4_9_10).csv
2026-04-04 18:42:28,Hot,75.2,44.2,0.442,74,74,April4_9_10(April4_9_10).csv
2026-04-04 18:42:30,Hot,75.2,44.2,0.442,74,74,April4_9_10(April4_9_10).csv
2026-04-04 18:42:32,Hot,75.38,44.3,0.44299999999999995,74,74,April4_9_10(April4_9_10).csv
2026-04-04 18:42:34,Hot,75.2,44.2,0.442,74,74,April4_9_10(April4_9_10).csv
2026-04-04 18:42:36,Hot,75.38,44.2,0.442,74,74,April4_9_10(April4_9_10).csv
2026-04-04 18:42:38,Hot,75.38,44.2,0.442,74,74,April4_9_10(April4_9_10).csv
2026-04-04 18:42:40,Hot,75.2,44.1,0.441,74,74,April4_9_10(April4_9_10).csv
2026-04-04 18:42:42,Hot,75.2,44.1,0.441,74,74,April4_9_10(April4_9_10).csv
2026-04-04 18:42:44,Hot,75.2,44.2,0.442,74,74,April4_9_10(April4_9_10).csv
2026-04-04 18:42:46,Hot,75.2,44.2,0.442,74,74,April4_9_10(April4_9_10).csv
2026-04-04 18:42:48,Hot,75.38,44.2,0.442,74,74,April4_9_10(April4_9_10).csv
2026-04-04 18:42:50,Hot,75.38,44.1,0.441,74,74,April4_9_10(April4_9_10).csv
2026-04-04 18:42:52,Hot,75.38,44.1,0.441,74,74,April4_9_10(April4_9_10).csv
2026-04-04 18:42:54,Hot,75.38,44.1,0.441,74,74,April4_9_10(April4_9_10).csv
2026-04-04 18:42:56,Hot,75.38,44.0,0.44,74,74,April4_9_10(April4_9_10).csv
2026-04-04 18:42:58,Hot,75.38,44.0,0.44,74,74,April4_9_10(April4_9_10).csv
2026-04-04 18:43:00,Hot,75.38,44.0,0.44,74,74,April4_9_10(April4_9_10).csv
2026-04-04 18:43:02,Hot,75.38,44.0,0.44,74,74,April4_9_10(April4_9_10).csv
2026-04-04 18:43:04,Hot,75.38,44.0,0.44,74,74,April4_9_10(April4_9_10).csv
2026-04-04 18:43:06,Hot,75.38,44.0,0.44,74,74,April4_9_10(April4_9_10).csv
2026-04-04 18:43:08,Hot,75.2,43.9,0.439,74,74,April4_9_10(April4_9_10).csv
2026-04-04 18:43:10,Hot,75.38,43.9,0.439,74,74,April4_9_10(April4_9_10).csv
2026-04-04 18:43:12,Hot,75.38,44.0,0.44,74,74,April4_9_10(April4_9_10).csv
2026-04-04 18:43:14,Hot,75.38,44.0,0.44,74,74,April4_9_10(April4_9_10).csv
2026-04-04 18:43:17,Hot,75.38,44.0,0.44,74,74,April4_9_10(April4_9_10).csv
2026-04-04 18:43:19,Hot,75.2,43.9,0.439,74,74,April4_9_10(April4_9_10).csv
2026-04-04 18:43:21,Hot,75.2,44.0,0.44,74,74,April4_9_10(April4_9_10).csv
2026-04-04 18:43:23,Hot,75.38,44.0,0.44,74,75,April4_9_10(April4_9_10).csv
2026-04-04 18:43:25,Hot,75.2,44.0,0.44,74,74,April4_9_10(April4_9_10).csv
2026-04-04 18:43:27,Hot,75.38,44.0,0.44,74,74,April4_9_10(April4_9_10).csv
2026-04-04 18:43:29,Hot,75.38,44.0,0.44,74,74,April4_9_10(April4_9_10).csv
2026-04-04 18:43:31,Hot,75.38,44.0,0.44,74,74,April4_9_10(April4_9_10).csv
2026-04-04 18:43:33,Hot,75.38,44.0,0.44,74,74,April4_9_10(April4_9_10).csv
2026-04-04 18:43:35,Hot,75.38,43.9,0.439,74,74,April4_9_10(April4_9_10).csv
2026-04-04 18:43:37,Hot,75.38,43.9,0.439,74,74,April4_9_10(April4_9_10).csv
2026-04-04 18:43:39,Hot,75.38,43.9,0.439,74,74,April4_9_10(April4_9_10).csv
2026-04-04 18:43:41,Hot,75.38,43.8,0.43799999999999994,74,74,April4_9_10(April4_9_10).csv
2026-04-04 18:43:43,Hot,75.38,43.8,0.43799999999999994,74,74,April4_9_10(April4_9_10).csv
2026-04-04 18:43:45,Hot,75.38,43.8,0.43799999999999994,74,74,April4_9_10(April4_9_10).csv
2026-04-04 18:43:47,Hot,75.38,43.8,0.43799999999999994,74,74,April4_9_10(April4_9_10).csv
2026-04-04 18:43:49,Hot,75.38,43.8,0.43799999999999994,74,74,April4_9_10(April4_9_10).csv
2026-04-04 18:43:51,Hot,75.38,43.8,0.43799999999999994,74,74,April4_9_10(April4_9_10).csv
2026-04-04 18:43:53,Hot,75.38,43.8,0.43799999999999994,74,74,April4_9_10(April4_9_10).csv
2026-04-04 18:43:55,Hot,75.38,43.8,0.43799999999999994,74,75,April4_9_10(April4_9_10).csv
2026-04-04 18:43:57,Hot,75.38,43.8,0.43799999999999994,74,74,April4_9_10(April4_9_10).csv
2026-04-04 18:43:59,Hot,75.2,43.8,0.43799999999999994,74,74,April4_9_10(April4_9_10).csv
2026-04-04 18:44:01,Hot,75.38,43.8,0.43799999999999994,74,74,April4_9_10(April4_9_10).csv
2026-04-04 18:44:03,Hot,75.38,43.8,0.43799999999999994,74,75,April4_9_10(April4_9_10).csv
2026-04-04 18:44:05,Hot,75.2,43.8,0.43799999999999994,74,75,April4_9_10(April4_9_10).csv
2026-04-04 18:44:07,Hot,75.38,43.8,0.43799999999999994,74,74,April4_9_10(April4_9_10).csv
2026-04-04 18:44:09,Hot,75.38,43.8,0.43799999999999994,74,75,April4_9_10(April4_9_10).csv
2026-04-04 18:44:11,Hot,75.38,43.8,0.43799999999999994,74,74,April4_9_10(April4_9_10).csv
2026-04-04 18:44:13,Hot,75.38,43.8,0.43799999999999994,74,75,April4_9_10(April4_9_10).csv
2026-04-04 18:44:15,Hot,75.38,43.8,0.43799999999999994,74,75,April4_9_10(April4_9_10).csv
2026-04-04 18:44:18,Hot,75.38,43.8,0.43799999999999994,74,74,April4_9_10(April4_9_10).csv
2026-04-04 18:44:20,Hot,75.38,43.7,0.43700000000000006,74,74,April4_9_10(April4_9_10).csv
2026-04-04 18:44:22,Hot,75.38,43.8,0.43799999999999994,74,74,April4_9_10(April4_9_10).csv
2026-04-04 18:44:24,Hot,75.38,43.8,0.43799999999999994,74,75,April4_9_10(April4_9_10).csv
2026-04-04 18:44:26,Hot,75.38,43.7,0.43700000000000006,74,74,April4_9_10(April4_9_10).csv
2026-04-04 18:44:28,Hot,75.2,43.6,0.436,74,75,April4_9_10(April4_9_10).csv
2026-04-04 18:44:30,Hot,75.38,43.7,0.43700000000000006,74,75,April4_9_10(April4_9_10).csv
2026-04-04 18:44:32,Hot,75.2,43.6,0.436,74,74,April4_9_10(April4_9_10).csv
2026-04-04 18:44:34,Hot,75.38,43.7,0.43700000000000006,74,74,April4_9_10(April4_9_10).csv
2026-04-04 18:44:36,Hot,75.38,43.7,0.43700000000000006,74,74,April4_9_10(April4_9_10).csv
2026-04-04 18:44:38,Hot,75.38,43.7,0.43700000000000006,74,75,April4_9_10(April4_9_10).csv
2026-04-04 18:44:40,Hot,75.38,43.7,0.43700000000000006,74,74,April4_9_10(April4_9_10).csv
2026-04-04 18:44:42,Hot,75.2,43.5,0.435,74,75,April4_9_10(April4_9_10).csv
2026-04-04 18:44:44,Hot,75.2,43.5,0.435,74,74,April4_9_10(April4_9_10).csv
2026-04-04 18:44:46,Hot,75.38,43.6,0.436,74,75,April4_9_10(April4_9_10).csv
2026-04-04 18:44:48,Hot,75.38,43.6,0.436,74,75,April4_9_10(April4_9_10).csv
2026-04-04 18:44:50,Hot,75.2,43.5,0.435,74,75,April4_9_10(April4_9_10).csv
2026-04-04 18:44:52,Hot,75.2,43.6,0.436,74,75,April4_9_10(April4_9_10).csv
2026-04-04 18:44:54,Hot,75.38,43.7,0.43700000000000006,74,74,April4_9_10(April4_9_10).csv
2026-04-04 18:44:56,Hot,75.38,43.6,0.436,74,75,April4_9_10(April4_9_10).csv
2026-04-04 18:44:58,Hot,75.38,43.7,0.43700000000000006,74,75,April4_9_10(April4_9_10).csv
2026-04-04 18:45:00,Hot,75.2,43.6,0.436,74,75,April4_9_10(April4_9_10).csv
2026-04-04 18:45:02,Hot,75.38,43.7,0.43700000000000006,74,75,April4_9_10(April4_9_10).csv
2026-04-04 18:45:04,Hot,75.38,43.6,0.436,74,74,April4_9_10(April4_9_10).csv
2026-04-04 18:45:06,Hot,75.38,43.6,0.436,74,75,April4_9_10(April4_9_10).csv
2026-04-04 18:45:08,Hot,75.38,43.6,0.436,74,75,April4_9_10(April4_9_10).csv
2026-04-04 18:45:10,Hot,75.38,43.6,0.436,74,74,April4_9_10(April4_9_10).csv
2026-04-04 18:45:12,Hot,75.38,43.7,0.43700000000000006,74,75,April4_9_10(April4_9_10).csv
2026-04-04 18:45:14,Hot,75.2,43.4,0.434,74,75,April4_9_10(April4_9_10).csv
2026-04-04 18:45:16,Hot,75.38,43.5,0.435,74,75,April4_9_10(April4_9_10).csv
2026-04-04 18:45:19,Hot,75.2,43.4,0.434,74,75,April4_9_10(April4_9_10).csv
2026-04-04 18:45:21,Hot,75.38,43.5,0.435,74,75,April4_9_10(April4_9_10).csv
2026-04-04 18:45:23,Hot,75.2,43.3,0.433,74,75,April4_9_10(April4_9_10).csv
2026-04-04 18:45:25,Hot,75.38,43.3,0.433,74,75,April4_9_10(April4_9_10).csv
2026-04-04 18:45:27,Hot,75.38,43.3,0.433,74,74,April4_9_10(April4_9_10).csv
2026-04-04 18:45:29,Hot,75.38,43.3,0.433,74,75,April4_9_10(April4_9_10).csv
2026-04-04 18:45:31,Hot,75.38,43.2,0.43200000000000005,74,75,April4_9_10(April4_9_10).csv
2026-04-04 18:45:33,Hot,75.38,43.2,0.43200000000000005,74,75,April4_9_10(April4_9_10).csv
2026-04-04 18:45:35,Hot,75.38,43.2,0.43200000000000005,74,75,April4_9_10(April4_9_10).csv
2026-04-04 18:45:37,Hot,75.2,43.2,0.43200000000000005,74,75,April4_9_10(April4_9_10).csv
2026-04-04 18:45:39,Hot,75.38,43.3,0.433,74,74,April4_9_10(April4_9_10).csv
2026-04-04 18:45:41,Hot,75.38,43.3,0.433,74,75,April4_9_10(April4_9_10).csv
2026-04-04 18:45:43,Hot,75.38,43.3,0.433,74,75,April4_9_10(April4_9_10).csv
2026-04-04 18:45:45,Hot,75.38,43.3,0.433,74,74,April4_9_10(April4_9_10).csv
2026-04-04 18:45:47,Hot,75.38,43.3,0.433,74,75,April4_9_10(April4_9_10).csv
2026-04-04 18:45:49,Hot,75.2,43.2,0.43200000000000005,74,75,April4_9_10(April4_9_10).csv
2026-04-04 18:45:51,Hot,75.38,43.4,0.434,74,75,April4_9_10(April4_9_10).csv
2026-04-04 18:45:53,Hot,75.38,43.3,0.433,74,75,April4_9_10(April4_9_10).csv
2026-04-04 18:45:55,Hot,75.2,43.2,0.43200000000000005,74,75,April4_9_10(April4_9_10).csv
2026-04-04 18:45:57,Hot,75.38,43.3,0.433,74,75,April4_9_10(April4_9_10).csv
2026-04-04 18:45:59,Hot,75.38,43.4,0.434,74,75,April4_9_10(April4_9_10).csv
2026-04-04 18:46:01,Hot,75.38,43.4,0.434,74,75,April4_9_10(April4_9_10).csv
2026-04-04 18:46:03,Hot,75.38,43.4,0.434,74,75,April4_9_10(April4_9_10).csv
2026-04-04 18:46:05,Hot,75.38,43.4,0.434,74,74,April4_9_10(April4_9_10).csv
2026-04-04 18:46:07,Hot,75.38,43.4,0.434,74,75,April4_9_10(April4_9_10).csv
2026-04-04 18:46:09,Hot,75.2,43.3,0.433,74,75,April4_9_10(April4_9_10).csv
2026-04-04 18:46:11,Hot,75.38,43.3,0.433,74,75,April4_9_10(April4_9_10).csv
2026-04-04 18:46:13,Hot,75.38,43.3,0.433,74,75,April4_9_10(April4_9_10).csv
2026-04-04 18:46:15,Hot,75.38,43.3,0.433,74,75,April4_9_10(April4_9_10).csv
2026-04-04 18:46:17,Hot,75.38,43.3,0.433,74,75,April4_9_10(April4_9_10).csv
2026-04-04 18:46:20,Hot,75.38,43.3,0.433,74,75,April4_9_10(April4_9_10).csv
2026-04-04 18:46:22,Hot,75.38,43.3,0.433,74,75,April4_9_10(April4_9_10).csv
2026-04-04 18:46:24,Hot,75.38,43.4,0.434,74,75,April4_9_10(April4_9_10).csv
2026-04-04 18:46:26,Hot,75.38,43.3,0.433,74,75,April4_9_10(April4_9_10).csv
2026-04-04 18:46:28,Hot,75.38,43.2,0.43200000000000005,74,75,April4_9_10(April4_9_10).csv
2026-04-04 18:46:30,Hot,75.38,43.2,0.43200000000000005,74,75,April4_9_10(April4_9_10).csv
2026-04-04 18:46:32,Hot,75.2,43.0,0.43,74,75,April4_9_10(April4_9_10).csv
2026-04-04 18:46:34,Hot,75.38,43.1,0.431,74,75,April4_9_10(April4_9_10).csv
2026-04-04 18:46:36,Hot,75.38,43.2,0.43200000000000005,74,75,April4_9_10(April4_9_10).csv
2026-04-04 18:46:38,Hot,75.2,43.1,0.431,74,75,April4_9_10(April4_9_10).csv
2026-04-04 18:46:40,Hot,75.38,43.2,0.43200000000000005,74,75,April4_9_10(April4_9_10).csv
2026-04-04 18:46:42,Hot,75.38,43.2,0.43200000000000005,74,75,April4_9_10(April4_9_10).csv
2026-04-04 18:46:44,Hot,75.38,43.2,0.43200000000000005,74,75,April4_9_10(April4_9_10).csv
2026-04-04 18:46:46,Hot,75.38,43.2,0.43200000000000005,74,75,April4_9_10(April4_9_10).csv
2026-04-04 18:46:48,Hot,75.38,43.2,0.43200000000000005,74,75,April4_9_10(April4_9_10).csv
2026-04-04 18:46:50,Hot,75.2,43.1,0.431,74,75,April4_9_10(April4_9_10).csv
2026-04-04 18:46:52,Hot,75.38,43.2,0.43200000000000005,74,75,April4_9_10(April4_9_10).csv
2026-04-04 18:46:54,Hot,75.2,43.1,0.431,74,75,April4_9_10(April4_9_10).csv
2026-04-04 18:46:56,Hot,75.2,43.1,0.431,74,75,April4_9_10(April4_9_10).csv
2026-04-04 18:46:58,Hot,75.38,43.2,0.43200000000000005,74,75,April4_9_10(April4_9_10).csv
2026-04-04 18:47:00,Hot,75.38,43.2,0.43200000000000005,74,75,April4_9_10(April4_9_10).csv
2026-04-04 18:47:02,Hot,75.2,43.1,0.431,74,75,April4_9_10(April4_9_10).csv
2026-04-04 18:47:04,Hot,75.38,43.3,0.433,74,75,April4_9_10(April4_9_10).csv
2026-04-04 18:47:06,Hot,75.2,43.2,0.43200000000000005,74,75,April4_9_10(April4_9_10).csv
2026-04-04 18:47:08,Hot,75.38,43.3,0.433,74,75,April4_9_10(April4_9_10).csv
2026-04-04 18:47:10,Hot,75.38,43.3,0.433,74,75,April4_9_10(April4_9_10).csv
2026-04-04 18:47:12,Hot,75.38,43.3,0.433,74,75,April4_9_10(April4_9_10).csv
2026-04-04 18:47:14,Hot,75.38,43.3,0.433,74,75,April4_9_10(April4_9_10).csv
2026-04-04 18:47:16,Hot,75.38,43.3,0.433,74,75,April4_9_10(April4_9_10).csv
2026-04-04 18:47:18,Hot,75.38,43.2,0.43200000000000005,74,75,April4_9_10(April4_9_10).csv
2026-04-04 18:47:21,Hot,75.38,43.2,0.43200000000000005,74,75,April4_9_10(April4_9_10).csv
2026-04-04 18:47:23,Hot,75.2,43.1,0.431,74,75,April4_9_10(April4_9_10).csv
2026-04-04 18:47:25,Hot,75.38,43.1,0.431,74,75,April4_9_10(April4_9_10).csv
2026-04-04 18:47:27,Hot,75.2,43.0,0.43,74,75,April4_9_10(April4_9_10).csv
2026-04-04 18:47:29,Hot,75.38,43.1,0.431,74,75,April4_9_10(April4_9_10).csv
2026-04-04 18:47:31,Hot,75.2,43.0,0.43,74,75,April4_9_10(April4_9_10).csv
2026-04-04 18:47:33,Hot,75.38,43.1,0.431,74,75,April4_9_10(April4_9_10).csv
2026-04-04 18:47:35,Hot,75.2,43.0,0.43,74,75,April4_9_10(April4_9_10).csv
2026-04-04 18:47:37,Hot,75.38,43.1,0.431,74,75,April4_9_10(April4_9_10).csv
2026-04-04 18:47:39,Hot,75.38,43.1,0.431,74,75,April4_9_10(April4_9_10).csv
2026-04-04 18:47:41,Hot,75.38,43.0,0.43,74,75,April4_9_10(April4_9_10).csv
2026-04-04 18:47:43,Hot,75.38,42.9,0.429,74,75,April4_9_10(April4_9_10).csv
2026-04-04 18:47:45,Hot,75.38,42.9,0.429,74,75,April4_9_10(April4_9_10).csv
2026-04-04 18:47:47,Hot,75.38,42.9,0.429,74,75,April4_9_10(April4_9_10).csv
2026-04-04 18:47:49,Hot,75.38,42.9,0.429,74,75,April4_9_10(April4_9_10).csv
2026-04-04 18:47:51,Hot,75.38,43.0,0.43,74,75,April4_9_10(April4_9_10).csv
2026-04-04 18:47:53,Hot,75.38,43.0,0.43,74,75,April4_9_10(April4_9_10).csv
2026-04-04 18:47:55,Hot,75.38,43.0,0.43,74,75,April4_9_10(April4_9_10).csv
2026-04-04 18:47:57,Hot,75.38,42.9,0.429,74,75,April4_9_10(April4_9_10).csv
2026-04-04 18:47:59,Hot,75.2,42.9,0.429,74,75,April4_9_10(April4_9_10).csv
2026-04-04 18:48:01,Hot,75.38,42.9,0.429,74,75,April4_9_10(April4_9_10).csv
2026-04-04 18:48:03,Hot,75.38,42.9,0.429,74,75,April4_9_10(April4_9_10).csv
2026-04-04 18:48:05,Hot,75.38,43.0,0.43,74,75,April4_9_10(April4_9_10).csv
2026-04-04 18:48:07,Hot,75.38,43.0,0.43,74,75,April4_9_10(April4_9_10).csv
2026-04-04 18:48:09,Hot,75.2,42.9,0.429,74,75,April4_9_10(April4_9_10).csv
2026-04-04 18:48:11,Hot,75.38,43.0,0.43,74,75,April4_9_10(April4_9_10).csv
2026-04-04 18:48:13,Hot,75.38,43.0,0.43,74,75,April4_9_10(April4_9_10).csv
2026-04-04 18:48:15,Hot,75.2,42.9,0.429,74,75,April4_9_10(April4_9_10).csv
2026-04-04 18:48:17,Hot,75.38,42.9,0.429,74,75,April4_9_10(April4_9_10).csv
2026-04-04 18:48:19,Hot,75.2,42.8,0.428,74,75,April4_9_10(April4_9_10).csv
2026-04-04 18:48:22,Hot,75.38,42.8,0.428,74,75,April4_9_10(April4_9_10).csv
2026-04-04 18:48:24,Hot,75.38,42.7,0.42700000000000005,74,75,April4_9_10(April4_9_10).csv
2026-04-04 18:48:26,Hot,75.38,42.6,0.426,74,75,April4_9_10(April4_9_10).csv
2026-04-04 18:48:28,Hot,75.2,42.3,0.423,74,75,April4_9_10(April4_9_10).csv
2026-04-04 18:48:30,Hot,75.2,42.2,0.42200000000000004,74,75,April4_9_10(April4_9_10).csv
2026-04-04 18:48:32,Hot,75.38,42.3,0.423,74,75,April4_9_10(April4_9_10).csv
2026-04-04 18:48:34,Hot,75.38,42.2,0.42200000000000004,74,75,April4_9_10(April4_9_10).csv
2026-04-04 18:48:36,Hot,75.38,42.2,0.42200000000000004,74,75,April4_9_10(April4_9_10).csv
2026-04-04 18:48:38,Hot,75.2,42.1,0.42100000000000004,74,75,April4_9_10(April4_9_10).csv
2026-04-04 18:48:40,Hot,75.2,42.0,0.42,74,75,April4_9_10(April4_9_10).csv
2026-04-04 18:48:42,Hot,75.38,42.0,0.42,74,75,April4_9_10(April4_9_10).csv
2026-04-04 18:48:44,Hot,75.2,41.8,0.418,74,75,April4_9_10(April4_9_10).csv
2026-04-04 18:48:46,Hot,75.2,41.8,0.418,74,75,April4_9_10(April4_9_10).csv
2026-04-04 18:48:48,Hot,75.38,41.8,0.418,74,75,April4_9_10(April4_9_10).csv
2026-04-04 18:48:50,Hot,75.38,41.8,0.418,74,75,April4_9_10(April4_9_10).csv
2026-04-04 18:48:52,Hot,75.38,41.7,0.41700000000000004,74,75,April4_9_10(April4_9_10).csv
2026-04-04 18:48:54,Hot,75.38,41.7,0.41700000000000004,74,75,April4_9_10(April4_9_10).csv
2026-04-04 18:48:56,Hot,75.38,41.6,0.41600000000000004,74,75,April4_9_10(April4_9_10).csv
2026-04-04 18:48:58,Hot,75.2,41.5,0.415,74,75,April4_9_10(April4_9_10).csv
2026-04-04 18:49:00,Hot,75.38,41.5,0.415,74,75,April4_9_10(April4_9_10).csv
2026-04-04 18:49:02,Hot,75.38,41.5,0.415,74,75,April4_9_10(April4_9_10).csv
2026-04-04 18:49:04,Hot,75.38,41.4,0.414,74,75,April4_9_10(April4_9_10).csv
2026-04-04 18:49:06,Hot,75.38,41.3,0.413,74,75,April4_9_10(April4_9_10).csv
2026-04-04 18:49:08,Hot,75.38,41.3,0.413,74,75,April4_9_10(April4_9_10).csv
2026-04-04 18:49:10,Hot,75.38,41.3,0.413,74,75,April4_9_10(April4_9_10).csv
2026-04-04 18:49:12,Hot,75.38,41.3,0.413,74,75,April4_9_10(April4_9_10).csv
2026-04-04 18:49:14,Hot,75.38,41.3,0.413,74,75,April4_9_10(April4_9_10).csv
2026-04-04 18:49:16,Hot,75.38,41.4,0.414,74,75,April4_9_10(April4_9_10).csv
2026-04-04 18:49:18,Hot,75.2,41.3,0.413,74,75,April4_9_10(April4_9_10).csv
2026-04-04 18:49:20,Hot,75.2,41.4,0.414,74,75,April4_9_10(April4_9_10).csv
2026-04-04 18:49:22,Hot,75.38,41.4,0.414,74,75,April4_9_10(April4_9_10).csv
2026-04-04 18:49:25,Hot,75.38,41.4,0.414,74,75,April4_9_10(April4_9_10).csv
2026-04-04 18:49:27,Hot,75.38,41.4,0.414,74,75,April4_9_10(April4_9_10).csv
2026-04-04 18:49:29,Hot,75.38,41.4,0.414,74,75,April4_9_10(April4_9_10).csv
2026-04-04 18:49:31,Hot,75.38,41.5,0.415,74,75,April4_9_10(April4_9_10).csv
2026-04-04 18:49:33,Hot,75.38,41.5,0.415,74,75,April4_9_10(April4_9_10).csv
2026-04-04 18:49:35,Hot,75.38,41.5,0.415,74,75,April4_9_10(April4_9_10).csv
2026-04-04 18:49:37,Hot,75.38,41.5,0.415,74,75,April4_9_10(April4_9_10).csv
2026-04-04 18:49:39,Hot,75.38,41.6,0.41600000000000004,74,75,April4_9_10(April4_9_10).csv
2026-04-04 18:49:41,Hot,75.38,41.6,0.41600000000000004,74,75,April4_9_10(April4_9_10).csv
2026-04-04 18:49:43,Hot,75.38,41.6,0.41600000000000004,74,75,April4_9_10(April4_9_10).csv
2026-04-04 18:49:45,Hot,75.38,41.6,0.41600000000000004,74,75,April4_9_10(April4_9_10).csv
2026-04-04 18:49:47,Hot,75.38,41.7,0.41700000000000004,74,75,April4_9_10(April4_9_10).csv
2026-04-04 18:49:49,Hot,75.2,41.6,0.41600000000000004,74,75,April4_9_10(April4_9_10).csv
2026-04-04 18:49:51,Hot,75.2,41.6,0.41600000000000004,74,75,April4_9_10(April4_9_10).csv
2026-04-04 18:49:53,Hot,75.2,41.6,0.41600000000000004,74,75,April4_9_10(April4_9_10).csv
2026-04-04 18:49:55,Hot,75.2,41.7,0.41700000000000004,74,75,April4_9_10(April4_9_10).csv
2026-04-04 18:49:57,Hot,75.2,41.7,0.41700000000000004,74,75,April4_9_10(April4_9_10).csv
2026-04-04 18:49:59,Hot,75.2,41.7,0.41700000000000004,74,75,April4_9_10(April4_9_10).csv
2026-04-04 18:50:01,Hot,75.38,41.8,0.418,74,75,April4_9_10(April4_9_10).csv
2026-04-04 18:50:03,Hot,75.2,41.7,0.41700000000000004,74,75,April4_9_10(April4_9_10).csv
2026-04-04 18:50:05,Hot,75.2,41.7,0.41700000000000004,74,75,April4_9_10(April4_9_10).csv
2026-04-04 18:50:07,Hot,75.2,41.7,0.41700000000000004,74,75,April4_9_10(April4_9_10).csv
2026-04-04 18:50:09,Hot,75.2,41.7,0.41700000000000004,74,75,April4_9_10(April4_9_10).csv
2026-04-04 18:50:11,Hot,75.2,41.7,0.41700000000000004,74,75,April4_9_10(April4_9_10).csv
2026-04-04 18:50:13,Hot,75.2,41.7,0.41700000000000004,74,75,April4_9_10(April4_9_10).csv
2026-04-04 18:50:15,Hot,75.38,41.8,0.418,74,75,April4_9_10(April4_9_10).csv
2026-04-04 18:50:17,Hot,75.38,41.8,0.418,74,75,April4_9_10(April4_9_10).csv
2026-04-04 18:50:19,Hot,75.2,41.7,0.41700000000000004,74,75,April4_9_10(April4_9_10).csv
2026-04-04 18:50:21,Hot,75.38,41.7,0.41700000000000004,74,75,April4_9_10(April4_9_10).csv
2026-04-04 18:50:23,Hot,75.38,41.7,0.41700000000000004,74,75,April4_9_10(April4_9_10).csv
2026-04-04 18:50:26,Hot,75.38,41.7,0.41700000000000004,74,75,April4_9_10(April4_9_10).csv
2026-04-04 18:50:28,Hot,75.38,41.8,0.418,74,75,April4_9_10(April4_9_10).csv
2026-04-04 18:50:30,Hot,75.2,41.7,0.41700000000000004,74,75,April4_9_10(April4_9_10).csv
2026-04-04 18:50:32,Hot,75.38,41.8,0.418,74,75,April4_9_10(April4_9_10).csv
2026-04-04 18:50:34,Hot,75.38,41.8,0.418,74,75,April4_9_10(April4_9_10).csv
2026-04-04 18:50:36,Hot,75.2,41.7,0.41700000000000004,74,75,April4_9_10(April4_9_10).csv
2026-04-04 18:50:38,Hot,75.2,41.7,0.41700000000000004,74,75,April4_9_10(April4_9_10).csv
2026-04-04 18:50:40,Hot,75.38,41.8,0.418,74,75,April4_9_10(April4_9_10).csv
2026-04-04 18:50:42,Hot,75.38,41.8,0.418,74,75,April4_9_10(April4_9_10).csv
2026-04-04 18:50:44,Hot,75.38,41.8,0.418,74,75,April4_9_10(April4_9_10).csv
2026-04-04 18:50:46,Hot,75.38,41.8,0.418,74,75,April4_9_10(April4_9_10).csv
2026-04-04 18:50:48,Hot,75.2,41.8,0.418,74,75,April4_9_10(April4_9_10).csv
2026-04-04 18:50:50,Hot,75.38,41.9,0.419,74,75,April4_9_10(April4_9_10).csv
2026-04-04 18:50:52,Hot,75.2,41.9,0.419,74,75,April4_9_10(April4_9_10).csv
2026-04-04 18:50:54,Hot,75.2,41.9,0.419,74,75,April4_9_10(April4_9_10).csv
2026-04-04 18:50:56,Hot,75.2,42.0,0.42,74,75,April4_9_10(April4_9_10).csv
2026-04-04 18:50:58,Hot,75.38,42.1,0.42100000000000004,74,75,April4_9_10(April4_9_10).csv
2026-04-04 18:51:00,Hot,75.2,42.0,0.42,74,75,April4_9_10(April4_9_10).csv
2026-04-04 18:51:02,Hot,75.2,42.0,0.42,74,75,April4_9_10(April4_9_10).csv
2026-04-04 18:51:04,Hot,75.2,42.0,0.42,74,75,April4_9_10(April4_9_10).csv
2026-04-04 18:51:06,Hot,75.38,42.1,0.42100000000000004,74,75,April4_9_10(April4_9_10).csv
2026-04-04 18:51:08,Hot,75.2,42.0,0.42,74,75,April4_9_10(April4_9_10).csv
2026-04-04 18:51:10,Hot,75.2,42.0,0.42,74,75,April4_9_10(April4_9_10).csv
2026-04-04 18:51:12,Hot,75.2,42.0,0.42,74,75,April4_9_10(April4_9_10).csv
2026-04-04 18:51:14,Hot,75.38,42.2,0.42200000000000004,74,75,April4_9_10(April4_9_10).csv
2026-04-04 18:51:16,Hot,75.38,42.2,0.42200000000000004,74,75,April4_9_10(April4_9_10).csv
2026-04-04 18:51:18,Hot,75.38,42.3,0.423,74,75,April4_9_10(April4_9_10).csv
2026-04-04 18:51:20,Hot,75.2,42.1,0.42100000000000004,74,75,April4_9_10(April4_9_10).csv
2026-04-04 18:51:22,Hot,75.02,42.0,0.42,74,75,April4_9_10(April4_9_10).csv
2026-04-04 18:51:24,Hot,75.2,42.0,0.42,74,75,April4_9_10(April4_9_10).csv
2026-04-04 18:51:27,Hot,75.38,42.1,0.42100000000000004,74,75,April4_9_10(April4_9_10).csv
2026-04-04 18:51:29,Hot,75.38,42.1,0.42100000000000004,74,75,April4_9_10(April4_9_10).csv
2026-04-04 18:51:31,Hot,75.38,42.1,0.42100000000000004,74,75,April4_9_10(April4_9_10).csv
2026-04-04 18:51:33,Hot,75.2,42.0,0.42,74,75,April4_9_10(April4_9_10).csv
2026-04-04 18:51:35,Hot,75.2,42.0,0.42,74,75,April4_9_10(April4_9_10).csv
2026-04-04 18:51:37,Hot,75.2,42.1,0.42100000000000004,74,75,April4_9_10(April4_9_10).csv
2026-04-04 18:51:39,Hot,75.38,42.2,0.42200000000000004,74,75,April4_9_10(April4_9_10).csv
2026-04-04 18:51:41,Hot,75.2,42.1,0.42100000000000004,74,75,April4_9_10(April4_9_10).csv
2026-04-04 18:51:43,Hot,75.38,42.3,0.423,74,75,April4_9_10(April4_9_10).csv
2026-04-04 18:51:45,Hot,75.2,42.2,0.42200000000000004,74,75,April4_9_10(April4_9_10).csv
2026-04-04 18:51:47,Hot,75.2,42.2,0.42200000000000004,74,75,April4_9_10(April4_9_10).csv
2026-04-04 18:51:49,Hot,75.02,42.1,0.42100000000000004,74,75,April4_9_10(April4_9_10).csv
2026-04-04 18:51:51,Hot,75.2,42.2,0.42200000000000004,74,75,April4_9_10(April4_9_10).csv
2026-04-04 18:51:53,Hot,75.2,42.2,0.42200000000000004,74,75,April4_9_10(April4_9_10).csv
2026-04-04 18:51:55,Hot,75.2,42.2,0.42200000000000004,74,75,April4_9_10(April4_9_10).csv
2026-04-04 18:51:57,Hot,75.2,42.2,0.42200000000000004,74,75,April4_9_10(April4_9_10).csv
2026-04-04 18:51:59,Hot,75.2,42.3,0.423,74,75,April4_9_10(April4_9_10).csv
2026-04-04 18:52:01,Hot,75.38,42.3,0.423,74,75,April4_9_10(April4_9_10).csv
2026-04-04 18:52:03,Hot,75.2,42.3,0.423,74,75,April4_9_10(April4_9_10).csv
2026-04-04 18:52:05,Hot,75.38,42.3,0.423,74,75,April4_9_10(April4_9_10).csv
2026-04-04 18:52:07,Hot,75.2,42.2,0.42200000000000004,74,75,April4_9_10(April4_9_10).csv
2026-04-04 18:52:09,Hot,75.2,42.2,0.42200000000000004,74,75,April4_9_10(April4_9_10).csv
2026-04-04 18:52:11,Hot,75.2,42.2,0.42200000000000004,74,75,April4_9_10(April4_9_10).csv
2026-04-04 18:52:13,Hot,75.2,42.2,0.42200000000000004,74,75,April4_9_10(April4_9_10).csv
2026-04-04 18:52:15,Hot,75.2,42.2,0.42200000000000004,74,75,April4_9_10(April4_9_10).csv
2026-04-04 18:52:17,Hot,75.2,42.2,0.42200000000000004,74,75,April4_9_10(April4_9_10).csv
2026-04-04 18:52:19,Hot,75.2,42.2,0.42200000000000004,74,75,April4_9_10(April4_9_10).csv
2026-04-04 18:52:21,Hot,75.2,42.1,0.42100000000000004,74,75,April4_9_10(April4_9_10).csv
2026-04-04 18:52:23,Hot,75.2,42.1,0.42100000000000004,74,75,April4_9_10(April4_9_10).csv
2026-04-04 18:52:25,Hot,75.2,42.1,0.42100000000000004,74,75,April4_9_10(April4_9_10).csv
2026-04-04 18:52:28,Hot,75.02,42.0,0.42,74,75,April4_9_10(April4_9_10).csv
2026-04-04 18:52:30,Hot,75.2,42.0,0.42,74,75,April4_9_10(April4_9_10).csv
2026-04-04 18:52:32,Hot,75.02,41.9,0.419,74,75,April4_9_10(April4_9_10).csv
2026-04-04 18:52:34,Hot,75.2,41.9,0.419,74,75,April4_9_10(April4_9_10).csv
2026-04-04 18:52:36,Hot,75.2,41.9,0.419,74,75,April4_9_10(April4_9_10).csv
2026-04-04 18:52:38,Hot,75.2,41.9,0.419,74,75,April4_9_10(April4_9_10).csv
2026-04-04 18:52:40,Hot,75.02,41.8,0.418,74,75,April4_9_10(April4_9_10).csv
2026-04-04 18:52:42,Hot,75.02,41.8,0.418,74,75,April4_9_10(April4_9_10).csv
2026-04-04 18:52:44,Hot,75.38,42.0,0.42,74,75,April4_9_10(April4_9_10).csv
2026-04-04 18:52:46,Hot,75.2,41.9,0.419,74,75,April4_9_10(April4_9_10).csv
2026-04-04 18:52:48,Hot,75.2,42.0,0.42,74,75,April4_9_10(April4_9_10).csv
2026-04-04 18:52:50,Hot,75.02,41.9,0.419,74,75,April4_9_10(April4_9_10).csv
2026-04-04 18:52:52,Hot,75.2,42.0,0.42,74,75,April4_9_10(April4_9_10).csv
2026-04-04 18:52:54,Hot,75.2,42.0,0.42,74,75,April4_9_10(April4_9_10).csv
2026-04-04 18:52:56,Hot,75.2,42.1,0.42100000000000004,74,75,April4_9_10(April4_9_10).csv
2026-04-04 18:52:58,Hot,75.02,42.1,0.42100000000000004,74,75,April4_9_10(April4_9_10).csv
2026-04-04 18:53:00,Hot,75.2,42.2,0.42200000000000004,74,75,April4_9_10(April4_9_10).csv
2026-04-04 18:53:02,Hot,75.2,42.2,0.42200000000000004,74,75,April4_9_10(April4_9_10).csv
2026-04-04 18:53:04,Hot,75.02,42.1,0.42100000000000004,74,75,April4_9_10(April4_9_10).csv
2026-04-04 18:53:06,Hot,75.02,42.1,0.42100000000000004,74,75,April4_9_10(April4_9_10).csv
2026-04-04 18:53:08,Hot,75.02,42.1,0.42100000000000004,74,75,April4_9_10(April4_9_10).csv
2026-04-04 18:53:10,Hot,75.2,42.2,0.42200000000000004,74,75,April4_9_10(April4_9_10).csv
2026-04-04 18:53:12,Hot,75.02,42.1,0.42100000000000004,74,75,April4_9_10(April4_9_10).csv
2026-04-04 18:53:14,Hot,75.2,42.2,0.42200000000000004,74,75,April4_9_10(April4_9_10).csv
2026-04-04 18:53:16,Hot,75.02,42.1,0.42100000000000004,74,75,April4_9_10(April4_9_10).csv
2026-04-04 18:53:18,Hot,75.2,42.1,0.42100000000000004,74,75,April4_9_10(April4_9_10).csv
2026-04-04 18:53:20,Hot,75.02,42.0,0.42,74,75,April4_9_10(April4_9_10).csv
2026-04-04 18:53:22,Hot,75.2,42.1,0.42100000000000004,74,75,April4_9_10(April4_9_10).csv
2026-04-04 18:53:24,Hot,75.2,42.1,0.42100000000000004,74,75,April4_9_10(April4_9_10).csv
2026-04-04 18:53:26,Hot,75.02,42.0,0.42,74,75,April4_9_10(April4_9_10).csv
2026-04-04 18:53:29,Hot,75.2,42.1,0.42100000000000004,74,75,April4_9_10(April4_9_10).csv
2026-04-04 18:53:31,Hot,75.02,42.0,0.42,74,75,April4_9_10(April4_9_10).csv
2026-04-04 18:53:33,Hot,75.02,42.0,0.42,74,75,April4_9_10(April4_9_10).csv
2026-04-04 18:53:35,Hot,75.02,41.9,0.419,74,75,April4_9_10(April4_9_10).csv
2026-04-04 18:53:37,Hot,75.2,42.0,0.42,74,75,April4_9_10(April4_9_10).csv
2026-04-04 18:53:39,Hot,75.2,42.0,0.42,74,75,April4_9_10(April4_9_10).csv
2026-04-04 18:53:41,Hot,75.2,42.0,0.42,74,75,April4_9_10(April4_9_10).csv
2026-04-04 18:53:43,Hot,75.02,42.0,0.42,74,75,April4_9_10(April4_9_10).csv
2026-04-04 18:53:45,Hot,75.2,42.1,0.42100000000000004,74,75,April4_9_10(April4_9_10).csv
2026-04-04 18:53:47,Hot,75.2,42.1,0.42100000000000004,74,75,April4_9_10(April4_9_10).csv
2026-04-04 18:53:49,Hot,75.2,42.2,0.42200000000000004,74,75,April4_9_10(April4_9_10).csv
2026-04-04 18:53:51,Hot,75.02,42.1,0.42100000000000004,74,75,April4_9_10(April4_9_10).csv
2026-04-04 18:53:53,Hot,75.2,42.2,0.42200000000000004,74,75,April4_9_10(April4_9_10).csv
2026-04-04 18:53:55,Hot,75.2,42.2,0.42200000000000004,74,75,April4_9_10(April4_9_10).csv
2026-04-04 18:53:57,Hot,75.2,42.1,0.42100000000000004,74,75,April4_9_10(April4_9_10).csv
2026-04-04 18:53:59,Hot,75.2,42.1,0.42100000000000004,74,75,April4_9_10(April4_9_10).csv
2026-04-04 18:54:01,Hot,75.38,42.2,0.42200000000000004,74,75,April4_9_10(April4_9_10).csv
2026-04-04 18:54:03,Hot,75.02,42.0,0.42,74,75,April4_9_10(April4_9_10).csv
2026-04-04 18:54:05,Hot,75.2,42.0,0.42,74,75,April4_9_10(April4_9_10).csv
2026-04-04 18:54:07,Hot,75.2,41.9,0.419,74,75,April4_9_10(April4_9_10).csv
2026-04-04 18:54:09,Hot,75.38,42.0,0.42,74,75,April4_9_10(April4_9_10).csv
2026-04-04 18:54:11,Hot,75.02,41.8,0.418,74,75,April4_9_10(April4_9_10).csv
2026-04-04 18:54:13,Hot,75.2,41.9,0.419,74,75,April4_9_10(April4_9_10).csv
2026-04-04 18:54:15,Hot,75.38,42.0,0.42,74,75,April4_9_10(April4_9_10).csv
2026-04-04 18:54:17,Hot,75.02,41.8,0.418,74,75,April4_9_10(April4_9_10).csv
2026-04-04 18:54:19,Hot,75.2,41.9,0.419,74,75,April4_9_10(April4_9_10).csv
2026-04-04 18:54:21,Hot,75.2,41.9,0.419,74,75,April4_9_10(April4_9_10).csv
2026-04-04 18:54:24,Hot,75.2,41.9,0.419,74,75,April4_9_10(April4_9_10).csv
2026-04-04 18:54:26,Hot,75.38,42.0,0.42,74,75,April4_9_10(April4_9_10).csv
2026-04-04 18:54:28,Hot,75.2,41.8,0.418,74,75,April4_9_10(April4_9_10).csv
2026-04-04 18:54:30,Hot,75.2,41.8,0.418,74,75,April4_9_10(April4_9_10).csv
2026-04-04 18:54:32,Hot,75.2,41.8,0.418,74,75,April4_9_10(April4_9_10).csv
2026-04-04 18:54:34,Hot,75.2,41.7,0.41700000000000004,74,75,April4_9_10(April4_9_10).csv
2026-04-04 18:54:36,Hot,75.38,41.8,0.418,74,75,April4_9_10(April4_9_10).csv
2026-04-04 18:54:38,Hot,75.2,41.7,0.41700000000000004,74,75,April4_9_10(April4_9_10).csv
2026-04-04 18:54:40,Hot,75.02,41.6,0.41600000000000004,74,75,April4_9_10(April4_9_10).csv
2026-04-04 18:54:42,Hot,75.02,41.5,0.415,74,75,April4_9_10(April4_9_10).csv
2026-04-04 18:54:44,Hot,75.38,41.7,0.41700000000000004,74,75,April4_9_10(April4_9_10).csv
2026-04-09 21:33:45,Good,69.26,30.0,0.3,64,68,April4_9_10(April4_9_10).csv
2026-04-09 21:33:47,Good,69.26,31.0,0.31,64,68,April4_9_10(April4_9_10).csv
2026-04-09 21:33:49,Good,69.08,30.8,0.308,64,68,April4_9_10(April4_9_10).csv
2026-04-09 21:33:51,Good,69.08,30.7,0.307,64,68,April4_9_10(April4_9_10).csv
2026-04-09 21:33:53,Good,69.08,30.5,0.305,64,68,April4_9_10(April4_9_10).csv
2026-04-09 21:33:55,Good,69.26,30.4,0.304,64,68,April4_9_10(April4_9_10).csv
2026-04-09 21:33:58,Good,69.08,30.2,0.302,64,68,April4_9_10(April4_9_10).csv
2026-04-09 21:34:00,Good,69.08,30.2,0.302,64,68,April4_9_10(April4_9_10).csv
2026-04-09 21:34:02,Good,69.08,30.1,0.301,64,68,April4_9_10(April4_9_10).csv
2026-04-09 21:34:04,Good,69.08,30.0,0.3,64,68,April4_9_10(April4_9_10).csv
2026-04-09 21:34:06,Good,69.08,30.1,0.301,64,68,April4_9_10(April4_9_10).csv
2026-04-09 21:34:08,Good,69.08,30.1,0.301,64,68,April4_9_10(April4_9_10).csv
2026-04-09 21:34:10,Good,69.08,30.1,0.301,64,68,April4_9_10(April4_9_10).csv
2026-04-09 21:34:12,Good,68.9,30.0,0.3,64,68,April4_9_10(April4_9_10).csv
2026-04-09 21:34:14,Good,68.9,30.0,0.3,64,68,April4_9_10(April4_9_10).csv
2026-04-09 21:34:16,Good,68.9,29.8,0.298,64,68,April4_9_10(April4_9_10).csv
2026-04-09 21:34:18,Good,68.9,29.7,0.297,64,67,April4_9_10(April4_9_10).csv
2026-04-09 21:34:20,Good,68.9,29.6,0.29600000000000004,64,67,April4_9_10(April4_9_10).csv
2026-04-09 21:34:22,Good,68.9,29.6,0.29600000000000004,65,67,April4_9_10(April4_9_10).csv
2026-04-09 21:34:24,Good,68.9,29.6,0.29600000000000004,65,67,April4_9_10(April4_9_10).csv
2026-04-09 21:34:26,Good,68.9,29.6,0.29600000000000004,65,67,April4_9_10(April4_9_10).csv
2026-04-09 21:34:28,Good,68.9,29.5,0.295,65,67,April4_9_10(April4_9_10).csv
2026-04-09 21:34:30,Good,68.9,29.5,0.295,65,67,April4_9_10(April4_9_10).csv
2026-04-09 21:34:32,Good,68.9,29.4,0.294,65,67,April4_9_10(April4_9_10).csv
2026-04-09 21:34:34,Good,68.9,29.4,0.294,65,67,April4_9_10(April4_9_10).csv
2026-04-09 21:34:36,Good,68.72,29.3,0.293,65,67,April4_9_10(April4_9_10).csv
2026-04-09 21:34:38,Good,68.72,29.3,0.293,65,67,April4_9_10(April4_9_10).csv
2026-04-09 21:34:40,Good,68.72,29.3,0.293,65,67,April4_9_10(April4_9_10).csv
2026-04-09 21:34:42,Good,68.72,29.3,0.293,65,67,April4_9_10(April4_9_10).csv
2026-04-09 21:34:44,Good,68.72,29.3,0.293,65,67,April4_9_10(April4_9_10).csv
2026-04-09 21:34:46,Good,68.72,29.4,0.294,65,67,April4_9_10(April4_9_10).csv
2026-04-09 21:34:48,Good,68.72,29.4,0.294,65,67,April4_9_10(April4_9_10).csv
2026-04-09 21:34:50,Good,68.72,29.4,0.294,65,67,April4_9_10(April4_9_10).csv
2026-04-09 21:34:53,Good,68.72,29.4,0.294,65,67,April4_9_10(April4_9_10).csv
2026-04-09 21:34:55,Good,68.72,29.4,0.294,65,67,April4_9_10(April4_9_10).csv
2026-04-09 21:34:57,Good,68.54,29.4,0.294,65,67,April4_9_10(April4_9_10).csv
2026-04-09 21:34:59,Good,68.54,29.4,0.294,65,67,April4_9_10(April4_9_10).csv
2026-04-09 21:35:01,Good,68.54,29.3,0.293,65,67,April4_9_10(April4_9_10).csv
2026-04-09 21:35:03,Good,68.54,29.3,0.293,65,67,April4_9_10(April4_9_10).csv
2026-04-09 21:35:05,Good,68.54,29.2,0.292,65,67,April4_9_10(April4_9_10).csv
2026-04-09 21:35:07,Good,68.54,29.2,0.292,65,67,April4_9_10(April4_9_10).csv
2026-04-09 21:35:09,Good,68.54,29.1,0.29100000000000004,65,67,April4_9_10(April4_9_10).csv
2026-04-09 21:35:11,Good,68.54,29.1,0.29100000000000004,65,67,April4_9_10(April4_9_10).csv
2026-04-09 21:35:13,Good,68.54,29.1,0.29100000000000004,65,67,April4_9_10(April4_9_10).csv
2026-04-09 21:35:15,Good,68.54,29.2,0.292,65,67,April4_9_10(April4_9_10).csv
2026-04-09 21:35:17,Good,68.54,29.2,0.292,65,67,April4_9_10(April4_9_10).csv
2026-04-09 21:35:19,Good,68.54,29.3,0.293,65,67,April4_9_10(April4_9_10).csv
2026-04-09 21:35:21,Good,68.36,29.2,0.292,65,67,April4_9_10(April4_9_10).csv
2026-04-09 21:35:23,Good,68.36,29.2,0.292,65,67,April4_9_10(April4_9_10).csv
2026-04-09 21:35:25,Good,68.36,29.2,0.292,65,67,April4_9_10(April4_9_10).csv
2026-04-09 21:35:27,Good,68.36,29.2,0.292,65,67,April4_9_10(April4_9_10).csv
2026-04-09 21:35:29,Good,68.36,29.2,0.292,65,66,April4_9_10(April4_9_10).csv
2026-04-09 21:35:31,Good,68.36,29.2,0.292,65,66,April4_9_10(April4_9_10).csv
2026-04-09 21:35:33,Good,68.36,29.2,0.292,65,66,April4_9_10(April4_9_10).csv
2026-04-09 21:35:35,Good,68.36,29.2,0.292,65,66,April4_9_10(April4_9_10).csv
2026-04-09 21:35:37,Good,68.36,29.2,0.292,65,66,April4_9_10(April4_9_10).csv
2026-04-09 21:35:39,Good,68.36,29.3,0.293,65,66,April4_9_10(April4_9_10).csv
2026-04-09 21:35:41,Good,68.18,29.3,0.293,65,66,April4_9_10(April4_9_10).csv
2026-04-09 21:35:43,Good,68.18,29.3,0.293,65,66,April4_9_10(April4_9_10).csv
2026-04-09 21:35:46,Good,68.18,29.3,0.293,65,66,April4_9_10(April4_9_10).csv
2026-04-09 21:35:48,Good,68.18,29.3,0.293,65,66,April4_9_10(April4_9_10).csv
2026-04-09 21:35:50,Good,68.18,29.4,0.294,65,66,April4_9_10(April4_9_10).csv
2026-04-09 21:35:52,Good,68.18,29.5,0.295,65,66,April4_9_10(April4_9_10).csv
2026-04-09 21:35:54,Good,68.18,29.5,0.295,65,66,April4_9_10(April4_9_10).csv
2026-04-09 21:35:56,Good,68.18,29.5,0.295,65,66,April4_9_10(April4_9_10).csv
2026-04-09 21:35:58,Good,68.18,29.5,0.295,65,66,April4_9_10(April4_9_10).csv
2026-04-09 21:36:00,Good,68.0,29.4,0.294,64,66,April4_9_10(April4_9_10).csv
2026-04-09 21:36:02,Good,68.18,29.4,0.294,65,66,April4_9_10(April4_9_10).csv
2026-04-09 21:36:04,Good,68.0,29.3,0.293,65,66,April4_9_10(April4_9_10).csv
2026-04-09 21:36:06,Good,68.0,29.3,0.293,65,66,April4_9_10(April4_9_10).csv
2026-04-09 21:36:08,Good,68.0,29.3,0.293,65,66,April4_9_10(April4_9_10).csv
2026-04-09 21:36:10,Good,68.0,29.3,0.293,65,66,April4_9_10(April4_9_10).csv
2026-04-09 21:36:12,Good,68.0,29.3,0.293,65,66,April4_9_10(April4_9_10).csv
2026-04-09 21:36:14,Good,68.0,29.3,0.293,65,66,April4_9_10(April4_9_10).csv
2026-04-09 21:36:16,Good,68.0,29.3,0.293,65,66,April4_9_10(April4_9_10).csv
2026-04-09 21:36:18,Good,68.0,29.3,0.293,65,66,April4_9_10(April4_9_10).csv
2026-04-09 21:36:20,Good,68.0,29.3,0.293,65,66,April4_9_10(April4_9_10).csv
2026-04-09 21:36:22,Good,68.0,29.2,0.292,65,66,April4_9_10(April4_9_10).csv
2026-04-09 21:36:24,Good,67.82,29.2,0.292,65,66,April4_9_10(April4_9_10).csv
2026-04-09 21:36:26,Good,67.82,29.2,0.292,65,66,April4_9_10(April4_9_10).csv
2026-04-09 21:36:28,Good,67.82,29.2,0.292,64,66,April4_9_10(April4_9_10).csv
2026-04-09 21:36:30,Good,67.82,29.2,0.292,65,66,April4_9_10(April4_9_10).csv
2026-04-09 21:36:32,Good,67.82,29.2,0.292,65,66,April4_9_10(April4_9_10).csv
2026-04-09 21:36:34,Good,67.82,29.2,0.292,65,66,April4_9_10(April4_9_10).csv
2026-04-09 21:36:36,Good,67.82,29.2,0.292,65,66,April4_9_10(April4_9_10).csv
2026-04-09 21:36:39,Good,67.82,29.3,0.293,65,66,April4_9_10(April4_9_10).csv
2026-04-09 21:36:41,Good,67.82,29.3,0.293,64,66,April4_9_10(April4_9_10).csv
2026-04-09 21:36:43,Good,67.82,29.3,0.293,64,66,April4_9_10(April4_9_10).csv
2026-04-09 21:36:45,Good,67.82,29.3,0.293,64,66,April4_9_10(April4_9_10).csv
2026-04-09 21:36:47,Good,67.82,29.3,0.293,64,66,April4_9_10(April4_9_10).csv
2026-04-09 21:36:49,Good,67.64,29.3,0.293,64,66,April4_9_10(April4_9_10).csv
2026-04-09 21:36:51,Good,67.64,29.3,0.293,64,66,April4_9_10(April4_9_10).csv
2026-04-09 21:36:53,Good,67.64,29.3,0.293,64,66,April4_9_10(April4_9_10).csv
2026-04-09 21:36:55,Good,67.64,29.2,0.292,65,66,April4_9_10(April4_9_10).csv
2026-04-09 21:36:57,Good,67.64,29.3,0.293,64,66,April4_9_10(April4_9_10).csv
2026-04-09 21:36:59,Good,67.64,29.3,0.293,64,66,April4_9_10(April4_9_10).csv
2026-04-09 21:37:01,Good,67.64,29.3,0.293,64,66,April4_9_10(April4_9_10).csv
2026-04-09 21:37:03,Good,67.64,29.3,0.293,64,66,April4_9_10(April4_9_10).csv
2026-04-09 21:37:05,Good,67.46,29.3,0.293,64,66,April4_9_10(April4_9_10).csv
2026-04-09 21:37:07,Good,67.46,29.3,0.293,64,66,April4_9_10(April4_9_10).csv
2026-04-09 21:37:09,Good,67.46,29.3,0.293,64,66,April4_9_10(April4_9_10).csv
2026-04-09 21:37:11,Good,67.46,29.4,0.294,64,66,April4_9_10(April4_9_10).csv
2026-04-09 21:37:13,Good,67.46,29.4,0.294,64,66,April4_9_10(April4_9_10).csv
2026-04-09 21:37:15,Good,67.46,29.4,0.294,64,66,April4_9_10(April4_9_10).csv
2026-04-09 21:37:17,Good,67.46,29.4,0.294,64,66,April4_9_10(April4_9_10).csv
2026-04-09 21:37:19,Good,67.46,29.5,0.295,64,66,April4_9_10(April4_9_10).csv
2026-04-09 21:37:21,Good,67.46,29.5,0.295,64,66,April4_9_10(April4_9_10).csv
2026-04-09 21:37:23,Good,67.46,29.5,0.295,64,66,April4_9_10(April4_9_10).csv
2026-04-09 21:37:25,Good,67.46,29.5,0.295,64,66,April4_9_10(April4_9_10).csv
2026-04-09 21:37:27,Good,67.46,29.5,0.295,64,66,April4_9_10(April4_9_10).csv
2026-04-09 21:37:29,Good,67.46,29.6,0.29600000000000004,64,66,April4_9_10(April4_9_10).csv
2026-04-09 21:37:32,Good,67.46,29.6,0.29600000000000004,64,66,April4_9_10(April4_9_10).csv
2026-04-09 21:37:34,Good,67.46,29.6,0.29600000000000004,64,66,April4_9_10(April4_9_10).csv
2026-04-09 21:37:36,Good,67.28,29.6,0.29600000000000004,64,66,April4_9_10(April4_9_10).csv
2026-04-09 21:37:38,Good,67.46,29.7,0.297,64,66,April4_9_10(April4_9_10).csv
2026-04-09 21:37:40,Good,67.28,29.7,0.297,64,66,April4_9_10(April4_9_10).csv
2026-04-09 21:37:42,Good,67.28,29.8,0.298,64,66,April4_9_10(April4_9_10).csv
2026-04-09 21:37:44,Good,67.28,29.8,0.298,64,66,April4_9_10(April4_9_10).csv
2026-04-09 21:37:46,Good,67.28,29.8,0.298,64,66,April4_9_10(April4_9_10).csv
2026-04-09 21:37:48,Good,67.28,29.8,0.298,64,66,April4_9_10(April4_9_10).csv
2026-04-09 21:37:50,Good,67.28,29.8,0.298,64,66,April4_9_10(April4_9_10).csv
2026-04-09 21:37:52,Good,67.28,29.8,0.298,64,66,April4_9_10(April4_9_10).csv
2026-04-09 21:37:54,Good,67.28,29.8,0.298,64,66,April4_9_10(April4_9_10).csv
2026-04-09 21:37:56,Good,67.28,29.8,0.298,64,66,April4_9_10(April4_9_10).csv
2026-04-09 21:37:58,Good,67.28,29.8,0.298,64,66,April4_9_10(April4_9_10).csv
2026-04-09 21:38:00,Good,67.28,29.8,0.298,64,66,April4_9_10(April4_9_10).csv
2026-04-09 21:38:02,Good,67.28,29.8,0.298,64,66,April4_9_10(April4_9_10).csv
2026-04-09 21:38:04,Good,67.1,29.7,0.297,64,66,April4_9_10(April4_9_10).csv
2026-04-09 21:38:06,Good,67.1,29.7,0.297,64,66,April4_9_10(April4_9_10).csv
2026-04-09 21:38:08,Good,67.28,29.8,0.298,64,66,April4_9_10(April4_9_10).csv
2026-04-09 21:38:10,Good,67.1,29.7,0.297,64,66,April4_9_10(April4_9_10).csv
2026-04-09 21:38:12,Good,67.28,29.8,0.298,64,66,April4_9_10(April4_9_10).csv
2026-04-09 21:38:14,Good,67.1,29.7,0.297,64,66,April4_9_10(April4_9_10).csv
2026-04-09 21:38:16,Good,67.1,29.7,0.297,64,66,April4_9_10(April4_9_10).csv
2026-04-09 21:38:18,Good,67.1,29.7,0.297,64,66,April4_9_10(April4_9_10).csv
2026-04-09 21:38:20,Good,67.1,29.7,0.297,64,66,April4_9_10(April4_9_10).csv
2026-04-09 21:38:22,Good,67.1,29.8,0.298,64,66,April4_9_10(April4_9_10).csv
2026-04-09 21:38:25,Good,67.1,29.8,0.298,64,66,April4_9_10(April4_9_10).csv
2026-04-09 21:38:27,Good,67.1,29.8,0.298,64,66,April4_9_10(April4_9_10).csv
2026-04-09 21:38:29,Good,67.1,29.8,0.298,64,66,April4_9_10(April4_9_10).csv
2026-04-09 21:38:31,Good,67.1,29.8,0.298,64,66,April4_9_10(April4_9_10).csv
2026-04-09 21:38:33,Good,67.1,29.8,0.298,64,66,April4_9_10(April4_9_10).csv
2026-04-09 21:38:35,Good,67.1,29.8,0.298,64,66,April4_9_10(April4_9_10).csv
2026-04-09 21:38:37,Good,67.1,29.8,0.298,64,66,April4_9_10(April4_9_10).csv
2026-04-09 21:38:39,Good,67.1,29.9,0.299,64,66,April4_9_10(April4_9_10).csv
2026-04-09 21:38:41,Good,67.1,29.9,0.299,64,66,April4_9_10(April4_9_10).csv
2026-04-09 21:38:43,Good,67.1,29.9,0.299,64,66,April4_9_10(April4_9_10).csv
2026-04-09 21:38:45,Good,67.1,30.0,0.3,64,66,April4_9_10(April4_9_10).csv
2026-04-09 21:38:47,Good,66.92,30.0,0.3,64,66,April4_9_10(April4_9_10).csv
2026-04-09 21:38:49,Good,67.1,30.0,0.3,64,66,April4_9_10(April4_9_10).csv
2026-04-09 21:38:51,Good,67.1,30.0,0.3,64,66,April4_9_10(April4_9_10).csv
2026-04-09 21:38:53,Good,66.92,30.0,0.3,64,66,April4_9_10(April4_9_10).csv
2026-04-09 21:38:55,Good,66.92,30.0,0.3,64,66,April4_9_10(April4_9_10).csv
2026-04-09 21:38:57,Good,67.1,30.0,0.3,64,66,April4_9_10(April4_9_10).csv
2026-04-09 21:38:59,Good,66.92,30.0,0.3,64,66,April4_9_10(April4_9_10).csv
2026-04-09 21:39:01,Good,66.92,30.0,0.3,64,66,April4_9_10(April4_9_10).csv
2026-04-09 21:39:03,Good,66.92,29.9,0.299,64,66,April4_9_10(April4_9_10).csv
2026-04-09 21:39:05,Good,66.92,29.9,0.299,64,66,April4_9_10(April4_9_10).csv
2026-04-09 21:39:07,Good,66.92,29.9,0.299,64,66,April4_9_10(April4_9_10).csv
2026-04-09 21:39:09,Good,66.92,29.9,0.299,64,66,April4_9_10(April4_9_10).csv
2026-04-09 21:39:11,Good,66.92,29.9,0.299,64,66,April4_9_10(April4_9_10).csv
2026-04-09 21:39:13,Good,66.92,30.0,0.3,64,66,April4_9_10(April4_9_10).csv
2026-04-09 21:39:15,Good,66.92,30.0,0.3,64,66,April4_9_10(April4_9_10).csv
2026-04-09 21:39:17,Good,66.92,30.0,0.3,64,66,April4_9_10(April4_9_10).csv
2026-04-09 21:39:20,Good,66.92,30.0,0.3,64,66,April4_9_10(April4_9_10).csv
2026-04-09 21:39:22,Good,66.92,30.0,0.3,64,66,April4_9_10(April4_9_10).csv
2026-04-09 21:39:24,Good,66.92,30.0,0.3,64,66,April4_9_10(April4_9_10).csv
2026-04-09 21:39:26,Good,66.92,30.1,0.301,64,66,April4_9_10(April4_9_10).csv
2026-04-09 21:39:28,Good,66.74,30.0,0.3,64,66,April4_9_10(April4_9_10).csv
2026-04-09 21:39:30,Good,66.92,30.1,0.301,64,66,April4_9_10(April4_9_10).csv
2026-04-09 21:39:32,Good,66.92,30.1,0.301,64,66,April4_9_10(April4_9_10).csv
2026-04-09 21:39:34,Good,66.92,30.2,0.302,64,66,April4_9_10(April4_9_10).csv
2026-04-09 21:39:36,Good,66.92,30.2,0.302,64,66,April4_9_10(April4_9_10).csv
2026-04-09 21:39:38,Good,66.74,30.1,0.301,64,66,April4_9_10(April4_9_10).csv
2026-04-09 21:39:40,Good,66.74,30.1,0.301,64,66,April4_9_10(April4_9_10).csv
2026-04-09 21:39:42,Good,66.74,30.1,0.301,64,66,April4_9_10(April4_9_10).csv
2026-04-09 21:39:44,Good,66.74,30.1,0.301,64,66,April4_9_10(April4_9_10).csv
2026-04-09 21:39:46,Good,66.92,30.2,0.302,64,66,April4_9_10(April4_9_10).csv
2026-04-09 21:39:48,Good,66.92,30.2,0.302,64,66,April4_9_10(April4_9_10).csv
2026-04-09 21:39:50,Good,66.92,30.2,0.302,64,66,April4_9_10(April4_9_10).csv
2026-04-09 21:39:52,Good,66.74,30.1,0.301,64,66,April4_9_10(April4_9_10).csv
2026-04-09 21:39:54,Good,66.74,30.1,0.301,64,66,April4_9_10(April4_9_10).csv
2026-04-09 21:39:56,Good,66.74,30.1,0.301,64,66,April4_9_10(April4_9_10).csv
2026-04-09 21:39:58,Good,66.74,30.1,0.301,64,66,April4_9_10(April4_9_10).csv
2026-04-09 21:40:00,Good,66.74,30.2,0.302,64,66,April4_9_10(April4_9_10).csv
2026-04-09 21:40:02,Good,66.74,30.2,0.302,64,66,April4_9_10(April4_9_10).csv
2026-04-09 21:40:04,Good,66.74,30.2,0.302,64,66,April4_9_10(April4_9_10).csv
2026-04-09 21:40:06,Good,66.74,30.2,0.302,64,66,April4_9_10(April4_9_10).csv
2026-04-09 21:40:08,Good,66.74,30.3,0.303,64,66,April4_9_10(April4_9_10).csv
2026-04-09 21:40:10,Good,66.74,30.3,0.303,64,66,April4_9_10(April4_9_10).csv
2026-04-09 21:40:13,Good,66.74,30.3,0.303,64,66,April4_9_10(April4_9_10).csv
2026-04-09 21:40:15,Good,66.74,30.4,0.304,64,66,April4_9_10(April4_9_10).csv
2026-04-09 21:40:17,Good,66.74,30.4,0.304,64,66,April4_9_10(April4_9_10).csv
2026-04-09 21:40:19,Good,66.74,30.5,0.305,64,66,April4_9_10(April4_9_10).csv
2026-04-09 21:40:21,Good,66.74,30.5,0.305,64,66,April4_9_10(April4_9_10).csv
2026-04-09 21:40:23,Good,66.74,30.5,0.305,64,66,April4_9_10(April4_9_10).csv
2026-04-09 21:40:25,Good,66.74,30.5,0.305,64,66,April4_9_10(April4_9_10).csv
2026-04-09 21:40:27,Good,66.74,30.4,0.304,64,66,April4_9_10(April4_9_10).csv
2026-04-09 21:40:29,Good,66.74,30.5,0.305,64,66,April4_9_10(April4_9_10).csv
2026-04-09 21:40:31,Good,66.74,30.5,0.305,64,66,April4_9_10(April4_9_10).csv
2026-04-09 21:40:33,Good,66.74,30.5,0.305,64,66,April4_9_10(April4_9_10).csv
2026-04-09 21:40:35,Good,66.74,30.5,0.305,64,66,April4_9_10(April4_9_10).csv
2026-04-09 21:40:37,Good,66.74,30.5,0.305,64,66,April4_9_10(April4_9_10).csv
2026-04-09 21:40:39,Good,66.74,30.5,0.305,64,66,April4_9_10(April4_9_10).csv
2026-04-09 21:40:41,Good,66.74,30.6,0.306,64,66,April4_9_10(April4_9_10).csv
2026-04-09 21:40:43,Good,66.74,30.6,0.306,64,66,April4_9_10(April4_9_10).csv
2026-04-09 21:40:45,Good,66.74,30.6,0.306,64,66,April4_9_10(April4_9_10).csv
2026-04-09 21:40:47,Good,66.74,30.6,0.306,64,66,April4_9_10(April4_9_10).csv
2026-04-09 21:40:49,Good,66.74,30.7,0.307,64,66,April4_9_10(April4_9_10).csv
2026-04-09 21:40:51,Good,66.74,30.7,0.307,64,66,April4_9_10(April4_9_10).csv
2026-04-09 21:40:53,Good,66.74,30.7,0.307,64,66,April4_9_10(April4_9_10).csv
2026-04-09 21:40:55,Good,66.74,30.7,0.307,64,66,April4_9_10(April4_9_10).csv
2026-04-09 21:40:57,Good,66.74,30.7,0.307,64,66,April4_9_10(April4_9_10).csv
2026-04-09 21:40:59,Good,66.74,30.7,0.307,64,66,April4_9_10(April4_9_10).csv
2026-04-09 21:41:01,Good,66.74,30.7,0.307,64,66,April4_9_10(April4_9_10).csv
2026-04-09 21:41:03,Good,66.74,30.7,0.307,64,66,April4_9_10(April4_9_10).csv
2026-04-09 21:41:06,Good,66.74,30.7,0.307,64,66,April4_9_10(April4_9_10).csv
2026-04-09 21:41:08,Good,66.74,30.8,0.308,64,66,April4_9_10(April4_9_10).csv
2026-04-09 21:41:10,Good,66.74,30.8,0.308,64,66,April4_9_10(April4_9_10).csv
2026-04-09 21:41:12,Good,66.74,30.8,0.308,64,66,April4_9_10(April4_9_10).csv
2026-04-09 21:41:14,Good,66.74,30.9,0.309,64,66,April4_9_10(April4_9_10).csv
2026-04-09 21:41:16,Good,66.74,30.9,0.309,64,66,April4_9_10(April4_9_10).csv
2026-04-09 21:41:18,Good,66.74,30.9,0.309,64,66,April4_9_10(April4_9_10).csv
2026-04-09 21:41:20,Good,66.74,30.8,0.308,64,66,April4_9_10(April4_9_10).csv
2026-04-09 21:41:22,Good,66.56,30.6,0.306,64,66,April4_9_10(April4_9_10).csv
2026-04-09 21:41:24,Good,66.74,30.7,0.307,64,66,April4_9_10(April4_9_10).csv
2026-04-09 21:41:26,Good,66.74,30.7,0.307,64,66,April4_9_10(April4_9_10).csv
2026-04-09 21:41:28,Good,66.74,30.7,0.307,64,66,April4_9_10(April4_9_10).csv
2026-04-09 21:41:30,Good,66.74,30.8,0.308,64,66,April4_9_10(April4_9_10).csv
2026-04-09 21:41:32,Good,66.74,30.8,0.308,64,66,April4_9_10(April4_9_10).csv
2026-04-09 21:41:34,Good,66.56,30.8,0.308,64,66,April4_9_10(April4_9_10).csv
2026-04-09 21:41:36,Good,66.56,30.8,0.308,64,66,April4_9_10(April4_9_10).csv
2026-04-09 21:41:38,Good,66.56,30.9,0.309,64,66,April4_9_10(April4_9_10).csv
2026-04-09 21:41:40,Good,66.56,30.9,0.309,64,66,April4_9_10(April4_9_10).csv
2026-04-09 21:41:42,Good,66.56,30.9,0.309,64,66,April4_9_10(April4_9_10).csv
2026-04-09 21:41:44,Good,66.56,31.0,0.31,64,66,April4_9_10(April4_9_10).csv
2026-04-09 21:41:46,Good,66.56,31.0,0.31,64,66,April4_9_10(April4_9_10).csv
2026-04-09 21:41:48,Good,66.56,31.1,0.311,64,66,April4_9_10(April4_9_10).csv
2026-04-09 21:41:50,Good,66.56,31.2,0.312,64,66,April4_9_10(April4_9_10).csv
2026-04-09 21:41:52,Good,66.74,31.3,0.313,64,66,April4_9_10(April4_9_10).csv
2026-04-09 21:41:54,Good,66.56,31.3,0.313,64,66,April4_9_10(April4_9_10).csv
2026-04-09 21:41:56,Good,66.56,31.3,0.313,64,66,April4_9_10(April4_9_10).csv
2026-04-09 21:41:59,Good,66.56,31.4,0.314,64,66,April4_9_10(April4_9_10).csv
2026-04-09 21:42:01,Good,66.56,31.4,0.314,64,66,April4_9_10(April4_9_10).csv
2026-04-09 21:42:03,Good,66.56,31.5,0.315,64,66,April4_9_10(April4_9_10).csv
2026-04-09 21:42:05,Good,66.56,31.4,0.314,64,66,April4_9_10(April4_9_10).csv
2026-04-09 21:42:07,Good,66.56,31.3,0.313,64,66,April4_9_10(April4_9_10).csv
2026-04-09 21:42:09,Good,66.56,31.2,0.312,64,66,April4_9_10(April4_9_10).csv
2026-04-09 21:42:11,Good,66.56,31.1,0.311,64,66,April4_9_10(April4_9_10).csv
2026-04-09 21:42:13,Good,66.56,31.1,0.311,64,66,April4_9_10(April4_9_10).csv
2026-04-09 21:42:15,Good,66.56,31.1,0.311,64,66,April4_9_10(April4_9_10).csv
2026-04-09 21:42:17,Good,66.56,31.1,0.311,64,66,April4_9_10(April4_9_10).csv
2026-04-09 21:42:19,Good,66.56,31.1,0.311,64,66,April4_9_10(April4_9_10).csv
2026-04-09 21:42:21,Good,66.56,31.1,0.311,64,66,April4_9_10(April4_9_10).csv
2026-04-09 21:42:23,Good,66.56,31.1,0.311,64,66,April4_9_10(April4_9_10).csv
2026-04-09 21:42:25,Good,66.56,31.1,0.311,64,66,April4_9_10(April4_9_10).csv
2026-04-09 21:42:27,Good,66.56,31.1,0.311,64,66,April4_9_10(April4_9_10).csv
2026-04-09 21:42:29,Good,66.56,31.2,0.312,64,66,April4_9_10(April4_9_10).csv
2026-04-09 21:42:31,Good,66.56,31.2,0.312,64,66,April4_9_10(April4_9_10).csv
2026-04-09 21:42:33,Good,66.56,31.2,0.312,64,66,April4_9_10(April4_9_10).csv
2026-04-09 21:42:35,Good,66.56,31.3,0.313,64,66,April4_9_10(April4_9_10).csv
2026-04-09 21:42:37,Good,66.56,31.3,0.313,64,66,April4_9_10(April4_9_10).csv
2026-04-09 21:42:39,Good,66.56,31.2,0.312,64,66,April4_9_10(April4_9_10).csv
2026-04-09 21:42:41,Good,66.56,31.1,0.311,64,66,April4_9_10(April4_9_10).csv
2026-04-09 21:42:43,Good,66.56,31.0,0.31,64,66,April4_9_10(April4_9_10).csv
2026-04-09 21:42:45,Good,66.56,31.0,0.31,64,66,April4_9_10(April4_9_10).csv
2026-04-09 21:42:47,Good,66.56,31.0,0.31,64,66,April4_9_10(April4_9_10).csv
2026-04-09 21:42:49,Good,66.56,31.0,0.31,64,66,April4_9_10(April4_9_10).csv
2026-04-09 21:42:52,Good,66.56,30.9,0.309,64,66,April4_9_10(April4_9_10).csv
2026-04-09 21:42:54,Good,66.56,30.8,0.308,64,66,April4_9_10(April4_9_10).csv
2026-04-09 21:42:56,Good,66.56,30.8,0.308,64,66,April4_9_10(April4_9_10).csv
2026-04-09 21:42:58,Good,66.38,30.7,0.307,64,66,April4_9_10(April4_9_10).csv
2026-04-09 21:43:00,Good,66.56,30.8,0.308,64,66,April4_9_10(April4_9_10).csv
2026-04-09 21:43:02,Good,66.38,30.7,0.307,64,66,April4_9_10(April4_9_10).csv
2026-04-09 21:43:04,Good,66.56,30.9,0.309,64,66,April4_9_10(April4_9_10).csv
2026-04-09 21:43:06,Good,66.38,30.8,0.308,64,66,April4_9_10(April4_9_10).csv
2026-04-09 21:43:08,Good,66.38,30.8,0.308,64,66,April4_9_10(April4_9_10).csv
2026-04-09 21:43:10,Good,66.38,30.8,0.308,64,66,April4_9_10(April4_9_10).csv
2026-04-09 21:43:12,Good,66.38,30.7,0.307,64,66,April4_9_10(April4_9_10).csv
2026-04-09 21:43:14,Good,66.38,30.7,0.307,64,66,April4_9_10(April4_9_10).csv
2026-04-09 21:43:16,Good,66.38,30.6,0.306,64,66,April4_9_10(April4_9_10).csv
2026-04-09 21:43:18,Good,66.38,30.6,0.306,64,66,April4_9_10(April4_9_10).csv
2026-04-09 21:43:20,Good,66.38,30.6,0.306,64,66,April4_9_10(April4_9_10).csv
2026-04-09 21:43:22,Good,66.38,30.7,0.307,64,66,April4_9_10(April4_9_10).csv
2026-04-09 21:43:24,Good,66.38,30.7,0.307,64,66,April4_9_10(April4_9_10).csv
2026-04-09 21:43:26,Good,66.38,30.8,0.308,64,66,April4_9_10(April4_9_10).csv
2026-04-09 21:43:28,Good,66.38,30.8,0.308,64,66,April4_9_10(April4_9_10).csv
2026-04-09 21:43:30,Good,66.38,30.8,0.308,64,65,April4_9_10(April4_9_10).csv
2026-04-09 21:43:32,Good,66.38,30.8,0.308,64,66,April4_9_10(April4_9_10).csv
2026-04-09 21:43:34,Good,66.38,30.7,0.307,64,65,April4_9_10(April4_9_10).csv
2026-04-09 21:43:36,Good,66.38,30.7,0.307,64,66,April4_9_10(April4_9_10).csv
2026-04-09 21:43:38,Good,66.38,30.7,0.307,64,65,April4_9_10(April4_9_10).csv
2026-04-09 21:43:40,Good,66.38,30.6,0.306,64,66,April4_9_10(April4_9_10).csv
2026-04-09 21:43:42,Good,66.38,30.5,0.305,64,66,April4_9_10(April4_9_10).csv
2026-04-09 21:43:45,Good,66.38,30.5,0.305,64,65,April4_9_10(April4_9_10).csv
2026-04-09 21:43:47,Good,66.38,30.5,0.305,64,65,April4_9_10(April4_9_10).csv
2026-04-09 21:43:49,Good,66.38,30.5,0.305,64,65,April4_9_10(April4_9_10).csv
2026-04-09 21:43:51,Good,66.38,30.5,0.305,64,65,April4_9_10(April4_9_10).csv
2026-04-09 21:43:53,Good,66.38,30.6,0.306,64,65,April4_9_10(April4_9_10).csv
2026-04-09 21:43:55,Good,66.38,30.6,0.306,64,65,April4_9_10(April4_9_10).csv
2026-04-09 21:43:57,Good,66.38,30.7,0.307,64,65,April4_9_10(April4_9_10).csv
2026-04-09 21:43:59,Good,66.38,30.7,0.307,64,65,April4_9_10(April4_9_10).csv
2026-04-09 21:44:01,Good,66.38,30.7,0.307,64,65,April4_9_10(April4_9_10).csv
2026-04-09 21:44:03,Good,66.38,30.8,0.308,64,65,April4_9_10(April4_9_10).csv
2026-04-09 21:44:05,Good,66.38,30.9,0.309,64,65,April4_9_10(April4_9_10).csv
2026-04-09 21:44:07,Good,66.38,31.0,0.31,64,65,April4_9_10(April4_9_10).csv
2026-04-09 21:44:09,Good,66.38,31.0,0.31,64,65,April4_9_10(April4_9_10).csv
2026-04-09 21:44:11,Good,66.38,31.1,0.311,64,65,April4_9_10(April4_9_10).csv
2026-04-09 21:44:13,Good,66.38,31.1,0.311,64,65,April4_9_10(April4_9_10).csv
2026-04-09 21:44:15,Good,66.38,31.2,0.312,64,65,April4_9_10(April4_9_10).csv
2026-04-09 21:44:17,Good,66.38,31.2,0.312,64,65,April4_9_10(April4_9_10).csv
2026-04-09 21:44:19,Good,66.38,31.3,0.313,64,65,April4_9_10(April4_9_10).csv
2026-04-09 21:44:21,Good,66.38,31.3,0.313,64,65,April4_9_10(April4_9_10).csv
2026-04-09 21:44:23,Good,66.38,31.3,0.313,64,65,April4_9_10(April4_9_10).csv
2026-04-09 21:44:25,Good,66.38,31.2,0.312,64,65,April4_9_10(April4_9_10).csv
2026-04-09 21:44:27,Good,66.38,31.1,0.311,64,65,April4_9_10(April4_9_10).csv
2026-04-09 21:44:29,Good,66.38,31.0,0.31,64,65,April4_9_10(April4_9_10).csv
2026-04-09 21:44:31,Good,66.38,30.9,0.309,64,65,April4_9_10(April4_9_10).csv
2026-04-09 21:44:33,Good,66.38,30.8,0.308,64,65,April4_9_10(April4_9_10).csv
2026-04-09 21:44:35,Good,66.38,30.8,0.308,64,65,April4_9_10(April4_9_10).csv
2026-04-09 21:44:38,Good,66.38,30.7,0.307,64,65,April4_9_10(April4_9_10).csv
2026-04-09 21:44:40,Good,66.38,30.7,0.307,64,65,April4_9_10(April4_9_10).csv
2026-04-09 21:44:42,Good,66.2,30.6,0.306,64,65,April4_9_10(April4_9_10).csv
2026-04-09 21:44:44,Good,66.2,30.6,0.306,64,65,April4_9_10(April4_9_10).csv
2026-04-09 21:44:46,Good,66.2,30.6,0.306,64,65,April4_9_10(April4_9_10).csv
2026-04-09 21:44:48,Good,66.2,30.6,0.306,64,65,April4_9_10(April4_9_10).csv
2026-04-09 21:44:50,Good,66.2,30.6,0.306,64,65,April4_9_10(April4_9_10).csv
2026-04-09 21:44:52,Good,66.2,30.6,0.306,64,65,April4_9_10(April4_9_10).csv
2026-04-09 21:44:54,Good,66.2,30.6,0.306,64,65,April4_9_10(April4_9_10).csv
2026-04-09 21:44:56,Good,66.2,30.7,0.307,64,65,April4_9_10(April4_9_10).csv
2026-04-09 21:44:58,Good,66.2,30.7,0.307,64,65,April4_9_10(April4_9_10).csv
2026-04-09 21:45:00,Good,66.2,30.7,0.307,64,65,April4_9_10(April4_9_10).csv
2026-04-09 21:45:02,Good,66.2,30.8,0.308,64,65,April4_9_10(April4_9_10).csv
2026-04-09 21:45:04,Good,66.2,30.8,0.308,64,65,April4_9_10(April4_9_10).csv
2026-04-09 21:45:06,Good,66.2,30.7,0.307,64,65,April4_9_10(April4_9_10).csv
2026-04-09 21:45:08,Good,66.2,30.7,0.307,64,65,April4_9_10(April4_9_10).csv
2026-04-09 21:45:10,Good,66.2,30.7,0.307,64,65,April4_9_10(April4_9_10).csv
2026-04-09 21:45:12,Good,66.2,30.8,0.308,64,65,April4_9_10(April4_9_10).csv
2026-04-09 21:45:14,Good,66.2,30.8,0.308,64,65,April4_9_10(April4_9_10).csv
2026-04-09 21:45:16,Good,66.2,30.9,0.309,64,65,April4_9_10(April4_9_10).csv
2026-04-09 21:45:18,Good,66.2,30.9,0.309,64,65,April4_9_10(April4_9_10).csv
2026-04-09 21:45:20,Good,66.2,31.0,0.31,64,65,April4_9_10(April4_9_10).csv
2026-04-09 21:45:22,Good,66.2,31.0,0.31,64,65,April4_9_10(April4_9_10).csv
2026-04-09 21:45:25,Good,66.2,31.1,0.311,64,65,April4_9_10(April4_9_10).csv
2026-04-09 21:45:27,Good,66.2,31.1,0.311,64,65,April4_9_10(April4_9_10).csv
2026-04-09 21:45:29,Good,66.2,31.2,0.312,64,65,April4_9_10(April4_9_10).csv
2026-04-09 21:45:31,Good,66.2,31.3,0.313,64,65,April4_9_10(April4_9_10).csv
2026-04-09 21:45:33,Good,66.2,31.3,0.313,64,65,April4_9_10(April4_9_10).csv
2026-04-09 21:45:35,Good,66.2,31.4,0.314,64,65,April4_9_10(April4_9_10).csv
2026-04-09 21:45:37,Good,66.2,31.5,0.315,64,65,April4_9_10(April4_9_10).csv
2026-04-09 21:45:39,Good,66.2,31.5,0.315,64,65,April4_9_10(April4_9_10).csv
2026-04-09 21:45:41,Good,66.2,31.5,0.315,64,65,April4_9_10(April4_9_10).csv
2026-04-09 21:45:43,Good,66.2,31.5,0.315,64,65,April4_9_10(April4_9_10).csv
2026-04-09 21:45:45,Good,66.2,31.5,0.315,64,65,April4_9_10(April4_9_10).csv
2026-04-09 21:45:47,Good,66.2,31.5,0.315,64,65,April4_9_10(April4_9_10).csv
2026-04-09 21:45:49,Good,66.2,31.5,0.315,64,65,April4_9_10(April4_9_10).csv
2026-04-09 21:45:51,Good,66.2,31.6,0.316,64,65,April4_9_10(April4_9_10).csv
2026-04-09 21:45:53,Good,66.2,31.6,0.316,64,65,April4_9_10(April4_9_10).csv
2026-04-09 21:45:55,Good,66.2,31.6,0.316,64,65,April4_9_10(April4_9_10).csv
2026-04-09 21:45:57,Good,66.2,31.6,0.316,64,65,April4_9_10(April4_9_10).csv
2026-04-09 21:45:59,Good,66.2,31.6,0.316,64,65,April4_9_10(April4_9_10).csv
2026-04-09 21:46:01,Good,66.2,31.6,0.316,64,65,April4_9_10(April4_9_10).csv
2026-04-09 21:46:03,Good,66.2,31.6,0.316,64,65,April4_9_10(April4_9_10).csv
2026-04-09 21:46:05,Good,66.2,31.6,0.316,64,65,April4_9_10(April4_9_10).csv
2026-04-09 21:46:07,Good,66.2,31.6,0.316,64,65,April4_9_10(April4_9_10).csv
2026-04-09 21:46:09,Good,66.2,31.6,0.316,64,65,April4_9_10(April4_9_10).csv
2026-04-09 21:46:11,Good,66.2,31.7,0.317,64,65,April4_9_10(April4_9_10).csv
2026-04-09 21:46:13,Good,66.2,31.7,0.317,64,65,April4_9_10(April4_9_10).csv
2026-04-09 21:46:15,Good,66.2,31.7,0.317,64,65,April4_9_10(April4_9_10).csv
2026-04-09 21:46:17,Good,66.2,31.7,0.317,64,65,April4_9_10(April4_9_10).csv
2026-04-09 21:46:20,Good,66.2,31.7,0.317,64,65,April4_9_10(April4_9_10).csv
2026-04-09 21:46:22,Good,66.02,31.7,0.317,64,65,April4_9_10(April4_9_10).csv
2026-04-09 21:46:24,Good,66.02,31.7,0.317,64,65,April4_9_10(April4_9_10).csv
2026-04-09 21:46:26,Good,66.2,31.7,0.317,64,65,April4_9_10(April4_9_10).csv
2026-04-09 21:46:28,Good,66.02,31.7,0.317,64,65,April4_9_10(April4_9_10).csv
2026-04-09 21:46:30,Good,66.02,31.7,0.317,64,65,April4_9_10(April4_9_10).csv
2026-04-09 21:46:32,Good,66.02,31.7,0.317,64,65,April4_9_10(April4_9_10).csv
2026-04-09 21:46:34,Good,66.02,31.7,0.317,64,65,April4_9_10(April4_9_10).csv
2026-04-09 21:46:36,Good,66.02,31.8,0.318,64,65,April4_9_10(April4_9_10).csv
2026-04-09 21:46:38,Good,66.02,31.8,0.318,64,65,April4_9_10(April4_9_10).csv
2026-04-09 21:46:40,Good,66.02,31.9,0.319,64,65,April4_9_10(April4_9_10).csv
2026-04-09 21:46:42,Good,66.02,31.9,0.319,64,65,April4_9_10(April4_9_10).csv
2026-04-09 21:46:44,Good,66.02,31.9,0.319,64,65,April4_9_10(April4_9_10).csv
2026-04-09 21:46:46,Good,66.02,31.9,0.319,64,65,April4_9_10(April4_9_10).csv
2026-04-09 21:46:48,Good,66.02,31.9,0.319,64,65,April4_9_10(April4_9_10).csv
2026-04-09 21:46:50,Good,66.02,31.9,0.319,64,65,April4_9_10(April4_9_10).csv
2026-04-09 21:46:52,Good,66.02,31.9,0.319,64,65,April4_9_10(April4_9_10).csv
2026-04-09 21:46:54,Good,66.02,31.9,0.319,64,65,April4_9_10(April4_9_10).csv
2026-04-09 21:46:56,Good,66.02,32.0,0.32,64,65,April4_9_10(April4_9_10).csv
2026-04-09 21:46:58,Good,66.02,32.0,0.32,64,65,April4_9_10(April4_9_10).csv
2026-04-09 21:47:00,Good,66.02,32.0,0.32,64,65,April4_9_10(April4_9_10).csv
2026-04-09 21:47:02,Good,66.02,32.0,0.32,64,65,April4_9_10(April4_9_10).csv
2026-04-09 21:47:04,Good,66.02,32.0,0.32,64,65,April4_9_10(April4_9_10).csv
2026-04-09 21:47:06,Good,66.02,32.1,0.321,64,65,April4_9_10(April4_9_10).csv
2026-04-09 21:47:08,Good,66.02,32.1,0.321,64,65,April4_9_10(April4_9_10).csv
2026-04-09 21:47:10,Good,66.02,32.2,0.322,64,65,April4_9_10(April4_9_10).csv
2026-04-09 21:47:13,Good,66.02,32.2,0.322,64,65,April4_9_10(April4_9_10).csv
2026-04-09 21:47:15,Good,66.02,32.2,0.322,64,65,April4_9_10(April4_9_10).csv
2026-04-09 21:47:17,Good,66.02,32.1,0.321,64,65,April4_9_10(April4_9_10).csv
2026-04-09 21:47:19,Good,66.02,32.0,0.32,64,65,April4_9_10(April4_9_10).csv
2026-04-09 21:47:21,Good,66.02,32.0,0.32,64,65,April4_9_10(April4_9_10).csv
2026-04-09 21:47:23,Good,66.02,32.0,0.32,64,65,April4_9_10(April4_9_10).csv
2026-04-09 21:47:25,Good,66.02,32.0,0.32,64,65,April4_9_10(April4_9_10).csv
2026-04-09 21:47:27,Good,66.02,32.0,0.32,64,65,April4_9_10(April4_9_10).csv
2026-04-09 21:47:29,Good,66.02,32.0,0.32,64,65,April4_9_10(April4_9_10).csv
2026-04-09 21:47:31,Good,66.02,32.0,0.32,64,65,April4_9_10(April4_9_10).csv
2026-04-09 21:47:33,Good,66.02,32.1,0.321,64,65,April4_9_10(April4_9_10).csv
2026-04-09 21:47:35,Good,66.02,32.1,0.321,64,65,April4_9_10(April4_9_10).csv
2026-04-09 21:47:37,Good,66.02,32.1,0.321,64,65,April4_9_10(April4_9_10).csv
2026-04-09 21:47:39,Good,66.02,32.1,0.321,64,65,April4_9_10(April4_9_10).csv
2026-04-09 21:47:41,Good,66.02,32.1,0.321,64,65,April4_9_10(April4_9_10).csv
2026-04-09 21:47:43,Good,66.02,32.2,0.322,64,65,April4_9_10(April4_9_10).csv
2026-04-09 21:47:45,Good,66.02,32.2,0.322,64,65,April4_9_10(April4_9_10).csv
2026-04-09 21:47:47,Good,66.02,32.2,0.322,64,65,April4_9_10(April4_9_10).csv
2026-04-09 21:47:49,Good,66.02,32.3,0.32299999999999995,64,65,April4_9_10(April4_9_10).csv
2026-04-09 21:47:51,Good,66.02,32.3,0.32299999999999995,64,65,April4_9_10(April4_9_10).csv
2026-04-09 21:47:53,Good,66.02,32.3,0.32299999999999995,64,65,April4_9_10(April4_9_10).csv
2026-04-09 21:47:55,Good,66.02,32.3,0.32299999999999995,64,65,April4_9_10(April4_9_10).csv
2026-04-09 21:47:57,Good,66.02,32.3,0.32299999999999995,64,65,April4_9_10(April4_9_10).csv
2026-04-09 21:47:59,Good,66.02,32.4,0.324,64,65,April4_9_10(April4_9_10).csv
2026-04-09 21:48:01,Good,66.02,32.4,0.324,64,65,April4_9_10(April4_9_10).csv
2026-04-09 21:48:03,Good,66.02,32.4,0.324,64,65,April4_9_10(April4_9_10).csv
2026-04-09 21:48:06,Good,66.02,32.5,0.325,64,65,April4_9_10(April4_9_10).csv
2026-04-09 21:48:08,Good,66.02,32.5,0.325,64,65,April4_9_10(April4_9_10).csv
2026-04-09 21:48:10,Good,66.02,32.4,0.324,64,65,April4_9_10(April4_9_10).csv
2026-04-09 21:48:12,Good,66.02,32.3,0.32299999999999995,64,65,April4_9_10(April4_9_10).csv
2026-04-09 21:48:14,Good,66.02,32.3,0.32299999999999995,64,65,April4_9_10(April4_9_10).csv
2026-04-09 21:48:16,Good,66.02,32.4,0.324,64,65,April4_9_10(April4_9_10).csv
2026-04-09 21:48:18,Good,66.02,32.4,0.324,64,65,April4_9_10(April4_9_10).csv
2026-04-09 21:48:20,Good,65.84,32.4,0.324,64,65,April4_9_10(April4_9_10).csv
2026-04-09 21:48:22,Good,66.02,32.5,0.325,64,65,April4_9_10(April4_9_10).csv
2026-04-09 21:48:24,Good,66.02,32.6,0.326,64,65,April4_9_10(April4_9_10).csv
2026-04-09 21:48:26,Good,66.02,32.6,0.326,64,65,April4_9_10(April4_9_10).csv
2026-04-09 21:48:28,Good,66.02,32.7,0.327,64,65,April4_9_10(April4_9_10).csv
2026-04-09 21:48:30,Good,66.02,32.7,0.327,64,65,April4_9_10(April4_9_10).csv
2026-04-09 21:48:32,Good,66.02,32.7,0.327,64,65,April4_9_10(April4_9_10).csv
2026-04-09 21:48:34,Good,66.02,32.7,0.327,64,65,April4_9_10(April4_9_10).csv
2026-04-09 21:48:36,Good,66.02,32.7,0.327,64,65,April4_9_10(April4_9_10).csv
2026-04-09 21:48:38,Good,66.02,32.7,0.327,64,65,April4_9_10(April4_9_10).csv
2026-04-09 21:48:40,Good,65.84,32.5,0.325,64,65,April4_9_10(April4_9_10).csv
2026-04-09 21:48:42,Good,66.02,32.5,0.325,64,65,April4_9_10(April4_9_10).csv
2026-04-09 21:48:44,Good,66.02,32.5,0.325,64,65,April4_9_10(April4_9_10).csv
2026-04-09 21:48:46,Good,65.84,32.5,0.325,64,65,April4_9_10(April4_9_10).csv
2026-04-09 21:48:48,Good,66.02,32.5,0.325,64,65,April4_9_10(April4_9_10).csv
2026-04-09 21:48:50,Good,65.84,32.5,0.325,64,65,April4_9_10(April4_9_10).csv
2026-04-09 21:48:52,Good,65.84,32.5,0.325,64,65,April4_9_10(April4_9_10).csv
2026-04-09 21:48:54,Good,65.84,32.5,0.325,64,65,April4_9_10(April4_9_10).csv
2026-04-09 21:48:56,Good,65.84,32.5,0.325,64,65,April4_9_10(April4_9_10).csv
2026-04-09 21:48:59,Good,65.84,32.5,0.325,64,65,April4_9_10(April4_9_10).csv
2026-04-09 21:49:01,Good,65.84,32.5,0.325,64,65,April4_9_10(April4_9_10).csv
2026-04-09 21:49:03,Good,65.84,32.5,0.325,64,65,April4_9_10(April4_9_10).csv
2026-04-09 21:49:05,Good,65.84,32.6,0.326,64,65,April4_9_10(April4_9_10).csv
2026-04-09 21:49:07,Good,65.84,32.6,0.326,64,65,April4_9_10(April4_9_10).csv
2026-04-09 21:49:09,Good,65.84,32.5,0.325,64,65,April4_9_10(April4_9_10).csv
2026-04-09 21:49:11,Good,65.84,32.5,0.325,64,65,April4_9_10(April4_9_10).csv
2026-04-09 21:49:13,Good,65.84,32.5,0.325,64,65,April4_9_10(April4_9_10).csv
2026-04-09 21:49:15,Good,65.84,32.4,0.324,64,65,April4_9_10(April4_9_10).csv
2026-04-09 21:49:17,Good,65.84,32.3,0.32299999999999995,64,65,April4_9_10(April4_9_10).csv
2026-04-09 21:49:19,Good,65.84,32.3,0.32299999999999995,64,65,April4_9_10(April4_9_10).csv
2026-04-09 21:49:21,Good,65.84,32.3,0.32299999999999995,64,65,April4_9_10(April4_9_10).csv
2026-04-09 21:49:23,Good,65.84,32.3,0.32299999999999995,64,65,April4_9_10(April4_9_10).csv
2026-04-09 21:49:25,Good,65.84,32.3,0.32299999999999995,64,65,April4_9_10(April4_9_10).csv
2026-04-09 21:49:27,Good,65.84,32.3,0.32299999999999995,64,65,April4_9_10(April4_9_10).csv
2026-04-09 21:49:29,Good,65.84,32.3,0.32299999999999995,64,65,April4_9_10(April4_9_10).csv
2026-04-09 21:49:31,Good,65.84,32.3,0.32299999999999995,64,65,April4_9_10(April4_9_10).csv
2026-04-09 21:49:33,Good,65.84,32.4,0.324,64,65,April4_9_10(April4_9_10).csv
2026-04-09 21:49:35,Good,65.84,32.4,0.324,64,65,April4_9_10(April4_9_10).csv
2026-04-09 21:49:37,Good,65.84,32.5,0.325,64,65,April4_9_10(April4_9_10).csv
2026-04-09 21:49:39,Good,65.84,32.5,0.325,64,65,April4_9_10(April4_9_10).csv
2026-04-09 21:49:41,Good,65.84,32.5,0.325,64,65,April4_9_10(April4_9_10).csv
2026-04-09 21:49:43,Good,65.84,32.6,0.326,64,65,April4_9_10(April4_9_10).csv
2026-04-09 21:49:45,Good,65.84,32.6,0.326,64,65,April4_9_10(April4_9_10).csv
2026-04-09 21:49:47,Good,65.84,32.6,0.326,64,65,April4_9_10(April4_9_10).csv
2026-04-09 21:49:49,Good,65.84,32.7,0.327,64,65,April4_9_10(April4_9_10).csv
2026-04-09 21:49:52,Good,65.84,32.7,0.327,64,65,April4_9_10(April4_9_10).csv
2026-04-09 21:49:54,Good,65.84,32.7,0.327,64,65,April4_9_10(April4_9_10).csv
2026-04-09 21:49:56,Good,65.84,32.8,0.32799999999999996,64,65,April4_9_10(April4_9_10).csv
2026-04-09 21:49:58,Good,65.84,32.8,0.32799999999999996,64,65,April4_9_10(April4_9_10).csv
2026-04-09 21:50:00,Good,65.84,32.8,0.32799999999999996,64,65,April4_9_10(April4_9_10).csv
2026-04-09 21:50:02,Good,65.84,32.8,0.32799999999999996,64,65,April4_9_10(April4_9_10).csv
2026-04-09 21:50:04,Good,65.84,32.8,0.32799999999999996,64,65,April4_9_10(April4_9_10).csv
2026-04-09 21:50:06,Good,65.84,32.8,0.32799999999999996,64,65,April4_9_10(April4_9_10).csv
2026-04-09 21:50:08,Good,65.84,32.8,0.32799999999999996,64,65,April4_9_10(April4_9_10).csv
2026-04-09 21:50:10,Good,65.84,32.8,0.32799999999999996,64,65,April4_9_10(April4_9_10).csv
2026-04-09 21:50:12,Good,65.84,32.8,0.32799999999999996,64,65,April4_9_10(April4_9_10).csv
2026-04-09 21:50:14,Good,65.84,32.9,0.32899999999999996,64,65,April4_9_10(April4_9_10).csv
2026-04-09 21:50:16,Good,65.84,32.9,0.32899999999999996,64,65,April4_9_10(April4_9_10).csv
2026-04-09 21:50:18,Good,65.84,32.9,0.32899999999999996,64,65,April4_9_10(April4_9_10).csv
2026-04-09 21:50:20,Good,65.84,33.0,0.33,64,65,April4_9_10(April4_9_10).csv
2026-04-09 21:50:22,Good,65.84,33.0,0.33,64,65,April4_9_10(April4_9_10).csv
2026-04-09 21:50:24,Good,65.84,33.0,0.33,64,65,April4_9_10(April4_9_10).csv
2026-04-09 21:50:26,Good,65.84,33.0,0.33,64,65,April4_9_10(April4_9_10).csv
2026-04-09 21:50:28,Good,65.84,33.0,0.33,64,65,April4_9_10(April4_9_10).csv
2026-04-09 21:50:30,Good,65.84,33.1,0.331,64,65,April4_9_10(April4_9_10).csv
2026-04-09 21:50:32,Good,65.84,33.1,0.331,64,65,April4_9_10(April4_9_10).csv
2026-04-09 21:50:34,Good,65.84,33.1,0.331,64,65,April4_9_10(April4_9_10).csv
2026-04-09 21:50:36,Good,65.84,33.2,0.332,64,65,April4_9_10(April4_9_10).csv
2026-04-09 21:50:38,Good,65.84,33.2,0.332,64,65,April4_9_10(April4_9_10).csv
2026-04-09 21:50:40,Good,65.84,33.2,0.332,64,65,April4_9_10(April4_9_10).csv
2026-04-09 21:50:42,Good,65.84,33.2,0.332,64,65,April4_9_10(April4_9_10).csv
2026-04-09 21:50:45,Good,65.84,33.2,0.332,64,65,April4_9_10(April4_9_10).csv
2026-04-09 21:50:47,Good,65.84,33.2,0.332,64,65,April4_9_10(April4_9_10).csv
2026-04-09 21:50:49,Good,65.84,33.2,0.332,64,65,April4_9_10(April4_9_10).csv
2026-04-09 21:50:51,Good,65.84,33.2,0.332,64,65,April4_9_10(April4_9_10).csv
2026-04-09 21:50:53,Good,65.84,33.2,0.332,64,65,April4_9_10(April4_9_10).csv
2026-04-09 21:50:55,Good,65.84,33.2,0.332,64,65,April4_9_10(April4_9_10).csv
2026-04-09 21:50:57,Good,65.84,33.2,0.332,64,65,April4_9_10(April4_9_10).csv
2026-04-09 21:50:59,Good,65.84,33.2,0.332,64,65,April4_9_10(April4_9_10).csv
2026-04-09 21:51:01,Good,65.84,33.2,0.332,64,65,April4_9_10(April4_9_10).csv
2026-04-09 21:51:03,Good,65.66,33.2,0.332,64,65,April4_9_10(April4_9_10).csv
2026-04-09 21:51:05,Good,65.66,33.2,0.332,64,65,April4_9_10(April4_9_10).csv
2026-04-09 21:51:07,Good,65.66,33.2,0.332,64,65,April4_9_10(April4_9_10).csv
2026-04-09 21:51:09,Good,65.66,33.2,0.332,64,65,April4_9_10(April4_9_10).csv
2026-04-09 21:51:11,Good,65.66,33.2,0.332,64,65,April4_9_10(April4_9_10).csv
2026-04-09 21:51:13,Good,65.66,33.3,0.33299999999999996,64,65,April4_9_10(April4_9_10).csv
2026-04-09 21:51:15,Good,65.66,33.3,0.33299999999999996,64,65,April4_9_10(April4_9_10).csv
2026-04-09 21:51:17,Good,65.66,33.3,0.33299999999999996,64,65,April4_9_10(April4_9_10).csv
2026-04-09 21:51:19,Good,65.66,33.4,0.33399999999999996,64,65,April4_9_10(April4_9_10).csv
2026-04-09 21:51:21,Good,65.66,33.4,0.33399999999999996,64,65,April4_9_10(April4_9_10).csv
2026-04-09 21:51:23,Good,65.66,33.4,0.33399999999999996,64,65,April4_9_10(April4_9_10).csv
2026-04-09 21:51:25,Good,65.66,33.3,0.33299999999999996,64,65,April4_9_10(April4_9_10).csv
2026-04-09 21:51:27,Good,65.66,33.3,0.33299999999999996,64,65,April4_9_10(April4_9_10).csv
2026-04-09 21:51:29,Good,65.66,33.2,0.332,64,65,April4_9_10(April4_9_10).csv
2026-04-09 21:51:31,Good,65.66,33.2,0.332,64,65,April4_9_10(April4_9_10).csv
2026-04-09 21:51:33,Good,65.66,33.2,0.332,64,65,April4_9_10(April4_9_10).csv
2026-04-09 21:51:35,Good,65.66,33.2,0.332,64,65,April4_9_10(April4_9_10).csv
2026-04-09 21:51:38,Good,65.66,33.2,0.332,64,65,April4_9_10(April4_9_10).csv
2026-04-09 21:51:40,Good,65.66,33.2,0.332,64,65,April4_9_10(April4_9_10).csv
2026-04-09 21:51:42,Good,65.66,33.2,0.332,64,65,April4_9_10(April4_9_10).csv
2026-04-09 21:51:44,Good,65.66,33.3,0.33299999999999996,64,65,April4_9_10(April4_9_10).csv
2026-04-09 21:51:46,Good,65.66,33.3,0.33299999999999996,64,65,April4_9_10(April4_9_10).csv
2026-04-09 21:51:48,Good,65.66,33.3,0.33299999999999996,64,65,April4_9_10(April4_9_10).csv
2026-04-09 21:51:50,Good,65.66,33.3,0.33299999999999996,64,65,April4_9_10(April4_9_10).csv
2026-04-09 21:51:52,Good,65.66,33.3,0.33299999999999996,64,65,April4_9_10(April4_9_10).csv
2026-04-09 21:51:54,Good,65.66,33.2,0.332,64,65,April4_9_10(April4_9_10).csv
2026-04-09 21:51:56,Good,65.66,33.2,0.332,65,65,April4_9_10(April4_9_10).csv
2026-04-09 21:51:58,Good,65.66,33.2,0.332,64,65,April4_9_10(April4_9_10).csv
2026-04-09 21:52:00,Good,65.66,33.2,0.332,64,65,April4_9_10(April4_9_10).csv
2026-04-09 21:52:02,Good,65.66,33.2,0.332,64,65,April4_9_10(April4_9_10).csv
2026-04-09 21:52:04,Good,65.66,33.2,0.332,64,65,April4_9_10(April4_9_10).csv
2026-04-09 21:52:06,Good,65.66,33.2,0.332,64,65,April4_9_10(April4_9_10).csv
2026-04-09 21:52:08,Good,65.66,33.2,0.332,64,65,April4_9_10(April4_9_10).csv
2026-04-09 21:52:10,Good,65.66,33.2,0.332,64,65,April4_9_10(April4_9_10).csv
2026-04-09 21:52:12,Good,65.66,33.2,0.332,64,65,April4_9_10(April4_9_10).csv
2026-04-09 21:52:14,Good,65.66,33.2,0.332,64,65,April4_9_10(April4_9_10).csv
2026-04-09 21:52:16,Good,65.66,33.2,0.332,64,65,April4_9_10(April4_9_10).csv
2026-04-09 21:52:18,Good,65.66,33.2,0.332,64,65,April4_9_10(April4_9_10).csv
2026-04-09 21:52:20,Good,65.66,33.3,0.33299999999999996,64,65,April4_9_10(April4_9_10).csv
2026-04-09 21:52:22,Good,65.66,33.3,0.33299999999999996,64,65,April4_9_10(April4_9_10).csv
2026-04-09 21:52:24,Good,65.66,33.3,0.33299999999999996,64,65,April4_9_10(April4_9_10).csv
2026-04-09 21:52:26,Good,65.66,33.3,0.33299999999999996,64,65,April4_9_10(April4_9_10).csv
2026-04-09 21:52:28,Good,65.66,33.4,0.33399999999999996,64,65,April4_9_10(April4_9_10).csv
2026-04-09 21:52:30,Good,65.66,33.4,0.33399999999999996,64,65,April4_9_10(April4_9_10).csv
2026-04-09 21:52:33,Good,65.66,33.4,0.33399999999999996,64,65,April4_9_10(April4_9_10).csv
2026-04-09 21:52:35,Good,65.66,33.4,0.33399999999999996,64,65,April4_9_10(April4_9_10).csv
2026-04-09 21:52:37,Good,65.66,33.5,0.335,64,65,April4_9_10(April4_9_10).csv
2026-04-09 21:52:39,Good,65.66,33.5,0.335,64,65,April4_9_10(April4_9_10).csv
2026-04-09 21:52:41,Good,65.66,33.5,0.335,64,65,April4_9_10(April4_9_10).csv
2026-04-09 21:52:43,Good,65.66,33.5,0.335,64,65,April4_9_10(April4_9_10).csv
2026-04-09 21:52:45,Good,65.66,33.5,0.335,64,65,April4_9_10(April4_9_10).csv
2026-04-09 21:52:47,Good,65.66,33.5,0.335,64,65,April4_9_10(April4_9_10).csv
2026-04-09 21:52:49,Good,65.66,33.5,0.335,64,65,April4_9_10(April4_9_10).csv
2026-04-09 21:52:51,Good,65.66,33.4,0.33399999999999996,64,65,April4_9_10(April4_9_10).csv
2026-04-09 21:52:53,Good,65.66,33.4,0.33399999999999996,64,65,April4_9_10(April4_9_10).csv
2026-04-09 21:52:55,Good,65.66,33.4,0.33399999999999996,64,65,April4_9_10(April4_9_10).csv
2026-04-09 21:52:57,Good,65.66,33.3,0.33299999999999996,64,65,April4_9_10(April4_9_10).csv
2026-04-09 21:52:59,Good,65.66,33.3,0.33299999999999996,64,65,April4_9_10(April4_9_10).csv
2026-04-09 21:53:01,Good,65.66,33.3,0.33299999999999996,64,65,April4_9_10(April4_9_10).csv
2026-04-09 21:53:03,Good,65.66,33.3,0.33299999999999996,64,65,April4_9_10(April4_9_10).csv
2026-04-09 21:53:05,Good,65.66,33.4,0.33399999999999996,64,65,April4_9_10(April4_9_10).csv
2026-04-09 21:53:07,Good,65.66,33.4,0.33399999999999996,64,65,April4_9_10(April4_9_10).csv
2026-04-09 21:53:09,Good,65.66,33.4,0.33399999999999996,64,65,April4_9_10(April4_9_10).csv
2026-04-09 21:53:11,Good,65.66,33.5,0.335,64,65,April4_9_10(April4_9_10).csv
2026-04-09 21:53:13,Good,65.66,33.5,0.335,64,65,April4_9_10(April4_9_10).csv
2026-04-09 21:53:15,Good,65.66,33.5,0.335,64,65,April4_9_10(April4_9_10).csv
2026-04-09 21:53:17,Good,65.66,33.6,0.336,64,65,April4_9_10(April4_9_10).csv
2026-04-09 21:53:19,Good,65.66,33.6,0.336,64,65,April4_9_10(April4_9_10).csv
2026-04-09 21:53:21,Good,65.66,33.6,0.336,64,65,April4_9_10(April4_9_10).csv
2026-04-09 21:53:23,Good,65.66,33.6,0.336,64,65,April4_9_10(April4_9_10).csv
2026-04-09 21:53:26,Good,65.66,33.6,0.336,64,65,April4_9_10(April4_9_10).csv
2026-04-09 21:53:28,Good,65.66,33.6,0.336,64,65,April4_9_10(April4_9_10).csv
2026-04-09 21:53:30,Good,65.66,33.5,0.335,64,65,April4_9_10(April4_9_10).csv
2026-04-09 21:53:32,Good,65.66,33.6,0.336,64,65,April4_9_10(April4_9_10).csv
2026-04-09 21:53:34,Good,65.66,33.5,0.335,64,65,April4_9_10(April4_9_10).csv
2026-04-09 21:53:36,Good,65.66,33.5,0.335,64,65,April4_9_10(April4_9_10).csv
2026-04-09 21:53:38,Good,65.66,33.5,0.335,64,65,April4_9_10(April4_9_10).csv
2026-04-09 21:53:40,Good,65.66,33.5,0.335,64,65,April4_9_10(April4_9_10).csv
2026-04-09 21:53:42,Good,65.66,33.5,0.335,64,65,April4_9_10(April4_9_10).csv
2026-04-09 21:53:44,Good,65.66,33.5,0.335,64,65,April4_9_10(April4_9_10).csv
2026-04-09 21:53:46,Good,65.66,33.4,0.33399999999999996,64,65,April4_9_10(April4_9_10).csv
2026-04-09 21:53:48,Good,65.66,33.4,0.33399999999999996,64,65,April4_9_10(April4_9_10).csv
2026-04-09 21:53:50,Good,65.66,33.5,0.335,64,65,April4_9_10(April4_9_10).csv
2026-04-09 21:53:52,Good,65.66,33.5,0.335,64,65,April4_9_10(April4_9_10).csv
2026-04-09 21:53:54,Good,65.66,33.5,0.335,64,65,April4_9_10(April4_9_10).csv
2026-04-09 21:53:56,Good,65.66,33.5,0.335,64,65,April4_9_10(April4_9_10).csv
2026-04-09 21:53:58,Good,65.66,33.5,0.335,64,65,April4_9_10(April4_9_10).csv
2026-04-09 21:54:00,Good,65.66,33.5,0.335,64,65,April4_9_10(April4_9_10).csv
2026-04-09 21:54:02,Good,65.66,33.6,0.336,64,65,April4_9_10(April4_9_10).csv
2026-04-09 21:54:04,Good,65.66,33.6,0.336,64,65,April4_9_10(April4_9_10).csv
2026-04-09 21:54:06,Good,65.66,33.6,0.336,64,65,April4_9_10(April4_9_10).csv
2026-04-09 21:54:08,Good,65.66,33.6,0.336,64,65,April4_9_10(April4_9_10).csv
2026-04-09 21:54:10,Good,65.66,33.6,0.336,64,65,April4_9_10(April4_9_10).csv
2026-04-09 21:54:12,Good,65.66,33.6,0.336,64,65,April4_9_10(April4_9_10).csv
2026-04-09 21:54:14,Good,65.66,33.7,0.337,64,65,April4_9_10(April4_9_10).csv
2026-04-09 21:54:16,Good,65.66,33.7,0.337,64,65,April4_9_10(April4_9_10).csv
2026-04-09 21:54:19,Good,65.66,33.7,0.337,64,65,April4_9_10(April4_9_10).csv
2026-04-09 21:54:21,Good,65.66,33.6,0.336,64,65,April4_9_10(April4_9_10).csv
2026-04-09 21:54:23,Good,65.66,33.6,0.336,64,65,April4_9_10(April4_9_10).csv
2026-04-09 21:54:25,Good,65.66,33.5,0.335,64,65,April4_9_10(April4_9_10).csv
2026-04-09 21:54:27,Good,65.66,33.4,0.33399999999999996,64,65,April4_9_10(April4_9_10).csv
2026-04-09 21:54:29,Good,65.66,33.3,0.33299999999999996,64,65,April4_9_10(April4_9_10).csv
2026-04-09 21:54:31,Good,65.66,33.3,0.33299999999999996,64,65,April4_9_10(April4_9_10).csv
2026-04-09 21:54:33,Good,65.66,33.4,0.33399999999999996,64,65,April4_9_10(April4_9_10).csv
2026-04-09 21:54:35,Good,65.66,33.4,0.33399999999999996,64,65,April4_9_10(April4_9_10).csv
2026-04-09 21:54:37,Good,65.66,33.4,0.33399999999999996,64,65,April4_9_10(April4_9_10).csv
2026-04-09 21:54:39,Good,65.66,33.4,0.33399999999999996,64,65,April4_9_10(April4_9_10).csv
2026-04-09 21:54:41,Good,65.48,33.3,0.33299999999999996,64,65,April4_9_10(April4_9_10).csv
2026-04-09 21:54:43,Good,65.66,33.3,0.33299999999999996,64,65,April4_9_10(April4_9_10).csv
2026-04-09 21:54:45,Good,65.66,33.3,0.33299999999999996,64,65,April4_9_10(April4_9_10).csv
2026-04-09 21:54:47,Good,65.66,33.3,0.33299999999999996,64,65,April4_9_10(April4_9_10).csv
2026-04-09 21:54:49,Good,65.66,33.3,0.33299999999999996,64,65,April4_9_10(April4_9_10).csv
2026-04-09 21:54:51,Good,65.48,33.2,0.332,64,65,April4_9_10(April4_9_10).csv
2026-04-09 21:54:53,Good,65.66,33.3,0.33299999999999996,64,65,April4_9_10(April4_9_10).csv
2026-04-09 21:54:55,Good,65.66,33.4,0.33399999999999996,64,65,April4_9_10(April4_9_10).csv
2026-04-09 21:54:57,Good,65.66,33.4,0.33399999999999996,64,65,April4_9_10(April4_9_10).csv
2026-04-09 21:54:59,Good,65.48,33.3,0.33299999999999996,64,65,April4_9_10(April4_9_10).csv
2026-04-09 21:55:01,Good,65.66,33.3,0.33299999999999996,64,65,April4_9_10(April4_9_10).csv
2026-04-09 21:55:03,Good,65.66,33.3,0.33299999999999996,64,65,April4_9_10(April4_9_10).csv
2026-04-09 21:55:05,Good,65.66,33.3,0.33299999999999996,64,65,April4_9_10(April4_9_10).csv
2026-04-09 21:55:07,Good,65.48,33.3,0.33299999999999996,64,65,April4_9_10(April4_9_10).csv
2026-04-09 21:55:09,Good,65.66,33.4,0.33399999999999996,64,65,April4_9_10(April4_9_10).csv
2026-04-09 21:55:12,Good,65.66,33.4,0.33399999999999996,64,65,April4_9_10(April4_9_10).csv
2026-04-09 21:55:14,Good,65.48,33.4,0.33399999999999996,64,65,April4_9_10(April4_9_10).csv
2026-04-09 21:55:16,Good,65.66,33.5,0.335,64,65,April4_9_10(April4_9_10).csv
2026-04-09 21:55:18,Good,65.66,33.5,0.335,64,65,April4_9_10(April4_9_10).csv
2026-04-09 21:55:20,Good,65.48,33.4,0.33399999999999996,64,65,April4_9_10(April4_9_10).csv
2026-04-09 21:55:22,Good,65.66,33.5,0.335,64,65,April4_9_10(April4_9_10).csv
2026-04-09 21:55:24,Good,65.48,33.4,0.33399999999999996,64,65,April4_9_10(April4_9_10).csv
2026-04-09 21:55:26,Good,65.66,33.4,0.33399999999999996,64,65,April4_9_10(April4_9_10).csv
2026-04-09 21:55:28,Good,65.66,33.3,0.33299999999999996,64,65,April4_9_10(April4_9_10).csv
2026-04-09 21:55:30,Good,65.48,33.2,0.332,64,65,April4_9_10(April4_9_10).csv
2026-04-09 21:55:32,Good,65.66,33.2,0.332,64,65,April4_9_10(April4_9_10).csv
2026-04-09 21:55:34,Good,65.48,33.0,0.33,64,65,April4_9_10(April4_9_10).csv
2026-04-09 21:55:36,Good,65.48,32.9,0.32899999999999996,64,65,April4_9_10(April4_9_10).csv
2026-04-09 21:55:38,Good,65.48,32.9,0.32899999999999996,64,65,April4_9_10(April4_9_10).csv
2026-04-09 21:55:40,Good,65.48,32.8,0.32799999999999996,64,65,April4_9_10(April4_9_10).csv
2026-04-09 21:55:42,Good,65.48,32.8,0.32799999999999996,64,65,April4_9_10(April4_9_10).csv
2026-04-09 21:55:44,Good,65.48,32.7,0.327,64,65,April4_9_10(April4_9_10).csv
2026-04-09 21:55:46,Good,65.48,32.7,0.327,64,65,April4_9_10(April4_9_10).csv
2026-04-09 21:55:48,Good,65.48,32.7,0.327,64,65,April4_9_10(April4_9_10).csv
2026-04-09 21:55:50,Good,65.48,32.7,0.327,64,65,April4_9_10(April4_9_10).csv
2026-04-09 21:55:52,Good,65.48,32.7,0.327,64,65,April4_9_10(April4_9_10).csv
2026-04-09 21:55:54,Good,65.48,32.7,0.327,64,65,April4_9_10(April4_9_10).csv
2026-04-09 21:55:56,Good,65.48,32.7,0.327,64,65,April4_9_10(April4_9_10).csv
2026-04-09 21:55:58,Good,65.48,32.7,0.327,64,65,April4_9_10(April4_9_10).csv
2026-04-09 21:56:00,Good,65.48,32.7,0.327,64,65,April4_9_10(April4_9_10).csv
2026-04-09 21:56:02,Good,65.48,32.7,0.327,64,65,April4_9_10(April4_9_10).csv
2026-04-09 21:56:05,Good,65.48,32.8,0.32799999999999996,64,65,April4_9_10(April4_9_10).csv
2026-04-09 21:56:07,Good,65.48,32.8,0.32799999999999996,64,65,April4_9_10(April4_9_10).csv
2026-04-09 21:56:09,Good,65.48,32.9,0.32899999999999996,64,65,April4_9_10(April4_9_10).csv
2026-04-09 21:56:11,Good,65.48,32.9,0.32899999999999996,64,65,April4_9_10(April4_9_10).csv
2026-04-09 21:56:13,Good,65.48,32.9,0.32899999999999996,64,65,April4_9_10(April4_9_10).csv
2026-04-09 21:56:15,Good,65.48,32.9,0.32899999999999996,64,65,April4_9_10(April4_9_10).csv
2026-04-09 21:56:17,Good,65.48,32.9,0.32899999999999996,64,65,April4_9_10(April4_9_10).csv
2026-04-09 21:56:19,Good,65.48,33.0,0.33,64,65,April4_9_10(April4_9_10).csv
2026-04-09 21:56:21,Good,65.48,33.0,0.33,64,65,April4_9_10(April4_9_10).csv
2026-04-09 21:56:23,Good,65.48,33.0,0.33,64,65,April4_9_10(April4_9_10).csv
2026-04-09 21:56:25,Good,65.48,33.0,0.33,64,65,April4_9_10(April4_9_10).csv
2026-04-09 21:56:27,Good,65.48,33.0,0.33,64,65,April4_9_10(April4_9_10).csv
2026-04-09 21:56:29,Good,65.48,33.0,0.33,64,65,April4_9_10(April4_9_10).csv
2026-04-09 21:56:31,Good,65.48,33.0,0.33,64,65,April4_9_10(April4_9_10).csv
2026-04-09 21:56:33,Good,65.48,32.9,0.32899999999999996,64,65,April4_9_10(April4_9_10).csv
2026-04-09 21:56:35,Good,65.48,32.8,0.32799999999999996,64,65,April4_9_10(April4_9_10).csv
2026-04-09 21:56:37,Good,65.48,32.7,0.327,64,65,April4_9_10(April4_9_10).csv
2026-04-09 21:56:39,Good,65.48,32.6,0.326,64,65,April4_9_10(April4_9_10).csv
2026-04-09 21:56:41,Good,65.48,32.6,0.326,64,65,April4_9_10(April4_9_10).csv
2026-04-09 21:56:43,Good,65.48,32.6,0.326,64,65,April4_9_10(April4_9_10).csv
2026-04-09 21:56:45,Good,65.48,32.6,0.326,64,65,April4_9_10(April4_9_10).csv
2026-04-09 21:56:47,Good,65.48,32.7,0.327,64,65,April4_9_10(April4_9_10).csv
2026-04-09 21:56:49,Good,65.48,32.7,0.327,64,65,April4_9_10(April4_9_10).csv
2026-04-09 21:56:51,Good,65.48,32.7,0.327,64,65,April4_9_10(April4_9_10).csv
2026-04-09 21:56:53,Good,65.48,32.7,0.327,64,65,April4_9_10(April4_9_10).csv
2026-04-09 21:56:55,Good,65.48,32.6,0.326,64,65,April4_9_10(April4_9_10).csv
2026-04-09 21:56:58,Good,65.48,32.6,0.326,64,65,April4_9_10(April4_9_10).csv
2026-04-09 21:57:00,Good,65.48,32.6,0.326,64,65,April4_9_10(April4_9_10).csv
2026-04-09 21:57:02,Good,65.48,32.6,0.326,64,65,April4_9_10(April4_9_10).csv
2026-04-09 21:57:04,Good,65.48,32.6,0.326,64,65,April4_9_10(April4_9_10).csv
2026-04-09 21:57:06,Good,65.48,32.6,0.326,64,65,April4_9_10(April4_9_10).csv
2026-04-09 21:57:08,Good,65.48,32.6,0.326,64,65,April4_9_10(April4_9_10).csv
2026-04-09 21:57:10,Good,65.48,32.6,0.326,64,65,April4_9_10(April4_9_10).csv
2026-04-09 21:57:12,Good,65.48,32.6,0.326,64,65,April4_9_10(April4_9_10).csv
2026-04-09 21:57:14,Good,65.48,32.7,0.327,64,65,April4_9_10(April4_9_10).csv
2026-04-09 21:57:16,Good,65.48,32.7,0.327,64,65,April4_9_10(April4_9_10).csv
2026-04-09 21:57:18,Good,65.48,32.7,0.327,64,65,April4_9_10(April4_9_10).csv
2026-04-09 21:57:20,Good,65.48,32.7,0.327,64,65,April4_9_10(April4_9_10).csv
2026-04-09 21:57:22,Good,65.48,32.8,0.32799999999999996,64,65,April4_9_10(April4_9_10).csv
2026-04-09 21:57:24,Good,65.48,32.8,0.32799999999999996,64,65,April4_9_10(April4_9_10).csv
2026-04-09 21:57:26,Good,65.48,32.9,0.32899999999999996,64,65,April4_9_10(April4_9_10).csv
2026-04-09 21:57:28,Good,65.48,32.9,0.32899999999999996,64,65,April4_9_10(April4_9_10).csv
2026-04-09 21:57:30,Good,65.48,32.9,0.32899999999999996,64,65,April4_9_10(April4_9_10).csv
2026-04-09 21:57:32,Good,65.48,32.9,0.32899999999999996,64,65,April4_9_10(April4_9_10).csv
2026-04-09 21:57:34,Good,65.48,32.9,0.32899999999999996,64,65,April4_9_10(April4_9_10).csv
2026-04-09 21:57:36,Good,65.48,32.9,0.32899999999999996,64,65,April4_9_10(April4_9_10).csv
2026-04-09 21:57:38,Good,65.48,32.9,0.32899999999999996,64,65,April4_9_10(April4_9_10).csv
2026-04-09 21:57:40,Good,65.48,33.0,0.33,64,65,April4_9_10(April4_9_10).csv
2026-04-09 21:57:42,Good,65.48,33.0,0.33,64,65,April4_9_10(April4_9_10).csv
2026-04-09 21:57:44,Good,65.48,33.0,0.33,64,65,April4_9_10(April4_9_10).csv
2026-04-09 21:57:46,Good,65.3,32.9,0.32899999999999996,64,65,April4_9_10(April4_9_10).csv
2026-04-09 21:57:48,Good,65.48,33.0,0.33,64,65,April4_9_10(April4_9_10).csv
2026-04-09 21:57:50,Good,65.48,32.9,0.32899999999999996,64,65,April4_9_10(April4_9_10).csv
2026-04-09 21:57:53,Good,65.48,32.9,0.32899999999999996,64,65,April4_9_10(April4_9_10).csv
2026-04-09 21:57:55,Good,65.3,32.8,0.32799999999999996,64,65,April4_9_10(April4_9_10).csv
2026-04-09 21:57:57,Good,65.48,33.0,0.33,64,65,April4_9_10(April4_9_10).csv
2026-04-09 21:57:59,Good,65.3,32.9,0.32899999999999996,64,65,April4_9_10(April4_9_10).csv
2026-04-09 21:58:01,Good,65.48,33.0,0.33,64,65,April4_9_10(April4_9_10).csv
2026-04-09 21:58:03,Good,65.48,33.0,0.33,64,65,April4_9_10(April4_9_10).csv
2026-04-09 21:58:05,Good,65.48,33.0,0.33,64,65,April4_9_10(April4_9_10).csv
2026-04-09 21:58:07,Good,65.48,33.0,0.33,64,65,April4_9_10(April4_9_10).csv
2026-04-09 21:58:09,Good,65.48,33.0,0.33,64,65,April4_9_10(April4_9_10).csv
2026-04-09 21:58:11,Good,65.3,32.8,0.32799999999999996,64,65,April4_9_10(April4_9_10).csv
2026-04-09 21:58:13,Good,65.48,32.9,0.32899999999999996,64,65,April4_9_10(April4_9_10).csv
2026-04-09 21:58:15,Good,65.48,33.0,0.33,64,65,April4_9_10(April4_9_10).csv
2026-04-09 21:58:17,Good,65.48,33.0,0.33,64,65,April4_9_10(April4_9_10).csv
2026-04-09 21:58:19,Good,65.48,33.0,0.33,64,65,April4_9_10(April4_9_10).csv
2026-04-09 21:58:21,Good,65.48,33.0,0.33,64,65,April4_9_10(April4_9_10).csv
2026-04-09 21:58:23,Good,65.48,33.0,0.33,64,65,April4_9_10(April4_9_10).csv
2026-04-09 21:58:25,Good,65.48,33.0,0.33,64,65,April4_9_10(April4_9_10).csv
2026-04-09 21:58:27,Good,65.48,33.0,0.33,64,65,April4_9_10(April4_9_10).csv
2026-04-09 21:58:29,Good,65.48,32.9,0.32899999999999996,64,65,April4_9_10(April4_9_10).csv
2026-04-09 21:58:31,Good,65.48,32.9,0.32899999999999996,64,65,April4_9_10(April4_9_10).csv
2026-04-09 21:58:33,Good,65.48,32.9,0.32899999999999996,64,65,April4_9_10(April4_9_10).csv
2026-04-09 21:58:35,Good,65.48,32.9,0.32899999999999996,64,65,April4_9_10(April4_9_10).csv
2026-04-09 21:58:37,Good,65.3,32.8,0.32799999999999996,64,65,April4_9_10(April4_9_10).csv
2026-04-09 21:58:39,Good,65.48,32.9,0.32899999999999996,64,65,April4_9_10(April4_9_10).csv
2026-04-09 21:58:41,Good,65.48,32.9,0.32899999999999996,64,65,April4_9_10(April4_9_10).csv
2026-04-09 21:58:43,Good,65.48,32.8,0.32799999999999996,64,65,April4_9_10(April4_9_10).csv
2026-04-09 21:58:46,Good,65.3,32.7,0.327,64,65,April4_9_10(April4_9_10).csv
2026-04-09 21:58:48,Good,65.3,32.8,0.32799999999999996,64,65,April4_9_10(April4_9_10).csv
2026-04-09 21:58:50,Good,65.3,32.7,0.327,64,65,April4_9_10(April4_9_10).csv
2026-04-09 21:58:52,Good,65.3,32.7,0.327,64,65,April4_9_10(April4_9_10).csv
2026-04-09 21:58:54,Good,65.3,32.7,0.327,64,65,April4_9_10(April4_9_10).csv
2026-04-09 21:58:56,Good,65.3,32.6,0.326,64,65,April4_9_10(April4_9_10).csv
2026-04-09 21:58:58,Good,65.3,32.6,0.326,64,65,April4_9_10(April4_9_10).csv
2026-04-09 21:59:00,Good,65.3,32.6,0.326,64,65,April4_9_10(April4_9_10).csv
2026-04-09 21:59:02,Good,65.3,32.6,0.326,64,65,April4_9_10(April4_9_10).csv
2026-04-09 21:59:04,Good,65.3,32.6,0.326,64,65,April4_9_10(April4_9_10).csv
2026-04-09 21:59:06,Good,65.3,32.6,0.326,64,65,April4_9_10(April4_9_10).csv
2026-04-09 21:59:08,Good,65.3,32.6,0.326,64,65,April4_9_10(April4_9_10).csv
2026-04-09 21:59:10,Good,65.3,32.5,0.325,64,65,April4_9_10(April4_9_10).csv
2026-04-09 21:59:12,Good,65.3,32.6,0.326,64,65,April4_9_10(April4_9_10).csv
2026-04-09 21:59:14,Good,65.3,32.6,0.326,64,65,April4_9_10(April4_9_10).csv
2026-04-09 21:59:16,Good,65.3,32.6,0.326,64,65,April4_9_10(April4_9_10).csv
2026-04-09 21:59:18,Good,65.3,32.6,0.326,64,65,April4_9_10(April4_9_10).csv
2026-04-09 21:59:20,Good,65.3,32.5,0.325,64,65,April4_9_10(April4_9_10).csv
2026-04-09 21:59:22,Good,65.3,32.5,0.325,64,65,April4_9_10(April4_9_10).csv
2026-04-09 21:59:24,Good,65.3,32.5,0.325,64,65,April4_9_10(April4_9_10).csv
2026-04-09 21:59:26,Good,65.3,32.6,0.326,64,65,April4_9_10(April4_9_10).csv
2026-04-09 21:59:28,Good,65.3,32.6,0.326,64,65,April4_9_10(April4_9_10).csv
2026-04-09 21:59:30,Good,65.3,32.6,0.326,64,65,April4_9_10(April4_9_10).csv
2026-04-09 21:59:32,Good,65.3,32.5,0.325,64,65,April4_9_10(April4_9_10).csv
2026-04-09 21:59:34,Good,65.3,32.5,0.325,64,65,April4_9_10(April4_9_10).csv
2026-04-09 21:59:36,Good,65.3,32.6,0.326,64,65,April4_9_10(April4_9_10).csv
2026-04-09 21:59:39,Good,65.3,32.6,0.326,64,65,April4_9_10(April4_9_10).csv
2026-04-09 21:59:41,Good,65.3,32.6,0.326,64,65,April4_9_10(April4_9_10).csv
2026-04-09 21:59:43,Good,65.3,32.6,0.326,64,65,April4_9_10(April4_9_10).csv
2026-04-09 21:59:45,Good,65.3,32.6,0.326,64,65,April4_9_10(April4_9_10).csv
2026-04-09 21:59:47,Good,65.3,32.5,0.325,64,65,April4_9_10(April4_9_10).csv
2026-04-09 21:59:49,Good,65.3,32.5,0.325,64,65,April4_9_10(April4_9_10).csv
2026-04-09 21:59:51,Good,65.3,32.4,0.324,64,65,April4_9_10(April4_9_10).csv
2026-04-09 21:59:53,Good,65.3,32.4,0.324,64,65,April4_9_10(April4_9_10).csv
2026-04-09 21:59:55,Good,65.3,32.5,0.325,64,65,April4_9_10(April4_9_10).csv
2026-04-09 21:59:57,Good,65.3,32.5,0.325,64,65,April4_9_10(April4_9_10).csv
2026-04-09 21:59:59,Good,65.48,32.7,0.327,64,65,April4_9_10(April4_9_10).csv
2026-04-09 22:00:01,Good,65.48,32.7,0.327,64,65,April4_9_10(April4_9_10).csv
2026-04-09 22:00:03,Good,65.3,32.6,0.326,64,65,April4_9_10(April4_9_10).csv
2026-04-09 22:00:05,Good,65.3,32.6,0.326,64,65,April4_9_10(April4_9_10).csv
2026-04-09 22:00:07,Good,65.3,32.6,0.326,64,65,April4_9_10(April4_9_10).csv
2026-04-09 22:00:09,Good,65.3,32.6,0.326,64,65,April4_9_10(April4_9_10).csv
2026-04-09 22:00:11,Good,65.48,32.6,0.326,64,65,April4_9_10(April4_9_10).csv
2026-04-09 22:00:13,Good,65.3,32.5,0.325,64,65,April4_9_10(April4_9_10).csv
2026-04-09 22:00:15,Good,65.3,32.5,0.325,64,65,April4_9_10(April4_9_10).csv
2026-04-09 22:00:17,Good,65.3,32.5,0.325,64,65,April4_9_10(April4_9_10).csv
2026-04-09 22:00:19,Good,65.48,32.5,0.325,64,65,April4_9_10(April4_9_10).csv
2026-04-09 22:00:21,Good,65.48,32.5,0.325,64,65,April4_9_10(April4_9_10).csv
2026-04-09 22:00:23,Good,65.48,32.5,0.325,64,65,April4_9_10(April4_9_10).csv
2026-04-09 22:00:25,Good,65.3,32.4,0.324,64,65,April4_9_10(April4_9_10).csv
2026-04-09 22:00:27,Good,65.48,32.5,0.325,64,65,April4_9_10(April4_9_10).csv
2026-04-09 22:00:29,Good,65.48,32.6,0.326,64,65,April4_9_10(April4_9_10).csv
2026-04-09 22:00:31,Good,65.3,32.4,0.324,64,65,April4_9_10(April4_9_10).csv
2026-04-09 22:00:34,Good,65.48,32.5,0.325,64,65,April4_9_10(April4_9_10).csv
2026-04-09 22:00:36,Good,65.3,32.5,0.325,64,65,April4_9_10(April4_9_10).csv
2026-04-09 22:00:38,Good,65.3,32.5,0.325,64,65,April4_9_10(April4_9_10).csv
2026-04-09 22:00:40,Good,65.3,32.4,0.324,64,65,April4_9_10(April4_9_10).csv
2026-04-09 22:00:42,Good,65.48,32.5,0.325,64,65,April4_9_10(April4_9_10).csv
2026-04-09 22:00:44,Good,65.3,32.4,0.324,64,65,April4_9_10(April4_9_10).csv
2026-04-09 22:00:46,Good,65.3,32.4,0.324,64,65,April4_9_10(April4_9_10).csv
2026-04-09 22:00:48,Good,65.48,32.5,0.325,64,65,April4_9_10(April4_9_10).csv
2026-04-09 22:00:50,Good,65.48,32.5,0.325,64,65,April4_9_10(April4_9_10).csv
2026-04-09 22:00:52,Good,65.48,32.6,0.326,64,65,April4_9_10(April4_9_10).csv
2026-04-09 22:00:54,Good,65.3,32.4,0.324,64,65,April4_9_10(April4_9_10).csv
2026-04-09 22:00:56,Good,65.48,32.5,0.325,64,65,April4_9_10(April4_9_10).csv
2026-04-09 22:00:58,Good,65.48,32.5,0.325,64,65,April4_9_10(April4_9_10).csv
2026-04-09 22:01:00,Good,65.48,32.5,0.325,64,65,April4_9_10(April4_9_10).csv
2026-04-09 22:01:02,Good,65.3,32.3,0.32299999999999995,64,65,April4_9_10(April4_9_10).csv
2026-04-09 22:01:04,Good,65.48,32.3,0.32299999999999995,64,65,April4_9_10(April4_9_10).csv
2026-04-09 22:01:06,Good,65.48,32.4,0.324,64,65,April4_9_10(April4_9_10).csv
2026-04-09 22:01:08,Good,65.3,32.2,0.322,64,65,April4_9_10(April4_9_10).csv
2026-04-09 22:01:10,Good,65.3,32.2,0.322,64,65,April4_9_10(April4_9_10).csv
2026-04-09 22:01:12,Good,65.3,32.2,0.322,64,65,April4_9_10(April4_9_10).csv
2026-04-09 22:01:14,Good,65.48,32.4,0.324,64,65,April4_9_10(April4_9_10).csv
2026-04-09 22:01:16,Good,65.3,32.3,0.32299999999999995,64,65,April4_9_10(April4_9_10).csv
2026-04-09 22:01:18,Good,65.3,32.4,0.324,64,65,April4_9_10(April4_9_10).csv
2026-04-09 22:01:20,Good,65.3,32.5,0.325,64,65,April4_9_10(April4_9_10).csv
2026-04-09 22:01:22,Good,65.48,32.5,0.325,64,65,April4_9_10(April4_9_10).csv
2026-04-09 22:01:24,Good,65.3,32.4,0.324,64,65,April4_9_10(April4_9_10).csv
2026-04-09 22:01:26,Good,65.3,32.4,0.324,64,65,April4_9_10(April4_9_10).csv
2026-04-09 22:01:29,Good,65.48,32.5,0.325,64,65,April4_9_10(April4_9_10).csv
2026-04-09 22:01:31,Good,65.48,32.4,0.324,64,65,April4_9_10(April4_9_10).csv
2026-04-09 22:01:33,Good,65.48,32.3,0.32299999999999995,64,65,April4_9_10(April4_9_10).csv
2026-04-09 22:01:35,Good,65.3,32.2,0.322,64,65,April4_9_10(April4_9_10).csv
2026-04-09 22:01:37,Good,65.48,32.3,0.32299999999999995,64,65,April4_9_10(April4_9_10).csv
2026-04-09 22:01:39,Good,65.3,32.3,0.32299999999999995,64,65,April4_9_10(April4_9_10).csv
2026-04-09 22:01:41,Good,65.48,32.4,0.324,64,65,April4_9_10(April4_9_10).csv
2026-04-09 22:01:43,Good,65.3,32.4,0.324,64,65,April4_9_10(April4_9_10).csv
2026-04-09 22:01:45,Good,65.48,32.5,0.325,64,65,April4_9_10(April4_9_10).csv
2026-04-09 22:01:47,Good,65.48,32.6,0.326,64,65,April4_9_10(April4_9_10).csv
2026-04-09 22:01:49,Good,65.48,32.6,0.326,64,65,April4_9_10(April4_9_10).csv
2026-04-09 22:01:51,Good,65.3,32.5,0.325,64,65,April4_9_10(April4_9_10).csv
2026-04-09 22:01:53,Good,65.48,32.5,0.325,64,65,April4_9_10(April4_9_10).csv
2026-04-09 22:01:55,Good,65.48,32.5,0.325,64,65,April4_9_10(April4_9_10).csv
2026-04-09 22:01:57,Good,65.3,32.4,0.324,64,65,April4_9_10(April4_9_10).csv
2026-04-09 22:01:59,Good,65.48,32.5,0.325,64,65,April4_9_10(April4_9_10).csv
2026-04-09 22:02:01,Good,65.3,32.4,0.324,64,65,April4_9_10(April4_9_10).csv
2026-04-09 22:02:03,Good,65.48,32.5,0.325,64,65,April4_9_10(April4_9_10).csv
2026-04-09 22:02:05,Good,65.48,32.5,0.325,64,65,April4_9_10(April4_9_10).csv
2026-04-09 22:02:07,Good,65.48,32.5,0.325,64,65,April4_9_10(April4_9_10).csv
2026-04-09 22:02:09,Good,65.3,32.4,0.324,64,65,April4_9_10(April4_9_10).csv
2026-04-09 22:02:11,Good,65.48,32.5,0.325,64,65,April4_9_10(April4_9_10).csv
2026-04-09 22:02:13,Good,65.48,32.5,0.325,64,65,April4_9_10(April4_9_10).csv
2026-04-09 22:02:15,Good,65.48,32.5,0.325,64,65,April4_9_10(April4_9_10).csv
2026-04-09 22:02:17,Good,65.3,32.4,0.324,64,65,April4_9_10(April4_9_10).csv
2026-04-09 22:02:19,Good,65.3,32.3,0.32299999999999995,64,65,April4_9_10(April4_9_10).csv
2026-04-09 22:02:21,Good,65.48,32.4,0.324,64,65,April4_9_10(April4_9_10).csv
2026-04-09 22:02:24,Good,65.3,32.3,0.32299999999999995,64,65,April4_9_10(April4_9_10).csv
2026-04-09 22:02:26,Good,65.48,32.4,0.324,64,65,April4_9_10(April4_9_10).csv
2026-04-09 22:02:28,Good,65.48,32.5,0.325,64,65,April4_9_10(April4_9_10).csv
2026-04-09 22:02:30,Good,65.48,32.5,0.325,64,65,April4_9_10(April4_9_10).csv
2026-04-09 22:02:32,Good,65.48,32.5,0.325,64,65,April4_9_10(April4_9_10).csv
2026-04-09 22:02:34,Good,65.3,32.4,0.324,64,65,April4_9_10(April4_9_10).csv
2026-04-09 22:02:36,Good,65.48,32.5,0.325,64,65,April4_9_10(April4_9_10).csv
2026-04-09 22:02:38,Good,65.3,32.4,0.324,64,65,April4_9_10(April4_9_10).csv
2026-04-09 22:02:40,Good,65.3,32.4,0.324,64,65,April4_9_10(April4_9_10).csv
2026-04-09 22:02:42,Good,65.48,32.5,0.325,64,65,April4_9_10(April4_9_10).csv
2026-04-09 22:02:44,Good,65.48,32.5,0.325,64,65,April4_9_10(April4_9_10).csv
2026-04-09 22:02:46,Good,65.48,32.4,0.324,64,65,April4_9_10(April4_9_10).csv
2026-04-09 22:02:48,Good,65.48,32.3,0.32299999999999995,64,65,April4_9_10(April4_9_10).csv
2026-04-09 22:02:50,Good,65.48,32.3,0.32299999999999995,64,65,April4_9_10(April4_9_10).csv
2026-04-09 22:02:52,Good,65.48,32.2,0.322,64,65,April4_9_10(April4_9_10).csv
2026-04-09 22:02:54,Good,65.48,32.3,0.32299999999999995,64,65,April4_9_10(April4_9_10).csv
2026-04-09 22:02:56,Good,65.48,32.3,0.32299999999999995,64,65,April4_9_10(April4_9_10).csv
2026-04-09 22:02:58,Good,65.48,32.3,0.32299999999999995,64,65,April4_9_10(April4_9_10).csv
2026-04-09 22:03:00,Good,65.3,32.3,0.32299999999999995,64,66,April4_9_10(April4_9_10).csv
2026-04-09 22:03:02,Good,65.3,32.2,0.322,64,65,April4_9_10(April4_9_10).csv
2026-04-09 22:03:04,Good,65.3,32.3,0.32299999999999995,64,65,April4_9_10(April4_9_10).csv
2026-04-09 22:03:06,Good,65.48,32.3,0.32299999999999995,64,65,April4_9_10(April4_9_10).csv
2026-04-09 22:03:08,Good,65.48,32.3,0.32299999999999995,64,65,April4_9_10(April4_9_10).csv
2026-04-09 22:03:10,Good,65.3,32.2,0.322,64,65,April4_9_10(April4_9_10).csv
2026-04-09 22:03:12,Good,65.48,32.3,0.32299999999999995,64,65,April4_9_10(April4_9_10).csv
2026-04-09 22:03:14,Good,65.48,32.2,0.322,64,65,April4_9_10(April4_9_10).csv
2026-04-09 22:03:16,Good,65.3,32.1,0.321,64,65,April4_9_10(April4_9_10).csv
2026-04-09 22:03:19,Good,65.48,32.1,0.321,64,65,April4_9_10(April4_9_10).csv
2026-04-09 22:03:21,Good,65.3,32.0,0.32,64,66,April4_9_10(April4_9_10).csv
2026-04-09 22:03:23,Good,65.3,32.0,0.32,64,65,April4_9_10(April4_9_10).csv
2026-04-09 22:03:25,Good,65.48,32.1,0.321,64,65,April4_9_10(April4_9_10).csv
2026-04-09 22:03:27,Good,65.3,32.1,0.321,64,65,April4_9_10(April4_9_10).csv
2026-04-09 22:03:29,Good,65.48,32.2,0.322,64,65,April4_9_10(April4_9_10).csv
2026-04-09 22:03:31,Good,65.48,32.2,0.322,64,65,April4_9_10(April4_9_10).csv
2026-04-09 22:03:33,Good,65.48,32.2,0.322,64,65,April4_9_10(April4_9_10).csv
2026-04-09 22:03:35,Good,65.48,32.1,0.321,64,65,April4_9_10(April4_9_10).csv
2026-04-09 22:03:37,Good,65.3,32.0,0.32,64,65,April4_9_10(April4_9_10).csv
2026-04-09 22:03:39,Good,65.48,32.2,0.322,64,65,April4_9_10(April4_9_10).csv
2026-04-09 22:03:41,Good,65.3,32.1,0.321,64,65,April4_9_10(April4_9_10).csv
2026-04-09 22:03:43,Good,65.3,32.1,0.321,64,65,April4_9_10(April4_9_10).csv
2026-04-09 22:03:45,Good,65.3,32.1,0.321,64,65,April4_9_10(April4_9_10).csv
2026-04-09 22:03:47,Good,65.48,32.1,0.321,64,65,April4_9_10(April4_9_10).csv
2026-04-09 22:03:49,Good,65.3,32.0,0.32,64,65,April4_9_10(April4_9_10).csv
2026-04-09 22:03:51,Good,65.3,32.1,0.321,64,65,April4_9_10(April4_9_10).csv
2026-04-09 22:03:53,Good,65.3,32.1,0.321,64,65,April4_9_10(April4_9_10).csv
2026-04-09 22:03:55,Good,65.48,32.2,0.322,64,65,April4_9_10(April4_9_10).csv
2026-04-09 22:03:57,Good,65.3,32.1,0.321,64,66,April4_9_10(April4_9_10).csv
2026-04-09 22:03:59,Good,65.48,32.2,0.322,64,65,April4_9_10(April4_9_10).csv
2026-04-09 22:04:01,Good,65.48,32.2,0.322,64,65,April4_9_10(April4_9_10).csv
2026-04-09 22:04:03,Good,65.3,32.1,0.321,64,66,April4_9_10(April4_9_10).csv
2026-04-09 22:04:05,Good,65.48,32.2,0.322,64,65,April4_9_10(April4_9_10).csv
2026-04-09 22:04:07,Good,65.3,32.0,0.32,64,65,April4_9_10(April4_9_10).csv
2026-04-09 22:04:09,Good,65.48,32.1,0.321,64,66,April4_9_10(April4_9_10).csv
2026-04-09 22:04:11,Good,65.48,32.1,0.321,64,65,April4_9_10(April4_9_10).csv
2026-04-09 22:04:14,Good,65.3,32.0,0.32,64,65,April4_9_10(April4_9_10).csv
2026-04-09 22:04:16,Good,65.3,32.0,0.32,64,65,April4_9_10(April4_9_10).csv
2026-04-09 22:04:18,Good,65.3,32.0,0.32,64,66,April4_9_10(April4_9_10).csv
2026-04-09 22:04:20,Good,65.3,32.1,0.321,64,65,April4_9_10(April4_9_10).csv
2026-04-09 22:04:22,Good,65.3,32.2,0.322,64,65,April4_9_10(April4_9_10).csv
2026-04-09 22:04:24,Good,65.48,32.3,0.32299999999999995,64,65,April4_9_10(April4_9_10).csv
2026-04-09 22:04:26,Good,65.3,32.2,0.322,64,65,April4_9_10(April4_9_10).csv
2026-04-09 22:04:28,Good,65.48,32.3,0.32299999999999995,64,65,April4_9_10(April4_9_10).csv
2026-04-09 22:04:30,Good,65.48,32.3,0.32299999999999995,64,65,April4_9_10(April4_9_10).csv
2026-04-09 22:04:32,Good,65.48,32.3,0.32299999999999995,64,65,April4_9_10(April4_9_10).csv
2026-04-09 22:04:34,Good,65.48,32.3,0.32299999999999995,64,65,April4_9_10(April4_9_10).csv
2026-04-09 22:04:36,Good,65.48,32.2,0.322,64,65,April4_9_10(April4_9_10).csv
2026-04-09 22:04:38,Good,65.48,32.2,0.322,64,65,April4_9_10(April4_9_10).csv
2026-04-09 22:04:40,Good,65.48,32.1,0.321,64,65,April4_9_10(April4_9_10).csv
2026-04-09 22:04:42,Good,65.48,32.1,0.321,64,65,April4_9_10(April4_9_10).csv
2026-04-09 22:04:44,Good,65.48,32.2,0.322,64,65,April4_9_10(April4_9_10).csv
2026-04-09 22:04:46,Good,65.48,32.2,0.322,64,65,April4_9_10(April4_9_10).csv
2026-04-09 22:04:48,Good,65.48,32.2,0.322,64,65,April4_9_10(April4_9_10).csv
2026-04-09 22:04:50,Good,65.3,32.2,0.322,64,65,April4_9_10(April4_9_10).csv
2026-04-09 22:04:52,Good,65.48,32.3,0.32299999999999995,64,65,April4_9_10(April4_9_10).csv
2026-04-09 22:04:54,Good,65.3,32.2,0.322,64,65,April4_9_10(April4_9_10).csv
2026-04-09 22:04:56,Good,65.48,32.3,0.32299999999999995,64,65,April4_9_10(April4_9_10).csv
2026-04-09 22:04:58,Good,65.3,32.2,0.322,64,65,April4_9_10(April4_9_10).csv
2026-04-09 22:05:00,Good,65.48,32.4,0.324,64,65,April4_9_10(April4_9_10).csv
2026-04-09 22:05:02,Good,65.48,32.4,0.324,64,65,April4_9_10(April4_9_10).csv
2026-04-09 22:05:04,Good,65.3,32.3,0.32299999999999995,64,65,April4_9_10(April4_9_10).csv
2026-04-09 22:05:06,Good,65.48,32.4,0.324,64,65,April4_9_10(April4_9_10).csv
2026-04-09 22:05:09,Good,65.48,32.4,0.324,64,65,April4_9_10(April4_9_10).csv
2026-04-09 22:05:11,Good,65.48,32.2,0.322,64,65,April4_9_10(April4_9_10).csv
2026-04-09 22:05:13,Good,65.48,32.0,0.32,64,65,April4_9_10(April4_9_10).csv
2026-04-09 22:05:15,Good,65.48,31.9,0.319,64,65,April4_9_10(April4_9_10).csv
2026-04-09 22:05:17,Good,65.3,31.8,0.318,64,65,April4_9_10(April4_9_10).csv
2026-04-09 22:05:19,Good,65.3,31.7,0.317,64,65,April4_9_10(April4_9_10).csv
2026-04-09 22:05:21,Good,65.48,31.8,0.318,64,65,April4_9_10(April4_9_10).csv
2026-04-09 22:05:23,Good,65.48,31.8,0.318,64,65,April4_9_10(April4_9_10).csv
2026-04-09 22:05:25,Good,65.48,31.8,0.318,64,65,April4_9_10(April4_9_10).csv
2026-04-09 22:05:27,Good,65.3,31.7,0.317,64,65,April4_9_10(April4_9_10).csv
2026-04-09 22:05:29,Good,65.3,31.7,0.317,64,65,April4_9_10(April4_9_10).csv
2026-04-09 22:05:31,Good,65.3,31.6,0.316,64,65,April4_9_10(April4_9_10).csv
2026-04-09 22:05:33,Good,65.3,31.5,0.315,64,65,April4_9_10(April4_9_10).csv
2026-04-09 22:05:35,Good,65.48,31.5,0.315,64,65,April4_9_10(April4_9_10).csv
2026-04-09 22:05:37,Good,65.3,31.3,0.313,64,65,April4_9_10(April4_9_10).csv
2026-04-09 22:05:39,Good,65.48,31.4,0.314,64,65,April4_9_10(April4_9_10).csv
2026-04-09 22:05:41,Good,65.48,31.4,0.314,64,65,April4_9_10(April4_9_10).csv
2026-04-09 22:05:43,Good,65.3,31.2,0.312,64,65,April4_9_10(April4_9_10).csv
2026-04-09 22:05:45,Good,65.48,31.3,0.313,64,65,April4_9_10(April4_9_10).csv
2026-04-09 22:05:47,Good,65.3,31.1,0.311,64,65,April4_9_10(April4_9_10).csv
2026-04-09 22:05:49,Good,65.3,31.1,0.311,64,65,April4_9_10(April4_9_10).csv
2026-04-09 22:05:51,Good,65.3,31.1,0.311,64,65,April4_9_10(April4_9_10).csv
2026-04-09 22:05:53,Good,65.3,31.1,0.311,64,65,April4_9_10(April4_9_10).csv
2026-04-09 22:05:55,Good,65.3,31.2,0.312,64,65,April4_9_10(April4_9_10).csv
2026-04-09 22:05:57,Good,65.48,31.4,0.314,64,65,April4_9_10(April4_9_10).csv
2026-04-09 22:05:59,Good,65.3,31.3,0.313,64,65,April4_9_10(April4_9_10).csv
2026-04-09 22:06:01,Good,65.48,31.4,0.314,64,65,April4_9_10(April4_9_10).csv
2026-04-09 22:06:04,Good,65.3,31.4,0.314,64,65,April4_9_10(April4_9_10).csv
2026-04-09 22:06:06,Good,65.48,31.5,0.315,64,65,April4_9_10(April4_9_10).csv
2026-04-09 22:06:08,Good,65.48,31.5,0.315,64,65,April4_9_10(April4_9_10).csv
2026-04-09 22:06:10,Good,65.48,31.6,0.316,64,65,April4_9_10(April4_9_10).csv
2026-04-09 22:06:12,Good,65.3,31.5,0.315,64,65,April4_9_10(April4_9_10).csv
2026-04-09 22:06:14,Good,65.48,31.7,0.317,64,65,April4_9_10(April4_9_10).csv
2026-04-09 22:06:16,Good,65.48,31.6,0.316,64,65,April4_9_10(April4_9_10).csv
2026-04-09 22:06:18,Good,65.48,31.6,0.316,64,65,April4_9_10(April4_9_10).csv
2026-04-09 22:06:20,Good,65.3,31.4,0.314,64,65,April4_9_10(April4_9_10).csv
2026-04-09 22:06:22,Good,65.48,31.5,0.315,64,65,April4_9_10(April4_9_10).csv
2026-04-09 22:06:24,Good,65.3,31.3,0.313,64,65,April4_9_10(April4_9_10).csv
2026-04-09 22:06:26,Good,65.3,31.3,0.313,64,65,April4_9_10(April4_9_10).csv
2026-04-09 22:06:28,Good,65.3,31.3,0.313,64,65,April4_9_10(April4_9_10).csv
2026-04-09 22:06:30,Good,65.3,31.4,0.314,64,65,April4_9_10(April4_9_10).csv
2026-04-09 22:06:32,Good,65.3,31.3,0.313,64,65,April4_9_10(April4_9_10).csv
2026-04-09 22:06:34,Good,65.3,31.2,0.312,64,65,April4_9_10(April4_9_10).csv
2026-04-09 22:06:36,Good,65.48,31.2,0.312,64,65,April4_9_10(April4_9_10).csv
2026-04-09 22:06:38,Good,65.3,31.0,0.31,64,65,April4_9_10(April4_9_10).csv
2026-04-09 22:06:40,Good,65.3,30.9,0.309,64,65,April4_9_10(April4_9_10).csv
2026-04-09 22:06:42,Good,65.3,30.8,0.308,64,65,April4_9_10(April4_9_10).csv
2026-04-09 22:06:44,Good,65.48,30.9,0.309,64,65,April4_9_10(April4_9_10).csv
2026-04-09 22:06:46,Good,65.3,30.7,0.307,64,65,April4_9_10(April4_9_10).csv
2026-04-09 22:06:48,Good,65.3,30.7,0.307,64,65,April4_9_10(April4_9_10).csv
2026-04-09 22:06:50,Good,65.48,30.8,0.308,64,65,April4_9_10(April4_9_10).csv
2026-04-09 22:06:52,Good,65.3,30.7,0.307,64,65,April4_9_10(April4_9_10).csv
2026-04-09 22:06:54,Good,65.3,30.7,0.307,64,65,April4_9_10(April4_9_10).csv
2026-04-09 22:06:57,Good,65.3,30.8,0.308,64,65,April4_9_10(April4_9_10).csv
2026-04-09 22:06:59,Good,65.3,31.0,0.31,64,65,April4_9_10(April4_9_10).csv
2026-04-09 22:07:01,Good,65.3,31.1,0.311,64,65,April4_9_10(April4_9_10).csv
2026-04-09 22:07:03,Good,65.3,31.1,0.311,64,65,April4_9_10(April4_9_10).csv
2026-04-09 22:07:05,Good,65.3,31.2,0.312,64,65,April4_9_10(April4_9_10).csv
2026-04-09 22:07:07,Good,65.3,31.3,0.313,64,65,April4_9_10(April4_9_10).csv
2026-04-09 22:07:09,Good,65.3,31.4,0.314,64,65,April4_9_10(April4_9_10).csv
2026-04-09 22:07:11,Good,65.3,31.5,0.315,64,65,April4_9_10(April4_9_10).csv
2026-04-09 22:07:13,Good,65.3,31.6,0.316,64,65,April4_9_10(April4_9_10).csv
2026-04-09 22:07:15,Good,65.3,31.6,0.316,64,65,April4_9_10(April4_9_10).csv
2026-04-09 22:07:17,Good,65.3,31.7,0.317,64,65,April4_9_10(April4_9_10).csv
2026-04-09 22:07:19,Good,65.3,31.8,0.318,64,65,April4_9_10(April4_9_10).csv
2026-04-09 22:07:21,Good,65.3,31.9,0.319,64,65,April4_9_10(April4_9_10).csv
2026-04-09 22:07:23,Good,65.3,31.9,0.319,64,65,April4_9_10(April4_9_10).csv
2026-04-09 22:07:25,Good,65.3,32.0,0.32,64,65,April4_9_10(April4_9_10).csv
2026-04-09 22:07:27,Good,65.3,32.0,0.32,64,65,April4_9_10(April4_9_10).csv
2026-04-09 22:07:29,Good,65.3,32.0,0.32,64,65,April4_9_10(April4_9_10).csv
2026-04-09 22:07:31,Good,65.3,32.0,0.32,64,65,April4_9_10(April4_9_10).csv
2026-04-09 22:07:33,Good,65.3,31.9,0.319,64,65,April4_9_10(April4_9_10).csv
2026-04-09 22:07:35,Good,65.3,31.8,0.318,64,65,April4_9_10(April4_9_10).csv
2026-04-09 22:07:37,Good,65.3,31.7,0.317,64,65,April4_9_10(April4_9_10).csv
2026-04-09 22:07:39,Good,65.3,31.6,0.316,64,65,April4_9_10(April4_9_10).csv
2026-04-09 22:07:41,Good,65.3,31.6,0.316,64,65,April4_9_10(April4_9_10).csv
2026-04-09 22:07:43,Good,65.3,31.5,0.315,64,65,April4_9_10(April4_9_10).csv
2026-04-09 22:07:45,Good,65.3,31.5,0.315,64,65,April4_9_10(April4_9_10).csv
2026-04-09 22:07:47,Good,65.3,31.5,0.315,64,65,April4_9_10(April4_9_10).csv
2026-04-09 22:07:49,Good,65.3,31.5,0.315,64,65,April4_9_10(April4_9_10).csv
2026-04-09 22:07:52,Good,65.3,31.4,0.314,64,65,April4_9_10(April4_9_10).csv
2026-04-09 22:07:54,Good,65.3,31.3,0.313,64,65,April4_9_10(April4_9_10).csv
2026-04-09 22:07:56,Good,65.3,31.2,0.312,64,65,April4_9_10(April4_9_10).csv
2026-04-09 22:07:58,Good,65.3,31.1,0.311,64,65,April4_9_10(April4_9_10).csv
2026-04-09 22:08:00,Good,65.3,31.0,0.31,64,65,April4_9_10(April4_9_10).csv
2026-04-09 22:08:02,Good,65.3,30.9,0.309,64,65,April4_9_10(April4_9_10).csv
2026-04-09 22:08:04,Good,65.3,30.8,0.308,64,65,April4_9_10(April4_9_10).csv
2026-04-09 22:08:06,Good,65.3,30.8,0.308,64,65,April4_9_10(April4_9_10).csv
2026-04-09 22:08:08,Good,65.3,30.7,0.307,64,65,April4_9_10(April4_9_10).csv
2026-04-09 22:08:10,Good,65.3,30.7,0.307,64,65,April4_9_10(April4_9_10).csv
2026-04-09 22:08:12,Good,65.3,30.7,0.307,64,65,April4_9_10(April4_9_10).csv
2026-04-09 22:08:14,Good,65.3,30.7,0.307,64,65,April4_9_10(April4_9_10).csv
2026-04-09 22:08:16,Good,65.3,30.7,0.307,64,65,April4_9_10(April4_9_10).csv
2026-04-09 22:08:18,Good,65.3,30.7,0.307,64,65,April4_9_10(April4_9_10).csv
2026-04-09 22:08:20,Good,65.3,30.7,0.307,64,65,April4_9_10(April4_9_10).csv
2026-04-09 22:08:22,Good,65.3,30.8,0.308,64,65,April4_9_10(April4_9_10).csv
2026-04-09 22:08:24,Good,65.3,30.8,0.308,64,65,April4_9_10(April4_9_10).csv
2026-04-09 22:08:26,Good,65.3,30.8,0.308,64,65,April4_9_10(April4_9_10).csv
2026-04-09 22:08:28,Good,65.3,30.9,0.309,64,65,April4_9_10(April4_9_10).csv
2026-04-09 22:08:30,Good,65.3,31.0,0.31,64,65,April4_9_10(April4_9_10).csv
2026-04-09 22:08:32,Good,65.3,31.0,0.31,64,65,April4_9_10(April4_9_10).csv
2026-04-09 22:08:34,Good,65.3,31.1,0.311,64,65,April4_9_10(April4_9_10).csv
2026-04-09 22:08:36,Good,65.3,31.2,0.312,64,65,April4_9_10(April4_9_10).csv
2026-04-09 22:08:38,Good,65.3,31.2,0.312,64,65,April4_9_10(April4_9_10).csv
2026-04-09 22:08:40,Good,65.3,31.2,0.312,64,65,April4_9_10(April4_9_10).csv
2026-04-09 22:08:42,Good,65.12,31.2,0.312,64,65,April4_9_10(April4_9_10).csv
2026-04-09 22:08:44,Good,65.3,31.3,0.313,64,65,April4_9_10(April4_9_10).csv
2026-04-09 22:08:47,Good,65.3,31.3,0.313,64,65,April4_9_10(April4_9_10).csv
2026-04-09 22:08:49,Good,65.3,31.4,0.314,64,65,April4_9_10(April4_9_10).csv
2026-04-09 22:08:51,Good,65.3,31.5,0.315,64,65,April4_9_10(April4_9_10).csv
2026-04-09 22:08:53,Good,65.3,31.5,0.315,64,65,April4_9_10(April4_9_10).csv
2026-04-09 22:08:55,Good,65.3,31.6,0.316,64,65,April4_9_10(April4_9_10).csv
2026-04-09 22:08:57,Good,65.3,31.6,0.316,64,65,April4_9_10(April4_9_10).csv
2026-04-09 22:08:59,Good,65.3,31.7,0.317,64,65,April4_9_10(April4_9_10).csv
2026-04-09 22:09:01,Good,65.3,31.7,0.317,64,65,April4_9_10(April4_9_10).csv
2026-04-09 22:09:03,Good,65.3,31.7,0.317,64,65,April4_9_10(April4_9_10).csv
2026-04-09 22:09:05,Good,65.3,31.7,0.317,64,65,April4_9_10(April4_9_10).csv
2026-04-09 22:09:07,Good,65.3,31.7,0.317,64,65,April4_9_10(April4_9_10).csv
2026-04-09 22:09:09,Good,65.3,31.7,0.317,64,65,April4_9_10(April4_9_10).csv
2026-04-09 22:09:11,Good,65.3,31.7,0.317,64,65,April4_9_10(April4_9_10).csv
2026-04-09 22:09:13,Good,65.3,31.7,0.317,64,65,April4_9_10(April4_9_10).csv
2026-04-09 22:09:15,Good,65.3,31.7,0.317,64,65,April4_9_10(April4_9_10).csv
2026-04-09 22:09:17,Good,65.3,31.7,0.317,64,65,April4_9_10(April4_9_10).csv
2026-04-09 22:09:19,Good,65.3,31.7,0.317,64,65,April4_9_10(April4_9_10).csv
2026-04-09 22:09:21,Good,65.3,31.8,0.318,64,65,April4_9_10(April4_9_10).csv
2026-04-09 22:09:23,Good,65.3,31.9,0.319,64,65,April4_9_10(April4_9_10).csv
2026-04-09 22:09:25,Good,65.12,31.9,0.319,64,65,April4_9_10(April4_9_10).csv
2026-04-09 22:09:27,Good,65.3,32.2,0.322,64,65,April4_9_10(April4_9_10).csv
2026-04-09 22:09:29,Good,65.3,32.4,0.324,64,65,April4_9_10(April4_9_10).csv
2026-04-09 22:09:31,Good,65.3,32.5,0.325,64,65,April4_9_10(April4_9_10).csv
2026-04-09 22:09:33,Good,65.3,32.5,0.325,64,65,April4_9_10(April4_9_10).csv
2026-04-09 22:09:35,Good,65.3,32.5,0.325,64,65,April4_9_10(April4_9_10).csv
2026-04-09 22:09:37,Good,65.3,32.6,0.326,64,65,April4_9_10(April4_9_10).csv
2026-04-09 22:09:39,Good,65.3,32.6,0.326,64,65,April4_9_10(April4_9_10).csv
2026-04-09 22:09:42,Good,65.3,32.7,0.327,64,65,April4_9_10(April4_9_10).csv
2026-04-09 22:09:44,Good,65.3,32.8,0.32799999999999996,64,65,April4_9_10(April4_9_10).csv
2026-04-09 22:09:46,Good,65.3,32.9,0.32899999999999996,64,65,April4_9_10(April4_9_10).csv
2026-04-09 22:09:48,Good,65.3,32.9,0.32899999999999996,64,65,April4_9_10(April4_9_10).csv
2026-04-09 22:09:50,Good,65.3,33.0,0.33,64,65,April4_9_10(April4_9_10).csv
2026-04-09 22:09:52,Good,65.3,33.0,0.33,64,65,April4_9_10(April4_9_10).csv
2026-04-09 22:09:54,Good,65.3,33.0,0.33,64,65,April4_9_10(April4_9_10).csv
2026-04-09 22:09:56,Good,65.3,33.0,0.33,64,65,April4_9_10(April4_9_10).csv
2026-04-09 22:09:58,Good,65.3,33.0,0.33,64,65,April4_9_10(April4_9_10).csv
2026-04-09 22:10:00,Good,65.3,33.0,0.33,64,65,April4_9_10(April4_9_10).csv
2026-04-09 22:10:02,Good,65.3,33.1,0.331,64,65,April4_9_10(April4_9_10).csv
2026-04-09 22:10:04,Good,65.48,33.3,0.33299999999999996,64,65,April4_9_10(April4_9_10).csv
2026-04-09 22:10:06,Good,65.3,33.2,0.332,64,65,April4_9_10(April4_9_10).csv
2026-04-09 22:10:08,Good,65.3,33.2,0.332,64,65,April4_9_10(April4_9_10).csv
2026-04-09 22:10:10,Good,65.3,33.3,0.33299999999999996,64,65,April4_9_10(April4_9_10).csv
2026-04-09 22:10:12,Good,65.3,33.3,0.33299999999999996,64,65,April4_9_10(April4_9_10).csv
2026-04-09 22:10:14,Good,65.3,33.3,0.33299999999999996,64,65,April4_9_10(April4_9_10).csv
2026-04-09 22:10:16,Good,65.3,33.4,0.33399999999999996,64,65,April4_9_10(April4_9_10).csv
2026-04-09 22:10:18,Good,65.3,33.5,0.335,64,65,April4_9_10(April4_9_10).csv
2026-04-09 22:10:20,Good,65.48,33.6,0.336,64,65,April4_9_10(April4_9_10).csv
2026-04-09 22:10:22,Good,65.3,33.6,0.336,64,65,April4_9_10(April4_9_10).csv
2026-04-09 22:10:24,Good,65.3,33.6,0.336,64,65,April4_9_10(April4_9_10).csv
2026-04-09 22:10:26,Good,65.3,33.7,0.337,64,65,April4_9_10(April4_9_10).csv
2026-04-09 22:10:28,Good,65.3,33.7,0.337,64,65,April4_9_10(April4_9_10).csv
2026-04-09 22:10:30,Good,65.3,33.7,0.337,64,65,April4_9_10(April4_9_10).csv
2026-04-09 22:10:32,Good,65.48,33.7,0.337,64,65,April4_9_10(April4_9_10).csv
2026-04-09 22:10:35,Good,65.3,33.6,0.336,64,65,April4_9_10(April4_9_10).csv
2026-04-09 22:10:37,Good,65.3,33.6,0.336,64,65,April4_9_10(April4_9_10).csv
2026-04-09 22:10:39,Good,65.3,33.6,0.336,64,65,April4_9_10(April4_9_10).csv
2026-04-09 22:10:41,Good,65.3,33.6,0.336,64,65,April4_9_10(April4_9_10).csv
2026-04-09 22:10:43,Good,65.3,33.6,0.336,64,65,April4_9_10(April4_9_10).csv
2026-04-09 22:10:45,Good,65.3,33.6,0.336,64,65,April4_9_10(April4_9_10).csv
2026-04-09 22:10:47,Good,65.3,33.6,0.336,64,65,April4_9_10(April4_9_10).csv
2026-04-09 22:10:49,Good,65.3,33.7,0.337,64,65,April4_9_10(April4_9_10).csv
2026-04-09 22:10:51,Good,65.3,33.8,0.33799999999999997,64,65,April4_9_10(April4_9_10).csv
2026-04-09 22:10:53,Good,65.3,33.8,0.33799999999999997,64,65,April4_9_10(April4_9_10).csv
2026-04-09 22:10:55,Good,65.3,33.9,0.33899999999999997,64,65,April4_9_10(April4_9_10).csv
2026-04-09 22:10:57,Good,65.3,33.9,0.33899999999999997,64,65,April4_9_10(April4_9_10).csv
2026-04-09 22:10:59,Good,65.3,33.9,0.33899999999999997,64,65,April4_9_10(April4_9_10).csv
2026-04-09 22:11:01,Good,65.3,33.9,0.33899999999999997,64,65,April4_9_10(April4_9_10).csv
2026-04-09 22:11:03,Good,65.3,33.9,0.33899999999999997,64,65,April4_9_10(April4_9_10).csv
2026-04-09 22:11:05,Good,65.3,33.9,0.33899999999999997,64,65,April4_9_10(April4_9_10).csv
2026-04-09 22:11:07,Good,65.3,34.0,0.34,64,65,April4_9_10(April4_9_10).csv
2026-04-09 22:11:09,Good,65.3,34.0,0.34,64,65,April4_9_10(April4_9_10).csv
2026-04-09 22:11:11,Good,65.3,34.1,0.341,64,65,April4_9_10(April4_9_10).csv
2026-04-09 22:11:13,Good,65.3,34.1,0.341,64,65,April4_9_10(April4_9_10).csv
2026-04-09 22:11:15,Good,65.3,34.1,0.341,64,65,April4_9_10(April4_9_10).csv
2026-04-09 22:11:17,Good,65.3,34.1,0.341,64,65,April4_9_10(April4_9_10).csv
2026-04-09 22:11:19,Good,65.3,34.0,0.34,64,65,April4_9_10(April4_9_10).csv
2026-04-09 22:11:21,Good,65.48,34.1,0.341,64,65,April4_9_10(April4_9_10).csv
2026-04-09 22:11:23,Good,65.3,34.0,0.34,64,65,April4_9_10(April4_9_10).csv
2026-04-09 22:11:25,Good,65.3,33.9,0.33899999999999997,64,65,April4_9_10(April4_9_10).csv
2026-04-09 22:11:28,Good,65.48,34.0,0.34,64,65,April4_9_10(April4_9_10).csv
2026-04-09 22:11:30,Good,65.3,33.8,0.33799999999999997,64,65,April4_9_10(April4_9_10).csv
2026-04-09 22:11:32,Good,65.3,33.6,0.336,64,65,April4_9_10(April4_9_10).csv
2026-04-09 22:11:34,Good,65.48,33.6,0.336,64,65,April4_9_10(April4_9_10).csv
2026-04-09 22:11:36,Good,65.3,33.4,0.33399999999999996,64,65,April4_9_10(April4_9_10).csv
2026-04-09 22:11:38,Good,65.3,33.4,0.33399999999999996,64,65,April4_9_10(April4_9_10).csv
2026-04-09 22:11:40,Good,65.48,33.5,0.335,64,65,April4_9_10(April4_9_10).csv
2026-04-09 22:11:42,Good,65.3,33.3,0.33299999999999996,64,65,April4_9_10(April4_9_10).csv
2026-04-09 22:11:44,Good,65.3,33.3,0.33299999999999996,64,65,April4_9_10(April4_9_10).csv
2026-04-09 22:11:46,Good,65.3,33.1,0.331,64,65,April4_9_10(April4_9_10).csv
2026-04-09 22:11:48,Good,65.3,33.0,0.33,64,65,April4_9_10(April4_9_10).csv
2026-04-09 22:11:50,Good,65.3,33.0,0.33,64,65,April4_9_10(April4_9_10).csv
2026-04-09 22:11:52,Good,65.3,32.9,0.32899999999999996,64,65,April4_9_10(April4_9_10).csv
2026-04-09 22:11:54,Good,65.3,32.8,0.32799999999999996,64,65,April4_9_10(April4_9_10).csv
2026-04-09 22:11:56,Good,65.3,32.8,0.32799999999999996,64,65,April4_9_10(April4_9_10).csv
2026-04-09 22:11:58,Good,65.3,32.8,0.32799999999999996,64,65,April4_9_10(April4_9_10).csv
2026-04-09 22:12:00,Good,65.3,32.9,0.32899999999999996,64,65,April4_9_10(April4_9_10).csv
2026-04-09 22:12:02,Good,65.3,32.9,0.32899999999999996,64,65,April4_9_10(April4_9_10).csv
2026-04-09 22:12:04,Good,65.3,32.9,0.32899999999999996,64,65,April4_9_10(April4_9_10).csv
2026-04-09 22:12:06,Good,65.3,32.9,0.32899999999999996,64,65,April4_9_10(April4_9_10).csv
2026-04-09 22:12:08,Good,65.3,32.9,0.32899999999999996,64,65,April4_9_10(April4_9_10).csv
2026-04-09 22:12:10,Good,65.3,32.9,0.32899999999999996,64,65,April4_9_10(April4_9_10).csv
2026-04-09 22:12:12,Good,65.3,32.8,0.32799999999999996,64,65,April4_9_10(April4_9_10).csv
2026-04-09 22:12:14,Good,65.3,32.9,0.32899999999999996,64,65,April4_9_10(April4_9_10).csv
2026-04-09 22:12:16,Good,65.3,32.9,0.32899999999999996,64,65,April4_9_10(April4_9_10).csv
2026-04-09 22:12:18,Good,65.3,32.9,0.32899999999999996,64,65,April4_9_10(April4_9_10).csv
2026-04-09 22:12:20,Good,65.3,32.8,0.32799999999999996,64,65,April4_9_10(April4_9_10).csv
2026-04-09 22:12:23,Good,65.3,32.8,0.32799999999999996,64,65,April4_9_10(April4_9_10).csv
2026-04-09 22:12:25,Good,65.3,32.9,0.32899999999999996,64,65,April4_9_10(April4_9_10).csv
2026-04-09 22:12:27,Good,65.3,32.9,0.32899999999999996,64,65,April4_9_10(April4_9_10).csv
2026-04-09 22:12:29,Good,65.3,32.9,0.32899999999999996,64,65,April4_9_10(April4_9_10).csv
2026-04-09 22:12:31,Good,65.3,33.0,0.33,64,65,April4_9_10(April4_9_10).csv
2026-04-09 22:12:33,Good,65.3,33.0,0.33,64,65,April4_9_10(April4_9_10).csv
2026-04-09 22:12:35,Good,65.3,33.0,0.33,64,65,April4_9_10(April4_9_10).csv
2026-04-09 22:12:37,Good,65.3,33.1,0.331,64,65,April4_9_10(April4_9_10).csv
2026-04-09 22:12:39,Good,65.3,33.1,0.331,64,65,April4_9_10(April4_9_10).csv
2026-04-09 22:12:41,Good,65.3,33.1,0.331,64,65,April4_9_10(April4_9_10).csv
2026-04-09 22:12:43,Good,65.3,33.2,0.332,64,65,April4_9_10(April4_9_10).csv
2026-04-09 22:12:45,Good,65.3,33.3,0.33299999999999996,64,65,April4_9_10(April4_9_10).csv
2026-04-09 22:12:47,Good,65.3,33.3,0.33299999999999996,64,65,April4_9_10(April4_9_10).csv
2026-04-09 22:12:49,Good,65.3,33.3,0.33299999999999996,64,65,April4_9_10(April4_9_10).csv
2026-04-09 22:12:51,Good,65.3,33.4,0.33399999999999996,64,65,April4_9_10(April4_9_10).csv
2026-04-09 22:12:53,Good,65.3,33.5,0.335,64,65,April4_9_10(April4_9_10).csv
2026-04-09 22:12:55,Good,65.3,33.6,0.336,64,65,April4_9_10(April4_9_10).csv
2026-04-09 22:12:57,Good,65.3,33.7,0.337,64,65,April4_9_10(April4_9_10).csv
2026-04-09 22:12:59,Good,65.3,33.8,0.33799999999999997,64,65,April4_9_10(April4_9_10).csv
2026-04-09 22:13:01,Good,65.3,33.9,0.33899999999999997,64,65,April4_9_10(April4_9_10).csv
2026-04-09 22:13:03,Good,65.3,34.0,0.34,64,65,April4_9_10(April4_9_10).csv
2026-04-09 22:13:05,Good,65.3,34.2,0.342,64,65,April4_9_10(April4_9_10).csv
2026-04-09 22:13:07,Good,65.3,34.2,0.342,64,65,April4_9_10(April4_9_10).csv
2026-04-09 22:13:09,Good,65.3,34.3,0.34299999999999997,64,65,April4_9_10(April4_9_10).csv
2026-04-09 22:13:11,Good,65.3,34.4,0.344,64,65,April4_9_10(April4_9_10).csv
2026-04-09 22:13:13,Good,65.3,34.4,0.344,64,65,April4_9_10(April4_9_10).csv
2026-04-09 22:13:16,Good,65.3,34.4,0.344,64,65,April4_9_10(April4_9_10).csv
2026-04-09 22:13:18,Good,65.3,34.4,0.344,64,65,April4_9_10(April4_9_10).csv
2026-04-09 22:13:20,Good,65.3,34.4,0.344,64,65,April4_9_10(April4_9_10).csv
2026-04-09 22:13:22,Good,65.3,34.5,0.345,64,65,April4_9_10(April4_9_10).csv
2026-04-09 22:13:24,Good,65.3,34.5,0.345,64,65,April4_9_10(April4_9_10).csv
2026-04-09 22:13:26,Good,65.3,34.5,0.345,64,65,April4_9_10(April4_9_10).csv
2026-04-09 22:13:28,Good,65.3,34.5,0.345,64,65,April4_9_10(April4_9_10).csv
2026-04-09 22:13:30,Good,65.3,34.6,0.34600000000000003,64,65,April4_9_10(April4_9_10).csv
2026-04-09 22:13:32,Good,65.3,34.6,0.34600000000000003,64,65,April4_9_10(April4_9_10).csv
2026-04-09 22:13:34,Good,65.3,34.6,0.34600000000000003,64,65,April4_9_10(April4_9_10).csv
2026-04-09 22:13:36,Good,65.3,34.6,0.34600000000000003,64,65,April4_9_10(April4_9_10).csv
2026-04-09 22:13:38,Good,65.3,34.5,0.345,64,65,April4_9_10(April4_9_10).csv
2026-04-09 22:13:40,Good,65.3,34.4,0.344,64,65,April4_9_10(April4_9_10).csv
2026-04-09 22:13:42,Good,65.48,34.4,0.344,64,65,April4_9_10(April4_9_10).csv
2026-04-09 22:13:44,Good,65.3,34.2,0.342,64,65,April4_9_10(April4_9_10).csv
2026-04-09 22:13:46,Good,65.3,34.1,0.341,64,65,April4_9_10(April4_9_10).csv
2026-04-09 22:13:48,Good,65.3,33.9,0.33899999999999997,64,65,April4_9_10(April4_9_10).csv
2026-04-09 22:13:50,Good,65.3,33.7,0.337,64,65,April4_9_10(April4_9_10).csv
2026-04-09 22:13:52,Good,65.3,33.6,0.336,64,65,April4_9_10(April4_9_10).csv
2026-04-09 22:13:54,Good,65.3,33.6,0.336,64,65,April4_9_10(April4_9_10).csv
2026-04-09 22:13:56,Good,65.48,33.7,0.337,64,65,April4_9_10(April4_9_10).csv
2026-04-09 22:13:58,Good,65.3,33.6,0.336,64,65,April4_9_10(April4_9_10).csv
2026-04-09 22:14:00,Good,65.3,33.6,0.336,64,65,April4_9_10(April4_9_10).csv
2026-04-09 22:14:03,Good,65.3,33.6,0.336,64,65,April4_9_10(April4_9_10).csv
2026-04-09 22:14:05,Good,65.3,33.7,0.337,64,65,April4_9_10(April4_9_10).csv
2026-04-09 22:14:07,Good,65.3,33.7,0.337,64,65,April4_9_10(April4_9_10).csv
2026-04-09 22:14:09,Good,65.3,33.7,0.337,64,65,April4_9_10(April4_9_10).csv
2026-04-09 22:14:11,Good,65.3,33.7,0.337,64,65,April4_9_10(April4_9_10).csv
2026-04-09 22:14:13,Good,65.48,33.8,0.33799999999999997,64,65,April4_9_10(April4_9_10).csv
2026-04-09 22:14:15,Good,65.48,33.8,0.33799999999999997,64,65,April4_9_10(April4_9_10).csv
2026-04-09 22:14:17,Good,65.3,33.7,0.337,64,65,April4_9_10(April4_9_10).csv
2026-04-09 22:14:19,Good,65.3,33.7,0.337,64,65,April4_9_10(April4_9_10).csv
2026-04-09 22:14:21,Good,65.3,33.8,0.33799999999999997,64,65,April4_9_10(April4_9_10).csv
2026-04-09 22:14:23,Good,65.3,33.9,0.33899999999999997,64,65,April4_9_10(April4_9_10).csv
2026-04-09 22:14:25,Good,65.3,34.0,0.34,64,65,April4_9_10(April4_9_10).csv
2026-04-09 22:14:27,Good,65.3,34.2,0.342,64,65,April4_9_10(April4_9_10).csv
2026-04-09 22:14:29,Good,65.3,34.3,0.34299999999999997,64,65,April4_9_10(April4_9_10).csv
2026-04-09 22:14:31,Good,65.3,34.4,0.344,64,65,April4_9_10(April4_9_10).csv
2026-04-09 22:14:33,Good,65.3,34.5,0.345,64,65,April4_9_10(April4_9_10).csv
2026-04-09 22:14:35,Good,65.3,34.6,0.34600000000000003,64,65,April4_9_10(April4_9_10).csv
2026-04-09 22:14:37,Good,65.3,34.8,0.348,64,65,April4_9_10(April4_9_10).csv
2026-04-09 22:14:39,Good,65.3,34.9,0.349,64,65,April4_9_10(April4_9_10).csv
2026-04-09 22:14:41,Good,65.3,35.0,0.35,64,65,April4_9_10(April4_9_10).csv
2026-04-09 22:14:43,Good,65.3,35.0,0.35,64,65,April4_9_10(April4_9_10).csv
2026-04-09 22:14:45,Good,65.3,35.1,0.35100000000000003,64,65,April4_9_10(April4_9_10).csv
2026-04-09 22:14:47,Good,65.3,35.2,0.35200000000000004,64,65,April4_9_10(April4_9_10).csv
2026-04-09 22:14:49,Good,65.3,35.3,0.353,64,65,April4_9_10(April4_9_10).csv
2026-04-09 22:14:51,Good,65.3,35.3,0.353,64,65,April4_9_10(April4_9_10).csv
2026-04-09 22:14:53,Good,65.3,35.5,0.355,64,65,April4_9_10(April4_9_10).csv
2026-04-09 22:14:56,Good,65.48,35.6,0.35600000000000004,64,65,April4_9_10(April4_9_10).csv
2026-04-09 22:14:58,Good,65.3,35.6,0.35600000000000004,64,65,April4_9_10(April4_9_10).csv
2026-04-09 22:15:00,Good,65.3,35.7,0.35700000000000004,64,65,April4_9_10(April4_9_10).csv
2026-04-09 22:15:02,Good,65.3,35.7,0.35700000000000004,64,65,April4_9_10(April4_9_10).csv
2026-04-09 22:15:04,Good,65.3,35.8,0.358,64,65,April4_9_10(April4_9_10).csv
2026-04-09 22:15:06,Good,65.3,35.7,0.35700000000000004,64,65,April4_9_10(April4_9_10).csv
2026-04-09 22:15:08,Good,65.3,35.8,0.358,64,65,April4_9_10(April4_9_10).csv
2026-04-09 22:15:10,Good,65.3,35.9,0.359,64,65,April4_9_10(April4_9_10).csv
2026-04-09 22:15:12,Good,65.3,36.0,0.36,64,65,April4_9_10(April4_9_10).csv
2026-04-09 22:15:14,Good,65.3,36.1,0.361,64,65,April4_9_10(April4_9_10).csv
2026-04-09 22:15:16,Good,65.3,36.2,0.36200000000000004,64,65,April4_9_10(April4_9_10).csv
2026-04-09 22:15:18,Good,65.3,36.3,0.363,64,65,April4_9_10(April4_9_10).csv
2026-04-09 22:15:20,Good,65.3,36.4,0.364,64,65,April4_9_10(April4_9_10).csv
2026-04-09 22:15:22,Good,65.3,36.4,0.364,64,65,April4_9_10(April4_9_10).csv
2026-04-09 22:15:24,Good,65.3,36.5,0.365,64,65,April4_9_10(April4_9_10).csv
2026-04-09 22:15:26,Good,65.3,36.6,0.366,64,65,April4_9_10(April4_9_10).csv
2026-04-09 22:15:28,Good,65.48,36.7,0.36700000000000005,64,65,April4_9_10(April4_9_10).csv
2026-04-09 22:15:30,Good,65.48,36.7,0.36700000000000005,64,65,April4_9_10(April4_9_10).csv
2026-04-09 22:15:32,Good,65.3,36.5,0.365,64,65,April4_9_10(April4_9_10).csv
2026-04-09 22:15:34,Good,65.3,36.5,0.365,64,65,April4_9_10(April4_9_10).csv
2026-04-09 22:15:36,Good,65.3,36.7,0.36700000000000005,64,65,April4_9_10(April4_9_10).csv
2026-04-09 22:15:38,Good,65.3,37.0,0.37,64,65,April4_9_10(April4_9_10).csv
2026-04-09 22:15:40,Good,65.3,37.2,0.37200000000000005,64,65,April4_9_10(April4_9_10).csv
2026-04-09 22:15:42,Good,65.3,37.3,0.373,64,65,April4_9_10(April4_9_10).csv
2026-04-09 22:15:44,Good,65.3,37.5,0.375,64,65,April4_9_10(April4_9_10).csv
2026-04-09 22:15:46,Good,65.48,37.6,0.376,64,65,April4_9_10(April4_9_10).csv
2026-04-09 22:15:49,Good,65.3,37.6,0.376,64,65,April4_9_10(April4_9_10).csv
2026-04-09 22:15:51,Good,65.3,37.7,0.377,64,65,April4_9_10(April4_9_10).csv
2026-04-09 22:15:53,Good,65.3,37.7,0.377,64,65,April4_9_10(April4_9_10).csv
2026-04-09 22:15:55,Good,65.3,37.8,0.37799999999999995,64,65,April4_9_10(April4_9_10).csv
2026-04-09 22:15:57,Good,65.3,37.8,0.37799999999999995,64,65,April4_9_10(April4_9_10).csv
2026-04-09 22:15:59,Good,65.3,37.8,0.37799999999999995,64,65,April4_9_10(April4_9_10).csv
2026-04-09 22:16:01,Good,65.48,37.9,0.379,64,65,April4_9_10(April4_9_10).csv
2026-04-09 22:16:03,Good,65.3,37.9,0.379,64,65,April4_9_10(April4_9_10).csv
2026-04-09 22:16:05,Good,65.48,38.0,0.38,64,65,April4_9_10(April4_9_10).csv
2026-04-09 22:16:07,Good,65.48,37.9,0.379,64,65,April4_9_10(April4_9_10).csv
2026-04-09 22:16:09,Good,65.48,38.0,0.38,64,65,April4_9_10(April4_9_10).csv
2026-04-09 22:16:11,Good,65.3,37.9,0.379,64,65,April4_9_10(April4_9_10).csv
2026-04-09 22:16:13,Good,65.48,38.0,0.38,64,65,April4_9_10(April4_9_10).csv
2026-04-09 22:16:15,Good,65.48,38.0,0.38,64,65,April4_9_10(April4_9_10).csv
2026-04-09 22:16:17,Good,65.48,38.1,0.381,64,65,April4_9_10(April4_9_10).csv
2026-04-09 22:16:19,Good,65.48,38.1,0.381,64,65,April4_9_10(April4_9_10).csv
2026-04-09 22:16:21,Good,65.48,38.1,0.381,64,65,April4_9_10(April4_9_10).csv
2026-04-09 22:16:23,Good,65.48,38.2,0.382,64,65,April4_9_10(April4_9_10).csv
2026-04-09 22:16:25,Good,65.48,38.2,0.382,64,65,April4_9_10(April4_9_10).csv
2026-04-09 22:16:27,Good,65.48,38.3,0.38299999999999995,64,65,April4_9_10(April4_9_10).csv
2026-04-09 22:16:29,Good,65.48,38.3,0.38299999999999995,64,65,April4_9_10(April4_9_10).csv
2026-04-09 22:16:31,Good,65.48,38.3,0.38299999999999995,64,65,April4_9_10(April4_9_10).csv
2026-04-09 22:16:33,Good,65.48,38.2,0.382,64,65,April4_9_10(April4_9_10).csv
2026-04-09 22:16:35,Good,65.48,38.2,0.382,64,65,April4_9_10(April4_9_10).csv
2026-04-09 22:16:37,Good,65.48,38.3,0.38299999999999995,64,65,April4_9_10(April4_9_10).csv
2026-04-09 22:16:39,Good,65.48,38.4,0.384,64,65,April4_9_10(April4_9_10).csv
2026-04-09 22:16:42,Good,65.48,38.4,0.384,64,65,April4_9_10(April4_9_10).csv
2026-04-09 22:16:44,Good,65.48,38.4,0.384,64,65,April4_9_10(April4_9_10).csv
2026-04-09 22:16:46,Good,65.48,38.5,0.385,64,65,April4_9_10(April4_9_10).csv
2026-04-09 22:16:48,Good,65.48,38.5,0.385,64,65,April4_9_10(April4_9_10).csv
2026-04-09 22:16:50,Good,65.48,38.7,0.387,64,65,April4_9_10(April4_9_10).csv
2026-04-09 22:16:52,Good,65.48,38.8,0.38799999999999996,64,65,April4_9_10(April4_9_10).csv
2026-04-09 22:16:54,Good,65.48,38.9,0.389,64,65,April4_9_10(April4_9_10).csv
2026-04-09 22:16:56,Good,65.3,38.9,0.389,64,65,April4_9_10(April4_9_10).csv
2026-04-09 22:16:58,Good,65.48,39.1,0.391,64,65,April4_9_10(April4_9_10).csv
2026-04-09 22:17:00,Good,65.48,39.1,0.391,64,65,April4_9_10(April4_9_10).csv
2026-04-09 22:17:02,Good,65.48,39.1,0.391,64,65,April4_9_10(April4_9_10).csv
2026-04-09 22:17:04,Good,65.48,39.1,0.391,64,65,April4_9_10(April4_9_10).csv
2026-04-09 22:17:06,Good,65.48,39.2,0.392,64,65,April4_9_10(April4_9_10).csv
2026-04-09 22:17:08,Good,65.3,39.1,0.391,64,65,April4_9_10(April4_9_10).csv
2026-04-09 22:17:10,Good,65.3,39.1,0.391,64,65,April4_9_10(April4_9_10).csv
2026-04-09 22:17:12,Good,65.3,39.2,0.392,64,65,April4_9_10(April4_9_10).csv
2026-04-09 22:17:14,Good,65.48,39.3,0.39299999999999996,64,65,April4_9_10(April4_9_10).csv
2026-04-09 22:17:16,Good,65.3,39.3,0.39299999999999996,64,65,April4_9_10(April4_9_10).csv
2026-04-09 22:17:18,Good,65.3,39.5,0.395,64,65,April4_9_10(April4_9_10).csv
2026-04-09 22:17:20,Good,65.48,39.8,0.39799999999999996,64,65,April4_9_10(April4_9_10).csv
2026-04-09 22:17:22,Good,65.48,40.0,0.4,64,65,April4_9_10(April4_9_10).csv
2026-04-09 22:17:24,Good,65.3,40.0,0.4,64,65,April4_9_10(April4_9_10).csv
2026-04-09 22:17:26,Good,65.3,40.1,0.401,64,65,April4_9_10(April4_9_10).csv
2026-04-09 22:17:28,Good,65.3,40.1,0.401,64,65,April4_9_10(April4_9_10).csv
2026-04-09 22:17:30,Good,65.3,40.2,0.402,64,65,April4_9_10(April4_9_10).csv
2026-04-09 22:17:32,Good,65.3,40.2,0.402,64,65,April4_9_10(April4_9_10).csv
2026-04-09 22:17:35,Good,65.3,40.2,0.402,64,65,April4_9_10(April4_9_10).csv
2026-04-09 22:17:37,Good,65.3,40.3,0.40299999999999997,64,65,April4_9_10(April4_9_10).csv
2026-04-09 22:17:39,Good,65.3,40.4,0.40399999999999997,64,65,April4_9_10(April4_9_10).csv
2026-04-09 22:17:41,Good,65.3,40.7,0.40700000000000003,64,65,April4_9_10(April4_9_10).csv
2026-04-09 22:17:43,Good,65.3,40.9,0.409,64,65,April4_9_10(April4_9_10).csv
2026-04-09 22:17:45,Good,65.3,41.2,0.41200000000000003,64,65,April4_9_10(April4_9_10).csv
2026-04-09 22:17:47,Good,65.3,41.4,0.414,64,65,April4_9_10(April4_9_10).csv
2026-04-09 22:17:49,Good,65.3,41.5,0.415,64,65,April4_9_10(April4_9_10).csv
2026-04-09 22:17:51,Good,65.3,41.7,0.41700000000000004,64,65,April4_9_10(April4_9_10).csv
2026-04-09 22:17:53,Good,65.3,41.8,0.418,64,65,April4_9_10(April4_9_10).csv
2026-04-09 22:17:55,Good,65.3,42.0,0.42,64,65,April4_9_10(April4_9_10).csv
2026-04-09 22:17:57,Good,65.3,42.2,0.42200000000000004,64,65,April4_9_10(April4_9_10).csv
2026-04-09 22:17:59,Good,65.3,42.4,0.424,64,65,April4_9_10(April4_9_10).csv
2026-04-09 22:18:01,Good,65.48,42.6,0.426,64,65,April4_9_10(April4_9_10).csv
2026-04-09 22:18:03,Good,65.48,42.7,0.42700000000000005,64,65,April4_9_10(April4_9_10).csv
2026-04-09 22:18:05,Good,65.48,42.8,0.428,64,65,April4_9_10(April4_9_10).csv
2026-04-09 22:18:07,Good,65.48,42.8,0.428,64,65,April4_9_10(April4_9_10).csv
2026-04-09 22:18:09,Good,65.48,42.9,0.429,64,65,April4_9_10(April4_9_10).csv
2026-04-09 22:18:11,Good,65.48,42.8,0.428,64,65,April4_9_10(April4_9_10).csv
2026-04-09 22:18:13,Good,65.48,42.8,0.428,64,65,April4_9_10(April4_9_10).csv
2026-04-09 22:18:15,Good,65.48,42.8,0.428,64,65,April4_9_10(April4_9_10).csv
2026-04-09 22:18:17,Good,65.48,42.8,0.428,64,65,April4_9_10(April4_9_10).csv
2026-04-09 22:18:19,Good,65.48,42.8,0.428,64,65,April4_9_10(April4_9_10).csv
2026-04-09 22:18:21,Good,65.48,42.7,0.42700000000000005,64,65,April4_9_10(April4_9_10).csv
2026-04-09 22:18:23,Good,65.48,42.6,0.426,64,65,April4_9_10(April4_9_10).csv
2026-04-09 22:18:25,Good,65.48,42.5,0.425,64,65,April4_9_10(April4_9_10).csv
2026-04-09 22:18:28,Good,65.48,42.4,0.424,64,65,April4_9_10(April4_9_10).csv
2026-04-09 22:18:30,Good,65.48,42.3,0.423,64,65,April4_9_10(April4_9_10).csv
2026-04-09 22:18:32,Good,65.48,42.0,0.42,64,65,April4_9_10(April4_9_10).csv
2026-04-09 22:18:34,Good,65.48,41.6,0.41600000000000004,64,65,April4_9_10(April4_9_10).csv
2026-04-09 22:18:36,Good,65.48,41.3,0.413,64,65,April4_9_10(April4_9_10).csv
2026-04-09 22:18:38,Good,65.48,41.2,0.41200000000000003,64,65,April4_9_10(April4_9_10).csv
2026-04-09 22:18:40,Good,65.48,41.1,0.41100000000000003,64,65,April4_9_10(April4_9_10).csv
2026-04-09 22:18:42,Good,65.48,41.0,0.41,64,65,April4_9_10(April4_9_10).csv
2026-04-09 22:18:44,Good,65.48,40.8,0.408,64,65,April4_9_10(April4_9_10).csv
2026-04-09 22:18:46,Good,65.48,40.8,0.408,64,65,April4_9_10(April4_9_10).csv
2026-04-09 22:18:48,Good,65.48,40.8,0.408,64,65,April4_9_10(April4_9_10).csv
2026-04-09 22:18:50,Good,65.48,40.8,0.408,64,65,April4_9_10(April4_9_10).csv
2026-04-09 22:18:52,Good,65.48,40.8,0.408,64,65,April4_9_10(April4_9_10).csv
2026-04-09 22:18:54,Good,65.48,40.8,0.408,64,65,April4_9_10(April4_9_10).csv
2026-04-09 22:18:56,Good,65.48,40.8,0.408,64,65,April4_9_10(April4_9_10).csv
2026-04-09 22:18:58,Good,65.48,40.7,0.40700000000000003,64,65,April4_9_10(April4_9_10).csv
2026-04-09 22:19:00,Good,65.48,40.7,0.40700000000000003,64,65,April4_9_10(April4_9_10).csv
2026-04-09 22:19:02,Good,65.48,40.7,0.40700000000000003,64,65,April4_9_10(April4_9_10).csv
2026-04-09 22:19:04,Good,65.48,40.5,0.405,64,65,April4_9_10(April4_9_10).csv
2026-04-09 22:19:06,Good,65.48,40.4,0.40399999999999997,64,65,April4_9_10(April4_9_10).csv
2026-04-09 22:19:08,Good,65.48,40.6,0.406,64,65,April4_9_10(April4_9_10).csv
2026-04-09 22:19:10,Good,65.48,40.6,0.406,64,65,April4_9_10(April4_9_10).csv
2026-04-09 22:19:12,Good,65.48,40.5,0.405,64,65,April4_9_10(April4_9_10).csv
2026-04-09 22:19:14,Good,65.48,40.5,0.405,64,65,April4_9_10(April4_9_10).csv
2026-04-09 22:19:16,Good,65.48,40.6,0.406,64,65,April4_9_10(April4_9_10).csv
2026-04-09 22:19:18,Good,65.48,40.8,0.408,64,65,April4_9_10(April4_9_10).csv
2026-04-09 22:19:21,Good,65.48,40.9,0.409,64,65,April4_9_10(April4_9_10).csv
2026-04-09 22:19:23,Good,65.48,41.0,0.41,64,65,April4_9_10(April4_9_10).csv
2026-04-09 22:19:25,Good,65.48,40.9,0.409,64,65,April4_9_10(April4_9_10).csv
2026-04-09 22:19:27,Good,65.48,40.7,0.40700000000000003,64,65,April4_9_10(April4_9_10).csv
2026-04-09 22:19:29,Good,65.48,40.6,0.406,64,65,April4_9_10(April4_9_10).csv
2026-04-09 22:19:31,Good,65.48,40.5,0.405,64,65,April4_9_10(April4_9_10).csv
2026-04-09 22:19:33,Good,65.48,40.4,0.40399999999999997,64,65,April4_9_10(April4_9_10).csv
2026-04-09 22:19:35,Good,65.48,40.3,0.40299999999999997,64,65,April4_9_10(April4_9_10).csv
2026-04-09 22:19:37,Good,65.48,40.3,0.40299999999999997,64,65,April4_9_10(April4_9_10).csv
2026-04-09 22:19:39,Good,65.48,40.5,0.405,64,65,April4_9_10(April4_9_10).csv
2026-04-09 22:19:41,Good,65.48,40.6,0.406,64,65,April4_9_10(April4_9_10).csv
2026-04-09 22:19:43,Good,65.48,40.7,0.40700000000000003,64,65,April4_9_10(April4_9_10).csv
2026-04-09 22:19:45,Good,65.48,40.6,0.406,64,65,April4_9_10(April4_9_10).csv
2026-04-09 22:19:47,Good,65.48,40.6,0.406,64,65,April4_9_10(April4_9_10).csv
2026-04-09 22:19:49,Good,65.48,40.6,0.406,64,65,April4_9_10(April4_9_10).csv
2026-04-09 22:19:51,Good,65.48,40.6,0.406,64,65,April4_9_10(April4_9_10).csv
2026-04-09 22:19:53,Good,65.48,40.5,0.405,64,65,April4_9_10(April4_9_10).csv
2026-04-09 22:19:55,Good,65.48,40.4,0.40399999999999997,64,65,April4_9_10(April4_9_10).csv
2026-04-09 22:19:57,Good,65.48,40.2,0.402,64,65,April4_9_10(April4_9_10).csv
2026-04-09 22:19:59,Good,65.48,40.0,0.4,64,65,April4_9_10(April4_9_10).csv
2026-04-09 22:20:01,Good,65.48,40.0,0.4,64,65,April4_9_10(April4_9_10).csv
2026-04-09 22:20:03,Good,65.48,39.9,0.39899999999999997,64,65,April4_9_10(April4_9_10).csv
2026-04-09 22:20:05,Good,65.48,39.9,0.39899999999999997,64,65,April4_9_10(April4_9_10).csv
2026-04-09 22:20:07,Good,65.48,39.9,0.39899999999999997,64,65,April4_9_10(April4_9_10).csv
2026-04-09 22:20:09,Good,65.48,39.9,0.39899999999999997,64,65,April4_9_10(April4_9_10).csv
2026-04-09 22:20:11,Good,65.48,39.9,0.39899999999999997,64,65,April4_9_10(April4_9_10).csv
2026-04-09 22:20:13,Good,65.48,39.8,0.39799999999999996,64,65,April4_9_10(April4_9_10).csv
2026-04-09 22:20:16,Good,65.48,39.8,0.39799999999999996,64,65,April4_9_10(April4_9_10).csv
2026-04-09 22:20:18,Good,65.48,39.7,0.397,64,65,April4_9_10(April4_9_10).csv
2026-04-09 22:20:20,Good,65.48,39.6,0.396,64,65,April4_9_10(April4_9_10).csv
2026-04-09 22:20:22,Good,65.48,39.5,0.395,64,65,April4_9_10(April4_9_10).csv
2026-04-09 22:20:24,Good,65.48,39.4,0.39399999999999996,64,65,April4_9_10(April4_9_10).csv
2026-04-09 22:20:26,Good,65.48,39.4,0.39399999999999996,64,65,April4_9_10(April4_9_10).csv
2026-04-09 22:20:28,Good,65.48,39.5,0.395,64,65,April4_9_10(April4_9_10).csv
2026-04-09 22:20:30,Good,65.48,39.6,0.396,64,65,April4_9_10(April4_9_10).csv
2026-04-09 22:20:32,Good,65.48,39.6,0.396,64,65,April4_9_10(April4_9_10).csv
2026-04-09 22:20:34,Good,65.48,39.6,0.396,64,65,April4_9_10(April4_9_10).csv
2026-04-09 22:20:36,Good,65.48,39.6,0.396,64,65,April4_9_10(April4_9_10).csv
2026-04-09 22:20:38,Good,65.48,39.6,0.396,64,65,April4_9_10(April4_9_10).csv
2026-04-09 22:20:40,Good,65.48,39.6,0.396,64,65,April4_9_10(April4_9_10).csv
2026-04-09 22:20:42,Good,65.48,39.6,0.396,64,65,April4_9_10(April4_9_10).csv
2026-04-09 22:20:44,Good,65.48,39.6,0.396,64,65,April4_9_10(April4_9_10).csv
2026-04-09 22:20:46,Good,65.48,39.6,0.396,64,65,April4_9_10(April4_9_10).csv
2026-04-09 22:20:48,Good,65.48,39.5,0.395,64,65,April4_9_10(April4_9_10).csv
2026-04-09 22:20:50,Good,65.48,39.5,0.395,64,65,April4_9_10(April4_9_10).csv
2026-04-09 22:20:52,Good,65.48,39.4,0.39399999999999996,64,65,April4_9_10(April4_9_10).csv
2026-04-09 22:20:54,Good,65.48,39.3,0.39299999999999996,64,65,April4_9_10(April4_9_10).csv
2026-04-09 22:20:56,Good,65.48,39.2,0.392,64,65,April4_9_10(April4_9_10).csv
2026-04-09 22:20:58,Good,65.48,39.2,0.392,64,65,April4_9_10(April4_9_10).csv
2026-04-09 22:21:00,Good,65.48,39.3,0.39299999999999996,64,65,April4_9_10(April4_9_10).csv
2026-04-09 22:21:02,Good,65.48,39.3,0.39299999999999996,64,65,April4_9_10(April4_9_10).csv
2026-04-09 22:21:04,Good,65.48,39.5,0.395,64,65,April4_9_10(April4_9_10).csv
2026-04-09 22:21:06,Good,65.48,39.7,0.397,64,65,April4_9_10(April4_9_10).csv
2026-04-09 22:21:09,Good,65.48,39.8,0.39799999999999996,64,65,April4_9_10(April4_9_10).csv
2026-04-09 22:21:11,Good,65.48,39.9,0.39899999999999997,64,65,April4_9_10(April4_9_10).csv
2026-04-09 22:21:13,Good,65.48,40.0,0.4,64,65,April4_9_10(April4_9_10).csv
2026-04-09 22:21:15,Good,65.48,40.1,0.401,64,65,April4_9_10(April4_9_10).csv
2026-04-09 22:21:17,Good,65.48,40.1,0.401,64,65,April4_9_10(April4_9_10).csv
2026-04-09 22:21:19,Good,65.48,40.0,0.4,64,65,April4_9_10(April4_9_10).csv
2026-04-09 22:21:21,Good,65.48,40.0,0.4,64,65,April4_9_10(April4_9_10).csv
2026-04-09 22:21:23,Good,65.48,39.9,0.39899999999999997,64,65,April4_9_10(April4_9_10).csv
2026-04-09 22:21:25,Good,65.48,39.9,0.39899999999999997,64,65,April4_9_10(April4_9_10).csv
2026-04-09 22:21:27,Good,65.66,39.9,0.39899999999999997,64,65,April4_9_10(April4_9_10).csv
2026-04-09 22:21:29,Good,65.66,39.7,0.397,64,65,April4_9_10(April4_9_10).csv
2026-04-09 22:21:31,Good,65.66,39.7,0.397,64,65,April4_9_10(April4_9_10).csv
2026-04-09 22:21:33,Good,65.66,39.7,0.397,64,65,April4_9_10(April4_9_10).csv
2026-04-09 22:21:35,Good,65.66,39.6,0.396,64,65,April4_9_10(April4_9_10).csv
2026-04-09 22:21:37,Good,65.66,39.6,0.396,64,65,April4_9_10(April4_9_10).csv
2026-04-09 22:21:39,Good,65.66,39.5,0.395,64,65,April4_9_10(April4_9_10).csv
2026-04-09 22:21:41,Good,65.66,39.5,0.395,64,65,April4_9_10(April4_9_10).csv
2026-04-09 22:21:43,Good,65.66,39.6,0.396,64,65,April4_9_10(April4_9_10).csv
2026-04-09 22:21:45,Good,65.66,39.7,0.397,64,65,April4_9_10(April4_9_10).csv
2026-04-09 22:21:47,Good,65.66,39.8,0.39799999999999996,64,65,April4_9_10(April4_9_10).csv
2026-04-09 22:21:49,Good,65.66,39.9,0.39899999999999997,64,65,April4_9_10(April4_9_10).csv
2026-04-09 22:21:51,Good,65.66,40.0,0.4,64,65,April4_9_10(April4_9_10).csv
2026-04-09 22:21:53,Good,65.66,40.0,0.4,64,65,April4_9_10(April4_9_10).csv
2026-04-09 22:21:55,Good,65.66,39.9,0.39899999999999997,64,65,April4_9_10(April4_9_10).csv
2026-04-09 22:21:57,Good,65.66,39.5,0.395,64,65,April4_9_10(April4_9_10).csv
2026-04-09 22:21:59,Good,65.66,39.3,0.39299999999999996,64,65,April4_9_10(April4_9_10).csv
2026-04-09 22:22:02,Good,65.66,39.0,0.39,64,65,April4_9_10(April4_9_10).csv
2026-04-09 22:22:04,Good,65.66,38.6,0.386,64,65,April4_9_10(April4_9_10).csv
2026-04-09 22:22:06,Good,65.66,38.3,0.38299999999999995,64,65,April4_9_10(April4_9_10).csv
2026-04-09 22:22:08,Good,65.66,37.9,0.379,64,65,April4_9_10(April4_9_10).csv
2026-04-09 22:22:10,Good,65.66,37.6,0.376,64,65,April4_9_10(April4_9_10).csv
2026-04-09 22:22:12,Good,65.66,37.3,0.373,64,65,April4_9_10(April4_9_10).csv
2026-04-09 22:22:14,Good,65.66,37.1,0.371,64,65,April4_9_10(April4_9_10).csv
2026-04-09 22:22:16,Good,65.66,37.0,0.37,64,65,April4_9_10(April4_9_10).csv
2026-04-09 22:22:18,Good,65.66,36.9,0.369,64,65,April4_9_10(April4_9_10).csv
2026-04-09 22:22:20,Good,65.48,36.7,0.36700000000000005,64,65,April4_9_10(April4_9_10).csv
2026-04-09 22:22:22,Good,65.48,36.6,0.366,64,65,April4_9_10(April4_9_10).csv
2026-04-09 22:22:24,Good,65.48,36.6,0.366,64,65,April4_9_10(April4_9_10).csv
2026-04-09 22:22:26,Good,65.48,36.5,0.365,64,65,April4_9_10(April4_9_10).csv
2026-04-09 22:22:28,Good,65.48,36.4,0.364,64,65,April4_9_10(April4_9_10).csv
2026-04-09 22:22:30,Good,65.48,36.3,0.363,64,65,April4_9_10(April4_9_10).csv
2026-04-09 22:22:32,Good,65.48,36.3,0.363,64,65,April4_9_10(April4_9_10).csv
2026-04-09 22:22:34,Good,65.48,36.2,0.36200000000000004,64,65,April4_9_10(April4_9_10).csv
2026-04-09 22:22:36,Good,65.48,36.1,0.361,64,65,April4_9_10(April4_9_10).csv
2026-04-09 22:22:38,Good,65.48,36.1,0.361,64,65,April4_9_10(April4_9_10).csv
2026-04-09 22:22:40,Good,65.48,36.1,0.361,64,65,April4_9_10(April4_9_10).csv
2026-04-09 22:22:42,Good,65.48,36.0,0.36,64,65,April4_9_10(April4_9_10).csv
2026-04-09 22:22:44,Good,65.48,36.0,0.36,64,65,April4_9_10(April4_9_10).csv
2026-04-09 22:22:46,Good,65.3,36.0,0.36,64,65,April4_9_10(April4_9_10).csv
2026-04-09 22:22:48,Good,65.3,35.9,0.359,64,65,April4_9_10(April4_9_10).csv
2026-04-09 22:22:50,Good,65.3,35.9,0.359,64,65,April4_9_10(April4_9_10).csv
2026-04-09 22:22:52,Good,65.3,35.9,0.359,64,65,April4_9_10(April4_9_10).csv
2026-04-09 22:22:55,Good,65.3,36.0,0.36,64,65,April4_9_10(April4_9_10).csv
2026-04-09 22:22:57,Good,65.3,36.1,0.361,64,65,April4_9_10(April4_9_10).csv
2026-04-09 22:22:59,Good,65.3,36.1,0.361,64,65,April4_9_10(April4_9_10).csv
2026-04-09 22:23:01,Good,65.3,36.3,0.363,64,65,April4_9_10(April4_9_10).csv
2026-04-09 22:23:03,Good,65.3,36.5,0.365,64,65,April4_9_10(April4_9_10).csv
2026-04-09 22:23:05,Good,65.3,36.7,0.36700000000000005,64,65,April4_9_10(April4_9_10).csv
2026-04-09 22:23:07,Good,65.3,36.9,0.369,64,65,April4_9_10(April4_9_10).csv
2026-04-09 22:23:09,Good,65.3,37.1,0.371,64,65,April4_9_10(April4_9_10).csv
2026-04-09 22:23:11,Good,65.3,37.2,0.37200000000000005,64,65,April4_9_10(April4_9_10).csv
2026-04-09 22:23:13,Good,65.3,37.4,0.374,64,65,April4_9_10(April4_9_10).csv
2026-04-09 22:23:15,Good,65.3,37.5,0.375,64,65,April4_9_10(April4_9_10).csv
2026-04-09 22:23:17,Good,65.3,37.6,0.376,64,65,April4_9_10(April4_9_10).csv
2026-04-09 22:23:19,Good,65.3,37.7,0.377,64,65,April4_9_10(April4_9_10).csv
2026-04-09 22:23:21,Good,65.3,37.8,0.37799999999999995,64,65,April4_9_10(April4_9_10).csv
2026-04-09 22:23:23,Good,65.3,37.9,0.379,64,65,April4_9_10(April4_9_10).csv
2026-04-09 22:23:25,Good,65.48,38.1,0.381,64,65,April4_9_10(April4_9_10).csv
2026-04-09 22:23:27,Good,65.48,38.2,0.382,64,65,April4_9_10(April4_9_10).csv
2026-04-09 22:23:29,Good,65.3,38.0,0.38,64,65,April4_9_10(April4_9_10).csv
2026-04-09 22:23:31,Good,65.3,38.0,0.38,64,65,April4_9_10(April4_9_10).csv
2026-04-09 22:23:33,Good,65.3,37.9,0.379,64,65,April4_9_10(April4_9_10).csv
2026-04-09 22:23:35,Good,65.3,37.6,0.376,64,65,April4_9_10(April4_9_10).csv
2026-04-09 22:23:37,Good,65.3,37.5,0.375,64,65,April4_9_10(April4_9_10).csv
2026-04-09 22:23:39,Good,65.3,37.3,0.373,64,65,April4_9_10(April4_9_10).csv
2026-04-09 22:23:41,Good,65.3,37.3,0.373,64,65,April4_9_10(April4_9_10).csv
2026-04-09 22:23:43,Good,65.3,37.2,0.37200000000000005,64,65,April4_9_10(April4_9_10).csv
2026-04-09 22:23:45,Good,65.3,37.3,0.373,64,65,April4_9_10(April4_9_10).csv
2026-04-09 22:23:48,Good,65.3,37.3,0.373,64,65,April4_9_10(April4_9_10).csv
2026-04-09 22:23:50,Good,65.3,37.2,0.37200000000000005,64,65,April4_9_10(April4_9_10).csv
2026-04-09 22:23:52,Good,65.3,37.1,0.371,64,65,April4_9_10(April4_9_10).csv
2026-04-09 22:23:54,Good,65.3,37.0,0.37,64,65,April4_9_10(April4_9_10).csv
2026-04-09 22:23:56,Good,65.3,36.9,0.369,64,65,April4_9_10(April4_9_10).csv
2026-04-09 22:23:58,Good,65.3,36.9,0.369,64,65,April4_9_10(April4_9_10).csv
2026-04-09 22:24:00,Good,65.3,36.9,0.369,64,65,April4_9_10(April4_9_10).csv
2026-04-09 22:24:02,Good,65.3,37.0,0.37,64,65,April4_9_10(April4_9_10).csv
2026-04-09 22:24:04,Good,65.3,37.2,0.37200000000000005,64,65,April4_9_10(April4_9_10).csv
2026-04-09 22:24:06,Good,65.3,37.3,0.373,64,65,April4_9_10(April4_9_10).csv
2026-04-09 22:24:08,Good,65.3,37.4,0.374,64,65,April4_9_10(April4_9_10).csv
2026-04-09 22:24:10,Good,65.3,37.6,0.376,64,65,April4_9_10(April4_9_10).csv
2026-04-09 22:24:12,Good,65.3,37.6,0.376,64,65,April4_9_10(April4_9_10).csv
2026-04-09 22:24:14,Good,65.3,37.6,0.376,64,65,April4_9_10(April4_9_10).csv
2026-04-09 22:24:16,Good,65.3,37.6,0.376,64,65,April4_9_10(April4_9_10).csv
2026-04-09 22:24:18,Good,65.3,37.7,0.377,64,65,April4_9_10(April4_9_10).csv
2026-04-09 22:24:20,Good,65.3,37.8,0.37799999999999995,64,65,April4_9_10(April4_9_10).csv
2026-04-09 22:24:22,Good,65.3,37.8,0.37799999999999995,64,65,April4_9_10(April4_9_10).csv
2026-04-09 22:24:24,Good,65.3,37.9,0.379,64,65,April4_9_10(April4_9_10).csv
2026-04-09 22:24:26,Good,65.3,37.9,0.379,64,65,April4_9_10(April4_9_10).csv
2026-04-09 22:24:28,Good,65.3,38.0,0.38,64,65,April4_9_10(April4_9_10).csv
2026-04-09 22:24:30,Good,65.3,38.1,0.381,64,65,April4_9_10(April4_9_10).csv
2026-04-09 22:24:32,Good,65.48,38.1,0.381,64,65,April4_9_10(April4_9_10).csv
2026-04-09 22:24:34,Good,65.3,37.9,0.379,64,65,April4_9_10(April4_9_10).csv
2026-04-09 22:24:36,Good,65.3,37.9,0.379,64,65,April4_9_10(April4_9_10).csv
2026-04-09 22:24:38,Good,65.3,37.9,0.379,64,65,April4_9_10(April4_9_10).csv
2026-04-09 22:24:41,Good,65.3,38.0,0.38,64,65,April4_9_10(April4_9_10).csv
2026-04-09 22:24:43,Good,65.3,37.9,0.379,64,65,April4_9_10(April4_9_10).csv
2026-04-09 22:24:45,Good,65.3,37.9,0.379,64,65,April4_9_10(April4_9_10).csv
2026-04-09 22:24:47,Good,65.3,37.8,0.37799999999999995,64,65,April4_9_10(April4_9_10).csv
2026-04-09 22:24:49,Good,65.3,37.8,0.37799999999999995,64,65,April4_9_10(April4_9_10).csv
2026-04-09 22:24:51,Good,65.3,37.8,0.37799999999999995,64,65,April4_9_10(April4_9_10).csv
2026-04-09 22:24:53,Good,65.3,37.8,0.37799999999999995,64,65,April4_9_10(April4_9_10).csv
2026-04-09 22:24:55,Good,65.3,37.9,0.379,64,65,April4_9_10(April4_9_10).csv
2026-04-09 22:24:57,Good,65.3,37.8,0.37799999999999995,64,65,April4_9_10(April4_9_10).csv
2026-04-09 22:24:59,Good,65.3,37.8,0.37799999999999995,64,65,April4_9_10(April4_9_10).csv
2026-04-09 22:25:01,Good,65.48,38.0,0.38,64,65,April4_9_10(April4_9_10).csv
2026-04-09 22:25:03,Good,65.3,37.9,0.379,64,65,April4_9_10(April4_9_10).csv
2026-04-09 22:25:05,Good,65.3,37.8,0.37799999999999995,64,65,April4_9_10(April4_9_10).csv
2026-04-09 22:25:07,Good,65.3,37.8,0.37799999999999995,64,65,April4_9_10(April4_9_10).csv
2026-04-09 22:25:09,Good,65.3,37.8,0.37799999999999995,64,65,April4_9_10(April4_9_10).csv
2026-04-09 22:25:11,Good,65.3,37.8,0.37799999999999995,64,65,April4_9_10(April4_9_10).csv
2026-04-09 22:25:13,Good,65.3,37.7,0.377,64,65,April4_9_10(April4_9_10).csv
2026-04-09 22:25:15,Good,65.3,37.6,0.376,64,65,April4_9_10(April4_9_10).csv
2026-04-09 22:25:17,Good,65.3,37.5,0.375,64,65,April4_9_10(April4_9_10).csv
2026-04-09 22:25:19,Good,65.3,37.4,0.374,64,65,April4_9_10(April4_9_10).csv
2026-04-09 22:25:21,Good,65.3,37.4,0.374,64,65,April4_9_10(April4_9_10).csv
2026-04-09 22:25:23,Good,65.3,37.4,0.374,64,65,April4_9_10(April4_9_10).csv
2026-04-09 22:25:25,Good,65.3,37.4,0.374,64,65,April4_9_10(April4_9_10).csv
2026-04-09 22:25:27,Good,65.3,37.4,0.374,64,65,April4_9_10(April4_9_10).csv
2026-04-09 22:25:29,Good,65.3,37.4,0.374,64,65,April4_9_10(April4_9_10).csv
2026-04-09 22:25:31,Good,65.3,37.4,0.374,64,65,April4_9_10(April4_9_10).csv
2026-04-09 22:25:34,Good,65.3,37.4,0.374,64,65,April4_9_10(April4_9_10).csv
2026-04-09 22:25:36,Good,65.3,37.4,0.374,64,65,April4_9_10(April4_9_10).csv
2026-04-09 22:25:38,Good,65.3,37.3,0.373,64,65,April4_9_10(April4_9_10).csv
2026-04-09 22:25:40,Good,65.3,37.2,0.37200000000000005,64,65,April4_9_10(April4_9_10).csv
2026-04-09 22:25:42,Good,65.3,37.2,0.37200000000000005,64,65,April4_9_10(April4_9_10).csv
2026-04-09 22:25:44,Good,65.3,37.1,0.371,64,65,April4_9_10(April4_9_10).csv
2026-04-09 22:25:46,Good,65.3,37.1,0.371,64,65,April4_9_10(April4_9_10).csv
2026-04-09 22:25:48,Good,65.3,37.1,0.371,64,65,April4_9_10(April4_9_10).csv
2026-04-09 22:25:50,Good,65.3,37.1,0.371,64,65,April4_9_10(April4_9_10).csv
2026-04-09 22:25:52,Good,65.3,37.1,0.371,64,65,April4_9_10(April4_9_10).csv
2026-04-09 22:25:54,Good,65.3,37.2,0.37200000000000005,64,65,April4_9_10(April4_9_10).csv
2026-04-09 22:25:56,Good,65.3,37.3,0.373,64,65,April4_9_10(April4_9_10).csv
2026-04-09 22:25:58,Good,65.3,37.3,0.373,64,65,April4_9_10(April4_9_10).csv
2026-04-09 22:26:00,Good,65.3,37.2,0.37200000000000005,64,65,April4_9_10(April4_9_10).csv
2026-04-09 22:26:02,Good,65.3,37.3,0.373,64,65,April4_9_10(April4_9_10).csv
2026-04-09 22:26:04,Good,65.3,37.3,0.373,64,65,April4_9_10(April4_9_10).csv
2026-04-09 22:26:06,Good,65.3,37.4,0.374,64,65,April4_9_10(April4_9_10).csv
2026-04-09 22:26:08,Good,65.48,37.6,0.376,64,65,April4_9_10(April4_9_10).csv
2026-04-09 22:26:10,Good,65.48,37.5,0.375,64,65,April4_9_10(April4_9_10).csv
2026-04-09 22:26:12,Good,65.48,37.5,0.375,64,65,April4_9_10(April4_9_10).csv
2026-04-09 22:26:14,Good,65.48,37.5,0.375,64,65,April4_9_10(April4_9_10).csv
2026-04-09 22:26:16,Good,65.3,37.4,0.374,64,65,April4_9_10(April4_9_10).csv
2026-04-09 22:26:18,Good,65.48,37.5,0.375,64,65,April4_9_10(April4_9_10).csv
2026-04-09 22:26:21,Good,65.48,37.5,0.375,64,65,April4_9_10(April4_9_10).csv
2026-04-09 22:26:23,Good,65.48,37.6,0.376,64,65,April4_9_10(April4_9_10).csv
2026-04-09 22:26:25,Good,65.48,37.6,0.376,64,65,April4_9_10(April4_9_10).csv
2026-04-09 22:26:27,Good,65.48,37.6,0.376,64,65,April4_9_10(April4_9_10).csv
2026-04-09 22:26:29,Good,65.48,37.7,0.377,64,65,April4_9_10(April4_9_10).csv
2026-04-09 22:26:31,Good,65.48,37.6,0.376,64,65,April4_9_10(April4_9_10).csv
2026-04-09 22:26:33,Good,65.48,37.6,0.376,64,65,April4_9_10(April4_9_10).csv
2026-04-09 22:26:35,Good,65.48,37.6,0.376,64,65,April4_9_10(April4_9_10).csv
2026-04-09 22:26:37,Good,65.48,37.5,0.375,64,65,April4_9_10(April4_9_10).csv
2026-04-09 22:26:39,Good,65.48,37.5,0.375,64,65,April4_9_10(April4_9_10).csv
2026-04-09 22:26:41,Good,65.48,37.5,0.375,64,65,April4_9_10(April4_9_10).csv
2026-04-09 22:26:43,Good,65.66,37.5,0.375,64,65,April4_9_10(April4_9_10).csv
2026-04-09 22:26:45,Good,65.48,37.3,0.373,64,65,April4_9_10(April4_9_10).csv
2026-04-09 22:26:47,Good,65.66,37.3,0.373,64,65,April4_9_10(April4_9_10).csv
2026-04-09 22:26:49,Good,65.66,37.2,0.37200000000000005,64,65,April4_9_10(April4_9_10).csv
2026-04-09 22:26:51,Good,65.66,37.1,0.371,64,65,April4_9_10(April4_9_10).csv
2026-04-09 22:26:53,Good,65.66,37.2,0.37200000000000005,64,65,April4_9_10(April4_9_10).csv
2026-04-09 22:26:55,Good,65.66,37.3,0.373,64,65,April4_9_10(April4_9_10).csv
2026-04-09 22:26:57,Good,65.66,37.3,0.373,64,65,April4_9_10(April4_9_10).csv
2026-04-09 22:26:59,Good,65.48,37.2,0.37200000000000005,64,65,April4_9_10(April4_9_10).csv
2026-04-09 22:27:01,Good,65.66,37.3,0.373,64,65,April4_9_10(April4_9_10).csv
2026-04-09 22:27:03,Good,65.66,37.2,0.37200000000000005,64,65,April4_9_10(April4_9_10).csv
2026-04-09 22:27:05,Good,65.66,37.1,0.371,64,65,April4_9_10(April4_9_10).csv
2026-04-09 22:27:07,Good,65.66,37.0,0.37,64,65,April4_9_10(April4_9_10).csv
2026-04-09 22:27:09,Good,65.66,36.9,0.369,64,65,April4_9_10(April4_9_10).csv
2026-04-09 22:27:11,Good,65.66,36.8,0.368,64,65,April4_9_10(April4_9_10).csv
2026-04-09 22:27:14,Good,65.66,36.8,0.368,64,65,April4_9_10(April4_9_10).csv
2026-04-09 22:27:16,Good,65.66,36.8,0.368,64,65,April4_9_10(April4_9_10).csv
2026-04-09 22:27:18,Good,65.66,36.7,0.36700000000000005,64,65,April4_9_10(April4_9_10).csv
2026-04-09 22:27:20,Good,65.66,36.7,0.36700000000000005,64,65,April4_9_10(April4_9_10).csv
2026-04-09 22:27:22,Good,65.66,36.7,0.36700000000000005,64,66,April4_9_10(April4_9_10).csv
2026-04-09 22:27:24,Good,65.66,36.7,0.36700000000000005,64,66,April4_9_10(April4_9_10).csv
2026-04-09 22:27:26,Good,65.48,36.6,0.366,64,65,April4_9_10(April4_9_10).csv
2026-04-09 22:27:28,Good,65.48,36.6,0.366,64,66,April4_9_10(April4_9_10).csv
2026-04-09 22:27:30,Good,65.66,36.7,0.36700000000000005,64,65,April4_9_10(April4_9_10).csv
2026-04-09 22:27:32,Good,65.66,36.7,0.36700000000000005,64,65,April4_9_10(April4_9_10).csv
2026-04-09 22:27:34,Good,65.66,36.7,0.36700000000000005,64,66,April4_9_10(April4_9_10).csv
2026-04-09 22:27:36,Good,65.66,36.7,0.36700000000000005,64,65,April4_9_10(April4_9_10).csv
2026-04-09 22:27:38,Good,65.48,36.6,0.366,64,65,April4_9_10(April4_9_10).csv
2026-04-09 22:27:40,Good,65.48,36.4,0.364,64,65,April4_9_10(April4_9_10).csv
2026-04-09 22:27:42,Good,65.48,36.3,0.363,64,66,April4_9_10(April4_9_10).csv
2026-04-09 22:27:44,Good,65.66,36.3,0.363,64,65,April4_9_10(April4_9_10).csv
2026-04-09 22:27:46,Good,65.48,36.1,0.361,64,66,April4_9_10(April4_9_10).csv
2026-04-09 22:27:48,Good,65.48,36.0,0.36,64,65,April4_9_10(April4_9_10).csv
2026-04-09 22:27:50,Good,65.48,35.9,0.359,64,65,April4_9_10(April4_9_10).csv
2026-04-09 22:27:52,Good,65.48,35.8,0.358,64,65,April4_9_10(April4_9_10).csv
2026-04-09 22:27:54,Good,65.48,35.7,0.35700000000000004,64,65,April4_9_10(April4_9_10).csv
2026-04-09 22:27:56,Good,65.48,35.7,0.35700000000000004,64,65,April4_9_10(April4_9_10).csv
2026-04-09 22:27:58,Good,65.48,35.6,0.35600000000000004,64,65,April4_9_10(April4_9_10).csv
2026-04-09 22:28:00,Good,65.48,35.6,0.35600000000000004,64,65,April4_9_10(April4_9_10).csv
2026-04-09 22:28:02,Good,65.48,35.6,0.35600000000000004,64,65,April4_9_10(April4_9_10).csv
2026-04-09 22:28:04,Good,65.48,35.6,0.35600000000000004,64,65,April4_9_10(April4_9_10).csv
2026-04-09 22:28:07,Good,65.48,35.6,0.35600000000000004,64,65,April4_9_10(April4_9_10).csv
2026-04-09 22:28:09,Good,65.48,35.7,0.35700000000000004,64,65,April4_9_10(April4_9_10).csv
2026-04-09 22:28:11,Good,65.48,35.6,0.35600000000000004,64,65,April4_9_10(April4_9_10).csv
2026-04-09 22:28:13,Good,65.48,35.5,0.355,64,65,April4_9_10(April4_9_10).csv
2026-04-09 22:28:15,Good,65.48,35.4,0.354,64,65,April4_9_10(April4_9_10).csv
2026-04-09 22:28:17,Good,65.48,35.3,0.353,64,65,April4_9_10(April4_9_10).csv
2026-04-09 22:28:19,Good,65.48,35.2,0.35200000000000004,64,65,April4_9_10(April4_9_10).csv
2026-04-09 22:28:21,Good,65.48,35.1,0.35100000000000003,64,65,April4_9_10(April4_9_10).csv
2026-04-09 22:28:23,Good,65.48,35.0,0.35,64,65,April4_9_10(April4_9_10).csv
2026-04-09 22:28:25,Good,65.48,34.9,0.349,64,65,April4_9_10(April4_9_10).csv
2026-04-09 22:28:27,Good,65.48,34.9,0.349,64,65,April4_9_10(April4_9_10).csv
2026-04-09 22:28:29,Good,65.48,34.8,0.348,64,65,April4_9_10(April4_9_10).csv
2026-04-09 22:28:31,Good,65.48,34.7,0.34700000000000003,64,65,April4_9_10(April4_9_10).csv
2026-04-09 22:28:33,Good,65.48,34.6,0.34600000000000003,64,65,April4_9_10(April4_9_10).csv
2026-04-09 22:28:35,Good,65.48,34.5,0.345,64,65,April4_9_10(April4_9_10).csv
2026-04-09 22:28:37,Good,65.48,34.4,0.344,64,65,April4_9_10(April4_9_10).csv
2026-04-09 22:28:39,Good,65.48,34.4,0.344,64,65,April4_9_10(April4_9_10).csv
2026-04-09 22:28:41,Good,65.48,34.3,0.34299999999999997,64,65,April4_9_10(April4_9_10).csv
2026-04-09 22:28:43,Good,65.48,34.3,0.34299999999999997,64,65,April4_9_10(April4_9_10).csv
2026-04-09 22:28:45,Good,65.48,34.2,0.342,64,65,April4_9_10(April4_9_10).csv
2026-04-09 22:28:47,Good,65.48,34.1,0.341,64,65,April4_9_10(April4_9_10).csv
2026-04-09 22:28:49,Good,65.48,34.1,0.341,64,65,April4_9_10(April4_9_10).csv
2026-04-09 22:28:51,Good,65.48,34.3,0.34299999999999997,64,65,April4_9_10(April4_9_10).csv
2026-04-09 22:28:53,Good,65.48,34.4,0.344,64,65,April4_9_10(April4_9_10).csv
2026-04-09 22:28:55,Good,65.48,34.6,0.34600000000000003,64,65,April4_9_10(April4_9_10).csv
2026-04-09 22:28:57,Good,65.48,34.7,0.34700000000000003,64,65,April4_9_10(April4_9_10).csv
2026-04-09 22:29:00,Good,65.48,34.8,0.348,64,65,April4_9_10(April4_9_10).csv
2026-04-09 22:29:02,Good,65.48,35.0,0.35,64,65,April4_9_10(April4_9_10).csv
2026-04-09 22:29:04,Good,65.48,35.2,0.35200000000000004,64,65,April4_9_10(April4_9_10).csv
2026-04-09 22:29:06,Good,65.48,35.3,0.353,64,65,April4_9_10(April4_9_10).csv
2026-04-09 22:29:08,Good,65.48,35.4,0.354,64,65,April4_9_10(April4_9_10).csv
2026-04-09 22:29:10,Good,65.48,35.4,0.354,64,65,April4_9_10(April4_9_10).csv
2026-04-09 22:29:12,Good,65.48,35.5,0.355,64,65,April4_9_10(April4_9_10).csv
2026-04-09 22:29:14,Good,65.48,35.7,0.35700000000000004,64,65,April4_9_10(April4_9_10).csv
2026-04-09 22:29:16,Good,65.48,35.8,0.358,64,65,April4_9_10(April4_9_10).csv
2026-04-09 22:29:18,Good,65.48,35.8,0.358,64,65,April4_9_10(April4_9_10).csv
2026-04-09 22:29:20,Good,65.48,35.8,0.358,64,65,April4_9_10(April4_9_10).csv
2026-04-09 22:29:22,Good,65.48,35.8,0.358,64,65,April4_9_10(April4_9_10).csv
2026-04-09 22:29:24,Good,65.48,35.9,0.359,64,66,April4_9_10(April4_9_10).csv
2026-04-09 22:29:26,Good,65.48,35.9,0.359,64,65,April4_9_10(April4_9_10).csv
2026-04-09 22:29:28,Good,65.48,36.0,0.36,64,65,April4_9_10(April4_9_10).csv
2026-04-09 22:29:30,Good,65.48,36.1,0.361,64,65,April4_9_10(April4_9_10).csv
2026-04-09 22:29:32,Good,65.48,36.1,0.361,64,66,April4_9_10(April4_9_10).csv
2026-04-09 22:29:34,Good,65.48,36.1,0.361,64,65,April4_9_10(April4_9_10).csv
2026-04-09 22:29:36,Good,65.48,36.1,0.361,64,65,April4_9_10(April4_9_10).csv
2026-04-09 22:29:38,Good,65.48,36.1,0.361,64,65,April4_9_10(April4_9_10).csv
2026-04-09 22:29:40,Good,65.48,36.1,0.361,64,65,April4_9_10(April4_9_10).csv
2026-04-09 22:29:42,Good,65.48,36.1,0.361,64,65,April4_9_10(April4_9_10).csv
2026-04-09 22:29:44,Good,65.48,36.1,0.361,64,65,April4_9_10(April4_9_10).csv
2026-04-09 22:29:46,Good,65.48,36.0,0.36,64,65,April4_9_10(April4_9_10).csv
2026-04-09 22:29:48,Good,65.48,36.0,0.36,64,65,April4_9_10(April4_9_10).csv
2026-04-09 22:29:50,Good,65.48,35.9,0.359,64,65,April4_9_10(April4_9_10).csv
2026-04-09 22:29:52,Good,65.48,35.9,0.359,64,65,April4_9_10(April4_9_10).csv
2026-04-09 22:29:55,Good,65.48,35.8,0.358,64,65,April4_9_10(April4_9_10).csv
2026-04-09 22:29:57,Good,65.48,35.8,0.358,64,65,April4_9_10(April4_9_10).csv
2026-04-09 22:29:59,Good,65.48,35.8,0.358,64,65,April4_9_10(April4_9_10).csv
2026-04-09 22:30:01,Good,65.48,35.8,0.358,64,65,April4_9_10(April4_9_10).csv
2026-04-09 22:30:03,Good,65.48,35.8,0.358,64,65,April4_9_10(April4_9_10).csv
2026-04-09 22:30:05,Good,65.48,35.8,0.358,64,65,April4_9_10(April4_9_10).csv
2026-04-09 22:30:07,Good,65.48,35.7,0.35700000000000004,64,65,April4_9_10(April4_9_10).csv
2026-04-09 22:30:09,Good,65.48,35.7,0.35700000000000004,64,65,April4_9_10(April4_9_10).csv
2026-04-09 22:30:11,Good,65.48,35.8,0.358,64,65,April4_9_10(April4_9_10).csv
2026-04-09 22:30:13,Good,65.48,35.9,0.359,64,65,April4_9_10(April4_9_10).csv
2026-04-09 22:30:15,Good,65.48,36.0,0.36,64,65,April4_9_10(April4_9_10).csv
2026-04-09 22:30:17,Good,65.48,36.0,0.36,64,65,April4_9_10(April4_9_10).csv
2026-04-09 22:30:19,Good,65.48,36.1,0.361,64,65,April4_9_10(April4_9_10).csv
2026-04-09 22:30:21,Good,65.48,36.1,0.361,64,65,April4_9_10(April4_9_10).csv
2026-04-09 22:30:23,Good,65.48,36.0,0.36,64,65,April4_9_10(April4_9_10).csv
2026-04-09 22:30:25,Good,65.48,36.0,0.36,64,65,April4_9_10(April4_9_10).csv
2026-04-09 22:30:27,Good,65.48,36.0,0.36,64,65,April4_9_10(April4_9_10).csv
2026-04-09 22:30:29,Good,65.48,36.0,0.36,64,65,April4_9_10(April4_9_10).csv
2026-04-09 22:30:31,Good,65.48,36.0,0.36,64,65,April4_9_10(April4_9_10).csv
2026-04-09 22:30:33,Good,65.48,36.1,0.361,64,65,April4_9_10(April4_9_10).csv
2026-04-09 22:30:35,Good,65.48,36.1,0.361,64,65,April4_9_10(April4_9_10).csv
2026-04-09 22:30:37,Good,65.48,36.2,0.36200000000000004,64,65,April4_9_10(April4_9_10).csv
2026-04-09 22:30:39,Good,65.48,36.2,0.36200000000000004,64,65,April4_9_10(April4_9_10).csv
2026-04-09 22:30:42,Good,65.48,36.2,0.36200000000000004,64,65,April4_9_10(April4_9_10).csv
2026-04-09 22:30:44,Good,65.48,36.2,0.36200000000000004,64,65,April4_9_10(April4_9_10).csv
2026-04-09 22:30:46,Good,65.48,36.2,0.36200000000000004,64,65,April4_9_10(April4_9_10).csv
2026-04-09 22:30:48,Good,65.48,36.2,0.36200000000000004,64,65,April4_9_10(April4_9_10).csv
2026-04-09 22:30:50,Good,65.48,36.1,0.361,64,65,April4_9_10(April4_9_10).csv
2026-04-09 22:30:52,Good,65.48,36.1,0.361,64,65,April4_9_10(April4_9_10).csv
2026-04-09 22:30:54,Good,65.48,36.1,0.361,64,65,April4_9_10(April4_9_10).csv
2026-04-09 22:30:56,Good,65.48,36.1,0.361,64,65,April4_9_10(April4_9_10).csv
2026-04-09 22:30:58,Good,65.48,36.0,0.36,64,65,April4_9_10(April4_9_10).csv
2026-04-09 22:31:00,Good,65.48,35.9,0.359,64,65,April4_9_10(April4_9_10).csv
2026-04-09 22:31:02,Good,65.48,35.8,0.358,64,65,April4_9_10(April4_9_10).csv
2026-04-09 22:31:04,Good,65.48,35.7,0.35700000000000004,64,65,April4_9_10(April4_9_10).csv
2026-04-09 22:31:06,Good,65.48,35.6,0.35600000000000004,64,65,April4_9_10(April4_9_10).csv
2026-04-09 22:31:08,Good,65.48,35.4,0.354,64,65,April4_9_10(April4_9_10).csv
2026-04-09 22:31:10,Good,65.48,35.2,0.35200000000000004,64,65,April4_9_10(April4_9_10).csv
2026-04-09 22:31:12,Good,65.48,35.0,0.35,64,65,April4_9_10(April4_9_10).csv
2026-04-09 22:31:14,Good,65.48,35.0,0.35,64,65,April4_9_10(April4_9_10).csv
2026-04-09 22:31:16,Good,65.48,35.1,0.35100000000000003,64,65,April4_9_10(April4_9_10).csv
2026-04-09 22:31:18,Good,65.48,35.2,0.35200000000000004,64,65,April4_9_10(April4_9_10).csv
2026-04-09 22:31:20,Good,65.48,35.3,0.353,64,65,April4_9_10(April4_9_10).csv
2026-04-09 22:31:22,Good,65.48,35.4,0.354,64,65,April4_9_10(April4_9_10).csv
2026-04-09 22:31:24,Good,65.48,35.4,0.354,64,65,April4_9_10(April4_9_10).csv
2026-04-09 22:31:26,Good,65.48,35.4,0.354,64,65,April4_9_10(April4_9_10).csv
2026-04-09 22:31:28,Good,65.48,35.5,0.355,64,65,April4_9_10(April4_9_10).csv
2026-04-09 22:31:30,Good,65.48,35.5,0.355,64,65,April4_9_10(April4_9_10).csv
2026-04-09 22:31:32,Good,65.48,35.5,0.355,64,65,April4_9_10(April4_9_10).csv
2026-04-09 22:31:35,Good,65.48,35.6,0.35600000000000004,64,65,April4_9_10(April4_9_10).csv
2026-04-09 22:31:37,Good,65.48,35.7,0.35700000000000004,64,65,April4_9_10(April4_9_10).csv
2026-04-09 22:31:39,Good,65.48,35.8,0.358,64,65,April4_9_10(April4_9_10).csv
2026-04-09 22:31:41,Good,65.48,35.9,0.359,64,65,April4_9_10(April4_9_10).csv
2026-04-09 22:31:43,Good,65.48,36.0,0.36,64,65,April4_9_10(April4_9_10).csv
2026-04-09 22:31:45,Good,65.48,36.0,0.36,64,65,April4_9_10(April4_9_10).csv
2026-04-09 22:31:47,Good,65.48,36.1,0.361,64,65,April4_9_10(April4_9_10).csv
2026-04-09 22:31:49,Good,65.48,36.2,0.36200000000000004,64,65,April4_9_10(April4_9_10).csv
2026-04-09 22:31:51,Good,65.48,36.3,0.363,64,65,April4_9_10(April4_9_10).csv
2026-04-09 22:31:53,Good,65.48,36.3,0.363,64,65,April4_9_10(April4_9_10).csv
2026-04-09 22:31:55,Good,65.48,36.4,0.364,64,65,April4_9_10(April4_9_10).csv
2026-04-09 22:31:57,Good,65.48,36.4,0.364,64,65,April4_9_10(April4_9_10).csv
2026-04-09 22:31:59,Good,65.48,36.4,0.364,64,65,April4_9_10(April4_9_10).csv
2026-04-09 22:32:01,Good,65.48,36.4,0.364,64,65,April4_9_10(April4_9_10).csv
2026-04-09 22:32:03,Good,65.48,36.4,0.364,64,65,April4_9_10(April4_9_10).csv
2026-04-09 22:32:05,Good,65.48,36.5,0.365,64,65,April4_9_10(April4_9_10).csv
2026-04-09 22:32:07,Good,65.48,36.5,0.365,64,65,April4_9_10(April4_9_10).csv
2026-04-09 22:32:09,Good,65.66,36.6,0.366,64,65,April4_9_10(April4_9_10).csv
2026-04-09 22:32:11,Good,65.48,36.5,0.365,64,65,April4_9_10(April4_9_10).csv
2026-04-09 22:32:13,Good,65.48,36.4,0.364,64,65,April4_9_10(April4_9_10).csv
2026-04-09 22:32:15,Good,65.48,36.3,0.363,64,65,April4_9_10(April4_9_10).csv
2026-04-09 22:32:17,Good,65.66,36.4,0.364,64,65,April4_9_10(April4_9_10).csv
2026-04-09 22:32:19,Good,65.66,36.5,0.365,64,65,April4_9_10(April4_9_10).csv
2026-04-09 22:32:21,Good,65.48,36.4,0.364,64,65,April4_9_10(April4_9_10).csv
2026-04-09 22:32:23,Good,65.48,36.4,0.364,64,65,April4_9_10(April4_9_10).csv
2026-04-09 22:32:25,Good,65.66,36.5,0.365,64,65,April4_9_10(April4_9_10).csv
2026-04-09 22:32:28,Good,65.66,36.5,0.365,64,65,April4_9_10(April4_9_10).csv
2026-04-09 22:32:30,Good,65.66,36.5,0.365,64,65,April4_9_10(April4_9_10).csv
2026-04-09 22:32:32,Good,65.66,36.4,0.364,64,65,April4_9_10(April4_9_10).csv
2026-04-09 22:32:34,Good,65.66,36.3,0.363,64,65,April4_9_10(April4_9_10).csv
2026-04-09 22:32:36,Good,65.66,36.1,0.361,64,65,April4_9_10(April4_9_10).csv
2026-04-09 22:32:38,Good,65.66,36.0,0.36,64,65,April4_9_10(April4_9_10).csv
2026-04-09 22:32:40,Good,65.66,36.0,0.36,64,65,April4_9_10(April4_9_10).csv
2026-04-09 22:32:42,Good,65.66,35.9,0.359,64,65,April4_9_10(April4_9_10).csv
2026-04-09 22:32:44,Good,65.66,35.9,0.359,64,65,April4_9_10(April4_9_10).csv
2026-04-09 22:32:46,Good,65.66,35.8,0.358,64,65,April4_9_10(April4_9_10).csv
2026-04-09 22:32:48,Good,65.66,35.6,0.35600000000000004,64,65,April4_9_10(April4_9_10).csv
2026-04-09 22:32:50,Good,65.66,35.4,0.354,64,65,April4_9_10(April4_9_10).csv
2026-04-09 22:32:52,Good,65.66,35.3,0.353,64,65,April4_9_10(April4_9_10).csv
2026-04-09 22:32:54,Good,65.66,35.1,0.35100000000000003,64,65,April4_9_10(April4_9_10).csv
2026-04-09 22:32:56,Good,65.66,35.0,0.35,64,65,April4_9_10(April4_9_10).csv
2026-04-09 22:32:58,Good,65.66,34.9,0.349,64,65,April4_9_10(April4_9_10).csv
2026-04-09 22:33:00,Good,65.66,34.8,0.348,64,65,April4_9_10(April4_9_10).csv
2026-04-09 22:33:02,Good,65.66,34.8,0.348,64,65,April4_9_10(April4_9_10).csv
2026-04-09 22:33:04,Good,65.66,34.8,0.348,64,65,April4_9_10(April4_9_10).csv
2026-04-09 22:33:06,Good,65.48,34.7,0.34700000000000003,64,65,April4_9_10(April4_9_10).csv
2026-04-09 22:33:08,Good,65.66,34.8,0.348,64,65,April4_9_10(April4_9_10).csv
2026-04-09 22:33:10,Good,65.66,34.8,0.348,64,65,April4_9_10(April4_9_10).csv
2026-04-09 22:33:12,Good,65.66,34.8,0.348,64,65,April4_9_10(April4_9_10).csv
2026-04-09 22:33:14,Good,65.66,34.7,0.34700000000000003,64,65,April4_9_10(April4_9_10).csv
2026-04-09 22:33:16,Good,65.66,34.7,0.34700000000000003,64,65,April4_9_10(April4_9_10).csv
2026-04-09 22:33:18,Good,65.66,34.6,0.34600000000000003,64,65,April4_9_10(April4_9_10).csv
2026-04-09 22:33:21,Good,65.48,34.5,0.345,64,65,April4_9_10(April4_9_10).csv
2026-04-09 22:33:23,Good,65.66,34.5,0.345,64,65,April4_9_10(April4_9_10).csv
2026-04-09 22:33:25,Good,65.66,34.4,0.344,64,65,April4_9_10(April4_9_10).csv
2026-04-09 22:33:27,Good,65.66,34.5,0.345,64,65,April4_9_10(April4_9_10).csv
2026-04-09 22:33:29,Good,65.48,34.4,0.344,64,65,April4_9_10(April4_9_10).csv
2026-04-09 22:33:31,Good,65.66,34.4,0.344,64,65,April4_9_10(April4_9_10).csv
2026-04-09 22:33:33,Good,65.48,34.3,0.34299999999999997,64,65,April4_9_10(April4_9_10).csv
2026-04-09 22:33:35,Good,65.48,34.2,0.342,64,65,April4_9_10(April4_9_10).csv
2026-04-09 22:33:37,Good,65.48,34.2,0.342,64,65,April4_9_10(April4_9_10).csv
2026-04-09 22:33:39,Good,65.48,34.1,0.341,64,65,April4_9_10(April4_9_10).csv
2026-04-09 22:33:41,Good,65.48,34.1,0.341,64,65,April4_9_10(April4_9_10).csv
2026-04-09 22:33:43,Good,65.48,34.0,0.34,64,65,April4_9_10(April4_9_10).csv
2026-04-09 22:33:45,Good,65.48,34.0,0.34,64,65,April4_9_10(April4_9_10).csv
2026-04-09 22:33:47,Good,65.48,34.0,0.34,64,65,April4_9_10(April4_9_10).csv
2026-04-09 22:33:49,Good,65.48,34.1,0.341,64,65,April4_9_10(April4_9_10).csv
2026-04-09 22:33:51,Good,65.48,34.2,0.342,64,65,April4_9_10(April4_9_10).csv
2026-04-09 22:33:53,Good,65.48,34.3,0.34299999999999997,64,65,April4_9_10(April4_9_10).csv
2026-04-09 22:33:55,Good,65.48,34.3,0.34299999999999997,64,65,April4_9_10(April4_9_10).csv
2026-04-09 22:33:57,Good,65.48,34.3,0.34299999999999997,64,65,April4_9_10(April4_9_10).csv
2026-04-09 22:33:59,Good,65.48,34.3,0.34299999999999997,64,65,April4_9_10(April4_9_10).csv
2026-04-09 22:34:01,Good,65.48,34.3,0.34299999999999997,64,65,April4_9_10(April4_9_10).csv
2026-04-09 22:34:03,Good,65.48,34.2,0.342,64,65,April4_9_10(April4_9_10).csv
2026-04-09 22:34:05,Good,65.48,34.2,0.342,64,65,April4_9_10(April4_9_10).csv
2026-04-09 22:34:07,Good,65.48,34.2,0.342,64,65,April4_9_10(April4_9_10).csv
2026-04-09 22:34:09,Good,65.48,34.2,0.342,64,65,April4_9_10(April4_9_10).csv
2026-04-09 22:34:11,Good,65.48,34.2,0.342,64,65,April4_9_10(April4_9_10).csv
2026-04-09 22:34:13,Good,65.48,34.3,0.34299999999999997,64,65,April4_9_10(April4_9_10).csv
2026-04-09 22:34:16,Good,65.48,34.3,0.34299999999999997,64,65,April4_9_10(April4_9_10).csv
2026-04-09 22:34:18,Good,65.48,34.4,0.344,64,65,April4_9_10(April4_9_10).csv
2026-04-09 22:34:20,Good,65.48,34.5,0.345,64,65,April4_9_10(April4_9_10).csv
2026-04-09 22:34:22,Good,65.48,34.5,0.345,64,65,April4_9_10(April4_9_10).csv
2026-04-09 22:34:24,Good,65.48,34.4,0.344,64,65,April4_9_10(April4_9_10).csv
2026-04-09 22:34:26,Good,65.48,34.4,0.344,64,65,April4_9_10(April4_9_10).csv
2026-04-09 22:34:28,Good,65.48,34.4,0.344,64,65,April4_9_10(April4_9_10).csv
2026-04-09 22:34:30,Good,65.48,34.5,0.345,64,65,April4_9_10(April4_9_10).csv
2026-04-09 22:34:32,Good,65.48,34.4,0.344,64,65,April4_9_10(April4_9_10).csv
2026-04-09 22:34:34,Good,65.48,34.3,0.34299999999999997,64,65,April4_9_10(April4_9_10).csv
2026-04-09 22:34:36,Good,65.48,34.3,0.34299999999999997,64,65,April4_9_10(April4_9_10).csv
2026-04-09 22:34:38,Good,65.48,34.3,0.34299999999999997,64,65,April4_9_10(April4_9_10).csv
2026-04-09 22:34:40,Good,65.48,34.3,0.34299999999999997,64,65,April4_9_10(April4_9_10).csv
2026-04-09 22:34:42,Good,65.48,34.2,0.342,64,65,April4_9_10(April4_9_10).csv
2026-04-09 22:34:44,Good,65.48,34.1,0.341,64,65,April4_9_10(April4_9_10).csv
2026-04-09 22:34:46,Good,65.48,34.1,0.341,64,65,April4_9_10(April4_9_10).csv
2026-04-09 22:34:48,Good,65.48,34.0,0.34,64,65,April4_9_10(April4_9_10).csv
2026-04-09 22:34:50,Good,65.48,33.9,0.33899999999999997,64,65,April4_9_10(April4_9_10).csv
2026-04-09 22:34:52,Good,65.48,33.9,0.33899999999999997,64,65,April4_9_10(April4_9_10).csv
2026-04-09 22:34:54,Good,65.48,33.9,0.33899999999999997,64,65,April4_9_10(April4_9_10).csv
2026-04-09 22:34:56,Good,65.48,33.9,0.33899999999999997,64,65,April4_9_10(April4_9_10).csv
2026-04-09 22:34:58,Good,65.48,34.0,0.34,64,65,April4_9_10(April4_9_10).csv
2026-04-09 22:35:00,Good,65.48,34.0,0.34,64,65,April4_9_10(April4_9_10).csv
2026-04-09 22:35:02,Good,65.48,34.0,0.34,64,65,April4_9_10(April4_9_10).csv
2026-04-09 22:35:04,Good,65.48,34.0,0.34,64,65,April4_9_10(April4_9_10).csv
2026-04-09 22:35:07,Good,65.48,33.9,0.33899999999999997,64,65,April4_9_10(April4_9_10).csv
2026-04-09 22:35:09,Good,65.48,33.8,0.33799999999999997,64,65,April4_9_10(April4_9_10).csv
2026-04-09 22:35:11,Good,65.48,33.7,0.337,64,65,April4_9_10(April4_9_10).csv
2026-04-09 22:35:13,Good,65.3,33.6,0.336,64,65,April4_9_10(April4_9_10).csv
2026-04-09 22:35:15,Good,65.3,33.6,0.336,64,65,April4_9_10(April4_9_10).csv
2026-04-09 22:35:17,Good,65.48,33.6,0.336,64,65,April4_9_10(April4_9_10).csv
2026-04-09 22:35:19,Good,65.3,33.5,0.335,64,65,April4_9_10(April4_9_10).csv
2026-04-09 22:35:21,Good,65.3,33.4,0.33399999999999996,64,65,April4_9_10(April4_9_10).csv
2026-04-09 22:35:23,Good,65.3,33.3,0.33299999999999996,64,65,April4_9_10(April4_9_10).csv
2026-04-09 22:35:25,Good,65.3,33.2,0.332,64,65,April4_9_10(April4_9_10).csv
2026-04-09 22:35:27,Good,65.3,33.1,0.331,64,65,April4_9_10(April4_9_10).csv
2026-04-09 22:35:29,Good,65.3,33.0,0.33,64,65,April4_9_10(April4_9_10).csv
2026-04-09 22:35:31,Good,65.3,32.9,0.32899999999999996,64,65,April4_9_10(April4_9_10).csv
2026-04-09 22:35:33,Good,65.3,32.8,0.32799999999999996,64,65,April4_9_10(April4_9_10).csv
2026-04-09 22:35:35,Good,65.3,32.8,0.32799999999999996,64,65,April4_9_10(April4_9_10).csv
2026-04-09 22:35:37,Good,65.3,32.7,0.327,64,65,April4_9_10(April4_9_10).csv
2026-04-09 22:35:39,Good,65.3,32.7,0.327,64,65,April4_9_10(April4_9_10).csv
2026-04-09 22:35:41,Good,65.3,32.7,0.327,64,65,April4_9_10(April4_9_10).csv
2026-04-09 22:35:43,Good,65.3,32.6,0.326,64,65,April4_9_10(April4_9_10).csv
2026-04-09 22:35:45,Good,65.3,32.6,0.326,64,65,April4_9_10(April4_9_10).csv
2026-04-09 22:35:47,Good,65.3,32.6,0.326,64,65,April4_9_10(April4_9_10).csv
2026-04-09 22:35:49,Good,65.3,32.5,0.325,64,65,April4_9_10(April4_9_10).csv
2026-04-09 22:35:51,Good,65.3,32.5,0.325,64,65,April4_9_10(April4_9_10).csv
2026-04-09 22:35:53,Good,65.3,32.4,0.324,64,65,April4_9_10(April4_9_10).csv
2026-04-09 22:35:55,Good,65.3,32.4,0.324,64,65,April4_9_10(April4_9_10).csv
2026-04-09 22:35:57,Good,65.3,32.4,0.324,64,65,April4_9_10(April4_9_10).csv
2026-04-09 22:35:59,Good,65.3,32.3,0.32299999999999995,64,65,April4_9_10(April4_9_10).csv
2026-04-09 22:36:02,Good,65.3,32.3,0.32299999999999995,64,65,April4_9_10(April4_9_10).csv
2026-04-09 22:36:04,Good,65.3,32.3,0.32299999999999995,64,65,April4_9_10(April4_9_10).csv
2026-04-09 22:36:06,Good,65.3,32.3,0.32299999999999995,64,65,April4_9_10(April4_9_10).csv
2026-04-09 22:36:08,Good,65.3,32.2,0.322,64,65,April4_9_10(April4_9_10).csv
2026-04-09 22:36:10,Good,65.3,32.2,0.322,64,65,April4_9_10(April4_9_10).csv
2026-04-09 22:36:12,Good,65.3,32.2,0.322,64,65,April4_9_10(April4_9_10).csv
2026-04-09 22:36:14,Good,65.3,32.2,0.322,64,65,April4_9_10(April4_9_10).csv
2026-04-09 22:36:16,Good,65.3,32.1,0.321,64,65,April4_9_10(April4_9_10).csv
2026-04-09 22:36:18,Good,65.3,32.1,0.321,64,65,April4_9_10(April4_9_10).csv
2026-04-09 22:36:20,Good,65.3,32.1,0.321,64,65,April4_9_10(April4_9_10).csv
2026-04-09 22:36:22,Good,65.3,32.1,0.321,64,65,April4_9_10(April4_9_10).csv
2026-04-09 22:36:24,Good,65.3,32.1,0.321,64,65,April4_9_10(April4_9_10).csv
2026-04-09 22:36:26,Good,65.3,32.1,0.321,64,65,April4_9_10(April4_9_10).csv
2026-04-09 22:36:28,Good,65.3,32.1,0.321,64,65,April4_9_10(April4_9_10).csv
2026-04-09 22:36:30,Good,65.3,32.1,0.321,64,65,April4_9_10(April4_9_10).csv
2026-04-09 22:36:32,Good,65.3,32.1,0.321,64,65,April4_9_10(April4_9_10).csv
2026-04-09 22:36:34,Good,65.3,32.1,0.321,64,65,April4_9_10(April4_9_10).csv
2026-04-09 22:36:36,Good,65.3,32.1,0.321,64,65,April4_9_10(April4_9_10).csv
2026-04-09 22:36:38,Good,65.3,32.1,0.321,64,65,April4_9_10(April4_9_10).csv
2026-04-09 22:36:40,Good,65.3,32.1,0.321,64,65,April4_9_10(April4_9_10).csv
2026-04-09 22:36:42,Good,65.3,32.1,0.321,64,65,April4_9_10(April4_9_10).csv
2026-04-09 22:36:44,Good,65.3,32.1,0.321,64,65,April4_9_10(April4_9_10).csv
2026-04-09 22:36:46,Good,65.3,32.2,0.322,64,65,April4_9_10(April4_9_10).csv
2026-04-09 22:36:48,Good,65.3,32.2,0.322,64,65,April4_9_10(April4_9_10).csv
2026-04-09 22:36:50,Good,65.3,32.1,0.321,64,65,April4_9_10(April4_9_10).csv
2026-04-09 22:36:52,Good,65.3,32.1,0.321,64,65,April4_9_10(April4_9_10).csv
2026-04-09 22:36:55,Good,65.3,32.0,0.32,64,65,April4_9_10(April4_9_10).csv
2026-04-09 22:36:57,Good,65.3,32.0,0.32,64,65,April4_9_10(April4_9_10).csv
2026-04-09 22:36:59,Good,65.3,32.0,0.32,64,65,April4_9_10(April4_9_10).csv
2026-04-09 22:37:01,Good,65.3,32.0,0.32,64,65,April4_9_10(April4_9_10).csv
2026-04-09 22:37:03,Good,65.3,32.0,0.32,64,65,April4_9_10(April4_9_10).csv
2026-04-09 22:37:05,Good,65.3,32.0,0.32,64,65,April4_9_10(April4_9_10).csv
2026-04-09 22:37:07,Good,65.3,32.0,0.32,64,65,April4_9_10(April4_9_10).csv
2026-04-09 22:37:09,Good,65.3,32.1,0.321,64,65,April4_9_10(April4_9_10).csv
2026-04-09 22:37:11,Good,65.3,32.1,0.321,64,65,April4_9_10(April4_9_10).csv
2026-04-09 22:37:13,Good,65.3,32.1,0.321,64,65,April4_9_10(April4_9_10).csv
2026-04-09 22:37:15,Good,65.3,32.1,0.321,64,65,April4_9_10(April4_9_10).csv
2026-04-09 22:37:17,Good,65.3,32.1,0.321,64,65,April4_9_10(April4_9_10).csv
2026-04-09 22:37:19,Good,65.3,32.2,0.322,64,65,April4_9_10(April4_9_10).csv
2026-04-09 22:37:21,Good,65.3,32.2,0.322,64,65,April4_9_10(April4_9_10).csv
2026-04-09 22:37:23,Good,65.3,32.3,0.32299999999999995,64,65,April4_9_10(April4_9_10).csv
2026-04-09 22:37:25,Good,65.3,32.4,0.324,64,65,April4_9_10(April4_9_10).csv
2026-04-09 22:37:27,Good,65.3,32.5,0.325,64,65,April4_9_10(April4_9_10).csv
2026-04-09 22:37:29,Good,65.3,32.6,0.326,64,65,April4_9_10(April4_9_10).csv
2026-04-09 22:37:31,Good,65.3,32.7,0.327,64,65,April4_9_10(April4_9_10).csv
2026-04-09 22:37:33,Good,65.3,32.7,0.327,64,65,April4_9_10(April4_9_10).csv
2026-04-09 22:37:35,Good,65.12,32.6,0.326,64,65,April4_9_10(April4_9_10).csv
2026-04-09 22:37:37,Good,65.3,32.7,0.327,64,65,April4_9_10(April4_9_10).csv
2026-04-09 22:37:39,Good,65.3,32.7,0.327,64,65,April4_9_10(April4_9_10).csv
2026-04-09 22:37:41,Good,65.12,32.5,0.325,64,65,April4_9_10(April4_9_10).csv
2026-04-09 22:37:43,Good,65.12,32.5,0.325,64,65,April4_9_10(April4_9_10).csv
2026-04-09 22:37:45,Good,65.12,32.5,0.325,64,65,April4_9_10(April4_9_10).csv
2026-04-09 22:37:48,Good,65.12,32.5,0.325,64,65,April4_9_10(April4_9_10).csv
2026-04-09 22:37:50,Good,65.3,32.5,0.325,64,65,April4_9_10(April4_9_10).csv
2026-04-09 22:37:52,Good,65.12,32.3,0.32299999999999995,64,65,April4_9_10(April4_9_10).csv
2026-04-09 22:37:54,Good,65.12,32.3,0.32299999999999995,64,65,April4_9_10(April4_9_10).csv
2026-04-09 22:37:56,Good,65.12,32.3,0.32299999999999995,64,65,April4_9_10(April4_9_10).csv
2026-04-09 22:37:58,Good,65.12,32.3,0.32299999999999995,64,65,April4_9_10(April4_9_10).csv
2026-04-09 22:38:00,Good,65.12,32.3,0.32299999999999995,64,65,April4_9_10(April4_9_10).csv
2026-04-09 22:38:02,Good,65.12,32.4,0.324,64,65,April4_9_10(April4_9_10).csv
2026-04-09 22:38:04,Good,65.12,32.3,0.32299999999999995,64,65,April4_9_10(April4_9_10).csv
2026-04-09 22:38:06,Good,65.12,32.3,0.32299999999999995,64,65,April4_9_10(April4_9_10).csv
2026-04-09 22:38:08,Good,65.12,32.3,0.32299999999999995,64,65,April4_9_10(April4_9_10).csv
2026-04-09 22:38:10,Good,65.12,32.3,0.32299999999999995,64,65,April4_9_10(April4_9_10).csv
2026-04-09 22:38:12,Good,65.12,32.3,0.32299999999999995,64,65,April4_9_10(April4_9_10).csv
2026-04-09 22:38:14,Good,65.12,32.3,0.32299999999999995,64,65,April4_9_10(April4_9_10).csv
2026-04-09 22:38:16,Good,65.12,32.3,0.32299999999999995,64,65,April4_9_10(April4_9_10).csv
2026-04-09 22:38:18,Good,65.12,32.4,0.324,64,65,April4_9_10(April4_9_10).csv
2026-04-09 22:38:20,Good,65.12,32.4,0.324,64,65,April4_9_10(April4_9_10).csv
2026-04-09 22:38:22,Good,65.12,32.5,0.325,64,65,April4_9_10(April4_9_10).csv
2026-04-09 22:38:24,Good,65.12,32.5,0.325,64,65,April4_9_10(April4_9_10).csv
2026-04-09 22:38:26,Good,65.12,32.6,0.326,64,65,April4_9_10(April4_9_10).csv
2026-04-09 22:38:28,Good,65.12,32.6,0.326,64,65,April4_9_10(April4_9_10).csv
2026-04-09 22:38:30,Good,65.12,32.6,0.326,64,65,April4_9_10(April4_9_10).csv
2026-04-09 22:38:32,Good,65.12,32.6,0.326,64,65,April4_9_10(April4_9_10).csv
2026-04-09 22:38:35,Good,65.12,32.6,0.326,64,65,April4_9_10(April4_9_10).csv
2026-04-09 22:38:37,Good,65.12,32.6,0.326,64,65,April4_9_10(April4_9_10).csv
2026-04-09 22:38:39,Good,65.12,32.7,0.327,64,65,April4_9_10(April4_9_10).csv
2026-04-09 22:38:41,Good,65.12,32.7,0.327,64,65,April4_9_10(April4_9_10).csv
2026-04-09 22:38:43,Good,65.12,32.7,0.327,64,65,April4_9_10(April4_9_10).csv
2026-04-09 22:38:45,Good,65.12,32.8,0.32799999999999996,64,65,April4_9_10(April4_9_10).csv
2026-04-09 22:38:47,Good,65.12,32.8,0.32799999999999996,64,65,April4_9_10(April4_9_10).csv
2026-04-09 22:38:49,Good,65.12,32.9,0.32899999999999996,64,65,April4_9_10(April4_9_10).csv
2026-04-09 22:38:51,Good,65.12,33.1,0.331,64,65,April4_9_10(April4_9_10).csv
2026-04-09 22:38:53,Good,65.12,33.2,0.332,64,65,April4_9_10(April4_9_10).csv
2026-04-09 22:38:55,Good,65.12,33.1,0.331,64,65,April4_9_10(April4_9_10).csv
2026-04-09 22:38:57,Good,65.12,33.0,0.33,64,65,April4_9_10(April4_9_10).csv
2026-04-09 22:38:59,Good,65.12,33.0,0.33,64,65,April4_9_10(April4_9_10).csv
2026-04-09 22:39:01,Good,65.12,32.9,0.32899999999999996,64,65,April4_9_10(April4_9_10).csv
2026-04-09 22:39:03,Good,65.12,33.0,0.33,64,65,April4_9_10(April4_9_10).csv
2026-04-09 22:39:05,Good,65.12,33.0,0.33,64,65,April4_9_10(April4_9_10).csv
2026-04-09 22:39:07,Good,65.12,33.1,0.331,64,65,April4_9_10(April4_9_10).csv
2026-04-09 22:39:09,Good,65.12,33.1,0.331,64,65,April4_9_10(April4_9_10).csv
2026-04-09 22:39:11,Good,65.12,33.3,0.33299999999999996,64,65,April4_9_10(April4_9_10).csv
2026-04-09 22:39:13,Good,65.12,33.4,0.33399999999999996,64,65,April4_9_10(April4_9_10).csv
2026-04-09 22:39:15,Good,65.12,33.5,0.335,64,65,April4_9_10(April4_9_10).csv
2026-04-09 22:39:17,Good,65.12,33.6,0.336,64,65,April4_9_10(April4_9_10).csv
2026-04-09 22:39:19,Good,65.12,33.7,0.337,64,65,April4_9_10(April4_9_10).csv
2026-04-09 22:39:21,Good,65.12,33.8,0.33799999999999997,64,65,April4_9_10(April4_9_10).csv
2026-04-09 22:39:23,Good,65.12,33.9,0.33899999999999997,64,65,April4_9_10(April4_9_10).csv
2026-04-09 22:39:25,Good,65.12,34.0,0.34,64,65,April4_9_10(April4_9_10).csv
2026-04-09 22:39:28,Good,65.12,34.1,0.341,64,65,April4_9_10(April4_9_10).csv
2026-04-09 22:39:30,Good,65.12,34.1,0.341,64,65,April4_9_10(April4_9_10).csv
2026-04-09 22:39:32,Good,65.12,34.1,0.341,64,65,April4_9_10(April4_9_10).csv
2026-04-09 22:39:34,Good,65.12,34.0,0.34,64,65,April4_9_10(April4_9_10).csv
2026-04-09 22:39:36,Good,65.12,34.0,0.34,64,65,April4_9_10(April4_9_10).csv
2026-04-09 22:39:38,Good,65.12,33.9,0.33899999999999997,64,65,April4_9_10(April4_9_10).csv
2026-04-09 22:39:40,Good,65.12,33.8,0.33799999999999997,64,65,April4_9_10(April4_9_10).csv
2026-04-09 22:39:42,Good,65.12,33.8,0.33799999999999997,64,65,April4_9_10(April4_9_10).csv
2026-04-09 22:39:44,Good,65.12,33.6,0.336,64,65,April4_9_10(April4_9_10).csv
2026-04-09 22:39:46,Good,65.12,33.5,0.335,64,65,April4_9_10(April4_9_10).csv
2026-04-09 22:39:48,Good,65.12,33.4,0.33399999999999996,64,65,April4_9_10(April4_9_10).csv
2026-04-09 22:39:50,Good,65.12,33.4,0.33399999999999996,64,65,April4_9_10(April4_9_10).csv
2026-04-09 22:39:52,Good,65.12,33.3,0.33299999999999996,64,65,April4_9_10(April4_9_10).csv
2026-04-09 22:39:54,Good,65.12,33.3,0.33299999999999996,64,65,April4_9_10(April4_9_10).csv
2026-04-09 22:39:56,Good,65.12,33.3,0.33299999999999996,64,65,April4_9_10(April4_9_10).csv
2026-04-09 22:39:58,Good,65.12,33.2,0.332,64,65,April4_9_10(April4_9_10).csv
2026-04-09 22:40:00,Good,65.12,33.2,0.332,64,65,April4_9_10(April4_9_10).csv
2026-04-09 22:40:02,Good,65.12,33.2,0.332,64,65,April4_9_10(April4_9_10).csv
2026-04-09 22:40:04,Good,65.12,33.1,0.331,64,65,April4_9_10(April4_9_10).csv
2026-04-09 22:40:06,Good,65.12,33.1,0.331,64,65,April4_9_10(April4_9_10).csv
2026-04-09 22:40:08,Good,65.12,33.1,0.331,64,65,April4_9_10(April4_9_10).csv
2026-04-09 22:40:10,Good,65.12,33.1,0.331,64,65,April4_9_10(April4_9_10).csv
2026-04-09 22:40:12,Good,65.12,33.2,0.332,64,65,April4_9_10(April4_9_10).csv
2026-04-09 22:40:14,Good,65.12,33.2,0.332,64,65,April4_9_10(April4_9_10).csv
2026-04-09 22:40:16,Good,65.12,33.2,0.332,64,65,April4_9_10(April4_9_10).csv
2026-04-09 22:40:18,Good,65.12,33.2,0.332,64,65,April4_9_10(April4_9_10).csv
2026-04-09 22:40:21,Good,65.12,33.2,0.332,64,65,April4_9_10(April4_9_10).csv
2026-04-09 22:40:23,Good,65.12,33.3,0.33299999999999996,64,65,April4_9_10(April4_9_10).csv
2026-04-09 22:40:25,Good,65.12,33.3,0.33299999999999996,64,65,April4_9_10(April4_9_10).csv
2026-04-09 22:40:27,Good,65.12,33.3,0.33299999999999996,64,65,April4_9_10(April4_9_10).csv
2026-04-09 22:40:29,Good,65.12,33.4,0.33399999999999996,64,65,April4_9_10(April4_9_10).csv
2026-04-09 22:40:31,Good,65.12,33.6,0.336,64,65,April4_9_10(April4_9_10).csv
2026-04-09 22:40:33,Good,65.12,33.8,0.33799999999999997,64,65,April4_9_10(April4_9_10).csv
2026-04-09 22:40:35,Good,65.12,33.9,0.33899999999999997,64,65,April4_9_10(April4_9_10).csv
2026-04-09 22:40:37,Good,65.12,34.1,0.341,64,65,April4_9_10(April4_9_10).csv
2026-04-09 22:40:39,Good,65.12,34.2,0.342,64,65,April4_9_10(April4_9_10).csv
2026-04-09 22:40:41,Good,65.12,34.4,0.344,64,65,April4_9_10(April4_9_10).csv
2026-04-09 22:40:43,Good,65.12,34.5,0.345,64,65,April4_9_10(April4_9_10).csv
2026-04-09 22:40:45,Good,65.12,34.7,0.34700000000000003,64,65,April4_9_10(April4_9_10).csv
2026-04-09 22:40:47,Good,65.12,34.8,0.348,64,65,April4_9_10(April4_9_10).csv
2026-04-09 22:40:49,Good,65.12,34.9,0.349,64,65,April4_9_10(April4_9_10).csv
2026-04-09 22:40:51,Good,65.12,35.0,0.35,64,65,April4_9_10(April4_9_10).csv
2026-04-09 22:40:53,Good,65.12,35.1,0.35100000000000003,64,65,April4_9_10(April4_9_10).csv
2026-04-09 22:40:55,Good,65.12,35.2,0.35200000000000004,64,65,April4_9_10(April4_9_10).csv
2026-04-09 22:40:57,Good,65.12,35.3,0.353,64,65,April4_9_10(April4_9_10).csv
2026-04-09 22:40:59,Good,65.12,35.3,0.353,64,65,April4_9_10(April4_9_10).csv
2026-04-09 22:41:01,Good,65.12,35.4,0.354,64,65,April4_9_10(April4_9_10).csv
2026-04-09 22:41:03,Good,65.12,35.5,0.355,64,65,April4_9_10(April4_9_10).csv
2026-04-09 22:41:05,Good,65.12,35.4,0.354,64,65,April4_9_10(April4_9_10).csv
2026-04-09 22:41:07,Good,65.12,35.4,0.354,64,65,April4_9_10(April4_9_10).csv
2026-04-09 22:41:09,Good,65.12,35.3,0.353,64,65,April4_9_10(April4_9_10).csv
2026-04-09 22:41:11,Good,65.12,35.3,0.353,64,65,April4_9_10(April4_9_10).csv
2026-04-09 22:41:13,Good,65.12,35.2,0.35200000000000004,64,65,April4_9_10(April4_9_10).csv
2026-04-09 22:41:16,Good,65.12,35.0,0.35,64,65,April4_9_10(April4_9_10).csv
2026-04-09 22:41:18,Good,65.12,34.7,0.34700000000000003,64,65,April4_9_10(April4_9_10).csv
2026-04-09 22:41:20,Good,65.12,34.5,0.345,64,65,April4_9_10(April4_9_10).csv
2026-04-09 22:41:22,Good,65.12,34.3,0.34299999999999997,64,65,April4_9_10(April4_9_10).csv
2026-04-09 22:41:24,Good,65.12,34.1,0.341,64,65,April4_9_10(April4_9_10).csv
2026-04-09 22:41:26,Good,65.3,34.1,0.341,64,65,April4_9_10(April4_9_10).csv
2026-04-09 22:41:28,Good,65.12,34.1,0.341,64,65,April4_9_10(April4_9_10).csv
2026-04-09 22:41:30,Good,65.12,34.3,0.34299999999999997,64,65,April4_9_10(April4_9_10).csv
2026-04-09 22:41:32,Good,65.12,34.3,0.34299999999999997,64,65,April4_9_10(April4_9_10).csv
2026-04-09 22:41:34,Good,65.12,34.4,0.344,64,65,April4_9_10(April4_9_10).csv
2026-04-09 22:41:36,Good,65.12,34.4,0.344,64,65,April4_9_10(April4_9_10).csv
2026-04-09 22:41:38,Good,65.12,34.4,0.344,64,65,April4_9_10(April4_9_10).csv
2026-04-09 22:41:40,Good,65.12,34.4,0.344,64,65,April4_9_10(April4_9_10).csv
2026-04-09 22:41:42,Good,65.12,34.5,0.345,64,65,April4_9_10(April4_9_10).csv
2026-04-09 22:41:44,Good,65.12,34.5,0.345,64,65,April4_9_10(April4_9_10).csv
2026-04-09 22:41:46,Good,65.12,34.5,0.345,64,65,April4_9_10(April4_9_10).csv
2026-04-09 22:41:48,Good,65.12,34.6,0.34600000000000003,64,65,April4_9_10(April4_9_10).csv
2026-04-09 22:41:50,Good,65.12,34.6,0.34600000000000003,64,65,April4_9_10(April4_9_10).csv
2026-04-09 22:41:52,Good,65.12,34.7,0.34700000000000003,64,65,April4_9_10(April4_9_10).csv
2026-04-09 22:41:54,Good,65.12,34.7,0.34700000000000003,64,65,April4_9_10(April4_9_10).csv
2026-04-09 22:41:56,Good,65.12,34.7,0.34700000000000003,64,65,April4_9_10(April4_9_10).csv
2026-04-09 22:41:58,Good,65.12,34.6,0.34600000000000003,64,65,April4_9_10(April4_9_10).csv
2026-04-09 22:42:00,Good,65.12,34.6,0.34600000000000003,64,65,April4_9_10(April4_9_10).csv
2026-04-09 22:42:02,Good,65.12,34.5,0.345,64,65,April4_9_10(April4_9_10).csv
2026-04-09 22:42:04,Good,65.12,34.4,0.344,64,65,April4_9_10(April4_9_10).csv
2026-04-09 22:42:06,Good,65.12,34.4,0.344,64,65,April4_9_10(April4_9_10).csv
2026-04-09 22:42:09,Good,65.12,34.4,0.344,64,65,April4_9_10(April4_9_10).csv
2026-04-09 22:42:11,Good,65.12,34.4,0.344,64,65,April4_9_10(April4_9_10).csv
2026-04-09 22:42:13,Good,65.3,34.6,0.34600000000000003,64,65,April4_9_10(April4_9_10).csv
2026-04-09 22:42:15,Good,65.12,34.5,0.345,64,65,April4_9_10(April4_9_10).csv
2026-04-09 22:42:17,Good,65.12,34.6,0.34600000000000003,64,65,April4_9_10(April4_9_10).csv
2026-04-09 22:42:19,Good,65.12,34.8,0.348,64,65,April4_9_10(April4_9_10).csv
2026-04-09 22:42:21,Good,65.12,34.9,0.349,64,65,April4_9_10(April4_9_10).csv
2026-04-09 22:42:23,Good,65.12,35.0,0.35,64,65,April4_9_10(April4_9_10).csv
2026-04-09 22:42:25,Good,65.12,35.0,0.35,64,65,April4_9_10(April4_9_10).csv
2026-04-09 22:42:27,Good,65.12,35.0,0.35,64,65,April4_9_10(April4_9_10).csv
2026-04-09 22:42:29,Good,65.12,35.0,0.35,64,65,April4_9_10(April4_9_10).csv
2026-04-09 22:42:31,Good,65.12,35.0,0.35,64,65,April4_9_10(April4_9_10).csv
2026-04-09 22:42:33,Good,65.12,35.0,0.35,64,65,April4_9_10(April4_9_10).csv
2026-04-09 22:42:35,Good,65.12,34.9,0.349,64,65,April4_9_10(April4_9_10).csv
2026-04-09 22:42:37,Good,65.12,34.8,0.348,64,65,April4_9_10(April4_9_10).csv
2026-04-09 22:42:39,Good,65.12,34.7,0.34700000000000003,64,65,April4_9_10(April4_9_10).csv
2026-04-09 22:42:41,Good,65.12,34.6,0.34600000000000003,64,65,April4_9_10(April4_9_10).csv
2026-04-09 22:42:43,Good,65.12,34.5,0.345,64,65,April4_9_10(April4_9_10).csv
2026-04-09 22:42:45,Good,65.12,34.4,0.344,64,65,April4_9_10(April4_9_10).csv
2026-04-09 22:42:47,Good,65.12,34.3,0.34299999999999997,64,65,April4_9_10(April4_9_10).csv
2026-04-09 22:42:49,Good,65.12,34.2,0.342,64,65,April4_9_10(April4_9_10).csv
2026-04-09 22:42:51,Good,65.12,34.2,0.342,64,65,April4_9_10(April4_9_10).csv
2026-04-09 22:42:53,Good,65.12,34.1,0.341,64,65,April4_9_10(April4_9_10).csv
2026-04-09 22:42:55,Good,65.12,34.1,0.341,64,65,April4_9_10(April4_9_10).csv
2026-04-09 22:42:57,Good,65.12,34.2,0.342,64,65,April4_9_10(April4_9_10).csv
2026-04-09 22:42:59,Good,65.12,34.2,0.342,64,65,April4_9_10(April4_9_10).csv
2026-04-09 22:43:02,Good,65.12,34.2,0.342,64,65,April4_9_10(April4_9_10).csv
2026-04-09 22:43:04,Good,65.12,34.2,0.342,64,65,April4_9_10(April4_9_10).csv
2026-04-09 22:43:06,Good,65.12,34.2,0.342,64,65,April4_9_10(April4_9_10).csv
2026-04-09 22:43:08,Good,65.12,34.1,0.341,64,65,April4_9_10(April4_9_10).csv
2026-04-09 22:43:10,Good,65.12,34.0,0.34,64,65,April4_9_10(April4_9_10).csv
2026-04-09 22:43:12,Good,65.12,34.0,0.34,64,65,April4_9_10(April4_9_10).csv
2026-04-09 22:43:14,Good,65.12,34.0,0.34,64,65,April4_9_10(April4_9_10).csv
2026-04-09 22:43:16,Good,65.12,33.9,0.33899999999999997,64,65,April4_9_10(April4_9_10).csv
2026-04-09 22:43:18,Good,65.12,33.8,0.33799999999999997,64,65,April4_9_10(April4_9_10).csv
2026-04-09 22:43:20,Good,65.12,33.7,0.337,64,65,April4_9_10(April4_9_10).csv
2026-04-09 22:43:22,Good,65.12,33.6,0.336,64,65,April4_9_10(April4_9_10).csv
2026-04-09 22:43:24,Good,65.12,33.6,0.336,64,65,April4_9_10(April4_9_10).csv
2026-04-09 22:43:26,Good,65.12,33.5,0.335,64,65,April4_9_10(April4_9_10).csv
2026-04-09 22:43:28,Good,65.12,33.5,0.335,64,65,April4_9_10(April4_9_10).csv
2026-04-09 22:43:30,Good,65.12,33.4,0.33399999999999996,64,65,April4_9_10(April4_9_10).csv
2026-04-09 22:43:32,Good,65.12,33.4,0.33399999999999996,64,65,April4_9_10(April4_9_10).csv
2026-04-09 22:43:34,Good,65.12,33.3,0.33299999999999996,64,65,April4_9_10(April4_9_10).csv
2026-04-09 22:43:36,Good,65.12,33.3,0.33299999999999996,64,65,April4_9_10(April4_9_10).csv
2026-04-09 22:43:38,Good,65.12,33.2,0.332,64,65,April4_9_10(April4_9_10).csv
2026-04-09 22:43:40,Good,65.12,33.2,0.332,64,65,April4_9_10(April4_9_10).csv
2026-04-09 22:43:42,Good,65.12,33.1,0.331,64,65,April4_9_10(April4_9_10).csv
2026-04-09 22:43:44,Good,65.12,33.0,0.33,64,65,April4_9_10(April4_9_10).csv
2026-04-09 22:43:46,Good,65.12,32.9,0.32899999999999996,64,65,April4_9_10(April4_9_10).csv
2026-04-09 22:43:48,Good,65.12,32.9,0.32899999999999996,64,65,April4_9_10(April4_9_10).csv
2026-04-09 22:43:50,Good,65.12,32.8,0.32799999999999996,64,65,April4_9_10(April4_9_10).csv
2026-04-09 22:43:52,Good,65.12,32.8,0.32799999999999996,64,65,April4_9_10(April4_9_10).csv
2026-04-09 22:43:55,Good,65.12,32.8,0.32799999999999996,64,65,April4_9_10(April4_9_10).csv
2026-04-09 22:43:57,Good,65.12,32.8,0.32799999999999996,64,65,April4_9_10(April4_9_10).csv
2026-04-09 22:43:59,Good,65.12,32.8,0.32799999999999996,64,65,April4_9_10(April4_9_10).csv
2026-04-09 22:44:01,Good,65.12,32.8,0.32799999999999996,64,65,April4_9_10(April4_9_10).csv
2026-04-09 22:44:03,Good,65.12,32.8,0.32799999999999996,64,65,April4_9_10(April4_9_10).csv
2026-04-09 22:44:05,Good,65.12,32.8,0.32799999999999996,64,65,April4_9_10(April4_9_10).csv
2026-04-09 22:44:07,Good,65.12,32.8,0.32799999999999996,64,65,April4_9_10(April4_9_10).csv
2026-04-09 22:44:09,Good,65.12,32.7,0.327,64,65,April4_9_10(April4_9_10).csv
2026-04-09 22:44:11,Good,65.12,32.6,0.326,64,65,April4_9_10(April4_9_10).csv
2026-04-09 22:44:13,Good,65.12,32.5,0.325,64,65,April4_9_10(April4_9_10).csv
2026-04-09 22:44:15,Good,65.12,32.5,0.325,64,65,April4_9_10(April4_9_10).csv
2026-04-09 22:44:17,Good,65.12,32.5,0.325,64,65,April4_9_10(April4_9_10).csv
2026-04-09 22:44:19,Good,65.12,32.6,0.326,64,65,April4_9_10(April4_9_10).csv
2026-04-09 22:44:21,Good,65.12,32.6,0.326,64,65,April4_9_10(April4_9_10).csv
2026-04-09 22:44:23,Good,65.12,32.6,0.326,64,65,April4_9_10(April4_9_10).csv
2026-04-09 22:44:25,Good,65.12,32.6,0.326,64,65,April4_9_10(April4_9_10).csv
2026-04-09 22:44:27,Good,65.12,32.7,0.327,64,65,April4_9_10(April4_9_10).csv
2026-04-09 22:44:29,Good,65.12,32.7,0.327,64,65,April4_9_10(April4_9_10).csv
2026-04-09 22:44:31,Good,65.12,32.8,0.32799999999999996,64,65,April4_9_10(April4_9_10).csv
2026-04-09 22:44:33,Good,65.12,32.8,0.32799999999999996,64,65,April4_9_10(April4_9_10).csv
2026-04-09 22:44:35,Good,65.12,32.7,0.327,64,65,April4_9_10(April4_9_10).csv
2026-04-09 22:44:37,Good,65.12,32.7,0.327,64,65,April4_9_10(April4_9_10).csv
2026-04-09 22:44:39,Good,65.12,32.6,0.326,64,65,April4_9_10(April4_9_10).csv
2026-04-09 22:44:41,Good,65.12,32.6,0.326,64,65,April4_9_10(April4_9_10).csv
2026-04-09 22:44:43,Good,65.12,32.5,0.325,64,65,April4_9_10(April4_9_10).csv
2026-04-09 22:44:45,Good,65.12,32.5,0.325,64,65,April4_9_10(April4_9_10).csv
2026-04-09 22:44:48,Good,65.12,32.4,0.324,64,65,April4_9_10(April4_9_10).csv
2026-04-09 22:44:50,Good,65.12,32.4,0.324,64,65,April4_9_10(April4_9_10).csv
2026-04-09 22:44:52,Good,65.12,32.4,0.324,64,65,April4_9_10(April4_9_10).csv
2026-04-09 22:44:54,Good,65.12,32.4,0.324,64,65,April4_9_10(April4_9_10).csv
2026-04-09 22:44:56,Good,65.12,32.4,0.324,64,65,April4_9_10(April4_9_10).csv
2026-04-09 22:44:58,Good,65.12,32.3,0.32299999999999995,64,65,April4_9_10(April4_9_10).csv
2026-04-09 22:45:00,Good,64.94,32.2,0.322,64,65,April4_9_10(April4_9_10).csv
2026-04-09 22:45:02,Good,65.12,32.2,0.322,64,65,April4_9_10(April4_9_10).csv
2026-04-09 22:45:04,Good,65.12,32.2,0.322,64,65,April4_9_10(April4_9_10).csv
2026-04-09 22:45:06,Good,65.12,32.1,0.321,64,65,April4_9_10(April4_9_10).csv
2026-04-09 22:45:08,Good,65.12,32.1,0.321,64,65,April4_9_10(April4_9_10).csv
2026-04-09 22:45:10,Good,65.12,32.1,0.321,64,65,April4_9_10(April4_9_10).csv
2026-04-09 22:45:12,Good,65.12,32.1,0.321,64,65,April4_9_10(April4_9_10).csv
2026-04-09 22:45:14,Good,65.12,32.2,0.322,64,64,April4_9_10(April4_9_10).csv
2026-04-09 22:45:16,Good,65.12,32.2,0.322,64,65,April4_9_10(April4_9_10).csv
2026-04-09 22:45:18,Good,65.12,32.3,0.32299999999999995,64,65,April4_9_10(April4_9_10).csv
2026-04-09 22:45:20,Good,65.12,32.3,0.32299999999999995,64,65,April4_9_10(April4_9_10).csv
2026-04-09 22:45:22,Good,65.12,32.4,0.324,64,65,April4_9_10(April4_9_10).csv
2026-04-09 22:45:24,Good,64.94,32.4,0.324,64,65,April4_9_10(April4_9_10).csv
2026-04-09 22:45:26,Good,65.12,32.6,0.326,64,65,April4_9_10(April4_9_10).csv
2026-04-09 22:45:28,Good,65.12,32.6,0.326,64,64,April4_9_10(April4_9_10).csv
2026-04-09 22:45:30,Good,65.12,32.7,0.327,64,65,April4_9_10(April4_9_10).csv
2026-04-09 22:45:32,Good,65.12,32.7,0.327,64,65,April4_9_10(April4_9_10).csv
2026-04-09 22:45:34,Good,65.12,32.6,0.326,64,65,April4_9_10(April4_9_10).csv
2026-04-09 22:45:36,Good,64.94,32.4,0.324,64,65,April4_9_10(April4_9_10).csv
2026-04-09 22:45:38,Good,65.12,32.5,0.325,64,65,April4_9_10(April4_9_10).csv
2026-04-09 22:45:41,Good,64.94,32.4,0.324,64,65,April4_9_10(April4_9_10).csv
2026-04-09 22:45:43,Good,65.12,32.4,0.324,64,65,April4_9_10(April4_9_10).csv
2026-04-09 22:45:45,Good,64.94,32.4,0.324,64,65,April4_9_10(April4_9_10).csv
2026-04-09 22:45:47,Good,65.12,32.4,0.324,64,65,April4_9_10(April4_9_10).csv
2026-04-09 22:45:49,Good,64.94,32.4,0.324,64,65,April4_9_10(April4_9_10).csv
2026-04-09 22:45:51,Good,65.12,32.5,0.325,64,64,April4_9_10(April4_9_10).csv
2026-04-09 22:45:53,Good,64.94,32.5,0.325,64,65,April4_9_10(April4_9_10).csv
2026-04-09 22:45:55,Good,65.12,32.6,0.326,64,64,April4_9_10(April4_9_10).csv
2026-04-09 22:45:57,Good,64.94,32.6,0.326,64,65,April4_9_10(April4_9_10).csv
2026-04-09 22:45:59,Good,65.12,32.7,0.327,64,65,April4_9_10(April4_9_10).csv
2026-04-09 22:46:01,Good,65.12,32.8,0.32799999999999996,64,65,April4_9_10(April4_9_10).csv
2026-04-09 22:46:03,Good,65.12,32.9,0.32899999999999996,64,65,April4_9_10(April4_9_10).csv
2026-04-09 22:46:05,Good,64.94,32.9,0.32899999999999996,64,65,April4_9_10(April4_9_10).csv
2026-04-09 22:46:07,Good,65.12,33.0,0.33,64,65,April4_9_10(April4_9_10).csv
2026-04-09 22:46:09,Good,64.94,32.8,0.32799999999999996,64,65,April4_9_10(April4_9_10).csv
2026-04-09 22:46:11,Good,64.94,32.8,0.32799999999999996,64,64,April4_9_10(April4_9_10).csv
2026-04-09 22:46:13,Good,64.94,32.7,0.327,64,65,April4_9_10(April4_9_10).csv
2026-04-09 22:46:15,Good,64.94,32.7,0.327,64,64,April4_9_10(April4_9_10).csv
2026-04-09 22:46:17,Good,64.94,32.7,0.327,64,64,April4_9_10(April4_9_10).csv
2026-04-09 22:46:19,Good,64.94,32.7,0.327,64,64,April4_9_10(April4_9_10).csv
2026-04-09 22:46:21,Good,64.94,32.8,0.32799999999999996,64,65,April4_9_10(April4_9_10).csv
2026-04-09 22:46:23,Good,64.94,32.8,0.32799999999999996,64,64,April4_9_10(April4_9_10).csv
2026-04-09 22:46:25,Good,64.94,32.8,0.32799999999999996,64,64,April4_9_10(April4_9_10).csv
2026-04-09 22:46:27,Good,64.94,32.7,0.327,64,64,April4_9_10(April4_9_10).csv
2026-04-09 22:46:29,Good,64.94,32.7,0.327,64,64,April4_9_10(April4_9_10).csv
2026-04-09 22:46:31,Good,64.94,32.8,0.32799999999999996,64,64,April4_9_10(April4_9_10).csv
2026-04-09 22:46:33,Good,64.94,32.8,0.32799999999999996,64,65,April4_9_10(April4_9_10).csv
2026-04-09 22:46:36,Good,64.94,32.9,0.32899999999999996,64,65,April4_9_10(April4_9_10).csv
2026-04-09 22:46:38,Good,64.94,32.9,0.32899999999999996,64,65,April4_9_10(April4_9_10).csv
2026-04-09 22:46:40,Good,64.94,32.9,0.32899999999999996,64,64,April4_9_10(April4_9_10).csv
2026-04-09 22:46:42,Good,64.94,32.9,0.32899999999999996,64,64,April4_9_10(April4_9_10).csv
2026-04-09 22:46:44,Good,64.94,32.8,0.32799999999999996,64,65,April4_9_10(April4_9_10).csv
2026-04-09 22:46:46,Good,64.94,32.8,0.32799999999999996,64,65,April4_9_10(April4_9_10).csv
2026-04-09 22:46:48,Good,64.94,32.8,0.32799999999999996,64,64,April4_9_10(April4_9_10).csv
2026-04-09 22:46:50,Good,64.94,32.8,0.32799999999999996,64,64,April4_9_10(April4_9_10).csv
2026-04-09 22:46:52,Good,64.94,32.8,0.32799999999999996,64,64,April4_9_10(April4_9_10).csv
2026-04-09 22:46:54,Good,64.94,32.8,0.32799999999999996,64,65,April4_9_10(April4_9_10).csv
2026-04-09 22:46:56,Good,64.94,32.8,0.32799999999999996,64,64,April4_9_10(April4_9_10).csv
2026-04-09 22:46:58,Good,64.94,32.7,0.327,64,64,April4_9_10(April4_9_10).csv
2026-04-09 22:47:00,Good,64.94,32.7,0.327,64,65,April4_9_10(April4_9_10).csv
2026-04-09 22:47:02,Good,64.94,32.6,0.326,64,64,April4_9_10(April4_9_10).csv
2026-04-09 22:47:04,Good,64.94,32.5,0.325,63,65,April4_9_10(April4_9_10).csv
2026-04-09 22:47:06,Good,64.94,32.5,0.325,64,64,April4_9_10(April4_9_10).csv
2026-04-09 22:47:08,Good,64.94,32.5,0.325,64,65,April4_9_10(April4_9_10).csv
2026-04-09 22:47:10,Good,64.94,32.5,0.325,64,64,April4_9_10(April4_9_10).csv
2026-04-09 22:47:12,Good,64.94,32.5,0.325,64,64,April4_9_10(April4_9_10).csv
2026-04-09 22:47:14,Good,64.94,32.5,0.325,64,64,April4_9_10(April4_9_10).csv
2026-04-09 22:47:16,Good,64.94,32.5,0.325,64,64,April4_9_10(April4_9_10).csv
2026-04-09 22:47:18,Good,64.94,32.6,0.326,64,65,April4_9_10(April4_9_10).csv
2026-04-09 22:47:20,Good,64.94,32.6,0.326,64,64,April4_9_10(April4_9_10).csv
2026-04-09 22:47:22,Good,64.94,32.6,0.326,64,64,April4_9_10(April4_9_10).csv
2026-04-09 22:47:24,Good,64.94,32.7,0.327,64,64,April4_9_10(April4_9_10).csv
2026-04-09 22:47:26,Good,64.94,32.7,0.327,64,64,April4_9_10(April4_9_10).csv
2026-04-09 22:47:29,Good,64.94,32.7,0.327,63,64,April4_9_10(April4_9_10).csv
2026-04-09 22:47:31,Good,64.94,32.7,0.327,64,64,April4_9_10(April4_9_10).csv
2026-04-09 22:47:33,Good,64.94,32.6,0.326,64,64,April4_9_10(April4_9_10).csv
2026-04-09 22:47:35,Good,64.94,32.6,0.326,64,64,April4_9_10(April4_9_10).csv
2026-04-09 22:47:37,Good,64.94,32.6,0.326,63,64,April4_9_10(April4_9_10).csv
2026-04-09 22:47:39,Good,64.94,32.7,0.327,63,64,April4_9_10(April4_9_10).csv
2026-04-09 22:47:41,Good,64.94,32.7,0.327,64,64,April4_9_10(April4_9_10).csv
2026-04-09 22:47:43,Good,64.94,32.8,0.32799999999999996,64,64,April4_9_10(April4_9_10).csv
2026-04-09 22:47:45,Good,64.94,32.8,0.32799999999999996,64,64,April4_9_10(April4_9_10).csv
2026-04-09 22:47:47,Good,64.94,32.8,0.32799999999999996,64,64,April4_9_10(April4_9_10).csv
2026-04-09 22:47:49,Good,64.94,32.8,0.32799999999999996,64,64,April4_9_10(April4_9_10).csv
2026-04-09 22:47:51,Good,64.94,32.7,0.327,64,64,April4_9_10(April4_9_10).csv
2026-04-09 22:47:53,Good,64.94,32.7,0.327,64,64,April4_9_10(April4_9_10).csv
2026-04-09 22:47:55,Good,64.94,32.6,0.326,64,64,April4_9_10(April4_9_10).csv
2026-04-09 22:47:57,Good,64.94,32.6,0.326,64,64,April4_9_10(April4_9_10).csv
2026-04-09 22:47:59,Good,64.94,32.6,0.326,63,64,April4_9_10(April4_9_10).csv
2026-04-09 22:48:01,Good,64.94,32.5,0.325,64,64,April4_9_10(April4_9_10).csv
2026-04-09 22:48:03,Good,64.94,32.5,0.325,64,64,April4_9_10(April4_9_10).csv
2026-04-09 22:48:05,Good,64.94,32.5,0.325,64,64,April4_9_10(April4_9_10).csv
2026-04-09 22:48:07,Good,64.94,32.4,0.324,64,64,April4_9_10(April4_9_10).csv
2026-04-09 22:48:09,Good,64.94,32.4,0.324,64,64,April4_9_10(April4_9_10).csv
2026-04-09 22:48:11,Good,64.94,32.4,0.324,64,64,April4_9_10(April4_9_10).csv
2026-04-09 22:48:13,Good,64.94,32.3,0.32299999999999995,64,64,April4_9_10(April4_9_10).csv
2026-04-09 22:48:15,Good,64.94,32.3,0.32299999999999995,63,64,April4_9_10(April4_9_10).csv
2026-04-09 22:48:17,Good,64.94,32.2,0.322,64,64,April4_9_10(April4_9_10).csv
2026-04-09 22:48:19,Good,64.94,32.2,0.322,64,64,April4_9_10(April4_9_10).csv
2026-04-09 22:48:22,Good,64.94,32.2,0.322,64,64,April4_9_10(April4_9_10).csv
2026-04-09 22:48:24,Good,64.94,32.2,0.322,64,64,April4_9_10(April4_9_10).csv
2026-04-09 22:48:26,Good,64.94,32.2,0.322,64,64,April4_9_10(April4_9_10).csv
2026-04-09 22:48:28,Good,64.94,32.2,0.322,64,64,April4_9_10(April4_9_10).csv
2026-04-09 22:48:30,Good,64.94,32.2,0.322,64,64,April4_9_10(April4_9_10).csv
2026-04-09 22:48:32,Good,64.94,32.2,0.322,64,64,April4_9_10(April4_9_10).csv
2026-04-09 22:48:34,Good,64.94,32.2,0.322,64,64,April4_9_10(April4_9_10).csv
2026-04-09 22:48:36,Good,64.94,32.3,0.32299999999999995,64,64,April4_9_10(April4_9_10).csv
2026-04-09 22:48:38,Good,64.94,32.3,0.32299999999999995,64,64,April4_9_10(April4_9_10).csv
2026-04-09 22:48:40,Good,64.94,32.3,0.32299999999999995,64,64,April4_9_10(April4_9_10).csv
2026-04-09 22:48:42,Good,64.94,32.3,0.32299999999999995,64,64,April4_9_10(April4_9_10).csv
2026-04-09 22:48:44,Good,64.94,32.3,0.32299999999999995,63,64,April4_9_10(April4_9_10).csv
2026-04-09 22:48:46,Good,64.94,32.3,0.32299999999999995,64,64,April4_9_10(April4_9_10).csv
2026-04-09 22:48:48,Good,64.94,32.3,0.32299999999999995,64,64,April4_9_10(April4_9_10).csv
2026-04-09 22:48:50,Good,64.94,32.4,0.324,64,64,April4_9_10(April4_9_10).csv
2026-04-09 22:48:52,Good,64.94,32.5,0.325,64,64,April4_9_10(April4_9_10).csv
2026-04-09 22:48:54,Good,64.94,32.6,0.326,63,64,April4_9_10(April4_9_10).csv
2026-04-09 22:48:56,Good,64.94,32.7,0.327,63,64,April4_9_10(April4_9_10).csv
2026-04-09 22:48:58,Good,64.94,32.7,0.327,64,64,April4_9_10(April4_9_10).csv
2026-04-09 22:49:00,Good,64.94,32.7,0.327,64,64,April4_9_10(April4_9_10).csv
2026-04-09 22:49:02,Good,64.94,32.7,0.327,64,64,April4_9_10(April4_9_10).csv
2026-04-09 22:49:04,Good,64.94,32.7,0.327,64,64,April4_9_10(April4_9_10).csv
2026-04-09 22:49:06,Good,64.94,32.7,0.327,64,64,April4_9_10(April4_9_10).csv
2026-04-09 22:49:08,Good,64.94,32.7,0.327,64,64,April4_9_10(April4_9_10).csv
2026-04-09 22:49:10,Good,64.94,32.7,0.327,64,64,April4_9_10(April4_9_10).csv
2026-04-09 22:49:12,Good,64.94,32.6,0.326,64,64,April4_9_10(April4_9_10).csv
2026-04-09 22:49:15,Good,64.94,32.5,0.325,64,64,April4_9_10(April4_9_10).csv
2026-04-09 22:49:17,Good,64.94,32.5,0.325,64,64,April4_9_10(April4_9_10).csv
2026-04-09 22:49:19,Good,64.94,32.5,0.325,64,64,April4_9_10(April4_9_10).csv
2026-04-09 22:49:21,Good,64.94,32.4,0.324,64,64,April4_9_10(April4_9_10).csv
2026-04-09 22:49:23,Good,64.94,32.3,0.32299999999999995,63,64,April4_9_10(April4_9_10).csv
2026-04-09 22:49:25,Good,64.94,32.3,0.32299999999999995,64,64,April4_9_10(April4_9_10).csv
2026-04-09 22:49:27,Good,64.94,32.3,0.32299999999999995,64,64,April4_9_10(April4_9_10).csv
2026-04-09 22:49:29,Good,64.94,32.3,0.32299999999999995,64,64,April4_9_10(April4_9_10).csv
2026-04-09 22:49:31,Good,64.94,32.4,0.324,64,64,April4_9_10(April4_9_10).csv
2026-04-09 22:49:33,Good,64.94,32.4,0.324,64,64,April4_9_10(April4_9_10).csv
2026-04-09 22:49:35,Good,64.94,32.5,0.325,64,64,April4_9_10(April4_9_10).csv
2026-04-09 22:49:37,Good,64.94,32.5,0.325,63,64,April4_9_10(April4_9_10).csv
2026-04-09 22:49:39,Good,64.94,32.6,0.326,64,64,April4_9_10(April4_9_10).csv
2026-04-09 22:49:41,Good,64.94,32.6,0.326,63,64,April4_9_10(April4_9_10).csv
2026-04-09 22:49:43,Good,64.94,32.7,0.327,64,64,April4_9_10(April4_9_10).csv
2026-04-09 22:49:45,Good,64.76,32.6,0.326,63,64,April4_9_10(April4_9_10).csv
2026-04-09 22:49:47,Good,64.94,32.8,0.32799999999999996,64,64,April4_9_10(April4_9_10).csv
2026-04-09 22:49:49,Good,64.94,32.8,0.32799999999999996,64,64,April4_9_10(April4_9_10).csv
2026-04-09 22:49:51,Good,64.94,32.8,0.32799999999999996,63,64,April4_9_10(April4_9_10).csv
2026-04-09 22:49:53,Good,64.94,32.8,0.32799999999999996,63,64,April4_9_10(April4_9_10).csv
2026-04-09 22:49:55,Good,64.94,32.8,0.32799999999999996,63,64,April4_9_10(April4_9_10).csv
2026-04-09 22:49:57,Good,64.94,32.8,0.32799999999999996,64,64,April4_9_10(April4_9_10).csv
2026-04-09 22:49:59,Good,64.94,32.8,0.32799999999999996,64,64,April4_9_10(April4_9_10).csv
2026-04-09 22:50:01,Good,64.94,32.8,0.32799999999999996,63,64,April4_9_10(April4_9_10).csv
2026-04-09 22:50:03,Good,64.94,32.7,0.327,64,64,April4_9_10(April4_9_10).csv
2026-04-09 22:50:05,Good,64.94,32.7,0.327,63,64,April4_9_10(April4_9_10).csv
2026-04-09 22:50:08,Good,64.94,32.6,0.326,64,64,April4_9_10(April4_9_10).csv
2026-04-09 22:50:10,Good,64.94,32.5,0.325,63,64,April4_9_10(April4_9_10).csv
2026-04-09 22:50:12,Good,64.94,32.5,0.325,63,64,April4_9_10(April4_9_10).csv
2026-04-09 22:50:14,Good,64.94,32.4,0.324,63,64,April4_9_10(April4_9_10).csv
2026-04-09 22:50:16,Good,64.94,32.3,0.32299999999999995,63,64,April4_9_10(April4_9_10).csv
2026-04-09 22:50:18,Good,64.94,32.3,0.32299999999999995,63,64,April4_9_10(April4_9_10).csv
2026-04-09 22:50:20,Good,64.94,32.2,0.322,64,64,April4_9_10(April4_9_10).csv
2026-04-09 22:50:22,Good,64.94,32.2,0.322,64,64,April4_9_10(April4_9_10).csv
2026-04-09 22:50:24,Good,64.94,32.2,0.322,64,64,April4_9_10(April4_9_10).csv
2026-04-09 22:50:26,Good,64.94,32.2,0.322,63,64,April4_9_10(April4_9_10).csv
2026-04-09 22:50:28,Good,64.94,32.2,0.322,63,64,April4_9_10(April4_9_10).csv
2026-04-09 22:50:30,Good,64.94,32.2,0.322,63,64,April4_9_10(April4_9_10).csv
2026-04-09 22:50:32,Good,64.94,32.2,0.322,63,64,April4_9_10(April4_9_10).csv
2026-04-09 22:50:34,Good,64.94,32.3,0.32299999999999995,63,64,April4_9_10(April4_9_10).csv
2026-04-09 22:50:36,Good,64.94,32.3,0.32299999999999995,63,64,April4_9_10(April4_9_10).csv
2026-04-09 22:50:38,Good,64.94,32.4,0.324,63,64,April4_9_10(April4_9_10).csv
2026-04-09 22:50:40,Good,64.94,32.3,0.32299999999999995,63,64,April4_9_10(April4_9_10).csv
2026-04-09 22:50:42,Good,64.94,32.3,0.32299999999999995,64,64,April4_9_10(April4_9_10).csv
2026-04-09 22:50:44,Good,64.94,32.2,0.322,64,64,April4_9_10(April4_9_10).csv
2026-04-09 22:50:46,Good,64.94,32.2,0.322,63,64,April4_9_10(April4_9_10).csv
2026-04-09 22:50:48,Good,64.94,32.3,0.32299999999999995,63,64,April4_9_10(April4_9_10).csv
2026-04-09 22:50:50,Good,64.94,32.3,0.32299999999999995,63,64,April4_9_10(April4_9_10).csv
2026-04-09 22:50:52,Good,64.76,32.3,0.32299999999999995,63,64,April4_9_10(April4_9_10).csv
2026-04-09 22:50:55,Good,64.94,32.5,0.325,63,64,April4_9_10(April4_9_10).csv
2026-04-09 22:50:57,Good,64.94,32.5,0.325,63,64,April4_9_10(April4_9_10).csv
2026-04-09 22:50:59,Good,64.76,32.4,0.324,63,64,April4_9_10(April4_9_10).csv
2026-04-09 22:51:01,Good,64.76,32.4,0.324,63,64,April4_9_10(April4_9_10).csv
2026-04-09 22:51:03,Good,64.76,32.3,0.32299999999999995,63,64,April4_9_10(April4_9_10).csv
2026-04-09 22:51:05,Good,64.94,32.5,0.325,63,64,April4_9_10(April4_9_10).csv
2026-04-09 22:51:07,Good,64.76,32.4,0.324,64,64,April4_9_10(April4_9_10).csv
2026-04-09 22:51:09,Good,64.76,32.5,0.325,63,64,April4_9_10(April4_9_10).csv
2026-04-09 22:51:11,Good,64.94,32.7,0.327,64,64,April4_9_10(April4_9_10).csv
2026-04-09 22:51:13,Good,64.76,32.7,0.327,63,64,April4_9_10(April4_9_10).csv
2026-04-09 22:51:15,Good,64.94,32.9,0.32899999999999996,63,64,April4_9_10(April4_9_10).csv
2026-04-09 22:51:17,Good,64.76,32.8,0.32799999999999996,63,64,April4_9_10(April4_9_10).csv
2026-04-09 22:51:19,Good,64.94,32.9,0.32899999999999996,64,64,April4_9_10(April4_9_10).csv
2026-04-09 22:51:21,Good,64.76,32.9,0.32899999999999996,63,64,April4_9_10(April4_9_10).csv
2026-04-09 22:51:23,Good,64.76,32.9,0.32899999999999996,63,64,April4_9_10(April4_9_10).csv
2026-04-09 22:51:25,Good,64.94,33.0,0.33,63,64,April4_9_10(April4_9_10).csv
2026-04-09 22:51:27,Good,64.76,32.9,0.32899999999999996,63,64,April4_9_10(April4_9_10).csv
2026-04-09 22:51:29,Good,64.76,32.8,0.32799999999999996,64,64,April4_9_10(April4_9_10).csv
2026-04-09 22:51:31,Good,64.76,32.8,0.32799999999999996,63,64,April4_9_10(April4_9_10).csv
2026-04-09 22:51:33,Good,64.76,32.8,0.32799999999999996,64,64,April4_9_10(April4_9_10).csv
2026-04-09 22:51:35,Good,64.76,32.8,0.32799999999999996,63,64,April4_9_10(April4_9_10).csv
2026-04-09 22:51:37,Good,64.94,32.9,0.32899999999999996,63,64,April4_9_10(April4_9_10).csv
2026-04-09 22:51:39,Good,64.76,32.8,0.32799999999999996,63,64,April4_9_10(April4_9_10).csv
2026-04-09 22:51:41,Good,64.94,32.8,0.32799999999999996,63,64,April4_9_10(April4_9_10).csv
2026-04-09 22:51:43,Good,64.76,32.7,0.327,63,64,April4_9_10(April4_9_10).csv
2026-04-09 22:51:45,Good,64.94,32.7,0.327,63,64,April4_9_10(April4_9_10).csv
2026-04-09 22:51:48,Good,64.94,32.7,0.327,63,65,April4_9_10(April4_9_10).csv
2026-04-09 22:51:50,Good,64.94,32.8,0.32799999999999996,63,65,April4_9_10(April4_9_10).csv
2026-04-09 22:51:52,Good,64.94,32.9,0.32899999999999996,63,65,April4_9_10(April4_9_10).csv
2026-04-09 22:51:54,Good,64.94,32.9,0.32899999999999996,63,64,April4_9_10(April4_9_10).csv
2026-04-09 22:51:56,Good,64.94,32.9,0.32899999999999996,63,65,April4_9_10(April4_9_10).csv
2026-04-09 22:51:58,Good,64.94,33.0,0.33,63,65,April4_9_10(April4_9_10).csv
2026-04-09 22:52:00,Good,64.94,33.0,0.33,63,65,April4_9_10(April4_9_10).csv
2026-04-09 22:52:02,Good,64.94,33.0,0.33,63,65,April4_9_10(April4_9_10).csv
2026-04-09 22:52:04,Good,64.76,32.9,0.32899999999999996,63,65,April4_9_10(April4_9_10).csv
2026-04-09 22:52:06,Good,64.94,32.9,0.32899999999999996,63,65,April4_9_10(April4_9_10).csv
2026-04-09 22:52:08,Good,64.94,32.9,0.32899999999999996,63,65,April4_9_10(April4_9_10).csv
2026-04-09 22:52:10,Good,64.94,32.9,0.32899999999999996,63,65,April4_9_10(April4_9_10).csv
2026-04-09 22:52:12,Good,64.94,32.9,0.32899999999999996,63,65,April4_9_10(April4_9_10).csv
2026-04-09 22:52:14,Good,64.94,33.0,0.33,63,65,April4_9_10(April4_9_10).csv
2026-04-09 22:52:16,Good,64.94,33.0,0.33,63,65,April4_9_10(April4_9_10).csv
2026-04-09 22:52:18,Good,64.94,33.0,0.33,63,65,April4_9_10(April4_9_10).csv
2026-04-09 22:52:20,Good,64.76,33.0,0.33,63,65,April4_9_10(April4_9_10).csv
2026-04-09 22:52:22,Good,64.94,33.1,0.331,63,65,April4_9_10(April4_9_10).csv
2026-04-09 22:52:24,Good,64.94,33.2,0.332,63,65,April4_9_10(April4_9_10).csv
2026-04-09 22:52:26,Good,64.94,33.3,0.33299999999999996,63,65,April4_9_10(April4_9_10).csv
2026-04-09 22:52:28,Good,64.94,33.3,0.33299999999999996,63,65,April4_9_10(April4_9_10).csv
2026-04-09 22:52:30,Good,64.94,33.3,0.33299999999999996,63,65,April4_9_10(April4_9_10).csv
2026-04-09 22:52:32,Good,64.94,33.3,0.33299999999999996,63,65,April4_9_10(April4_9_10).csv
2026-04-09 22:52:34,Good,64.94,33.3,0.33299999999999996,63,65,April4_9_10(April4_9_10).csv
2026-04-09 22:52:36,Good,64.94,33.3,0.33299999999999996,63,65,April4_9_10(April4_9_10).csv
2026-04-09 22:52:38,Good,64.94,33.3,0.33299999999999996,63,65,April4_9_10(April4_9_10).csv
2026-04-09 22:52:41,Good,64.94,33.3,0.33299999999999996,63,65,April4_9_10(April4_9_10).csv
2026-04-09 22:52:43,Good,64.94,33.4,0.33399999999999996,64,65,April4_9_10(April4_9_10).csv
2026-04-09 22:52:45,Good,64.94,33.4,0.33399999999999996,63,65,April4_9_10(April4_9_10).csv
2026-04-09 22:52:47,Good,64.94,33.4,0.33399999999999996,63,65,April4_9_10(April4_9_10).csv
2026-04-09 22:52:49,Good,64.94,33.5,0.335,63,65,April4_9_10(April4_9_10).csv
2026-04-09 22:52:51,Good,64.94,33.5,0.335,63,65,April4_9_10(April4_9_10).csv
2026-04-09 22:52:53,Good,64.94,33.4,0.33399999999999996,63,65,April4_9_10(April4_9_10).csv
2026-04-09 22:52:55,Good,64.94,33.4,0.33399999999999996,63,65,April4_9_10(April4_9_10).csv
2026-04-09 22:52:57,Good,64.94,33.2,0.332,63,65,April4_9_10(April4_9_10).csv
2026-04-09 22:52:59,Good,64.94,33.1,0.331,64,65,April4_9_10(April4_9_10).csv
2026-04-09 22:53:01,Good,64.94,33.0,0.33,63,65,April4_9_10(April4_9_10).csv
2026-04-09 22:53:03,Good,64.94,32.9,0.32899999999999996,63,65,April4_9_10(April4_9_10).csv
2026-04-09 22:53:05,Good,64.94,32.8,0.32799999999999996,63,65,April4_9_10(April4_9_10).csv
2026-04-09 22:53:07,Good,64.94,32.7,0.327,63,65,April4_9_10(April4_9_10).csv
2026-04-09 22:53:09,Good,64.94,32.6,0.326,64,65,April4_9_10(April4_9_10).csv
2026-04-09 22:53:11,Good,64.94,32.5,0.325,63,65,April4_9_10(April4_9_10).csv
2026-04-09 22:53:13,Good,64.94,32.5,0.325,63,65,April4_9_10(April4_9_10).csv
2026-04-09 22:53:15,Good,64.94,32.4,0.324,64,65,April4_9_10(April4_9_10).csv
2026-04-09 22:53:17,Good,64.94,32.4,0.324,64,65,April4_9_10(April4_9_10).csv
2026-04-09 22:53:19,Good,64.94,32.4,0.324,64,65,April4_9_10(April4_9_10).csv
2026-04-09 22:53:21,Good,64.94,32.4,0.324,64,65,April4_9_10(April4_9_10).csv
2026-04-09 22:53:23,Good,64.94,32.4,0.324,63,65,April4_9_10(April4_9_10).csv
2026-04-09 22:53:25,Good,64.94,32.3,0.32299999999999995,64,65,April4_9_10(April4_9_10).csv
2026-04-09 22:53:27,Good,64.94,32.2,0.322,64,65,April4_9_10(April4_9_10).csv
2026-04-09 22:53:29,Good,64.94,32.2,0.322,63,65,April4_9_10(April4_9_10).csv
2026-04-09 22:53:31,Good,64.94,32.2,0.322,63,65,April4_9_10(April4_9_10).csv
2026-04-09 22:53:34,Good,64.94,32.3,0.32299999999999995,63,65,April4_9_10(April4_9_10).csv
2026-04-09 22:53:36,Good,64.94,32.3,0.32299999999999995,64,65,April4_9_10(April4_9_10).csv
2026-04-09 22:53:38,Good,64.94,32.3,0.32299999999999995,64,65,April4_9_10(April4_9_10).csv
2026-04-09 22:53:40,Good,64.94,32.5,0.325,64,65,April4_9_10(April4_9_10).csv
2026-04-09 22:53:42,Good,64.94,32.5,0.325,64,65,April4_9_10(April4_9_10).csv
2026-04-09 22:53:44,Good,64.94,32.5,0.325,64,65,April4_9_10(April4_9_10).csv
2026-04-09 22:53:46,Good,64.94,32.5,0.325,64,65,April4_9_10(April4_9_10).csv
2026-04-09 22:53:48,Good,64.94,32.4,0.324,64,65,April4_9_10(April4_9_10).csv
2026-04-09 22:53:50,Good,64.94,32.4,0.324,64,65,April4_9_10(April4_9_10).csv
2026-04-09 22:53:52,Good,64.94,32.4,0.324,64,65,April4_9_10(April4_9_10).csv
2026-04-09 22:53:54,Good,64.94,32.5,0.325,64,65,April4_9_10(April4_9_10).csv
2026-04-09 22:53:56,Good,64.94,32.5,0.325,64,65,April4_9_10(April4_9_10).csv
2026-04-09 22:53:58,Good,64.94,32.5,0.325,64,65,April4_9_10(April4_9_10).csv
2026-04-09 22:54:00,Good,64.94,32.5,0.325,64,65,April4_9_10(April4_9_10).csv
2026-04-09 22:54:02,Good,64.94,32.5,0.325,64,65,April4_9_10(April4_9_10).csv
2026-04-09 22:54:04,Good,64.94,32.5,0.325,64,65,April4_9_10(April4_9_10).csv
2026-04-09 22:54:06,Good,64.94,32.5,0.325,64,65,April4_9_10(April4_9_10).csv
2026-04-09 22:54:08,Good,64.94,32.4,0.324,64,65,April4_9_10(April4_9_10).csv
2026-04-09 22:54:10,Good,64.94,32.4,0.324,64,65,April4_9_10(April4_9_10).csv
2026-04-09 22:54:12,Good,64.94,32.4,0.324,64,65,April4_9_10(April4_9_10).csv
2026-04-09 22:54:14,Good,64.94,32.4,0.324,64,65,April4_9_10(April4_9_10).csv
2026-04-09 22:54:16,Good,64.94,32.5,0.325,64,65,April4_9_10(April4_9_10).csv
2026-04-09 22:54:18,Good,64.94,32.5,0.325,64,65,April4_9_10(April4_9_10).csv
2026-04-09 22:54:20,Good,64.94,32.5,0.325,64,65,April4_9_10(April4_9_10).csv
2026-04-09 22:54:22,Good,64.94,32.5,0.325,64,65,April4_9_10(April4_9_10).csv
2026-04-09 22:54:24,Good,64.94,32.5,0.325,64,65,April4_9_10(April4_9_10).csv
2026-04-09 22:54:27,Good,64.94,32.5,0.325,64,65,April4_9_10(April4_9_10).csv
2026-04-09 22:54:29,Good,64.94,32.6,0.326,64,65,April4_9_10(April4_9_10).csv
2026-04-09 22:54:31,Good,64.94,32.6,0.326,64,65,April4_9_10(April4_9_10).csv
2026-04-09 22:54:33,Good,64.94,32.6,0.326,64,65,April4_9_10(April4_9_10).csv
2026-04-09 22:54:35,Good,64.94,32.7,0.327,64,65,April4_9_10(April4_9_10).csv
2026-04-09 22:54:37,Good,64.94,32.7,0.327,64,65,April4_9_10(April4_9_10).csv
2026-04-09 22:54:39,Good,64.94,32.7,0.327,64,65,April4_9_10(April4_9_10).csv
2026-04-09 22:54:41,Good,64.94,32.7,0.327,64,65,April4_9_10(April4_9_10).csv
2026-04-09 22:54:43,Good,64.94,32.8,0.32799999999999996,64,65,April4_9_10(April4_9_10).csv
2026-04-09 22:54:45,Good,64.94,32.8,0.32799999999999996,64,65,April4_9_10(April4_9_10).csv
2026-04-09 22:54:47,Good,64.94,32.8,0.32799999999999996,64,65,April4_9_10(April4_9_10).csv
2026-04-09 22:54:49,Good,64.94,32.7,0.327,64,65,April4_9_10(April4_9_10).csv
2026-04-09 22:54:51,Good,65.12,32.7,0.327,64,65,April4_9_10(April4_9_10).csv
2026-04-09 22:54:53,Good,64.94,32.5,0.325,64,65,April4_9_10(April4_9_10).csv
2026-04-09 22:54:55,Good,64.94,32.4,0.324,64,65,April4_9_10(April4_9_10).csv
2026-04-09 22:54:57,Good,64.94,32.3,0.32299999999999995,64,65,April4_9_10(April4_9_10).csv
2026-04-09 22:54:59,Good,64.94,32.3,0.32299999999999995,64,65,April4_9_10(April4_9_10).csv
2026-04-09 22:55:01,Good,64.94,32.3,0.32299999999999995,64,65,April4_9_10(April4_9_10).csv
2026-04-09 22:55:03,Good,65.12,32.4,0.324,64,65,April4_9_10(April4_9_10).csv
2026-04-09 22:55:05,Good,64.94,32.4,0.324,64,65,April4_9_10(April4_9_10).csv
2026-04-09 22:55:07,Good,64.94,32.5,0.325,64,65,April4_9_10(April4_9_10).csv
2026-04-09 22:55:09,Good,64.94,32.7,0.327,64,65,April4_9_10(April4_9_10).csv
2026-04-09 22:55:11,Good,64.94,32.8,0.32799999999999996,64,65,April4_9_10(April4_9_10).csv
2026-04-09 22:55:13,Good,64.94,32.9,0.32899999999999996,64,65,April4_9_10(April4_9_10).csv
2026-04-09 22:55:15,Good,64.94,33.0,0.33,64,65,April4_9_10(April4_9_10).csv
2026-04-09 22:55:17,Good,64.94,33.1,0.331,64,65,April4_9_10(April4_9_10).csv
2026-04-09 22:55:20,Good,64.94,33.2,0.332,64,65,April4_9_10(April4_9_10).csv
2026-04-09 22:55:22,Good,65.12,33.4,0.33399999999999996,64,65,April4_9_10(April4_9_10).csv
2026-04-09 22:55:24,Good,65.12,33.5,0.335,64,65,April4_9_10(April4_9_10).csv
2026-04-09 22:55:26,Good,65.12,33.6,0.336,64,65,April4_9_10(April4_9_10).csv
2026-04-09 22:55:28,Good,64.94,33.6,0.336,64,65,April4_9_10(April4_9_10).csv
2026-04-09 22:55:30,Good,65.12,33.8,0.33799999999999997,63,65,April4_9_10(April4_9_10).csv
2026-04-09 22:55:32,Good,64.94,33.7,0.337,64,65,April4_9_10(April4_9_10).csv
2026-04-09 22:55:34,Good,65.12,33.7,0.337,64,65,April4_9_10(April4_9_10).csv
2026-04-09 22:55:36,Good,65.12,33.7,0.337,64,65,April4_9_10(April4_9_10).csv
2026-04-09 22:55:38,Good,65.12,33.6,0.336,64,65,April4_9_10(April4_9_10).csv
2026-04-09 22:55:40,Good,65.12,33.5,0.335,64,65,April4_9_10(April4_9_10).csv
2026-04-09 22:55:42,Good,65.12,33.4,0.33399999999999996,64,65,April4_9_10(April4_9_10).csv
2026-04-09 22:55:44,Good,65.12,33.3,0.33299999999999996,64,65,April4_9_10(April4_9_10).csv
2026-04-09 22:55:46,Good,65.12,33.2,0.332,64,65,April4_9_10(April4_9_10).csv
2026-04-09 22:55:48,Good,65.12,33.2,0.332,64,65,April4_9_10(April4_9_10).csv
2026-04-09 22:55:50,Good,65.12,33.2,0.332,64,65,April4_9_10(April4_9_10).csv
2026-04-09 22:55:52,Good,65.12,33.2,0.332,64,65,April4_9_10(April4_9_10).csv
2026-04-09 22:55:54,Good,65.12,33.1,0.331,64,65,April4_9_10(April4_9_10).csv
2026-04-09 22:55:56,Good,65.12,32.9,0.32899999999999996,64,65,April4_9_10(April4_9_10).csv
2026-04-09 22:55:58,Good,65.12,32.8,0.32799999999999996,64,65,April4_9_10(April4_9_10).csv
2026-04-09 22:56:00,Good,65.12,32.7,0.327,64,65,April4_9_10(April4_9_10).csv
2026-04-09 22:56:02,Good,65.12,32.5,0.325,64,65,April4_9_10(April4_9_10).csv
2026-04-09 22:56:04,Good,65.12,32.4,0.324,64,65,April4_9_10(April4_9_10).csv
2026-04-09 22:56:06,Good,65.12,32.3,0.32299999999999995,64,65,April4_9_10(April4_9_10).csv
2026-04-09 22:56:08,Good,65.12,32.3,0.32299999999999995,64,65,April4_9_10(April4_9_10).csv
2026-04-09 22:56:10,Good,65.12,32.2,0.322,64,65,April4_9_10(April4_9_10).csv
2026-04-09 22:56:12,Good,65.12,32.2,0.322,64,65,April4_9_10(April4_9_10).csv
2026-04-09 22:56:15,Good,65.12,32.1,0.321,64,65,April4_9_10(April4_9_10).csv
2026-04-09 22:56:17,Good,65.12,32.1,0.321,64,65,April4_9_10(April4_9_10).csv
2026-04-09 22:56:19,Good,65.12,32.1,0.321,64,65,April4_9_10(April4_9_10).csv
2026-04-09 22:56:21,Good,65.12,32.2,0.322,64,65,April4_9_10(April4_9_10).csv
2026-04-09 22:56:23,Good,65.12,32.2,0.322,64,65,April4_9_10(April4_9_10).csv
2026-04-09 22:56:25,Good,65.12,32.3,0.32299999999999995,64,65,April4_9_10(April4_9_10).csv
2026-04-09 22:56:27,Good,64.94,32.2,0.322,64,65,April4_9_10(April4_9_10).csv
2026-04-09 22:56:29,Good,64.94,32.2,0.322,64,65,April4_9_10(April4_9_10).csv
2026-04-09 22:56:31,Good,64.94,32.2,0.322,64,65,April4_9_10(April4_9_10).csv
2026-04-09 22:56:33,Good,64.94,32.1,0.321,64,65,April4_9_10(April4_9_10).csv
2026-04-09 22:56:35,Good,64.94,32.0,0.32,64,65,April4_9_10(April4_9_10).csv
2026-04-09 22:56:37,Good,64.94,32.0,0.32,64,65,April4_9_10(April4_9_10).csv
2026-04-09 22:56:39,Good,64.94,31.9,0.319,64,65,April4_9_10(April4_9_10).csv
2026-04-09 22:56:41,Good,64.94,31.8,0.318,64,65,April4_9_10(April4_9_10).csv
2026-04-09 22:56:43,Good,64.94,31.6,0.316,64,65,April4_9_10(April4_9_10).csv
2026-04-09 22:56:45,Good,64.94,31.5,0.315,64,65,April4_9_10(April4_9_10).csv
2026-04-09 22:56:47,Good,64.94,31.5,0.315,64,65,April4_9_10(April4_9_10).csv
2026-04-09 22:56:49,Good,64.94,31.5,0.315,64,65,April4_9_10(April4_9_10).csv
2026-04-09 22:56:51,Good,64.94,31.6,0.316,64,65,April4_9_10(April4_9_10).csv
2026-04-09 22:56:53,Good,64.94,31.7,0.317,64,65,April4_9_10(April4_9_10).csv
2026-04-09 22:56:55,Good,64.94,31.8,0.318,64,65,April4_9_10(April4_9_10).csv
2026-04-09 22:56:57,Good,64.94,31.9,0.319,64,65,April4_9_10(April4_9_10).csv
2026-04-09 22:56:59,Good,64.94,32.0,0.32,64,65,April4_9_10(April4_9_10).csv
2026-04-09 22:57:01,Good,64.94,32.1,0.321,64,65,April4_9_10(April4_9_10).csv
2026-04-09 22:57:03,Good,64.94,32.2,0.322,63,65,April4_9_10(April4_9_10).csv
2026-04-09 22:57:06,Good,64.94,32.3,0.32299999999999995,64,65,April4_9_10(April4_9_10).csv
2026-04-09 22:57:08,Good,64.94,32.4,0.324,64,65,April4_9_10(April4_9_10).csv
2026-04-09 22:57:10,Good,64.94,32.5,0.325,64,65,April4_9_10(April4_9_10).csv
2026-04-09 22:57:12,Good,64.94,32.6,0.326,64,65,April4_9_10(April4_9_10).csv
2026-04-09 22:57:14,Good,64.94,32.6,0.326,64,65,April4_9_10(April4_9_10).csv
2026-04-09 22:57:16,Good,64.94,32.7,0.327,64,65,April4_9_10(April4_9_10).csv
2026-04-09 22:57:18,Good,64.94,32.7,0.327,64,65,April4_9_10(April4_9_10).csv
2026-04-09 22:57:20,Good,64.94,32.8,0.32799999999999996,64,65,April4_9_10(April4_9_10).csv
2026-04-09 22:57:22,Good,64.94,32.8,0.32799999999999996,64,65,April4_9_10(April4_9_10).csv
2026-04-09 22:57:24,Good,64.94,32.7,0.327,64,65,April4_9_10(April4_9_10).csv
2026-04-09 22:57:26,Good,64.94,32.7,0.327,64,65,April4_9_10(April4_9_10).csv
2026-04-09 22:57:28,Good,64.94,32.7,0.327,64,65,April4_9_10(April4_9_10).csv
2026-04-09 22:57:30,Good,64.94,32.8,0.32799999999999996,63,65,April4_9_10(April4_9_10).csv
2026-04-09 22:57:32,Good,64.94,32.8,0.32799999999999996,64,65,April4_9_10(April4_9_10).csv
2026-04-09 22:57:34,Good,64.76,32.8,0.32799999999999996,64,65,April4_9_10(April4_9_10).csv
2026-04-09 22:57:36,Good,64.94,32.9,0.32899999999999996,64,65,April4_9_10(April4_9_10).csv
2026-04-09 22:57:38,Good,64.94,33.0,0.33,64,65,April4_9_10(April4_9_10).csv
2026-04-09 22:57:40,Good,64.94,33.1,0.331,64,65,April4_9_10(April4_9_10).csv
2026-04-09 22:57:42,Good,64.94,33.2,0.332,64,65,April4_9_10(April4_9_10).csv
2026-04-09 22:57:44,Good,64.94,33.2,0.332,64,65,April4_9_10(April4_9_10).csv
2026-04-09 22:57:46,Good,64.94,33.2,0.332,64,65,April4_9_10(April4_9_10).csv
2026-04-09 22:57:48,Good,64.94,33.2,0.332,64,65,April4_9_10(April4_9_10).csv
2026-04-09 22:57:50,Good,64.94,33.2,0.332,64,65,April4_9_10(April4_9_10).csv
2026-04-09 22:57:52,Good,64.94,33.1,0.331,64,65,April4_9_10(April4_9_10).csv
2026-04-09 22:57:54,Good,64.94,33.0,0.33,64,65,April4_9_10(April4_9_10).csv
2026-04-09 22:57:56,Good,64.94,32.9,0.32899999999999996,64,65,April4_9_10(April4_9_10).csv
2026-04-09 22:57:59,Good,64.94,32.8,0.32799999999999996,64,65,April4_9_10(April4_9_10).csv
2026-04-09 22:58:01,Good,64.94,32.8,0.32799999999999996,64,65,April4_9_10(April4_9_10).csv
2026-04-09 22:58:03,Good,64.94,32.8,0.32799999999999996,64,65,April4_9_10(April4_9_10).csv
2026-04-09 22:58:05,Good,64.94,32.8,0.32799999999999996,64,65,April4_9_10(April4_9_10).csv
2026-04-09 22:58:07,Good,64.94,32.7,0.327,64,65,April4_9_10(April4_9_10).csv
2026-04-09 22:58:09,Good,64.94,32.7,0.327,64,65,April4_9_10(April4_9_10).csv
2026-04-09 22:58:11,Good,64.94,32.7,0.327,64,65,April4_9_10(April4_9_10).csv
2026-04-09 22:58:13,Good,64.94,32.6,0.326,64,65,April4_9_10(April4_9_10).csv
2026-04-09 22:58:15,Good,64.94,32.6,0.326,64,65,April4_9_10(April4_9_10).csv
2026-04-09 22:58:17,Good,64.94,32.6,0.326,64,65,April4_9_10(April4_9_10).csv
2026-04-09 22:58:19,Good,64.94,32.6,0.326,64,65,April4_9_10(April4_9_10).csv
2026-04-09 22:58:21,Good,64.94,32.6,0.326,64,65,April4_9_10(April4_9_10).csv
2026-04-09 22:58:23,Good,64.94,32.5,0.325,64,65,April4_9_10(April4_9_10).csv
2026-04-09 22:58:25,Good,64.94,32.4,0.324,64,65,April4_9_10(April4_9_10).csv
2026-04-09 22:58:27,Good,64.94,32.3,0.32299999999999995,64,65,April4_9_10(April4_9_10).csv
2026-04-09 22:58:29,Good,64.94,32.3,0.32299999999999995,64,65,April4_9_10(April4_9_10).csv
2026-04-09 22:58:31,Good,64.94,32.2,0.322,63,65,April4_9_10(April4_9_10).csv
2026-04-09 22:58:33,Good,64.94,32.2,0.322,64,65,April4_9_10(April4_9_10).csv
2026-04-09 22:58:35,Good,64.94,32.2,0.322,64,65,April4_9_10(April4_9_10).csv
2026-04-09 22:58:37,Good,64.94,32.2,0.322,64,65,April4_9_10(April4_9_10).csv
2026-04-09 22:58:39,Good,64.94,32.1,0.321,64,65,April4_9_10(April4_9_10).csv
2026-04-09 22:58:41,Good,64.94,32.1,0.321,64,65,April4_9_10(April4_9_10).csv
2026-04-09 22:58:43,Good,64.94,32.0,0.32,64,65,April4_9_10(April4_9_10).csv
2026-04-09 22:58:45,Good,64.94,32.0,0.32,64,65,April4_9_10(April4_9_10).csv
2026-04-09 22:58:47,Good,64.94,32.0,0.32,64,65,April4_9_10(April4_9_10).csv
2026-04-09 22:58:49,Good,64.94,32.0,0.32,64,65,April4_9_10(April4_9_10).csv
2026-04-09 22:58:52,Good,64.94,32.0,0.32,64,65,April4_9_10(April4_9_10).csv
2026-04-09 22:58:54,Good,64.94,32.0,0.32,64,65,April4_9_10(April4_9_10).csv
2026-04-09 22:58:56,Good,64.94,31.9,0.319,64,65,April4_9_10(April4_9_10).csv
2026-04-09 22:58:58,Good,64.76,31.8,0.318,63,65,April4_9_10(April4_9_10).csv
2026-04-09 22:59:00,Good,64.94,31.8,0.318,64,65,April4_9_10(April4_9_10).csv
2026-04-09 22:59:02,Good,64.94,31.8,0.318,64,65,April4_9_10(April4_9_10).csv
2026-04-09 22:59:04,Good,64.94,31.7,0.317,64,65,April4_9_10(April4_9_10).csv
2026-04-09 22:59:06,Good,64.94,31.7,0.317,64,65,April4_9_10(April4_9_10).csv
2026-04-09 22:59:08,Good,64.94,31.6,0.316,64,65,April4_9_10(April4_9_10).csv
2026-04-09 22:59:10,Good,64.94,31.6,0.316,64,65,April4_9_10(April4_9_10).csv
2026-04-09 22:59:12,Good,64.94,31.5,0.315,64,65,April4_9_10(April4_9_10).csv
2026-04-09 22:59:14,Good,64.94,31.5,0.315,64,65,April4_9_10(April4_9_10).csv
2026-04-09 22:59:16,Good,64.76,31.5,0.315,63,65,April4_9_10(April4_9_10).csv
2026-04-09 22:59:18,Good,64.76,31.5,0.315,64,65,April4_9_10(April4_9_10).csv
2026-04-09 22:59:20,Good,64.94,31.5,0.315,64,65,April4_9_10(April4_9_10).csv
2026-04-09 22:59:22,Good,64.94,31.5,0.315,64,65,April4_9_10(April4_9_10).csv
2026-04-09 22:59:24,Good,64.94,31.5,0.315,64,65,April4_9_10(April4_9_10).csv
2026-04-09 22:59:26,Good,64.94,31.5,0.315,64,65,April4_9_10(April4_9_10).csv
2026-04-09 22:59:28,Good,64.94,31.5,0.315,64,65,April4_9_10(April4_9_10).csv
2026-04-09 22:59:30,Good,64.94,31.5,0.315,64,65,April4_9_10(April4_9_10).csv
2026-04-09 22:59:32,Good,64.94,31.5,0.315,64,65,April4_9_10(April4_9_10).csv
2026-04-09 22:59:34,Good,64.94,31.5,0.315,64,65,April4_9_10(April4_9_10).csv
2026-04-09 22:59:36,Good,64.94,31.5,0.315,63,65,April4_9_10(April4_9_10).csv
2026-04-09 22:59:38,Good,64.76,31.5,0.315,64,65,April4_9_10(April4_9_10).csv
2026-04-09 22:59:40,Good,64.76,31.6,0.316,64,65,April4_9_10(April4_9_10).csv
2026-04-09 22:59:42,Good,64.94,31.8,0.318,64,65,April4_9_10(April4_9_10).csv
2026-04-09 22:59:45,Good,64.94,31.9,0.319,63,65,April4_9_10(April4_9_10).csv
2026-04-09 22:59:47,Good,64.76,31.9,0.319,64,65,April4_9_10(April4_9_10).csv
2026-04-09 22:59:49,Good,64.76,32.0,0.32,64,65,April4_9_10(April4_9_10).csv
2026-04-09 22:59:51,Good,64.76,32.0,0.32,64,65,April4_9_10(April4_9_10).csv
2026-04-09 22:59:53,Good,64.76,32.0,0.32,64,65,April4_9_10(April4_9_10).csv
2026-04-09 22:59:55,Good,64.76,32.0,0.32,64,65,April4_9_10(April4_9_10).csv
2026-04-09 22:59:57,Good,64.94,32.1,0.321,64,65,April4_9_10(April4_9_10).csv
2026-04-09 22:59:59,Good,64.94,32.0,0.32,64,65,April4_9_10(April4_9_10).csv
2026-04-09 23:00:01,Good,64.94,31.9,0.319,64,65,April4_9_10(April4_9_10).csv
2026-04-09 23:00:03,Good,64.94,31.9,0.319,64,65,April4_9_10(April4_9_10).csv
2026-04-09 23:00:05,Good,64.94,31.9,0.319,64,65,April4_9_10(April4_9_10).csv
2026-04-09 23:00:07,Good,64.94,31.9,0.319,64,65,April4_9_10(April4_9_10).csv
2026-04-09 23:00:09,Good,64.94,31.9,0.319,64,64,April4_9_10(April4_9_10).csv
2026-04-09 23:00:11,Good,64.94,32.0,0.32,64,64,April4_9_10(April4_9_10).csv
2026-04-09 23:00:13,Good,64.76,32.0,0.32,64,65,April4_9_10(April4_9_10).csv
2026-04-09 23:00:15,Good,64.76,32.0,0.32,64,65,April4_9_10(April4_9_10).csv
2026-04-09 23:00:17,Good,64.94,32.1,0.321,64,65,April4_9_10(April4_9_10).csv
2026-04-09 23:00:19,Good,64.76,32.0,0.32,64,65,April4_9_10(April4_9_10).csv
2026-04-09 23:00:21,Good,64.76,32.0,0.32,64,65,April4_9_10(April4_9_10).csv
2026-04-09 23:00:23,Good,64.76,32.0,0.32,64,65,April4_9_10(April4_9_10).csv
2026-04-09 23:00:25,Good,64.94,32.0,0.32,64,65,April4_9_10(April4_9_10).csv
2026-04-09 23:00:27,Good,64.76,31.9,0.319,63,64,April4_9_10(April4_9_10).csv
2026-04-09 23:00:29,Good,64.94,31.9,0.319,64,65,April4_9_10(April4_9_10).csv
2026-04-09 23:00:31,Good,64.94,31.9,0.319,64,65,April4_9_10(April4_9_10).csv
2026-04-09 23:00:33,Good,64.76,31.8,0.318,64,64,April4_9_10(April4_9_10).csv
2026-04-09 23:00:35,Good,64.76,31.8,0.318,64,65,April4_9_10(April4_9_10).csv
2026-04-09 23:00:37,Good,64.94,31.8,0.318,64,65,April4_9_10(April4_9_10).csv
2026-04-09 23:00:40,Good,64.76,31.7,0.317,64,65,April4_9_10(April4_9_10).csv
2026-04-09 23:00:42,Good,64.76,31.7,0.317,64,64,April4_9_10(April4_9_10).csv
2026-04-09 23:00:44,Good,64.94,31.8,0.318,63,64,April4_9_10(April4_9_10).csv
2026-04-09 23:00:46,Good,64.76,31.7,0.317,64,64,April4_9_10(April4_9_10).csv
2026-04-09 23:00:48,Good,64.94,31.7,0.317,64,64,April4_9_10(April4_9_10).csv
2026-04-09 23:00:50,Good,64.76,31.7,0.317,64,65,April4_9_10(April4_9_10).csv
2026-04-09 23:00:52,Good,64.76,31.6,0.316,63,64,April4_9_10(April4_9_10).csv
2026-04-09 23:00:54,Good,64.76,31.6,0.316,64,65,April4_9_10(April4_9_10).csv
2026-04-09 23:00:56,Good,64.76,31.5,0.315,64,64,April4_9_10(April4_9_10).csv
2026-04-09 23:00:58,Good,64.76,31.5,0.315,64,65,April4_9_10(April4_9_10).csv
2026-04-09 23:01:00,Good,64.76,31.6,0.316,63,64,April4_9_10(April4_9_10).csv
2026-04-09 23:01:02,Good,64.76,31.7,0.317,63,64,April4_9_10(April4_9_10).csv
2026-04-09 23:01:04,Good,64.76,31.7,0.317,64,65,April4_9_10(April4_9_10).csv
2026-04-09 23:01:06,Good,64.76,31.7,0.317,64,65,April4_9_10(April4_9_10).csv
2026-04-09 23:01:08,Good,64.94,31.8,0.318,64,65,April4_9_10(April4_9_10).csv
2026-04-09 23:01:10,Good,64.76,31.7,0.317,64,64,April4_9_10(April4_9_10).csv
2026-04-09 23:01:12,Good,64.76,31.8,0.318,63,64,April4_9_10(April4_9_10).csv
2026-04-09 23:01:14,Good,64.76,31.8,0.318,63,64,April4_9_10(April4_9_10).csv
2026-04-09 23:01:16,Good,64.76,31.9,0.319,64,64,April4_9_10(April4_9_10).csv
2026-04-09 23:01:18,Good,64.76,31.9,0.319,63,64,April4_9_10(April4_9_10).csv
2026-04-09 23:01:20,Good,64.76,31.9,0.319,64,64,April4_9_10(April4_9_10).csv
2026-04-09 23:01:22,Good,64.76,31.9,0.319,64,65,April4_9_10(April4_9_10).csv
2026-04-09 23:01:24,Good,64.76,31.9,0.319,64,65,April4_9_10(April4_9_10).csv
2026-04-09 23:01:26,Good,64.76,31.9,0.319,64,65,April4_9_10(April4_9_10).csv
2026-04-09 23:01:28,Good,64.94,32.0,0.32,64,65,April4_9_10(April4_9_10).csv
2026-04-09 23:01:30,Good,64.76,31.9,0.319,64,65,April4_9_10(April4_9_10).csv
2026-04-09 23:01:32,Good,64.76,31.9,0.319,63,64,April4_9_10(April4_9_10).csv
2026-04-09 23:01:35,Good,64.76,31.9,0.319,63,64,April4_9_10(April4_9_10).csv
2026-04-09 23:01:37,Good,64.76,31.9,0.319,63,64,April4_9_10(April4_9_10).csv
2026-04-09 23:01:39,Good,64.76,32.0,0.32,64,64,April4_9_10(April4_9_10).csv
2026-04-09 23:01:41,Good,64.76,32.0,0.32,64,65,April4_9_10(April4_9_10).csv
2026-04-09 23:01:43,Good,64.76,31.9,0.319,64,64,April4_9_10(April4_9_10).csv
2026-04-09 23:01:45,Good,64.76,31.8,0.318,63,65,April4_9_10(April4_9_10).csv
2026-04-09 23:01:47,Good,64.76,31.9,0.319,64,65,April4_9_10(April4_9_10).csv
2026-04-09 23:01:49,Good,64.76,31.9,0.319,63,64,April4_9_10(April4_9_10).csv
2026-04-09 23:01:51,Good,64.76,31.9,0.319,64,65,April4_9_10(April4_9_10).csv
2026-04-09 23:01:53,Good,64.76,31.9,0.319,63,65,April4_9_10(April4_9_10).csv
2026-04-09 23:01:55,Good,64.76,31.9,0.319,64,64,April4_9_10(April4_9_10).csv
2026-04-09 23:01:57,Good,64.76,31.9,0.319,64,64,April4_9_10(April4_9_10).csv
2026-04-09 23:01:59,Good,64.94,32.0,0.32,63,64,April4_9_10(April4_9_10).csv
2026-04-09 23:02:01,Good,64.94,32.0,0.32,63,64,April4_9_10(April4_9_10).csv
2026-04-09 23:02:03,Good,64.76,31.9,0.319,64,64,April4_9_10(April4_9_10).csv
2026-04-09 23:02:05,Good,64.94,32.0,0.32,64,64,April4_9_10(April4_9_10).csv
2026-04-09 23:02:07,Good,64.76,31.9,0.319,64,64,April4_9_10(April4_9_10).csv
2026-04-09 23:02:09,Good,64.94,31.9,0.319,64,64,April4_9_10(April4_9_10).csv
2026-04-09 23:02:11,Good,64.76,31.7,0.317,63,64,April4_9_10(April4_9_10).csv
2026-04-09 23:02:13,Good,64.76,31.7,0.317,63,64,April4_9_10(April4_9_10).csv
2026-04-09 23:02:15,Good,64.76,31.7,0.317,64,64,April4_9_10(April4_9_10).csv
2026-04-09 23:02:17,Good,64.76,31.6,0.316,64,64,April4_9_10(April4_9_10).csv
2026-04-09 23:02:19,Good,64.76,31.5,0.315,63,64,April4_9_10(April4_9_10).csv
2026-04-09 23:02:21,Good,64.76,31.5,0.315,63,64,April4_9_10(April4_9_10).csv
2026-04-09 23:02:23,Good,64.76,31.5,0.315,64,64,April4_9_10(April4_9_10).csv
2026-04-09 23:02:25,Good,64.76,31.5,0.315,64,64,April4_9_10(April4_9_10).csv
2026-04-09 23:02:28,Good,64.76,31.6,0.316,64,64,April4_9_10(April4_9_10).csv
2026-04-09 23:02:30,Good,64.94,31.7,0.317,64,64,April4_9_10(April4_9_10).csv
2026-04-09 23:02:32,Good,64.76,31.7,0.317,63,64,April4_9_10(April4_9_10).csv
2026-04-09 23:02:34,Good,64.76,31.8,0.318,64,65,April4_9_10(April4_9_10).csv
2026-04-09 23:02:36,Good,64.76,31.8,0.318,64,64,April4_9_10(April4_9_10).csv
2026-04-09 23:02:38,Good,64.76,31.7,0.317,63,64,April4_9_10(April4_9_10).csv
2026-04-09 23:02:40,Good,64.76,31.7,0.317,63,64,April4_9_10(April4_9_10).csv
2026-04-09 23:02:42,Good,64.76,31.6,0.316,63,64,April4_9_10(April4_9_10).csv
2026-04-09 23:02:44,Good,64.76,31.6,0.316,63,64,April4_9_10(April4_9_10).csv
2026-04-09 23:02:46,Good,64.94,31.7,0.317,63,64,April4_9_10(April4_9_10).csv
2026-04-09 23:02:48,Good,64.76,31.6,0.316,63,64,April4_9_10(April4_9_10).csv
2026-04-09 23:02:50,Good,64.76,31.6,0.316,64,65,April4_9_10(April4_9_10).csv
2026-04-09 23:02:52,Good,64.76,31.6,0.316,63,64,April4_9_10(April4_9_10).csv
2026-04-09 23:02:54,Good,64.76,31.6,0.316,63,64,April4_9_10(April4_9_10).csv
2026-04-09 23:02:56,Good,64.76,31.5,0.315,63,64,April4_9_10(April4_9_10).csv
2026-04-09 23:02:58,Good,64.76,31.5,0.315,64,64,April4_9_10(April4_9_10).csv
2026-04-09 23:03:00,Good,64.76,31.5,0.315,63,64,April4_9_10(April4_9_10).csv
2026-04-09 23:03:02,Good,64.76,31.5,0.315,63,64,April4_9_10(April4_9_10).csv
2026-04-09 23:03:04,Good,64.76,31.5,0.315,64,64,April4_9_10(April4_9_10).csv
2026-04-09 23:03:06,Good,64.76,31.4,0.314,63,64,April4_9_10(April4_9_10).csv
2026-04-09 23:03:08,Good,64.76,31.4,0.314,63,64,April4_9_10(April4_9_10).csv
2026-04-09 23:03:10,Good,64.76,31.4,0.314,63,64,April4_9_10(April4_9_10).csv
2026-04-09 23:03:12,Good,64.76,31.4,0.314,63,64,April4_9_10(April4_9_10).csv
2026-04-09 23:03:14,Good,64.76,31.4,0.314,64,64,April4_9_10(April4_9_10).csv
2026-04-09 23:03:16,Good,64.76,31.3,0.313,63,64,April4_9_10(April4_9_10).csv
2026-04-09 23:03:18,Good,64.76,31.3,0.313,64,64,April4_9_10(April4_9_10).csv
2026-04-09 23:03:20,Good,64.76,31.2,0.312,63,64,April4_9_10(April4_9_10).csv
2026-04-09 23:03:23,Good,64.76,31.2,0.312,63,64,April4_9_10(April4_9_10).csv
2026-04-09 23:03:25,Good,64.76,31.2,0.312,63,64,April4_9_10(April4_9_10).csv
2026-04-09 23:03:27,Good,64.76,31.2,0.312,63,64,April4_9_10(April4_9_10).csv
2026-04-09 23:03:29,Good,64.76,31.3,0.313,63,64,April4_9_10(April4_9_10).csv
2026-04-09 23:03:31,Good,64.76,31.3,0.313,63,64,April4_9_10(April4_9_10).csv
2026-04-09 23:03:33,Good,64.76,31.2,0.312,63,64,April4_9_10(April4_9_10).csv
2026-04-09 23:03:35,Good,64.76,31.2,0.312,63,64,April4_9_10(April4_9_10).csv
2026-04-09 23:03:37,Good,64.76,31.2,0.312,63,64,April4_9_10(April4_9_10).csv
2026-04-09 23:03:39,Good,64.76,31.2,0.312,63,64,April4_9_10(April4_9_10).csv
2026-04-09 23:03:41,Good,64.76,31.2,0.312,63,64,April4_9_10(April4_9_10).csv
2026-04-09 23:03:43,Good,64.76,31.2,0.312,63,64,April4_9_10(April4_9_10).csv
2026-04-09 23:03:45,Good,64.76,31.2,0.312,63,64,April4_9_10(April4_9_10).csv
2026-04-09 23:03:47,Good,64.76,31.2,0.312,63,64,April4_9_10(April4_9_10).csv
2026-04-09 23:03:49,Good,64.76,31.2,0.312,63,65,April4_9_10(April4_9_10).csv
2026-04-09 23:03:51,Good,64.76,31.2,0.312,64,64,April4_9_10(April4_9_10).csv
2026-04-09 23:03:53,Good,64.76,31.2,0.312,63,64,April4_9_10(April4_9_10).csv
2026-04-09 23:03:55,Good,64.76,31.1,0.311,63,64,April4_9_10(April4_9_10).csv
2026-04-09 23:03:57,Good,64.76,31.0,0.31,63,64,April4_9_10(April4_9_10).csv
2026-04-09 23:03:59,Good,64.76,31.0,0.31,63,64,April4_9_10(April4_9_10).csv
2026-04-09 23:04:01,Good,64.76,31.1,0.311,63,64,April4_9_10(April4_9_10).csv
2026-04-09 23:04:03,Good,64.76,31.1,0.311,63,64,April4_9_10(April4_9_10).csv
2026-04-09 23:04:05,Good,64.76,31.2,0.312,63,64,April4_9_10(April4_9_10).csv
2026-04-09 23:04:07,Good,64.76,31.3,0.313,63,64,April4_9_10(April4_9_10).csv
2026-04-09 23:04:09,Good,64.76,31.3,0.313,63,64,April4_9_10(April4_9_10).csv
2026-04-09 23:04:11,Good,64.76,31.4,0.314,63,64,April4_9_10(April4_9_10).csv
2026-04-09 23:04:13,Good,64.76,31.4,0.314,63,64,April4_9_10(April4_9_10).csv
2026-04-09 23:04:15,Good,64.76,31.4,0.314,63,64,April4_9_10(April4_9_10).csv
2026-04-09 23:04:18,Good,64.76,31.4,0.314,63,64,April4_9_10(April4_9_10).csv
2026-04-09 23:04:20,Good,64.76,31.3,0.313,63,64,April4_9_10(April4_9_10).csv
2026-04-09 23:04:22,Good,64.76,31.3,0.313,63,64,April4_9_10(April4_9_10).csv
2026-04-09 23:04:24,Good,64.76,31.2,0.312,63,64,April4_9_10(April4_9_10).csv
2026-04-09 23:04:26,Good,64.76,31.2,0.312,63,64,April4_9_10(April4_9_10).csv
2026-04-09 23:04:28,Good,64.76,31.3,0.313,63,64,April4_9_10(April4_9_10).csv
2026-04-09 23:04:30,Good,64.76,31.3,0.313,63,64,April4_9_10(April4_9_10).csv
2026-04-09 23:04:32,Good,64.76,31.4,0.314,63,64,April4_9_10(April4_9_10).csv
2026-04-09 23:04:34,Good,64.76,31.5,0.315,63,64,April4_9_10(April4_9_10).csv
2026-04-09 23:04:36,Good,64.76,31.6,0.316,63,64,April4_9_10(April4_9_10).csv
2026-04-09 23:04:38,Good,64.76,31.7,0.317,64,64,April4_9_10(April4_9_10).csv
2026-04-09 23:04:40,Good,64.76,31.8,0.318,63,64,April4_9_10(April4_9_10).csv
2026-04-09 23:04:42,Good,64.76,32.0,0.32,63,64,April4_9_10(April4_9_10).csv
2026-04-09 23:04:44,Good,64.76,32.1,0.321,63,64,April4_9_10(April4_9_10).csv
2026-04-09 23:04:46,Good,64.76,32.1,0.321,63,64,April4_9_10(April4_9_10).csv
2026-04-09 23:04:48,Good,64.76,32.1,0.321,63,64,April4_9_10(April4_9_10).csv
2026-04-09 23:04:50,Good,64.76,32.0,0.32,63,64,April4_9_10(April4_9_10).csv
2026-04-09 23:04:52,Good,64.76,31.9,0.319,63,64,April4_9_10(April4_9_10).csv
2026-04-09 23:04:54,Good,64.76,31.9,0.319,63,64,April4_9_10(April4_9_10).csv
2026-04-09 23:04:56,Good,64.76,31.9,0.319,63,64,April4_9_10(April4_9_10).csv
2026-04-09 23:04:58,Good,64.76,31.9,0.319,63,64,April4_9_10(April4_9_10).csv
2026-04-09 23:05:00,Good,64.76,32.0,0.32,63,64,April4_9_10(April4_9_10).csv
2026-04-09 23:05:02,Good,64.76,32.0,0.32,63,64,April4_9_10(April4_9_10).csv
2026-04-09 23:05:04,Good,64.76,32.0,0.32,63,64,April4_9_10(April4_9_10).csv
2026-04-09 23:05:06,Good,64.76,32.0,0.32,63,64,April4_9_10(April4_9_10).csv
2026-04-09 23:05:08,Good,64.76,32.0,0.32,63,64,April4_9_10(April4_9_10).csv
2026-04-09 23:05:10,Good,64.76,32.0,0.32,63,64,April4_9_10(April4_9_10).csv
2026-04-09 23:05:13,Good,64.76,32.0,0.32,63,64,April4_9_10(April4_9_10).csv
2026-04-09 23:05:15,Good,64.76,32.0,0.32,63,64,April4_9_10(April4_9_10).csv
2026-04-09 23:05:17,Good,64.76,32.0,0.32,63,64,April4_9_10(April4_9_10).csv
2026-04-09 23:05:19,Good,64.76,32.0,0.32,64,64,April4_9_10(April4_9_10).csv
2026-04-09 23:05:21,Good,64.76,32.0,0.32,63,64,April4_9_10(April4_9_10).csv
2026-04-09 23:05:23,Good,64.76,32.0,0.32,64,64,April4_9_10(April4_9_10).csv
2026-04-09 23:05:25,Good,64.76,31.9,0.319,63,64,April4_9_10(April4_9_10).csv
2026-04-09 23:05:27,Good,64.76,31.9,0.319,63,64,April4_9_10(April4_9_10).csv
2026-04-09 23:05:29,Good,64.76,31.8,0.318,63,64,April4_9_10(April4_9_10).csv
2026-04-09 23:05:31,Good,64.76,31.9,0.319,63,64,April4_9_10(April4_9_10).csv
2026-04-09 23:05:33,Good,64.76,31.9,0.319,63,64,April4_9_10(April4_9_10).csv
2026-04-09 23:05:35,Good,64.76,31.9,0.319,63,64,April4_9_10(April4_9_10).csv
2026-04-09 23:05:37,Good,64.76,31.9,0.319,63,64,April4_9_10(April4_9_10).csv
2026-04-09 23:05:39,Good,64.76,31.9,0.319,63,64,April4_9_10(April4_9_10).csv
2026-04-09 23:05:41,Good,64.76,31.9,0.319,63,64,April4_9_10(April4_9_10).csv
2026-04-09 23:05:43,Good,64.76,32.0,0.32,63,64,April4_9_10(April4_9_10).csv
2026-04-09 23:05:45,Good,64.76,32.1,0.321,63,64,April4_9_10(April4_9_10).csv
2026-04-09 23:05:47,Good,64.76,32.1,0.321,63,64,April4_9_10(April4_9_10).csv
2026-04-09 23:05:49,Good,64.76,32.1,0.321,63,64,April4_9_10(April4_9_10).csv
2026-04-09 23:05:51,Good,64.76,32.1,0.321,63,64,April4_9_10(April4_9_10).csv
2026-04-09 23:05:53,Good,64.76,32.1,0.321,63,64,April4_9_10(April4_9_10).csv
2026-04-09 23:05:55,Good,64.76,32.1,0.321,63,64,April4_9_10(April4_9_10).csv
2026-04-09 23:05:57,Good,64.76,32.1,0.321,63,64,April4_9_10(April4_9_10).csv
2026-04-09 23:05:59,Good,64.76,32.1,0.321,63,64,April4_9_10(April4_9_10).csv
2026-04-09 23:06:01,Good,64.76,32.2,0.322,63,64,April4_9_10(April4_9_10).csv
2026-04-09 23:06:03,Good,64.76,32.3,0.32299999999999995,63,64,April4_9_10(April4_9_10).csv
2026-04-09 23:06:06,Good,64.76,32.3,0.32299999999999995,63,64,April4_9_10(April4_9_10).csv
2026-04-09 23:06:08,Good,64.76,32.3,0.32299999999999995,63,64,April4_9_10(April4_9_10).csv
2026-04-09 23:06:10,Good,64.76,32.3,0.32299999999999995,63,64,April4_9_10(April4_9_10).csv
2026-04-09 23:06:12,Good,64.76,32.5,0.325,63,64,April4_9_10(April4_9_10).csv
2026-04-09 23:06:14,Good,64.76,32.6,0.326,63,64,April4_9_10(April4_9_10).csv
2026-04-09 23:06:16,Good,64.76,32.7,0.327,63,64,April4_9_10(April4_9_10).csv
2026-04-09 23:06:18,Good,64.76,32.9,0.32899999999999996,63,64,April4_9_10(April4_9_10).csv
2026-04-09 23:06:20,Good,64.76,33.1,0.331,63,64,April4_9_10(April4_9_10).csv
2026-04-09 23:06:22,Good,64.76,33.2,0.332,63,64,April4_9_10(April4_9_10).csv
2026-04-09 23:06:24,Good,64.76,33.3,0.33299999999999996,63,64,April4_9_10(April4_9_10).csv
2026-04-09 23:06:26,Good,64.76,33.3,0.33299999999999996,63,64,April4_9_10(April4_9_10).csv
2026-04-09 23:06:28,Good,64.76,33.4,0.33399999999999996,63,64,April4_9_10(April4_9_10).csv
2026-04-09 23:06:30,Good,64.76,33.3,0.33299999999999996,63,64,April4_9_10(April4_9_10).csv
2026-04-09 23:06:32,Good,64.76,33.3,0.33299999999999996,63,64,April4_9_10(April4_9_10).csv
2026-04-09 23:06:34,Good,64.76,33.2,0.332,63,64,April4_9_10(April4_9_10).csv
2026-04-09 23:06:36,Good,64.76,33.2,0.332,63,64,April4_9_10(April4_9_10).csv
2026-04-09 23:06:38,Good,64.76,33.1,0.331,63,64,April4_9_10(April4_9_10).csv
2026-04-09 23:06:40,Good,64.76,33.0,0.33,63,64,April4_9_10(April4_9_10).csv
2026-04-09 23:06:42,Good,64.76,33.0,0.33,63,64,April4_9_10(April4_9_10).csv
2026-04-09 23:06:44,Good,64.76,33.0,0.33,63,64,April4_9_10(April4_9_10).csv
2026-04-09 23:06:46,Good,64.76,33.0,0.33,63,64,April4_9_10(April4_9_10).csv
2026-04-09 23:06:48,Good,64.76,33.0,0.33,63,64,April4_9_10(April4_9_10).csv
2026-04-09 23:06:50,Good,64.76,33.0,0.33,63,64,April4_9_10(April4_9_10).csv
2026-04-09 23:06:52,Good,64.76,33.0,0.33,63,64,April4_9_10(April4_9_10).csv
2026-04-09 23:06:55,Good,64.76,32.9,0.32899999999999996,63,64,April4_9_10(April4_9_10).csv
2026-04-09 23:06:57,Good,64.76,32.8,0.32799999999999996,63,64,April4_9_10(April4_9_10).csv
2026-04-09 23:06:59,Good,64.76,32.8,0.32799999999999996,63,64,April4_9_10(April4_9_10).csv
2026-04-09 23:07:01,Good,64.76,32.7,0.327,63,64,April4_9_10(April4_9_10).csv
2026-04-09 23:07:03,Good,64.76,32.6,0.326,63,64,April4_9_10(April4_9_10).csv
2026-04-09 23:07:05,Good,64.76,32.5,0.325,63,64,April4_9_10(April4_9_10).csv
2026-04-09 23:07:07,Good,64.76,32.4,0.324,63,64,April4_9_10(April4_9_10).csv
2026-04-09 23:07:09,Good,64.76,32.4,0.324,63,64,April4_9_10(April4_9_10).csv
2026-04-09 23:07:11,Good,64.76,32.3,0.32299999999999995,63,64,April4_9_10(April4_9_10).csv
2026-04-09 23:07:13,Good,64.76,32.3,0.32299999999999995,63,64,April4_9_10(April4_9_10).csv
2026-04-09 23:07:15,Good,64.76,32.2,0.322,63,64,April4_9_10(April4_9_10).csv
2026-04-09 23:07:17,Good,64.76,32.2,0.322,63,64,April4_9_10(April4_9_10).csv
2026-04-09 23:07:19,Good,64.76,32.2,0.322,63,64,April4_9_10(April4_9_10).csv
2026-04-09 23:07:21,Good,64.76,32.2,0.322,63,64,April4_9_10(April4_9_10).csv
2026-04-09 23:07:23,Good,64.76,32.2,0.322,63,64,April4_9_10(April4_9_10).csv
2026-04-09 23:07:25,Good,64.76,32.1,0.321,63,64,April4_9_10(April4_9_10).csv
2026-04-09 23:07:27,Good,64.76,32.1,0.321,63,64,April4_9_10(April4_9_10).csv
2026-04-09 23:07:29,Good,64.76,32.1,0.321,63,64,April4_9_10(April4_9_10).csv
2026-04-09 23:07:31,Good,64.76,32.0,0.32,63,64,April4_9_10(April4_9_10).csv
2026-04-09 23:07:33,Good,64.76,32.0,0.32,63,64,April4_9_10(April4_9_10).csv
2026-04-09 23:07:35,Good,64.76,32.0,0.32,63,64,April4_9_10(April4_9_10).csv
2026-04-09 23:07:37,Good,64.76,32.0,0.32,63,64,April4_9_10(April4_9_10).csv
2026-04-09 23:07:39,Good,64.76,32.1,0.321,63,64,April4_9_10(April4_9_10).csv
2026-04-09 23:07:41,Good,64.76,32.1,0.321,63,64,April4_9_10(April4_9_10).csv
2026-04-09 23:07:43,Good,64.76,32.1,0.321,63,64,April4_9_10(April4_9_10).csv
2026-04-09 23:07:45,Good,64.76,32.1,0.321,63,64,April4_9_10(April4_9_10).csv
2026-04-09 23:07:47,Good,64.76,32.1,0.321,63,64,April4_9_10(April4_9_10).csv
2026-04-09 23:07:50,Good,64.76,32.1,0.321,63,64,April4_9_10(April4_9_10).csv
2026-04-09 23:07:52,Good,64.76,32.1,0.321,63,64,April4_9_10(April4_9_10).csv
2026-04-09 23:07:54,Good,64.76,32.1,0.321,63,64,April4_9_10(April4_9_10).csv
2026-04-09 23:07:56,Good,64.76,32.1,0.321,63,64,April4_9_10(April4_9_10).csv
2026-04-09 23:07:58,Good,64.76,32.0,0.32,63,64,April4_9_10(April4_9_10).csv
2026-04-09 23:08:00,Good,64.76,32.0,0.32,63,64,April4_9_10(April4_9_10).csv
2026-04-09 23:08:02,Good,64.76,32.0,0.32,63,64,April4_9_10(April4_9_10).csv
2026-04-09 23:08:04,Good,64.76,32.0,0.32,63,64,April4_9_10(April4_9_10).csv
2026-04-09 23:08:06,Good,64.76,32.0,0.32,63,64,April4_9_10(April4_9_10).csv
2026-04-09 23:08:08,Good,64.76,32.0,0.32,63,64,April4_9_10(April4_9_10).csv
2026-04-09 23:08:10,Good,64.76,32.0,0.32,63,64,April4_9_10(April4_9_10).csv
2026-04-09 23:08:12,Good,64.76,31.9,0.319,63,64,April4_9_10(April4_9_10).csv
2026-04-09 23:08:14,Good,64.76,31.9,0.319,63,64,April4_9_10(April4_9_10).csv
2026-04-09 23:08:16,Good,64.76,31.8,0.318,63,64,April4_9_10(April4_9_10).csv
2026-04-09 23:08:18,Good,64.76,31.8,0.318,63,64,April4_9_10(April4_9_10).csv
2026-04-09 23:08:20,Good,64.76,31.8,0.318,63,64,April4_9_10(April4_9_10).csv
2026-04-09 23:08:22,Good,64.76,31.9,0.319,63,64,April4_9_10(April4_9_10).csv
2026-04-09 23:08:24,Good,64.76,31.9,0.319,63,64,April4_9_10(April4_9_10).csv
2026-04-09 23:08:26,Good,64.76,31.9,0.319,63,64,April4_9_10(April4_9_10).csv
2026-04-09 23:08:28,Good,64.76,32.0,0.32,63,64,April4_9_10(April4_9_10).csv
2026-04-09 23:08:30,Good,64.76,32.0,0.32,63,64,April4_9_10(April4_9_10).csv
2026-04-09 23:08:32,Good,64.76,32.1,0.321,63,64,April4_9_10(April4_9_10).csv
2026-04-09 23:08:34,Good,64.76,32.1,0.321,63,64,April4_9_10(April4_9_10).csv
2026-04-09 23:08:36,Good,64.76,32.2,0.322,63,64,April4_9_10(April4_9_10).csv
2026-04-09 23:08:38,Good,64.76,32.2,0.322,63,64,April4_9_10(April4_9_10).csv
2026-04-09 23:08:40,Good,64.76,32.2,0.322,63,64,April4_9_10(April4_9_10).csv
2026-04-09 23:08:42,Good,64.76,32.3,0.32299999999999995,63,64,April4_9_10(April4_9_10).csv
2026-04-09 23:08:45,Good,64.76,32.2,0.322,63,64,April4_9_10(April4_9_10).csv
2026-04-09 23:08:47,Good,64.76,32.3,0.32299999999999995,63,64,April4_9_10(April4_9_10).csv
2026-04-09 23:08:49,Good,64.76,32.3,0.32299999999999995,63,64,April4_9_10(April4_9_10).csv
2026-04-09 23:08:51,Good,64.76,32.3,0.32299999999999995,63,64,April4_9_10(April4_9_10).csv
2026-04-09 23:08:53,Good,64.76,32.3,0.32299999999999995,63,64,April4_9_10(April4_9_10).csv
2026-04-09 23:08:55,Good,64.76,32.3,0.32299999999999995,63,64,April4_9_10(April4_9_10).csv
2026-04-09 23:08:57,Good,64.76,32.3,0.32299999999999995,63,64,April4_9_10(April4_9_10).csv
2026-04-09 23:08:59,Good,64.76,32.3,0.32299999999999995,63,64,April4_9_10(April4_9_10).csv
2026-04-09 23:09:01,Good,64.76,32.3,0.32299999999999995,63,64,April4_9_10(April4_9_10).csv
2026-04-09 23:09:03,Good,64.76,32.3,0.32299999999999995,63,64,April4_9_10(April4_9_10).csv
2026-04-09 23:09:05,Good,64.76,32.3,0.32299999999999995,63,64,April4_9_10(April4_9_10).csv
2026-04-09 23:09:07,Good,64.76,32.3,0.32299999999999995,63,64,April4_9_10(April4_9_10).csv
2026-04-09 23:09:09,Good,64.76,32.3,0.32299999999999995,63,64,April4_9_10(April4_9_10).csv
2026-04-09 23:09:11,Good,64.76,32.3,0.32299999999999995,63,64,April4_9_10(April4_9_10).csv
2026-04-09 23:09:13,Good,64.76,32.3,0.32299999999999995,63,64,April4_9_10(April4_9_10).csv
2026-04-09 23:09:15,Good,64.76,32.3,0.32299999999999995,63,64,April4_9_10(April4_9_10).csv
2026-04-09 23:09:17,Good,64.76,32.2,0.322,63,64,April4_9_10(April4_9_10).csv
2026-04-09 23:09:19,Good,64.76,32.1,0.321,63,64,April4_9_10(April4_9_10).csv
2026-04-09 23:09:21,Good,64.76,32.0,0.32,63,64,April4_9_10(April4_9_10).csv
2026-04-09 23:09:23,Good,64.76,31.9,0.319,63,64,April4_9_10(April4_9_10).csv
2026-04-09 23:09:25,Good,64.76,31.8,0.318,63,64,April4_9_10(April4_9_10).csv
2026-04-09 23:09:27,Good,64.76,31.8,0.318,63,64,April4_9_10(April4_9_10).csv
2026-04-09 23:09:29,Good,64.76,31.7,0.317,63,64,April4_9_10(April4_9_10).csv
2026-04-09 23:09:31,Good,64.76,31.7,0.317,63,64,April4_9_10(April4_9_10).csv
2026-04-09 23:09:33,Good,64.76,31.7,0.317,63,64,April4_9_10(April4_9_10).csv
2026-04-09 23:09:35,Good,64.76,31.7,0.317,63,64,April4_9_10(April4_9_10).csv
2026-04-09 23:09:38,Good,64.76,31.7,0.317,63,64,April4_9_10(April4_9_10).csv
2026-04-09 23:09:40,Good,64.76,31.6,0.316,63,64,April4_9_10(April4_9_10).csv
2026-04-09 23:09:42,Good,64.76,31.6,0.316,63,64,April4_9_10(April4_9_10).csv
2026-04-09 23:09:44,Good,64.76,31.6,0.316,63,64,April4_9_10(April4_9_10).csv
2026-04-09 23:09:46,Good,64.76,31.6,0.316,63,64,April4_9_10(April4_9_10).csv
2026-04-09 23:09:48,Good,64.76,31.5,0.315,63,64,April4_9_10(April4_9_10).csv
2026-04-09 23:09:50,Good,64.76,31.5,0.315,63,64,April4_9_10(April4_9_10).csv
2026-04-09 23:09:52,Good,64.76,31.5,0.315,63,64,April4_9_10(April4_9_10).csv
2026-04-09 23:09:54,Good,64.76,31.5,0.315,63,64,April4_9_10(April4_9_10).csv
2026-04-09 23:09:56,Good,64.76,31.5,0.315,63,64,April4_9_10(April4_9_10).csv
2026-04-09 23:09:58,Good,64.76,31.5,0.315,63,64,April4_9_10(April4_9_10).csv
2026-04-09 23:10:00,Good,64.76,31.5,0.315,63,64,April4_9_10(April4_9_10).csv
2026-04-09 23:10:02,Good,64.76,31.4,0.314,63,64,April4_9_10(April4_9_10).csv
2026-04-09 23:10:04,Good,64.76,31.4,0.314,63,64,April4_9_10(April4_9_10).csv
2026-04-09 23:10:06,Good,64.76,31.3,0.313,63,64,April4_9_10(April4_9_10).csv
2026-04-09 23:10:08,Good,64.76,31.3,0.313,63,64,April4_9_10(April4_9_10).csv
2026-04-09 23:10:10,Good,64.76,31.3,0.313,63,64,April4_9_10(April4_9_10).csv
2026-04-09 23:10:12,Good,64.76,31.2,0.312,63,64,April4_9_10(April4_9_10).csv
2026-04-09 23:10:14,Good,64.76,31.2,0.312,63,64,April4_9_10(April4_9_10).csv
2026-04-09 23:10:16,Good,64.76,31.3,0.313,63,64,April4_9_10(April4_9_10).csv
2026-04-09 23:10:18,Good,64.76,31.3,0.313,63,64,April4_9_10(April4_9_10).csv
2026-04-09 23:10:20,Good,64.76,31.3,0.313,63,64,April4_9_10(April4_9_10).csv
2026-04-09 23:10:22,Good,64.76,31.3,0.313,63,64,April4_9_10(April4_9_10).csv
2026-04-09 23:10:24,Good,64.76,31.3,0.313,63,64,April4_9_10(April4_9_10).csv
2026-04-09 23:10:26,Good,64.76,31.4,0.314,63,64,April4_9_10(April4_9_10).csv
2026-04-09 23:10:28,Good,64.76,31.3,0.313,63,64,April4_9_10(April4_9_10).csv
2026-04-09 23:10:30,Good,64.76,31.3,0.313,63,64,April4_9_10(April4_9_10).csv
2026-04-09 23:10:33,Good,64.76,31.2,0.312,63,64,April4_9_10(April4_9_10).csv
2026-04-09 23:10:35,Good,64.76,31.1,0.311,63,64,April4_9_10(April4_9_10).csv
2026-04-09 23:10:37,Good,64.76,31.1,0.311,63,64,April4_9_10(April4_9_10).csv
2026-04-09 23:10:39,Good,64.76,31.1,0.311,63,64,April4_9_10(April4_9_10).csv
2026-04-09 23:10:41,Good,64.76,31.1,0.311,63,64,April4_9_10(April4_9_10).csv
2026-04-09 23:10:43,Good,64.76,31.1,0.311,63,64,April4_9_10(April4_9_10).csv
2026-04-09 23:10:45,Good,64.76,31.1,0.311,63,64,April4_9_10(April4_9_10).csv
2026-04-09 23:10:47,Good,64.76,31.1,0.311,63,64,April4_9_10(April4_9_10).csv
2026-04-09 23:10:49,Good,64.76,31.1,0.311,63,64,April4_9_10(April4_9_10).csv
2026-04-09 23:10:51,Good,64.76,31.0,0.31,63,64,April4_9_10(April4_9_10).csv
2026-04-09 23:10:53,Good,64.76,31.0,0.31,63,64,April4_9_10(April4_9_10).csv
2026-04-09 23:10:55,Good,64.76,30.9,0.309,63,64,April4_9_10(April4_9_10).csv
2026-04-09 23:10:57,Good,64.76,30.9,0.309,63,64,April4_9_10(April4_9_10).csv
2026-04-09 23:10:59,Good,64.76,31.0,0.31,63,64,April4_9_10(April4_9_10).csv
2026-04-09 23:11:01,Good,64.76,31.2,0.312,63,64,April4_9_10(April4_9_10).csv
2026-04-09 23:11:03,Good,64.76,31.4,0.314,63,64,April4_9_10(April4_9_10).csv
2026-04-09 23:11:05,Good,64.76,31.5,0.315,63,64,April4_9_10(April4_9_10).csv
2026-04-09 23:11:07,Good,64.76,31.6,0.316,63,64,April4_9_10(April4_9_10).csv
2026-04-09 23:11:09,Good,64.76,31.7,0.317,63,64,April4_9_10(April4_9_10).csv
2026-04-09 23:11:11,Good,64.76,31.7,0.317,63,64,April4_9_10(April4_9_10).csv
2026-04-09 23:11:13,Good,64.76,31.7,0.317,63,64,April4_9_10(April4_9_10).csv
2026-04-09 23:11:15,Good,64.76,31.6,0.316,63,64,April4_9_10(April4_9_10).csv
2026-04-09 23:11:17,Good,64.76,31.5,0.315,63,64,April4_9_10(April4_9_10).csv
2026-04-09 23:11:19,Good,64.76,31.4,0.314,63,64,April4_9_10(April4_9_10).csv
2026-04-09 23:11:21,Good,64.76,31.3,0.313,63,64,April4_9_10(April4_9_10).csv
2026-04-09 23:11:23,Good,64.76,31.2,0.312,63,64,April4_9_10(April4_9_10).csv
2026-04-09 23:11:26,Good,64.76,31.2,0.312,63,64,April4_9_10(April4_9_10).csv
2026-04-09 23:11:28,Good,64.76,31.2,0.312,63,64,April4_9_10(April4_9_10).csv
2026-04-09 23:11:30,Good,64.76,31.2,0.312,63,64,April4_9_10(April4_9_10).csv
2026-04-09 23:11:32,Good,64.76,31.2,0.312,63,64,April4_9_10(April4_9_10).csv
2026-04-09 23:11:34,Good,64.76,31.2,0.312,63,64,April4_9_10(April4_9_10).csv
2026-04-09 23:11:36,Good,64.76,31.2,0.312,63,64,April4_9_10(April4_9_10).csv
2026-04-09 23:11:38,Good,64.76,31.2,0.312,63,64,April4_9_10(April4_9_10).csv
2026-04-09 23:11:40,Good,64.76,31.2,0.312,63,64,April4_9_10(April4_9_10).csv
2026-04-09 23:11:42,Good,64.76,31.3,0.313,63,64,April4_9_10(April4_9_10).csv
2026-04-09 23:11:44,Good,64.76,31.3,0.313,63,64,April4_9_10(April4_9_10).csv
2026-04-09 23:11:46,Good,64.58,31.3,0.313,63,64,April4_9_10(April4_9_10).csv
2026-04-09 23:11:48,Good,64.76,31.4,0.314,63,64,April4_9_10(April4_9_10).csv
2026-04-09 23:11:50,Good,64.76,31.4,0.314,63,64,April4_9_10(April4_9_10).csv
2026-04-09 23:11:52,Good,64.58,31.3,0.313,63,64,April4_9_10(April4_9_10).csv
2026-04-09 23:11:54,Good,64.76,31.4,0.314,63,64,April4_9_10(April4_9_10).csv
2026-04-09 23:11:56,Good,64.76,31.4,0.314,63,64,April4_9_10(April4_9_10).csv
2026-04-09 23:11:58,Good,64.76,31.4,0.314,63,64,April4_9_10(April4_9_10).csv
2026-04-09 23:12:00,Good,64.76,31.4,0.314,63,64,April4_9_10(April4_9_10).csv
2026-04-09 23:12:02,Good,64.58,31.3,0.313,63,64,April4_9_10(April4_9_10).csv
2026-04-09 23:12:04,Good,64.76,31.3,0.313,63,64,April4_9_10(April4_9_10).csv
2026-04-09 23:12:06,Good,64.76,31.3,0.313,63,64,April4_9_10(April4_9_10).csv
2026-04-09 23:12:08,Good,64.76,31.3,0.313,63,64,April4_9_10(April4_9_10).csv
2026-04-09 23:12:10,Good,64.76,31.3,0.313,63,64,April4_9_10(April4_9_10).csv
2026-04-09 23:12:12,Good,64.76,31.3,0.313,63,64,April4_9_10(April4_9_10).csv
2026-04-09 23:12:14,Good,64.76,31.3,0.313,63,64,April4_9_10(April4_9_10).csv
2026-04-09 23:12:16,Good,64.76,31.3,0.313,63,64,April4_9_10(April4_9_10).csv
2026-04-09 23:12:19,Good,64.76,31.3,0.313,63,64,April4_9_10(April4_9_10).csv
2026-04-09 23:12:21,Good,64.76,31.4,0.314,63,64,April4_9_10(April4_9_10).csv
2026-04-09 23:12:23,Good,64.76,31.4,0.314,63,64,April4_9_10(April4_9_10).csv
2026-04-09 23:12:25,Good,64.76,31.3,0.313,63,64,April4_9_10(April4_9_10).csv
2026-04-09 23:12:27,Good,64.76,31.3,0.313,63,64,April4_9_10(April4_9_10).csv
2026-04-09 23:12:29,Good,64.76,31.2,0.312,63,64,April4_9_10(April4_9_10).csv
2026-04-09 23:12:31,Good,64.76,31.2,0.312,63,64,April4_9_10(April4_9_10).csv
2026-04-09 23:12:33,Good,64.58,31.1,0.311,63,64,April4_9_10(April4_9_10).csv
2026-04-09 23:12:35,Good,64.76,31.2,0.312,63,64,April4_9_10(April4_9_10).csv
2026-04-09 23:12:37,Good,64.58,31.1,0.311,63,64,April4_9_10(April4_9_10).csv
2026-04-09 23:12:39,Good,64.58,31.0,0.31,63,64,April4_9_10(April4_9_10).csv
2026-04-09 23:12:41,Good,64.76,31.0,0.31,63,64,April4_9_10(April4_9_10).csv
2026-04-09 23:12:43,Good,64.76,31.0,0.31,63,64,April4_9_10(April4_9_10).csv
2026-04-09 23:12:45,Good,64.76,31.0,0.31,63,64,April4_9_10(April4_9_10).csv
2026-04-09 23:12:47,Good,64.58,30.9,0.309,63,64,April4_9_10(April4_9_10).csv
2026-04-09 23:12:49,Good,64.58,30.8,0.308,63,64,April4_9_10(April4_9_10).csv
2026-04-09 23:12:51,Good,64.58,30.8,0.308,63,64,April4_9_10(April4_9_10).csv
2026-04-09 23:12:53,Good,64.58,30.8,0.308,63,64,April4_9_10(April4_9_10).csv
2026-04-09 23:12:55,Good,64.76,30.8,0.308,63,64,April4_9_10(April4_9_10).csv
2026-04-09 23:12:57,Good,64.58,30.7,0.307,63,64,April4_9_10(April4_9_10).csv
2026-04-09 23:12:59,Good,64.58,30.6,0.306,63,64,April4_9_10(April4_9_10).csv
2026-04-09 23:13:01,Good,64.58,30.6,0.306,63,64,April4_9_10(April4_9_10).csv
2026-04-09 23:13:03,Good,64.58,30.6,0.306,63,64,April4_9_10(April4_9_10).csv
2026-04-09 23:13:05,Good,64.58,30.6,0.306,63,64,April4_9_10(April4_9_10).csv
2026-04-09 23:13:07,Good,64.58,30.7,0.307,63,64,April4_9_10(April4_9_10).csv
2026-04-09 23:13:09,Good,64.58,30.8,0.308,63,64,April4_9_10(April4_9_10).csv
2026-04-09 23:13:12,Good,64.58,30.8,0.308,63,64,April4_9_10(April4_9_10).csv
2026-04-09 23:13:14,Good,64.58,30.9,0.309,63,64,April4_9_10(April4_9_10).csv
2026-04-09 23:13:16,Good,64.58,30.9,0.309,63,64,April4_9_10(April4_9_10).csv
2026-04-09 23:13:18,Good,64.58,30.9,0.309,63,64,April4_9_10(April4_9_10).csv
2026-04-09 23:13:20,Good,64.58,31.0,0.31,63,64,April4_9_10(April4_9_10).csv
2026-04-09 23:13:22,Good,64.58,31.0,0.31,63,64,April4_9_10(April4_9_10).csv
2026-04-09 23:13:24,Good,64.58,31.0,0.31,63,64,April4_9_10(April4_9_10).csv
2026-04-09 23:13:26,Good,64.58,31.0,0.31,63,64,April4_9_10(April4_9_10).csv
2026-04-09 23:13:28,Good,64.58,31.1,0.311,63,64,April4_9_10(April4_9_10).csv
2026-04-09 23:13:30,Good,64.58,31.1,0.311,63,64,April4_9_10(April4_9_10).csv
2026-04-09 23:13:32,Good,64.58,31.1,0.311,63,64,April4_9_10(April4_9_10).csv
2026-04-09 23:13:34,Good,64.58,31.2,0.312,63,64,April4_9_10(April4_9_10).csv
2026-04-09 23:13:36,Good,64.58,31.2,0.312,63,64,April4_9_10(April4_9_10).csv
2026-04-09 23:13:38,Good,64.58,31.2,0.312,63,64,April4_9_10(April4_9_10).csv
2026-04-09 23:13:40,Good,64.58,31.3,0.313,63,64,April4_9_10(April4_9_10).csv
2026-04-09 23:13:42,Good,64.58,31.3,0.313,63,64,April4_9_10(April4_9_10).csv
2026-04-09 23:13:44,Good,64.58,31.3,0.313,63,64,April4_9_10(April4_9_10).csv
2026-04-09 23:13:46,Good,64.58,31.3,0.313,63,64,April4_9_10(April4_9_10).csv
2026-04-09 23:13:48,Good,64.58,31.3,0.313,63,64,April4_9_10(April4_9_10).csv
2026-04-09 23:13:50,Good,64.58,31.3,0.313,63,64,April4_9_10(April4_9_10).csv
2026-04-09 23:13:52,Good,64.58,31.3,0.313,63,64,April4_9_10(April4_9_10).csv
2026-04-09 23:13:54,Good,64.58,31.2,0.312,63,64,April4_9_10(April4_9_10).csv
2026-04-09 23:13:56,Good,64.58,31.2,0.312,63,64,April4_9_10(April4_9_10).csv
2026-04-09 23:13:58,Good,64.58,31.2,0.312,63,64,April4_9_10(April4_9_10).csv
2026-04-09 23:14:00,Good,64.58,31.2,0.312,63,64,April4_9_10(April4_9_10).csv
2026-04-09 23:14:02,Good,64.58,31.2,0.312,63,64,April4_9_10(April4_9_10).csv
2026-04-09 23:14:05,Good,64.58,31.2,0.312,63,64,April4_9_10(April4_9_10).csv
2026-04-09 23:14:07,Good,64.58,31.2,0.312,63,64,April4_9_10(April4_9_10).csv
2026-04-09 23:14:09,Good,64.58,31.3,0.313,63,64,April4_9_10(April4_9_10).csv
2026-04-09 23:14:11,Good,64.58,31.3,0.313,63,64,April4_9_10(April4_9_10).csv
2026-04-09 23:14:13,Good,64.58,31.3,0.313,63,64,April4_9_10(April4_9_10).csv
2026-04-09 23:14:15,Good,64.58,31.4,0.314,63,64,April4_9_10(April4_9_10).csv
2026-04-09 23:14:17,Good,64.58,31.5,0.315,63,64,April4_9_10(April4_9_10).csv
2026-04-09 23:14:19,Good,64.58,31.6,0.316,63,64,April4_9_10(April4_9_10).csv
2026-04-09 23:14:21,Good,64.58,31.7,0.317,63,64,April4_9_10(April4_9_10).csv
2026-04-09 23:14:23,Good,64.58,31.8,0.318,63,64,April4_9_10(April4_9_10).csv
2026-04-09 23:14:25,Good,64.58,31.9,0.319,63,64,April4_9_10(April4_9_10).csv
2026-04-09 23:14:27,Good,64.58,32.0,0.32,63,64,April4_9_10(April4_9_10).csv
2026-04-09 23:14:29,Good,64.58,32.0,0.32,63,64,April4_9_10(April4_9_10).csv
2026-04-09 23:14:31,Good,64.58,32.0,0.32,63,64,April4_9_10(April4_9_10).csv
2026-04-09 23:14:33,Good,64.58,32.1,0.321,63,64,April4_9_10(April4_9_10).csv
2026-04-09 23:14:35,Good,64.58,32.2,0.322,63,64,April4_9_10(April4_9_10).csv
2026-04-09 23:14:37,Good,64.58,32.2,0.322,63,64,April4_9_10(April4_9_10).csv
2026-04-09 23:14:39,Good,64.58,32.2,0.322,63,64,April4_9_10(April4_9_10).csv
2026-04-09 23:14:41,Good,64.58,32.3,0.32299999999999995,63,64,April4_9_10(April4_9_10).csv
2026-04-09 23:14:43,Good,64.58,32.3,0.32299999999999995,63,64,April4_9_10(April4_9_10).csv
2026-04-09 23:14:45,Good,64.58,32.4,0.324,63,64,April4_9_10(April4_9_10).csv
2026-04-09 23:14:47,Good,64.58,32.4,0.324,63,64,April4_9_10(April4_9_10).csv
2026-04-09 23:14:49,Good,64.58,32.4,0.324,63,64,April4_9_10(April4_9_10).csv
2026-04-09 23:14:51,Good,64.58,32.4,0.324,63,64,April4_9_10(April4_9_10).csv
2026-04-09 23:14:53,Good,64.58,32.4,0.324,63,64,April4_9_10(April4_9_10).csv
2026-04-09 23:14:55,Good,64.58,32.5,0.325,63,64,April4_9_10(April4_9_10).csv
2026-04-09 23:14:58,Good,64.58,32.5,0.325,63,64,April4_9_10(April4_9_10).csv
2026-04-09 23:15:00,Good,64.58,32.5,0.325,63,64,April4_9_10(April4_9_10).csv
2026-04-09 23:15:02,Good,64.58,32.5,0.325,63,64,April4_9_10(April4_9_10).csv
2026-04-09 23:15:04,Good,64.58,32.5,0.325,63,64,April4_9_10(April4_9_10).csv
2026-04-09 23:15:06,Good,64.58,32.6,0.326,63,64,April4_9_10(April4_9_10).csv
2026-04-09 23:15:08,Good,64.58,32.6,0.326,63,64,April4_9_10(April4_9_10).csv
2026-04-09 23:15:10,Good,64.58,32.7,0.327,63,64,April4_9_10(April4_9_10).csv
2026-04-09 23:15:12,Good,64.58,32.7,0.327,63,64,April4_9_10(April4_9_10).csv
2026-04-09 23:15:14,Good,64.58,32.6,0.326,63,64,April4_9_10(April4_9_10).csv
2026-04-09 23:15:16,Good,64.58,32.6,0.326,63,64,April4_9_10(April4_9_10).csv
2026-04-09 23:15:18,Good,64.58,32.6,0.326,63,64,April4_9_10(April4_9_10).csv
2026-04-09 23:15:20,Good,64.58,32.5,0.325,63,64,April4_9_10(April4_9_10).csv
2026-04-09 23:15:22,Good,64.58,32.5,0.325,63,64,April4_9_10(April4_9_10).csv
2026-04-09 23:15:24,Good,64.58,32.5,0.325,63,64,April4_9_10(April4_9_10).csv
2026-04-09 23:15:26,Good,64.58,32.5,0.325,63,64,April4_9_10(April4_9_10).csv
2026-04-09 23:15:28,Good,64.58,32.5,0.325,63,64,April4_9_10(April4_9_10).csv
2026-04-09 23:15:30,Good,64.58,32.5,0.325,63,64,April4_9_10(April4_9_10).csv
2026-04-09 23:15:32,Good,64.58,32.5,0.325,63,64,April4_9_10(April4_9_10).csv
2026-04-09 23:15:34,Good,64.58,32.5,0.325,63,64,April4_9_10(April4_9_10).csv
2026-04-09 23:15:36,Good,64.58,32.5,0.325,63,64,April4_9_10(April4_9_10).csv
2026-04-09 23:15:38,Good,64.58,32.5,0.325,63,64,April4_9_10(April4_9_10).csv
2026-04-09 23:15:40,Good,64.58,32.5,0.325,63,64,April4_9_10(April4_9_10).csv
2026-04-09 23:15:42,Good,64.58,32.5,0.325,63,64,April4_9_10(April4_9_10).csv
2026-04-09 23:15:44,Good,64.58,32.5,0.325,63,64,April4_9_10(April4_9_10).csv
2026-04-09 23:15:46,Good,64.58,32.5,0.325,63,64,April4_9_10(April4_9_10).csv
2026-04-09 23:15:48,Good,64.58,32.5,0.325,63,64,April4_9_10(April4_9_10).csv
2026-04-09 23:15:51,Good,64.58,32.4,0.324,63,64,April4_9_10(April4_9_10).csv
2026-04-09 23:15:53,Good,64.58,32.4,0.324,63,64,April4_9_10(April4_9_10).csv
2026-04-09 23:15:55,Good,64.58,32.3,0.32299999999999995,63,64,April4_9_10(April4_9_10).csv
2026-04-09 23:15:57,Good,64.58,32.3,0.32299999999999995,63,64,April4_9_10(April4_9_10).csv
2026-04-09 23:15:59,Good,64.58,32.3,0.32299999999999995,63,64,April4_9_10(April4_9_10).csv
2026-04-09 23:16:01,Good,64.58,32.2,0.322,63,64,April4_9_10(April4_9_10).csv
2026-04-09 23:16:03,Good,64.58,32.2,0.322,63,64,April4_9_10(April4_9_10).csv
2026-04-09 23:16:05,Good,64.58,32.1,0.321,63,64,April4_9_10(April4_9_10).csv
2026-04-09 23:16:07,Good,64.58,32.0,0.32,63,64,April4_9_10(April4_9_10).csv
2026-04-09 23:16:09,Good,64.58,32.0,0.32,63,64,April4_9_10(April4_9_10).csv
2026-04-09 23:16:11,Good,64.58,32.0,0.32,63,64,April4_9_10(April4_9_10).csv
2026-04-09 23:16:13,Good,64.58,31.9,0.319,63,64,April4_9_10(April4_9_10).csv
2026-04-09 23:16:15,Good,64.58,31.9,0.319,63,64,April4_9_10(April4_9_10).csv
2026-04-09 23:16:17,Good,64.58,31.9,0.319,63,64,April4_9_10(April4_9_10).csv
2026-04-09 23:16:19,Good,64.58,31.8,0.318,63,64,April4_9_10(April4_9_10).csv
2026-04-09 23:16:21,Good,64.58,31.7,0.317,63,64,April4_9_10(April4_9_10).csv
2026-04-09 23:16:23,Good,64.58,31.6,0.316,63,64,April4_9_10(April4_9_10).csv
2026-04-09 23:16:25,Good,64.58,31.5,0.315,63,64,April4_9_10(April4_9_10).csv
2026-04-09 23:16:27,Good,64.58,31.5,0.315,63,64,April4_9_10(April4_9_10).csv
2026-04-09 23:16:29,Good,64.58,31.6,0.316,63,64,April4_9_10(April4_9_10).csv
2026-04-09 23:16:31,Good,64.58,31.6,0.316,63,64,April4_9_10(April4_9_10).csv
2026-04-09 23:16:33,Good,64.58,31.6,0.316,63,64,April4_9_10(April4_9_10).csv
2026-04-09 23:16:35,Good,64.58,31.6,0.316,63,64,April4_9_10(April4_9_10).csv
2026-04-09 23:16:37,Good,64.58,31.6,0.316,63,64,April4_9_10(April4_9_10).csv
2026-04-09 23:16:39,Good,64.58,31.7,0.317,63,64,April4_9_10(April4_9_10).csv
2026-04-09 23:16:41,Good,64.58,31.7,0.317,63,64,April4_9_10(April4_9_10).csv
2026-04-09 23:16:44,Good,64.58,31.7,0.317,63,64,April4_9_10(April4_9_10).csv
2026-04-09 23:16:46,Good,64.58,31.6,0.316,63,64,April4_9_10(April4_9_10).csv
2026-04-09 23:16:48,Good,64.58,31.6,0.316,63,64,April4_9_10(April4_9_10).csv
2026-04-09 23:16:50,Good,64.58,31.6,0.316,63,64,April4_9_10(April4_9_10).csv
2026-04-09 23:16:52,Good,64.58,31.7,0.317,63,64,April4_9_10(April4_9_10).csv
2026-04-09 23:16:54,Good,64.58,31.7,0.317,63,64,April4_9_10(April4_9_10).csv
2026-04-09 23:16:56,Good,64.58,31.7,0.317,63,64,April4_9_10(April4_9_10).csv
2026-04-09 23:16:58,Good,64.58,31.7,0.317,63,64,April4_9_10(April4_9_10).csv
2026-04-09 23:17:00,Good,64.58,31.7,0.317,63,64,April4_9_10(April4_9_10).csv
2026-04-09 23:17:02,Good,64.58,31.9,0.319,63,64,April4_9_10(April4_9_10).csv
2026-04-09 23:17:04,Good,64.58,32.1,0.321,63,64,April4_9_10(April4_9_10).csv
2026-04-09 23:17:06,Good,64.58,32.4,0.324,63,64,April4_9_10(April4_9_10).csv
2026-04-09 23:17:08,Good,64.58,32.6,0.326,63,64,April4_9_10(April4_9_10).csv
2026-04-09 23:17:10,Good,64.58,32.8,0.32799999999999996,63,64,April4_9_10(April4_9_10).csv
2026-04-09 23:17:12,Good,64.58,32.8,0.32799999999999996,63,64,April4_9_10(April4_9_10).csv
2026-04-09 23:17:14,Good,64.58,32.8,0.32799999999999996,63,64,April4_9_10(April4_9_10).csv
2026-04-09 23:17:16,Good,64.58,32.8,0.32799999999999996,63,64,April4_9_10(April4_9_10).csv
2026-04-09 23:17:18,Good,64.58,32.7,0.327,63,64,April4_9_10(April4_9_10).csv
2026-04-09 23:17:20,Good,64.58,32.6,0.326,63,64,April4_9_10(April4_9_10).csv
2026-04-09 23:17:22,Good,64.58,32.6,0.326,63,64,April4_9_10(April4_9_10).csv
2026-04-09 23:17:24,Good,64.58,32.6,0.326,63,64,April4_9_10(April4_9_10).csv
2026-04-09 23:17:26,Good,64.58,32.6,0.326,63,64,April4_9_10(April4_9_10).csv
2026-04-09 23:17:28,Good,64.58,32.6,0.326,63,64,April4_9_10(April4_9_10).csv
2026-04-09 23:17:30,Good,64.58,32.6,0.326,63,64,April4_9_10(April4_9_10).csv
2026-04-09 23:17:32,Good,64.58,32.7,0.327,63,64,April4_9_10(April4_9_10).csv
2026-04-09 23:17:34,Good,64.58,32.7,0.327,63,64,April4_9_10(April4_9_10).csv
2026-04-09 23:17:37,Good,64.58,32.7,0.327,63,64,April4_9_10(April4_9_10).csv
2026-04-09 23:17:39,Good,64.58,32.7,0.327,63,64,April4_9_10(April4_9_10).csv
2026-04-09 23:17:41,Good,64.58,32.7,0.327,63,64,April4_9_10(April4_9_10).csv
2026-04-09 23:17:43,Good,64.58,32.7,0.327,63,64,April4_9_10(April4_9_10).csv
2026-04-09 23:17:45,Good,64.58,32.7,0.327,63,64,April4_9_10(April4_9_10).csv
2026-04-09 23:17:47,Good,64.58,32.7,0.327,63,64,April4_9_10(April4_9_10).csv
2026-04-09 23:17:49,Good,64.58,32.8,0.32799999999999996,63,64,April4_9_10(April4_9_10).csv
2026-04-09 23:17:51,Good,64.58,32.8,0.32799999999999996,63,64,April4_9_10(April4_9_10).csv
2026-04-09 23:17:53,Good,64.58,32.8,0.32799999999999996,63,64,April4_9_10(April4_9_10).csv
2026-04-09 23:17:55,Good,64.58,32.7,0.327,63,64,April4_9_10(April4_9_10).csv
2026-04-09 23:17:57,Good,64.58,32.6,0.326,63,64,April4_9_10(April4_9_10).csv
2026-04-09 23:17:59,Good,64.58,32.5,0.325,63,64,April4_9_10(April4_9_10).csv
2026-04-09 23:18:01,Good,64.58,32.4,0.324,63,64,April4_9_10(April4_9_10).csv
2026-04-09 23:18:03,Good,64.58,32.4,0.324,63,64,April4_9_10(April4_9_10).csv
2026-04-09 23:18:05,Good,64.58,32.4,0.324,63,64,April4_9_10(April4_9_10).csv
2026-04-09 23:18:07,Good,64.58,32.3,0.32299999999999995,63,64,April4_9_10(April4_9_10).csv
2026-04-09 23:18:09,Good,64.58,32.3,0.32299999999999995,63,64,April4_9_10(April4_9_10).csv
2026-04-09 23:18:11,Good,64.58,32.3,0.32299999999999995,63,64,April4_9_10(April4_9_10).csv
2026-04-09 23:18:13,Good,64.58,32.3,0.32299999999999995,63,64,April4_9_10(April4_9_10).csv
2026-04-09 23:18:15,Good,64.58,32.3,0.32299999999999995,63,64,April4_9_10(April4_9_10).csv
2026-04-09 23:18:17,Good,64.58,32.4,0.324,63,64,April4_9_10(April4_9_10).csv
2026-04-09 23:18:19,Good,64.58,32.6,0.326,63,64,April4_9_10(April4_9_10).csv
2026-04-09 23:18:21,Good,64.58,32.7,0.327,63,64,April4_9_10(April4_9_10).csv
2026-04-09 23:18:23,Good,64.58,32.7,0.327,63,64,April4_9_10(April4_9_10).csv
2026-04-09 23:18:25,Good,64.58,32.8,0.32799999999999996,63,64,April4_9_10(April4_9_10).csv
2026-04-09 23:18:27,Good,64.58,32.7,0.327,63,64,April4_9_10(April4_9_10).csv
2026-04-09 23:18:30,Good,64.58,32.8,0.32799999999999996,63,64,April4_9_10(April4_9_10).csv
2026-04-09 23:18:32,Good,64.58,32.9,0.32899999999999996,63,64,April4_9_10(April4_9_10).csv
2026-04-09 23:18:34,Good,64.58,33.0,0.33,63,64,April4_9_10(April4_9_10).csv
2026-04-09 23:18:36,Good,64.58,33.0,0.33,63,64,April4_9_10(April4_9_10).csv
2026-04-09 23:18:38,Good,64.58,33.1,0.331,63,64,April4_9_10(April4_9_10).csv
2026-04-09 23:18:40,Good,64.58,33.1,0.331,63,64,April4_9_10(April4_9_10).csv
2026-04-09 23:18:42,Good,64.58,33.1,0.331,63,64,April4_9_10(April4_9_10).csv
2026-04-09 23:18:44,Good,64.58,33.2,0.332,63,64,April4_9_10(April4_9_10).csv
2026-04-09 23:18:46,Good,64.58,33.2,0.332,63,64,April4_9_10(April4_9_10).csv
2026-04-09 23:18:48,Good,64.58,33.2,0.332,63,64,April4_9_10(April4_9_10).csv
2026-04-09 23:18:50,Good,64.58,33.3,0.33299999999999996,63,64,April4_9_10(April4_9_10).csv
2026-04-09 23:18:52,Good,64.58,33.5,0.335,63,64,April4_9_10(April4_9_10).csv
2026-04-09 23:18:54,Good,64.58,33.5,0.335,63,64,April4_9_10(April4_9_10).csv
2026-04-09 23:18:56,Good,64.58,33.7,0.337,63,64,April4_9_10(April4_9_10).csv
2026-04-09 23:18:58,Good,64.58,33.7,0.337,63,64,April4_9_10(April4_9_10).csv
2026-04-09 23:19:00,Good,64.58,33.8,0.33799999999999997,63,64,April4_9_10(April4_9_10).csv
2026-04-09 23:19:02,Good,64.58,33.9,0.33899999999999997,63,64,April4_9_10(April4_9_10).csv
2026-04-09 23:19:04,Good,64.58,33.9,0.33899999999999997,63,64,April4_9_10(April4_9_10).csv
2026-04-09 23:19:06,Good,64.58,33.9,0.33899999999999997,63,64,April4_9_10(April4_9_10).csv
2026-04-09 23:19:08,Good,64.58,33.9,0.33899999999999997,63,64,April4_9_10(April4_9_10).csv
2026-04-09 23:19:10,Good,64.58,34.0,0.34,63,64,April4_9_10(April4_9_10).csv
2026-04-09 23:19:12,Good,64.58,34.1,0.341,63,64,April4_9_10(April4_9_10).csv
2026-04-09 23:19:14,Good,64.58,34.1,0.341,63,64,April4_9_10(April4_9_10).csv
2026-04-09 23:19:17,Good,64.58,34.2,0.342,63,64,April4_9_10(April4_9_10).csv
2026-04-09 23:19:19,Good,64.58,34.3,0.34299999999999997,63,64,April4_9_10(April4_9_10).csv
2026-04-09 23:19:21,Good,64.58,34.3,0.34299999999999997,63,64,April4_9_10(April4_9_10).csv
2026-04-09 23:19:23,Good,64.58,34.3,0.34299999999999997,63,64,April4_9_10(April4_9_10).csv
2026-04-09 23:19:25,Good,64.76,34.3,0.34299999999999997,63,64,April4_9_10(April4_9_10).csv
2026-04-09 23:19:27,Good,64.76,34.3,0.34299999999999997,63,64,April4_9_10(April4_9_10).csv
2026-04-09 23:19:29,Good,64.76,34.2,0.342,63,64,April4_9_10(April4_9_10).csv
2026-04-09 23:19:31,Good,64.76,34.1,0.341,63,64,April4_9_10(April4_9_10).csv
2026-04-09 23:19:33,Good,64.58,34.1,0.341,63,64,April4_9_10(April4_9_10).csv
2026-04-09 23:19:35,Good,64.58,34.1,0.341,63,64,April4_9_10(April4_9_10).csv
2026-04-09 23:19:37,Good,64.76,34.3,0.34299999999999997,63,64,April4_9_10(April4_9_10).csv
2026-04-09 23:19:39,Good,64.76,34.4,0.344,63,64,April4_9_10(April4_9_10).csv
2026-04-09 23:19:41,Good,64.76,34.4,0.344,63,65,April4_9_10(April4_9_10).csv
2026-04-09 23:19:43,Good,64.76,34.4,0.344,63,65,April4_9_10(April4_9_10).csv
2026-04-09 23:19:45,Good,64.76,34.5,0.345,63,65,April4_9_10(April4_9_10).csv
2026-04-09 23:19:47,Good,64.76,34.5,0.345,63,65,April4_9_10(April4_9_10).csv
2026-04-09 23:19:49,Good,64.76,34.5,0.345,63,65,April4_9_10(April4_9_10).csv
2026-04-09 23:19:51,Good,64.76,34.5,0.345,63,65,April4_9_10(April4_9_10).csv
2026-04-09 23:19:53,Good,64.76,34.5,0.345,63,65,April4_9_10(April4_9_10).csv
2026-04-09 23:19:55,Good,64.76,34.4,0.344,63,65,April4_9_10(April4_9_10).csv
2026-04-09 23:19:57,Good,64.76,34.3,0.34299999999999997,63,65,April4_9_10(April4_9_10).csv
2026-04-09 23:19:59,Good,64.76,34.2,0.342,63,65,April4_9_10(April4_9_10).csv
2026-04-09 23:20:01,Good,64.76,34.1,0.341,63,65,April4_9_10(April4_9_10).csv
2026-04-09 23:20:03,Good,64.76,34.1,0.341,63,65,April4_9_10(April4_9_10).csv
2026-04-09 23:20:05,Good,64.76,34.1,0.341,63,65,April4_9_10(April4_9_10).csv
2026-04-09 23:20:07,Good,64.76,34.2,0.342,63,65,April4_9_10(April4_9_10).csv
2026-04-09 23:20:09,Good,64.76,34.2,0.342,63,65,April4_9_10(April4_9_10).csv
2026-04-09 23:20:12,Good,64.76,34.2,0.342,63,65,April4_9_10(April4_9_10).csv
2026-04-09 23:20:14,Good,64.76,34.2,0.342,63,65,April4_9_10(April4_9_10).csv
2026-04-09 23:20:16,Good,64.76,34.3,0.34299999999999997,63,65,April4_9_10(April4_9_10).csv
2026-04-09 23:20:18,Good,64.76,34.3,0.34299999999999997,63,65,April4_9_10(April4_9_10).csv
2026-04-09 23:20:20,Good,64.76,34.3,0.34299999999999997,63,65,April4_9_10(April4_9_10).csv
2026-04-09 23:20:22,Good,64.76,34.4,0.344,63,65,April4_9_10(April4_9_10).csv
2026-04-09 23:20:24,Good,64.76,34.5,0.345,63,65,April4_9_10(April4_9_10).csv
2026-04-09 23:20:26,Good,64.76,34.5,0.345,63,65,April4_9_10(April4_9_10).csv
2026-04-09 23:20:28,Good,64.76,34.4,0.344,63,65,April4_9_10(April4_9_10).csv
2026-04-09 23:20:30,Good,64.76,34.4,0.344,63,65,April4_9_10(April4_9_10).csv
2026-04-09 23:20:32,Good,64.76,34.4,0.344,63,65,April4_9_10(April4_9_10).csv
2026-04-09 23:20:34,Good,64.76,34.4,0.344,63,65,April4_9_10(April4_9_10).csv
2026-04-09 23:20:36,Good,64.94,34.4,0.344,63,65,April4_9_10(April4_9_10).csv
2026-04-09 23:20:38,Good,64.76,34.3,0.34299999999999997,63,65,April4_9_10(April4_9_10).csv
2026-04-09 23:20:40,Good,64.94,34.4,0.344,63,65,April4_9_10(April4_9_10).csv
2026-04-09 23:20:42,Good,64.76,34.3,0.34299999999999997,63,65,April4_9_10(April4_9_10).csv
2026-04-09 23:20:44,Good,64.76,34.2,0.342,63,65,April4_9_10(April4_9_10).csv
2026-04-09 23:20:46,Good,64.94,34.3,0.34299999999999997,63,65,April4_9_10(April4_9_10).csv
2026-04-09 23:20:48,Good,64.94,34.3,0.34299999999999997,63,65,April4_9_10(April4_9_10).csv
2026-04-09 23:20:50,Good,64.94,34.3,0.34299999999999997,63,65,April4_9_10(April4_9_10).csv
2026-04-09 23:20:52,Good,64.76,34.2,0.342,63,65,April4_9_10(April4_9_10).csv
2026-04-09 23:20:54,Good,64.76,34.2,0.342,63,65,April4_9_10(April4_9_10).csv
2026-04-09 23:20:56,Good,64.94,34.3,0.34299999999999997,63,65,April4_9_10(April4_9_10).csv
2026-04-09 23:20:58,Good,64.94,34.2,0.342,63,65,April4_9_10(April4_9_10).csv
2026-04-09 23:21:00,Good,64.94,34.1,0.341,63,65,April4_9_10(April4_9_10).csv
2026-04-09 23:21:02,Good,64.94,34.0,0.34,63,65,April4_9_10(April4_9_10).csv
2026-04-09 23:21:05,Good,64.94,33.9,0.33899999999999997,63,65,April4_9_10(April4_9_10).csv
2026-04-09 23:21:07,Good,64.94,33.8,0.33799999999999997,63,65,April4_9_10(April4_9_10).csv
2026-04-09 23:21:09,Good,64.94,33.6,0.336,63,65,April4_9_10(April4_9_10).csv
2026-04-09 23:21:11,Good,64.76,33.4,0.33399999999999996,63,65,April4_9_10(April4_9_10).csv
2026-04-09 23:21:13,Good,64.94,33.4,0.33399999999999996,63,65,April4_9_10(April4_9_10).csv
2026-04-09 23:21:15,Good,64.94,33.3,0.33299999999999996,63,65,April4_9_10(April4_9_10).csv
2026-04-09 23:21:17,Good,64.76,33.1,0.331,63,65,April4_9_10(April4_9_10).csv
2026-04-09 23:21:19,Good,64.94,33.1,0.331,63,65,April4_9_10(April4_9_10).csv
2026-04-09 23:21:21,Good,64.94,33.0,0.33,63,65,April4_9_10(April4_9_10).csv
2026-04-09 23:21:23,Good,64.76,32.9,0.32899999999999996,63,65,April4_9_10(April4_9_10).csv
2026-04-09 23:21:25,Good,64.94,32.9,0.32899999999999996,63,65,April4_9_10(April4_9_10).csv
2026-04-09 23:21:27,Good,64.94,32.8,0.32799999999999996,63,65,April4_9_10(April4_9_10).csv
2026-04-09 23:21:29,Good,64.94,32.8,0.32799999999999996,63,65,April4_9_10(April4_9_10).csv
2026-04-09 23:21:31,Good,64.94,32.8,0.32799999999999996,63,65,April4_9_10(April4_9_10).csv
2026-04-09 23:21:33,Good,64.76,32.6,0.326,63,65,April4_9_10(April4_9_10).csv
2026-04-09 23:21:35,Good,64.94,32.7,0.327,63,65,April4_9_10(April4_9_10).csv
2026-04-09 23:21:37,Good,64.94,32.7,0.327,63,65,April4_9_10(April4_9_10).csv
2026-04-09 23:21:39,Good,64.94,32.7,0.327,63,65,April4_9_10(April4_9_10).csv
2026-04-09 23:21:41,Good,64.94,32.8,0.32799999999999996,63,65,April4_9_10(April4_9_10).csv
2026-04-09 23:21:43,Good,64.94,32.7,0.327,63,65,April4_9_10(April4_9_10).csv
2026-04-09 23:21:45,Good,64.94,32.7,0.327,63,65,April4_9_10(April4_9_10).csv
2026-04-09 23:21:47,Good,64.94,32.6,0.326,63,65,April4_9_10(April4_9_10).csv
2026-04-09 23:21:49,Good,64.94,32.5,0.325,63,65,April4_9_10(April4_9_10).csv
2026-04-09 23:21:51,Good,64.94,32.5,0.325,63,65,April4_9_10(April4_9_10).csv
2026-04-09 23:21:53,Good,64.94,32.5,0.325,63,65,April4_9_10(April4_9_10).csv
2026-04-09 23:21:55,Good,64.94,32.5,0.325,63,65,April4_9_10(April4_9_10).csv
2026-04-09 23:21:58,Good,64.94,32.6,0.326,63,65,April4_9_10(April4_9_10).csv
2026-04-09 23:22:00,Good,64.94,32.5,0.325,63,65,April4_9_10(April4_9_10).csv
2026-04-09 23:22:02,Good,64.94,32.5,0.325,63,65,April4_9_10(April4_9_10).csv
2026-04-09 23:22:04,Good,64.94,32.4,0.324,63,65,April4_9_10(April4_9_10).csv
2026-04-09 23:22:06,Good,64.94,32.4,0.324,63,65,April4_9_10(April4_9_10).csv
2026-04-09 23:22:08,Good,64.94,32.3,0.32299999999999995,63,65,April4_9_10(April4_9_10).csv
2026-04-09 23:22:10,Good,64.94,32.2,0.322,63,65,April4_9_10(April4_9_10).csv
2026-04-09 23:22:12,Good,64.94,32.2,0.322,63,65,April4_9_10(April4_9_10).csv
2026-04-09 23:22:14,Good,64.94,32.2,0.322,63,65,April4_9_10(April4_9_10).csv
2026-04-09 23:22:16,Good,64.94,32.3,0.32299999999999995,63,65,April4_9_10(April4_9_10).csv
2026-04-09 23:22:18,Good,64.76,32.4,0.324,63,65,April4_9_10(April4_9_10).csv
2026-04-09 23:22:20,Good,64.76,32.6,0.326,63,65,April4_9_10(April4_9_10).csv
2026-04-09 23:22:22,Good,64.76,32.8,0.32799999999999996,63,65,April4_9_10(April4_9_10).csv
2026-04-09 23:22:24,Good,64.94,33.0,0.33,63,65,April4_9_10(April4_9_10).csv
2026-04-09 23:22:26,Good,64.94,33.0,0.33,63,65,April4_9_10(April4_9_10).csv
2026-04-09 23:22:28,Good,64.94,33.1,0.331,63,65,April4_9_10(April4_9_10).csv
2026-04-09 23:22:30,Good,64.94,33.2,0.332,63,65,April4_9_10(April4_9_10).csv
2026-04-09 23:22:32,Good,64.94,33.3,0.33299999999999996,63,65,April4_9_10(April4_9_10).csv
2026-04-09 23:22:34,Good,64.94,33.3,0.33299999999999996,63,65,April4_9_10(April4_9_10).csv
2026-04-09 23:22:36,Good,64.94,33.4,0.33399999999999996,63,65,April4_9_10(April4_9_10).csv
2026-04-09 23:22:38,Good,64.94,33.4,0.33399999999999996,63,65,April4_9_10(April4_9_10).csv
2026-04-09 23:22:40,Good,64.94,33.4,0.33399999999999996,63,65,April4_9_10(April4_9_10).csv
2026-04-09 23:22:42,Good,64.94,33.5,0.335,63,65,April4_9_10(April4_9_10).csv
2026-04-09 23:22:44,Good,64.94,33.5,0.335,63,65,April4_9_10(April4_9_10).csv
2026-04-09 23:22:46,Good,64.94,33.5,0.335,63,65,April4_9_10(April4_9_10).csv
2026-04-09 23:22:48,Good,64.94,33.5,0.335,63,65,April4_9_10(April4_9_10).csv
2026-04-09 23:22:51,Good,64.94,33.5,0.335,63,65,April4_9_10(April4_9_10).csv
2026-04-09 23:22:53,Good,65.12,33.6,0.336,63,65,April4_9_10(April4_9_10).csv
2026-04-09 23:22:55,Good,64.94,33.6,0.336,63,65,April4_9_10(April4_9_10).csv
2026-04-09 23:22:57,Good,64.94,33.6,0.336,63,65,April4_9_10(April4_9_10).csv
2026-04-09 23:22:59,Good,64.94,33.6,0.336,63,65,April4_9_10(April4_9_10).csv
2026-04-09 23:23:01,Good,64.94,33.7,0.337,63,65,April4_9_10(April4_9_10).csv
2026-04-09 23:23:03,Good,65.12,33.8,0.33799999999999997,63,65,April4_9_10(April4_9_10).csv
2026-04-09 23:23:05,Good,65.12,33.8,0.33799999999999997,63,65,April4_9_10(April4_9_10).csv
2026-04-09 23:23:07,Good,64.94,33.7,0.337,63,65,April4_9_10(April4_9_10).csv
2026-04-09 23:23:09,Good,64.94,33.7,0.337,63,65,April4_9_10(April4_9_10).csv
2026-04-09 23:23:11,Good,65.12,33.8,0.33799999999999997,63,65,April4_9_10(April4_9_10).csv
2026-04-09 23:23:13,Good,64.94,33.7,0.337,63,65,April4_9_10(April4_9_10).csv
2026-04-09 23:23:15,Good,64.94,33.7,0.337,63,65,April4_9_10(April4_9_10).csv
2026-04-09 23:23:17,Good,65.12,33.7,0.337,63,65,April4_9_10(April4_9_10).csv
2026-04-09 23:23:19,Good,65.12,33.8,0.33799999999999997,63,65,April4_9_10(April4_9_10).csv
2026-04-09 23:23:21,Good,64.94,33.7,0.337,63,65,April4_9_10(April4_9_10).csv
2026-04-09 23:23:23,Good,65.12,33.8,0.33799999999999997,63,65,April4_9_10(April4_9_10).csv
2026-04-09 23:23:25,Good,65.12,33.8,0.33799999999999997,63,65,April4_9_10(April4_9_10).csv
2026-04-09 23:23:27,Good,64.94,33.6,0.336,63,65,April4_9_10(April4_9_10).csv
2026-04-09 23:23:29,Good,65.12,33.7,0.337,63,65,April4_9_10(April4_9_10).csv
2026-04-09 23:23:31,Good,65.12,33.7,0.337,63,65,April4_9_10(April4_9_10).csv
2026-04-09 23:23:33,Good,65.12,33.6,0.336,63,65,April4_9_10(April4_9_10).csv
2026-04-09 23:23:35,Good,65.12,33.4,0.33399999999999996,63,65,April4_9_10(April4_9_10).csv
2026-04-09 23:23:37,Good,65.12,33.2,0.332,63,65,April4_9_10(April4_9_10).csv
2026-04-09 23:23:39,Good,64.94,33.0,0.33,63,65,April4_9_10(April4_9_10).csv
2026-04-09 23:23:41,Good,65.12,32.9,0.32899999999999996,63,65,April4_9_10(April4_9_10).csv
2026-04-09 23:23:44,Good,65.12,32.8,0.32799999999999996,63,65,April4_9_10(April4_9_10).csv
2026-04-09 23:23:46,Good,65.12,32.7,0.327,63,65,April4_9_10(April4_9_10).csv
2026-04-09 23:23:48,Good,65.12,32.6,0.326,63,65,April4_9_10(April4_9_10).csv
2026-04-09 23:23:50,Good,65.12,32.5,0.325,63,65,April4_9_10(April4_9_10).csv
2026-04-09 23:23:52,Good,64.94,32.3,0.32299999999999995,64,65,April4_9_10(April4_9_10).csv
2026-04-09 23:23:54,Good,65.12,32.3,0.32299999999999995,63,65,April4_9_10(April4_9_10).csv
2026-04-09 23:23:56,Good,65.12,32.3,0.32299999999999995,64,65,April4_9_10(April4_9_10).csv
2026-04-09 23:23:58,Good,65.12,32.2,0.322,64,65,April4_9_10(April4_9_10).csv
2026-04-09 23:24:00,Good,64.94,32.1,0.321,63,65,April4_9_10(April4_9_10).csv
2026-04-09 23:24:02,Good,64.94,32.2,0.322,64,65,April4_9_10(April4_9_10).csv
2026-04-09 23:24:04,Good,65.12,32.3,0.32299999999999995,64,65,April4_9_10(April4_9_10).csv
2026-04-09 23:24:06,Good,65.12,32.3,0.32299999999999995,64,65,April4_9_10(April4_9_10).csv
2026-04-09 23:24:08,Good,65.12,32.3,0.32299999999999995,63,65,April4_9_10(April4_9_10).csv
2026-04-09 23:24:10,Good,65.12,32.3,0.32299999999999995,64,65,April4_9_10(April4_9_10).csv
2026-04-09 23:24:12,Good,65.12,32.3,0.32299999999999995,64,65,April4_9_10(April4_9_10).csv
2026-04-09 23:24:14,Good,65.12,32.3,0.32299999999999995,63,65,April4_9_10(April4_9_10).csv
2026-04-09 23:24:16,Good,65.12,32.4,0.324,64,65,April4_9_10(April4_9_10).csv
2026-04-09 23:24:18,Good,64.94,32.4,0.324,63,65,April4_9_10(April4_9_10).csv
2026-04-09 23:24:20,Good,65.12,32.5,0.325,64,65,April4_9_10(April4_9_10).csv
2026-04-09 23:24:22,Good,65.12,32.5,0.325,64,65,April4_9_10(April4_9_10).csv
2026-04-09 23:24:24,Good,64.94,32.5,0.325,64,65,April4_9_10(April4_9_10).csv
2026-04-09 23:24:26,Good,65.12,32.6,0.326,63,65,April4_9_10(April4_9_10).csv
2026-04-09 23:24:28,Good,65.12,32.7,0.327,64,65,April4_9_10(April4_9_10).csv
2026-04-09 23:24:30,Good,64.94,32.6,0.326,64,65,April4_9_10(April4_9_10).csv
2026-04-09 23:24:32,Good,64.94,32.6,0.326,63,65,April4_9_10(April4_9_10).csv
2026-04-09 23:24:34,Good,64.94,32.5,0.325,64,65,April4_9_10(April4_9_10).csv
2026-04-09 23:24:37,Good,64.94,32.3,0.32299999999999995,64,65,April4_9_10(April4_9_10).csv
2026-04-09 23:24:39,Good,65.12,32.2,0.322,63,65,April4_9_10(April4_9_10).csv
2026-04-09 23:24:41,Good,64.94,31.9,0.319,64,65,April4_9_10(April4_9_10).csv
2026-04-09 23:24:43,Good,64.94,31.8,0.318,64,65,April4_9_10(April4_9_10).csv
2026-04-09 23:24:45,Good,64.94,31.7,0.317,64,65,April4_9_10(April4_9_10).csv
2026-04-09 23:24:47,Good,65.12,31.7,0.317,64,65,April4_9_10(April4_9_10).csv
2026-04-09 23:24:49,Good,64.94,31.5,0.315,64,65,April4_9_10(April4_9_10).csv
2026-04-09 23:24:51,Good,64.94,31.6,0.316,63,65,April4_9_10(April4_9_10).csv
2026-04-09 23:24:53,Good,64.94,31.6,0.316,64,65,April4_9_10(April4_9_10).csv
2026-04-09 23:24:55,Good,64.94,31.7,0.317,64,65,April4_9_10(April4_9_10).csv
2026-04-09 23:24:57,Good,64.94,31.8,0.318,64,65,April4_9_10(April4_9_10).csv
2026-04-09 23:24:59,Good,64.94,31.8,0.318,63,65,April4_9_10(April4_9_10).csv
2026-04-09 23:25:01,Good,64.94,31.9,0.319,64,65,April4_9_10(April4_9_10).csv
2026-04-09 23:25:03,Good,64.94,32.0,0.32,63,65,April4_9_10(April4_9_10).csv
2026-04-09 23:25:05,Good,64.94,32.0,0.32,63,65,April4_9_10(April4_9_10).csv
2026-04-09 23:25:07,Good,64.94,32.0,0.32,64,65,April4_9_10(April4_9_10).csv
2026-04-09 23:25:09,Good,64.94,32.0,0.32,64,65,April4_9_10(April4_9_10).csv
2026-04-09 23:25:11,Good,64.94,32.1,0.321,63,65,April4_9_10(April4_9_10).csv
2026-04-09 23:25:13,Good,64.94,32.1,0.321,63,65,April4_9_10(April4_9_10).csv
2026-04-09 23:25:15,Good,64.94,32.2,0.322,63,65,April4_9_10(April4_9_10).csv
2026-04-09 23:25:17,Good,64.94,32.2,0.322,64,65,April4_9_10(April4_9_10).csv
2026-04-09 23:25:19,Good,64.94,32.2,0.322,64,65,April4_9_10(April4_9_10).csv
2026-04-09 23:25:21,Good,64.94,32.3,0.32299999999999995,64,65,April4_9_10(April4_9_10).csv
2026-04-09 23:25:23,Good,64.94,32.3,0.32299999999999995,63,65,April4_9_10(April4_9_10).csv
2026-04-09 23:25:25,Good,64.94,32.3,0.32299999999999995,64,65,April4_9_10(April4_9_10).csv
2026-04-09 23:25:27,Good,64.94,32.3,0.32299999999999995,63,65,April4_9_10(April4_9_10).csv
2026-04-09 23:25:30,Good,64.94,32.3,0.32299999999999995,63,65,April4_9_10(April4_9_10).csv
2026-04-09 23:25:32,Good,64.94,32.2,0.322,63,65,April4_9_10(April4_9_10).csv
2026-04-09 23:25:34,Good,64.94,32.3,0.32299999999999995,64,65,April4_9_10(April4_9_10).csv
2026-04-09 23:25:36,Good,64.94,32.2,0.322,63,65,April4_9_10(April4_9_10).csv
2026-04-09 23:25:38,Good,64.94,32.1,0.321,63,65,April4_9_10(April4_9_10).csv
2026-04-09 23:25:40,Good,64.94,32.0,0.32,63,65,April4_9_10(April4_9_10).csv
2026-04-09 23:25:42,Good,64.94,31.8,0.318,63,65,April4_9_10(April4_9_10).csv
2026-04-09 23:25:44,Good,64.94,31.6,0.316,64,65,April4_9_10(April4_9_10).csv
2026-04-09 23:25:46,Good,64.94,31.5,0.315,63,65,April4_9_10(April4_9_10).csv
2026-04-09 23:25:48,Good,64.94,31.5,0.315,63,65,April4_9_10(April4_9_10).csv
2026-04-09 23:25:50,Good,64.94,31.5,0.315,63,65,April4_9_10(April4_9_10).csv
2026-04-09 23:25:52,Good,64.94,31.5,0.315,64,65,April4_9_10(April4_9_10).csv
2026-04-09 23:25:54,Good,64.94,31.5,0.315,63,65,April4_9_10(April4_9_10).csv
2026-04-09 23:25:56,Good,64.94,31.5,0.315,63,65,April4_9_10(April4_9_10).csv
2026-04-09 23:25:58,Good,64.94,31.5,0.315,63,65,April4_9_10(April4_9_10).csv
2026-04-09 23:26:00,Good,64.94,31.5,0.315,64,65,April4_9_10(April4_9_10).csv
2026-04-09 23:26:02,Good,64.94,31.5,0.315,63,65,April4_9_10(April4_9_10).csv
2026-04-09 23:26:04,Good,64.94,31.6,0.316,63,65,April4_9_10(April4_9_10).csv
2026-04-09 23:26:06,Good,64.94,31.6,0.316,64,65,April4_9_10(April4_9_10).csv
2026-04-09 23:26:08,Good,64.94,31.7,0.317,64,65,April4_9_10(April4_9_10).csv
2026-04-09 23:26:10,Good,64.94,31.6,0.316,63,65,April4_9_10(April4_9_10).csv
2026-04-09 23:26:12,Good,64.94,31.5,0.315,63,65,April4_9_10(April4_9_10).csv
2026-04-09 23:26:14,Good,64.94,31.4,0.314,63,65,April4_9_10(April4_9_10).csv
2026-04-09 23:26:16,Good,64.94,31.4,0.314,63,65,April4_9_10(April4_9_10).csv
2026-04-09 23:26:18,Good,64.94,31.4,0.314,63,65,April4_9_10(April4_9_10).csv
2026-04-09 23:26:20,Good,64.94,31.5,0.315,64,65,April4_9_10(April4_9_10).csv
2026-04-09 23:26:23,Good,64.94,31.5,0.315,63,65,April4_9_10(April4_9_10).csv
2026-04-09 23:26:25,Good,64.94,31.5,0.315,63,65,April4_9_10(April4_9_10).csv
2026-04-09 23:26:27,Good,64.94,31.5,0.315,63,65,April4_9_10(April4_9_10).csv
2026-04-09 23:26:29,Good,64.94,31.5,0.315,63,65,April4_9_10(April4_9_10).csv
2026-04-09 23:26:31,Good,64.94,31.5,0.315,63,65,April4_9_10(April4_9_10).csv
2026-04-09 23:26:33,Good,64.94,31.5,0.315,63,65,April4_9_10(April4_9_10).csv
2026-04-09 23:26:35,Good,64.94,31.5,0.315,63,65,April4_9_10(April4_9_10).csv
2026-04-09 23:26:37,Good,64.94,31.5,0.315,63,65,April4_9_10(April4_9_10).csv
2026-04-09 23:26:39,Good,64.94,31.5,0.315,63,65,April4_9_10(April4_9_10).csv
2026-04-09 23:26:41,Good,64.94,31.6,0.316,63,64,April4_9_10(April4_9_10).csv
2026-04-09 23:26:43,Good,64.94,31.7,0.317,63,65,April4_9_10(April4_9_10).csv
2026-04-09 23:26:45,Good,64.94,31.8,0.318,63,65,April4_9_10(April4_9_10).csv
2026-04-09 23:26:47,Good,64.94,31.8,0.318,63,64,April4_9_10(April4_9_10).csv
2026-04-09 23:26:49,Good,64.94,31.9,0.319,63,64,April4_9_10(April4_9_10).csv
2026-04-09 23:26:51,Good,64.94,32.0,0.32,63,65,April4_9_10(April4_9_10).csv
2026-04-09 23:26:53,Good,64.94,32.1,0.321,63,65,April4_9_10(April4_9_10).csv
2026-04-09 23:26:55,Good,64.94,32.1,0.321,63,64,April4_9_10(April4_9_10).csv
2026-04-09 23:26:57,Good,64.94,32.2,0.322,63,64,April4_9_10(April4_9_10).csv
2026-04-09 23:26:59,Good,64.76,32.1,0.321,63,64,April4_9_10(April4_9_10).csv
2026-04-09 23:27:01,Good,64.94,32.2,0.322,63,65,April4_9_10(April4_9_10).csv
2026-04-09 23:27:03,Good,64.94,32.3,0.32299999999999995,63,65,April4_9_10(April4_9_10).csv
2026-04-09 23:27:05,Good,64.94,32.3,0.32299999999999995,63,65,April4_9_10(April4_9_10).csv
2026-04-09 23:27:07,Good,64.94,32.4,0.324,63,64,April4_9_10(April4_9_10).csv
2026-04-09 23:27:09,Good,64.94,32.4,0.324,63,65,April4_9_10(April4_9_10).csv
2026-04-09 23:27:11,Good,64.94,32.4,0.324,63,64,April4_9_10(April4_9_10).csv
2026-04-09 23:27:13,Good,64.94,32.4,0.324,63,65,April4_9_10(April4_9_10).csv
2026-04-09 23:27:16,Good,64.94,32.5,0.325,63,65,April4_9_10(April4_9_10).csv
2026-04-09 23:27:18,Good,64.94,32.5,0.325,63,64,April4_9_10(April4_9_10).csv
2026-04-09 23:27:20,Good,64.94,32.6,0.326,63,65,April4_9_10(April4_9_10).csv
2026-04-09 23:27:22,Good,64.94,32.6,0.326,63,64,April4_9_10(April4_9_10).csv
2026-04-09 23:27:24,Good,64.94,32.6,0.326,63,64,April4_9_10(April4_9_10).csv
2026-04-09 23:27:26,Good,64.94,32.7,0.327,63,65,April4_9_10(April4_9_10).csv
2026-04-09 23:27:28,Good,64.94,32.7,0.327,63,64,April4_9_10(April4_9_10).csv
2026-04-09 23:27:30,Good,64.94,32.7,0.327,63,64,April4_9_10(April4_9_10).csv
2026-04-09 23:27:32,Good,64.94,32.6,0.326,63,64,April4_9_10(April4_9_10).csv
2026-04-09 23:27:34,Good,64.94,32.6,0.326,63,65,April4_9_10(April4_9_10).csv
2026-04-09 23:27:36,Good,64.94,32.4,0.324,63,64,April4_9_10(April4_9_10).csv
2026-04-09 23:27:38,Good,64.94,32.3,0.32299999999999995,63,65,April4_9_10(April4_9_10).csv
2026-04-09 23:27:40,Good,64.94,32.2,0.322,63,65,April4_9_10(April4_9_10).csv
2026-04-09 23:27:42,Good,64.94,32.2,0.322,63,65,April4_9_10(April4_9_10).csv
2026-04-09 23:27:44,Good,64.94,32.2,0.322,63,65,April4_9_10(April4_9_10).csv
2026-04-09 23:27:46,Good,64.94,32.3,0.32299999999999995,63,65,April4_9_10(April4_9_10).csv
2026-04-09 23:27:48,Good,64.94,32.3,0.32299999999999995,63,65,April4_9_10(April4_9_10).csv
2026-04-09 23:27:50,Good,64.94,32.2,0.322,63,64,April4_9_10(April4_9_10).csv
2026-04-09 23:27:52,Good,64.94,32.2,0.322,63,64,April4_9_10(April4_9_10).csv
2026-04-09 23:27:54,Good,64.94,32.2,0.322,63,64,April4_9_10(April4_9_10).csv
2026-04-09 23:27:56,Good,64.94,32.0,0.32,63,64,April4_9_10(April4_9_10).csv
2026-04-09 23:27:58,Good,64.94,31.9,0.319,63,64,April4_9_10(April4_9_10).csv
2026-04-09 23:28:00,Good,64.94,31.9,0.319,63,64,April4_9_10(April4_9_10).csv
2026-04-09 23:28:02,Good,64.76,31.7,0.317,63,64,April4_9_10(April4_9_10).csv
2026-04-09 23:28:04,Good,64.94,31.7,0.317,63,64,April4_9_10(April4_9_10).csv
2026-04-09 23:28:06,Good,64.76,31.6,0.316,63,64,April4_9_10(April4_9_10).csv
2026-04-09 23:28:08,Good,64.76,31.5,0.315,63,64,April4_9_10(April4_9_10).csv
2026-04-09 23:28:11,Good,64.94,31.5,0.315,63,64,April4_9_10(April4_9_10).csv
2026-04-09 23:28:13,Good,64.94,31.4,0.314,63,64,April4_9_10(April4_9_10).csv
2026-04-09 23:28:15,Good,64.94,31.3,0.313,63,64,April4_9_10(April4_9_10).csv
2026-04-09 23:28:17,Good,64.76,31.1,0.311,63,64,April4_9_10(April4_9_10).csv
2026-04-09 23:28:19,Good,64.76,31.0,0.31,63,64,April4_9_10(April4_9_10).csv
2026-04-09 23:28:21,Good,64.94,31.1,0.311,63,64,April4_9_10(April4_9_10).csv
2026-04-09 23:28:23,Good,64.76,30.9,0.309,63,64,April4_9_10(April4_9_10).csv
2026-04-09 23:28:25,Good,64.76,30.9,0.309,63,64,April4_9_10(April4_9_10).csv
2026-04-09 23:28:27,Good,64.94,30.9,0.309,63,64,April4_9_10(April4_9_10).csv
2026-04-09 23:28:29,Good,64.76,30.8,0.308,63,64,April4_9_10(April4_9_10).csv
2026-04-09 23:28:31,Good,64.76,30.8,0.308,63,64,April4_9_10(April4_9_10).csv
2026-04-09 23:28:33,Good,64.94,30.9,0.309,63,64,April4_9_10(April4_9_10).csv
2026-04-09 23:28:35,Good,64.94,30.9,0.309,63,64,April4_9_10(April4_9_10).csv
2026-04-09 23:28:37,Good,64.76,30.8,0.308,63,64,April4_9_10(April4_9_10).csv
2026-04-09 23:28:39,Good,64.76,30.8,0.308,63,64,April4_9_10(April4_9_10).csv
2026-04-09 23:28:41,Good,64.76,30.7,0.307,63,64,April4_9_10(April4_9_10).csv
2026-04-09 23:28:43,Good,64.94,30.8,0.308,63,64,April4_9_10(April4_9_10).csv
2026-04-09 23:28:45,Good,64.76,30.6,0.306,63,64,April4_9_10(April4_9_10).csv
2026-04-09 23:28:47,Good,64.76,30.6,0.306,63,64,April4_9_10(April4_9_10).csv
2026-04-09 23:28:49,Good,64.76,30.5,0.305,63,64,April4_9_10(April4_9_10).csv
2026-04-09 23:28:51,Good,64.76,30.4,0.304,63,64,April4_9_10(April4_9_10).csv
2026-04-09 23:28:53,Good,64.76,30.5,0.305,63,64,April4_9_10(April4_9_10).csv
2026-04-09 23:28:55,Good,64.76,30.6,0.306,63,64,April4_9_10(April4_9_10).csv
2026-04-09 23:28:57,Good,64.76,30.7,0.307,63,64,April4_9_10(April4_9_10).csv
2026-04-09 23:28:59,Good,64.76,30.8,0.308,63,64,April4_9_10(April4_9_10).csv
2026-04-09 23:29:02,Good,64.76,30.9,0.309,63,64,April4_9_10(April4_9_10).csv
2026-04-09 23:29:04,Good,64.76,30.9,0.309,63,64,April4_9_10(April4_9_10).csv
2026-04-09 23:29:06,Good,64.76,30.9,0.309,63,64,April4_9_10(April4_9_10).csv
2026-04-09 23:29:08,Good,64.76,30.9,0.309,63,64,April4_9_10(April4_9_10).csv
2026-04-09 23:29:10,Good,64.76,30.9,0.309,63,64,April4_9_10(April4_9_10).csv
2026-04-09 23:29:12,Good,64.76,30.8,0.308,63,64,April4_9_10(April4_9_10).csv
2026-04-09 23:29:14,Good,64.76,30.7,0.307,63,64,April4_9_10(April4_9_10).csv
2026-04-09 23:29:16,Good,64.76,30.7,0.307,63,64,April4_9_10(April4_9_10).csv
2026-04-09 23:29:18,Good,64.76,30.8,0.308,63,64,April4_9_10(April4_9_10).csv
2026-04-09 23:29:20,Good,64.76,30.9,0.309,63,64,April4_9_10(April4_9_10).csv
2026-04-09 23:29:22,Good,64.76,31.1,0.311,63,64,April4_9_10(April4_9_10).csv
2026-04-09 23:29:24,Good,64.76,31.3,0.313,63,64,April4_9_10(April4_9_10).csv
2026-04-09 23:29:26,Good,64.76,31.5,0.315,63,64,April4_9_10(April4_9_10).csv
2026-04-09 23:29:28,Good,64.76,31.6,0.316,63,64,April4_9_10(April4_9_10).csv
2026-04-09 23:29:30,Good,64.76,31.7,0.317,63,64,April4_9_10(April4_9_10).csv
2026-04-09 23:29:32,Good,64.76,31.8,0.318,63,64,April4_9_10(April4_9_10).csv
2026-04-09 23:29:34,Good,64.76,31.9,0.319,63,64,April4_9_10(April4_9_10).csv
2026-04-09 23:29:36,Good,64.76,32.0,0.32,63,64,April4_9_10(April4_9_10).csv
2026-04-09 23:29:38,Good,64.76,32.0,0.32,63,64,April4_9_10(April4_9_10).csv
2026-04-09 23:29:40,Good,64.76,32.1,0.321,63,64,April4_9_10(April4_9_10).csv
2026-04-09 23:29:42,Good,64.76,32.1,0.321,63,64,April4_9_10(April4_9_10).csv
2026-04-09 23:29:44,Good,64.76,32.2,0.322,63,64,April4_9_10(April4_9_10).csv
2026-04-09 23:29:46,Good,64.76,32.2,0.322,63,64,April4_9_10(April4_9_10).csv
2026-04-09 23:29:48,Good,64.76,32.2,0.322,63,64,April4_9_10(April4_9_10).csv
2026-04-09 23:29:50,Good,64.76,32.3,0.32299999999999995,63,64,April4_9_10(April4_9_10).csv
2026-04-09 23:29:52,Good,64.76,32.3,0.32299999999999995,63,64,April4_9_10(April4_9_10).csv
2026-04-09 23:29:55,Good,64.76,32.3,0.32299999999999995,63,64,April4_9_10(April4_9_10).csv
2026-04-09 23:29:57,Good,64.76,32.3,0.32299999999999995,63,64,April4_9_10(April4_9_10).csv
2026-04-09 23:29:59,Good,64.76,32.3,0.32299999999999995,63,64,April4_9_10(April4_9_10).csv
2026-04-09 23:30:01,Good,64.76,32.2,0.322,63,64,April4_9_10(April4_9_10).csv
2026-04-09 23:30:03,Good,64.76,32.2,0.322,63,64,April4_9_10(April4_9_10).csv
2026-04-09 23:30:05,Good,64.76,32.2,0.322,63,64,April4_9_10(April4_9_10).csv
2026-04-09 23:30:07,Good,64.76,32.2,0.322,63,64,April4_9_10(April4_9_10).csv
2026-04-09 23:30:09,Good,64.76,32.2,0.322,63,64,April4_9_10(April4_9_10).csv
2026-04-09 23:30:11,Good,64.76,32.2,0.322,63,64,April4_9_10(April4_9_10).csv
2026-04-09 23:30:13,Good,64.76,32.2,0.322,63,64,April4_9_10(April4_9_10).csv
2026-04-09 23:30:15,Good,64.76,32.1,0.321,63,64,April4_9_10(April4_9_10).csv
2026-04-09 23:30:17,Good,64.76,32.1,0.321,63,64,April4_9_10(April4_9_10).csv
2026-04-09 23:30:19,Good,64.94,32.2,0.322,63,64,April4_9_10(April4_9_10).csv
2026-04-09 23:30:21,Good,64.76,32.1,0.321,63,64,April4_9_10(April4_9_10).csv
2026-04-09 23:30:23,Good,64.76,32.0,0.32,63,64,April4_9_10(April4_9_10).csv
2026-04-09 23:30:25,Good,64.76,32.0,0.32,63,64,April4_9_10(April4_9_10).csv
2026-04-09 23:30:27,Good,64.76,31.9,0.319,63,64,April4_9_10(April4_9_10).csv
2026-04-09 23:30:29,Good,64.76,31.7,0.317,63,64,April4_9_10(April4_9_10).csv
2026-04-09 23:30:31,Good,64.76,31.7,0.317,63,64,April4_9_10(April4_9_10).csv
2026-04-09 23:30:33,Good,64.76,31.6,0.316,63,64,April4_9_10(April4_9_10).csv
2026-04-09 23:30:35,Good,64.76,31.7,0.317,63,64,April4_9_10(April4_9_10).csv
2026-04-09 23:30:37,Good,64.76,31.8,0.318,63,64,April4_9_10(April4_9_10).csv
2026-04-09 23:30:39,Good,64.76,31.8,0.318,63,64,April4_9_10(April4_9_10).csv
2026-04-09 23:30:41,Good,64.76,31.8,0.318,63,64,April4_9_10(April4_9_10).csv
2026-04-09 23:30:43,Good,64.76,31.9,0.319,63,64,April4_9_10(April4_9_10).csv
2026-04-09 23:30:45,Good,64.76,32.0,0.32,63,64,April4_9_10(April4_9_10).csv
2026-04-09 23:30:48,Good,64.76,32.0,0.32,63,64,April4_9_10(April4_9_10).csv
2026-04-09 23:30:50,Good,64.76,32.1,0.321,63,64,April4_9_10(April4_9_10).csv
2026-04-09 23:30:52,Good,64.76,32.1,0.321,63,64,April4_9_10(April4_9_10).csv
2026-04-09 23:30:54,Good,64.76,32.2,0.322,63,64,April4_9_10(April4_9_10).csv
2026-04-09 23:30:56,Good,64.76,32.3,0.32299999999999995,63,64,April4_9_10(April4_9_10).csv
2026-04-09 23:30:58,Good,64.76,32.3,0.32299999999999995,63,64,April4_9_10(April4_9_10).csv
2026-04-09 23:31:00,Good,64.76,32.3,0.32299999999999995,63,64,April4_9_10(April4_9_10).csv
2026-04-09 23:31:02,Good,64.76,32.3,0.32299999999999995,63,64,April4_9_10(April4_9_10).csv
2026-04-09 23:31:04,Good,64.76,32.3,0.32299999999999995,63,64,April4_9_10(April4_9_10).csv
2026-04-09 23:31:06,Good,64.76,32.3,0.32299999999999995,63,64,April4_9_10(April4_9_10).csv
2026-04-09 23:31:08,Good,64.76,32.4,0.324,63,64,April4_9_10(April4_9_10).csv
2026-04-09 23:31:10,Good,64.76,32.4,0.324,63,64,April4_9_10(April4_9_10).csv
2026-04-09 23:31:12,Good,64.76,32.5,0.325,63,64,April4_9_10(April4_9_10).csv
2026-04-09 23:31:14,Good,64.76,32.5,0.325,63,64,April4_9_10(April4_9_10).csv
2026-04-09 23:31:16,Good,64.76,32.5,0.325,63,64,April4_9_10(April4_9_10).csv
2026-04-09 23:31:18,Good,64.76,32.6,0.326,63,64,April4_9_10(April4_9_10).csv
2026-04-09 23:31:20,Good,64.76,32.6,0.326,63,64,April4_9_10(April4_9_10).csv
2026-04-09 23:31:22,Good,64.76,32.6,0.326,63,64,April4_9_10(April4_9_10).csv
2026-04-09 23:31:24,Good,64.76,32.7,0.327,63,64,April4_9_10(April4_9_10).csv
2026-04-09 23:31:26,Good,64.76,32.9,0.32899999999999996,63,64,April4_9_10(April4_9_10).csv
2026-04-09 23:31:28,Good,64.76,32.9,0.32899999999999996,63,64,April4_9_10(April4_9_10).csv
2026-04-09 23:31:30,Good,64.76,33.0,0.33,63,64,April4_9_10(April4_9_10).csv
2026-04-09 23:31:32,Good,64.76,33.1,0.331,63,64,April4_9_10(April4_9_10).csv
2026-04-09 23:31:35,Good,64.76,33.2,0.332,63,64,April4_9_10(April4_9_10).csv
2026-04-09 23:31:37,Good,64.76,33.3,0.33299999999999996,63,64,April4_9_10(April4_9_10).csv
2026-04-09 23:31:39,Good,64.76,33.3,0.33299999999999996,63,64,April4_9_10(April4_9_10).csv
2026-04-09 23:31:41,Good,64.76,33.4,0.33399999999999996,63,64,April4_9_10(April4_9_10).csv
2026-04-09 23:31:43,Good,64.76,33.4,0.33399999999999996,63,64,April4_9_10(April4_9_10).csv
2026-04-09 23:31:45,Good,64.76,33.4,0.33399999999999996,63,64,April4_9_10(April4_9_10).csv
2026-04-09 23:31:47,Good,64.76,33.4,0.33399999999999996,63,64,April4_9_10(April4_9_10).csv
2026-04-09 23:31:49,Good,64.76,33.4,0.33399999999999996,63,64,April4_9_10(April4_9_10).csv
2026-04-09 23:31:51,Good,64.76,33.4,0.33399999999999996,63,64,April4_9_10(April4_9_10).csv
2026-04-09 23:31:53,Good,64.76,33.4,0.33399999999999996,63,64,April4_9_10(April4_9_10).csv
2026-04-09 23:31:55,Good,64.76,33.5,0.335,63,64,April4_9_10(April4_9_10).csv
2026-04-09 23:31:57,Good,64.76,33.5,0.335,63,64,April4_9_10(April4_9_10).csv
2026-04-09 23:31:59,Good,64.76,33.4,0.33399999999999996,63,64,April4_9_10(April4_9_10).csv
2026-04-09 23:32:01,Good,64.76,33.4,0.33399999999999996,63,64,April4_9_10(April4_9_10).csv
2026-04-09 23:32:03,Good,64.76,33.4,0.33399999999999996,63,64,April4_9_10(April4_9_10).csv
2026-04-09 23:32:05,Good,64.76,33.4,0.33399999999999996,63,64,April4_9_10(April4_9_10).csv
2026-04-09 23:32:07,Good,64.76,33.4,0.33399999999999996,63,64,April4_9_10(April4_9_10).csv
2026-04-09 23:32:09,Good,64.76,33.4,0.33399999999999996,63,64,April4_9_10(April4_9_10).csv
2026-04-09 23:32:11,Good,64.76,33.4,0.33399999999999996,63,64,April4_9_10(April4_9_10).csv
2026-04-09 23:32:13,Good,64.76,33.6,0.336,63,64,April4_9_10(April4_9_10).csv
2026-04-09 23:32:15,Good,64.76,33.7,0.337,63,64,April4_9_10(April4_9_10).csv
2026-04-09 23:32:17,Good,64.76,33.8,0.33799999999999997,63,64,April4_9_10(April4_9_10).csv
2026-04-09 23:32:19,Good,64.76,33.9,0.33899999999999997,63,64,April4_9_10(April4_9_10).csv
2026-04-09 23:32:21,Good,64.76,34.0,0.34,63,64,April4_9_10(April4_9_10).csv
2026-04-09 23:32:23,Good,64.76,34.0,0.34,63,64,April4_9_10(April4_9_10).csv
2026-04-09 23:32:25,Good,64.76,34.1,0.341,63,64,April4_9_10(April4_9_10).csv
2026-04-09 23:32:28,Good,64.76,34.1,0.341,63,64,April4_9_10(April4_9_10).csv
2026-04-09 23:32:30,Good,64.76,34.1,0.341,63,64,April4_9_10(April4_9_10).csv
2026-04-09 23:32:32,Good,64.76,34.0,0.34,63,64,April4_9_10(April4_9_10).csv
2026-04-09 23:32:34,Good,64.76,34.0,0.34,63,64,April4_9_10(April4_9_10).csv
2026-04-09 23:32:36,Good,64.76,33.9,0.33899999999999997,63,64,April4_9_10(April4_9_10).csv
2026-04-09 23:32:38,Good,64.76,33.9,0.33899999999999997,63,64,April4_9_10(April4_9_10).csv
2026-04-09 23:32:40,Good,64.76,33.8,0.33799999999999997,63,64,April4_9_10(April4_9_10).csv
2026-04-09 23:32:42,Good,64.76,33.8,0.33799999999999997,63,64,April4_9_10(April4_9_10).csv
2026-04-09 23:32:44,Good,64.76,33.7,0.337,63,64,April4_9_10(April4_9_10).csv
2026-04-09 23:32:46,Good,64.76,33.7,0.337,63,64,April4_9_10(April4_9_10).csv
2026-04-09 23:32:48,Good,64.76,33.7,0.337,63,64,April4_9_10(April4_9_10).csv
2026-04-09 23:32:50,Good,64.76,33.8,0.33799999999999997,63,64,April4_9_10(April4_9_10).csv
2026-04-09 23:32:52,Good,64.76,34.0,0.34,63,64,April4_9_10(April4_9_10).csv
2026-04-09 23:32:54,Good,64.76,34.1,0.341,63,64,April4_9_10(April4_9_10).csv
2026-04-09 23:32:56,Good,64.76,34.3,0.34299999999999997,63,64,April4_9_10(April4_9_10).csv
2026-04-09 23:32:58,Good,64.76,34.3,0.34299999999999997,63,64,April4_9_10(April4_9_10).csv
2026-04-09 23:33:00,Good,64.76,34.4,0.344,63,64,April4_9_10(April4_9_10).csv
2026-04-09 23:33:02,Good,64.94,34.6,0.34600000000000003,63,64,April4_9_10(April4_9_10).csv
2026-04-09 23:33:04,Good,64.76,34.5,0.345,63,64,April4_9_10(April4_9_10).csv
2026-04-09 23:33:06,Good,64.94,34.7,0.34700000000000003,63,64,April4_9_10(April4_9_10).csv
2026-04-09 23:33:08,Good,64.94,34.7,0.34700000000000003,63,64,April4_9_10(April4_9_10).csv
2026-04-09 23:33:10,Good,64.94,34.8,0.348,63,64,April4_9_10(April4_9_10).csv
2026-04-09 23:33:12,Good,64.94,34.8,0.348,63,64,April4_9_10(April4_9_10).csv
2026-04-09 23:33:14,Good,64.94,34.8,0.348,63,64,April4_9_10(April4_9_10).csv
2026-04-09 23:33:16,Good,64.76,34.8,0.348,63,64,April4_9_10(April4_9_10).csv
2026-04-09 23:33:18,Good,64.76,34.8,0.348,63,64,April4_9_10(April4_9_10).csv
2026-04-09 23:33:21,Good,64.94,34.8,0.348,63,64,April4_9_10(April4_9_10).csv
2026-04-09 23:33:23,Good,64.94,34.7,0.34700000000000003,63,64,April4_9_10(April4_9_10).csv
2026-04-09 23:33:25,Good,64.76,34.6,0.34600000000000003,63,64,April4_9_10(April4_9_10).csv
2026-04-09 23:33:27,Good,64.94,34.6,0.34600000000000003,63,64,April4_9_10(April4_9_10).csv
2026-04-09 23:33:29,Good,64.94,34.5,0.345,63,64,April4_9_10(April4_9_10).csv
2026-04-09 23:33:31,Good,64.76,34.3,0.34299999999999997,63,64,April4_9_10(April4_9_10).csv
2026-04-09 23:33:33,Good,64.94,34.4,0.344,63,64,April4_9_10(April4_9_10).csv
2026-04-09 23:33:35,Good,64.94,34.4,0.344,63,64,April4_9_10(April4_9_10).csv
2026-04-09 23:33:37,Good,64.76,34.3,0.34299999999999997,63,64,April4_9_10(April4_9_10).csv
2026-04-09 23:33:39,Good,64.94,34.4,0.344,63,64,April4_9_10(April4_9_10).csv
2026-04-09 23:33:41,Good,64.94,34.4,0.344,63,64,April4_9_10(April4_9_10).csv
2026-04-09 23:33:43,Good,64.76,34.3,0.34299999999999997,63,64,April4_9_10(April4_9_10).csv
2026-04-09 23:33:45,Good,64.94,34.3,0.34299999999999997,63,64,April4_9_10(April4_9_10).csv
2026-04-09 23:33:47,Good,64.94,34.3,0.34299999999999997,63,64,April4_9_10(April4_9_10).csv
2026-04-09 23:33:49,Good,64.94,34.3,0.34299999999999997,63,64,April4_9_10(April4_9_10).csv
2026-04-09 23:33:51,Good,64.76,34.2,0.342,63,64,April4_9_10(April4_9_10).csv
2026-04-09 23:33:53,Good,64.94,34.3,0.34299999999999997,63,64,April4_9_10(April4_9_10).csv
2026-04-09 23:33:55,Good,64.94,34.3,0.34299999999999997,63,64,April4_9_10(April4_9_10).csv
2026-04-09 23:33:57,Good,64.94,34.3,0.34299999999999997,63,64,April4_9_10(April4_9_10).csv
2026-04-09 23:33:59,Good,64.76,34.1,0.341,63,64,April4_9_10(April4_9_10).csv
2026-04-09 23:34:01,Good,64.94,34.1,0.341,63,64,April4_9_10(April4_9_10).csv
2026-04-09 23:34:03,Good,64.94,34.1,0.341,63,64,April4_9_10(April4_9_10).csv
2026-04-09 23:34:05,Good,64.76,34.0,0.34,63,64,April4_9_10(April4_9_10).csv
2026-04-09 23:34:07,Good,64.94,34.1,0.341,63,64,April4_9_10(April4_9_10).csv
2026-04-09 23:34:09,Good,64.94,34.0,0.34,63,64,April4_9_10(April4_9_10).csv
2026-04-09 23:34:11,Good,64.94,34.0,0.34,63,64,April4_9_10(April4_9_10).csv
2026-04-09 23:34:13,Good,64.94,34.0,0.34,63,64,April4_9_10(April4_9_10).csv
2026-04-09 23:34:16,Good,64.76,33.9,0.33899999999999997,63,64,April4_9_10(April4_9_10).csv
2026-04-09 23:34:18,Good,64.76,34.0,0.34,63,64,April4_9_10(April4_9_10).csv
2026-04-09 23:34:20,Good,64.76,34.0,0.34,63,64,April4_9_10(April4_9_10).csv
2026-04-09 23:34:22,Good,64.76,33.9,0.33899999999999997,63,64,April4_9_10(April4_9_10).csv
2026-04-09 23:34:24,Good,64.94,33.9,0.33899999999999997,63,64,April4_9_10(April4_9_10).csv
2026-04-09 23:34:26,Good,64.94,33.8,0.33799999999999997,63,64,April4_9_10(April4_9_10).csv
2026-04-09 23:34:28,Good,64.94,33.7,0.337,63,64,April4_9_10(April4_9_10).csv
2026-04-09 23:34:30,Good,64.76,33.5,0.335,63,64,April4_9_10(April4_9_10).csv
2026-04-09 23:34:32,Good,64.76,33.4,0.33399999999999996,63,64,April4_9_10(April4_9_10).csv
2026-04-09 23:34:34,Good,64.76,33.3,0.33299999999999996,63,64,April4_9_10(April4_9_10).csv
2026-04-09 23:34:36,Good,64.76,33.2,0.332,63,64,April4_9_10(April4_9_10).csv
2026-04-09 23:34:38,Good,64.76,33.2,0.332,63,64,April4_9_10(April4_9_10).csv
2026-04-09 23:34:40,Good,64.76,33.1,0.331,63,64,April4_9_10(April4_9_10).csv
2026-04-09 23:34:42,Good,64.94,33.1,0.331,63,64,April4_9_10(April4_9_10).csv
2026-04-09 23:34:44,Good,64.94,33.1,0.331,63,64,April4_9_10(April4_9_10).csv
2026-04-09 23:34:46,Good,64.76,33.0,0.33,63,64,April4_9_10(April4_9_10).csv
2026-04-09 23:34:48,Good,64.76,33.0,0.33,63,64,April4_9_10(April4_9_10).csv
2026-04-09 23:34:50,Good,64.76,32.9,0.32899999999999996,63,64,April4_9_10(April4_9_10).csv
2026-04-09 23:34:52,Good,64.94,32.9,0.32899999999999996,63,64,April4_9_10(April4_9_10).csv
2026-04-09 23:34:54,Good,64.94,32.8,0.32799999999999996,63,64,April4_9_10(April4_9_10).csv
2026-04-09 23:34:56,Good,64.76,32.5,0.325,63,64,April4_9_10(April4_9_10).csv
2026-04-09 23:34:58,Good,64.76,32.4,0.324,63,64,April4_9_10(April4_9_10).csv
2026-04-09 23:35:00,Good,64.76,32.3,0.32299999999999995,63,64,April4_9_10(April4_9_10).csv
2026-04-09 23:35:02,Good,64.76,32.2,0.322,63,64,April4_9_10(April4_9_10).csv
2026-04-09 23:35:04,Good,64.94,32.1,0.321,63,64,April4_9_10(April4_9_10).csv
2026-04-09 23:35:06,Good,64.76,32.0,0.32,63,64,April4_9_10(April4_9_10).csv
2026-04-09 23:35:09,Good,64.94,32.0,0.32,63,64,April4_9_10(April4_9_10).csv
2026-04-09 23:35:11,Good,64.94,32.0,0.32,63,64,April4_9_10(April4_9_10).csv
2026-04-09 23:35:13,Good,64.76,31.9,0.319,63,64,April4_9_10(April4_9_10).csv
2026-04-09 23:35:15,Good,64.76,32.0,0.32,63,64,April4_9_10(April4_9_10).csv
2026-04-09 23:35:17,Good,64.76,32.0,0.32,63,64,April4_9_10(April4_9_10).csv
2026-04-09 23:35:19,Good,64.76,32.1,0.321,63,64,April4_9_10(April4_9_10).csv
2026-04-09 23:35:21,Good,64.76,32.0,0.32,63,64,April4_9_10(April4_9_10).csv
2026-04-09 23:35:23,Good,64.76,32.1,0.321,63,64,April4_9_10(April4_9_10).csv
2026-04-09 23:35:25,Good,64.76,32.1,0.321,63,64,April4_9_10(April4_9_10).csv
2026-04-09 23:35:27,Good,64.76,32.2,0.322,63,64,April4_9_10(April4_9_10).csv
2026-04-09 23:35:29,Good,64.76,32.3,0.32299999999999995,63,64,April4_9_10(April4_9_10).csv
2026-04-09 23:35:31,Good,64.94,32.4,0.324,63,64,April4_9_10(April4_9_10).csv
2026-04-09 23:35:33,Good,64.76,32.3,0.32299999999999995,63,64,April4_9_10(April4_9_10).csv
2026-04-09 23:35:35,Good,64.76,32.4,0.324,63,64,April4_9_10(April4_9_10).csv
2026-04-09 23:35:37,Good,64.76,32.5,0.325,63,64,April4_9_10(April4_9_10).csv
2026-04-09 23:35:39,Good,64.76,32.6,0.326,63,64,April4_9_10(April4_9_10).csv
2026-04-09 23:35:41,Good,64.76,32.6,0.326,63,64,April4_9_10(April4_9_10).csv
2026-04-09 23:35:43,Good,64.76,32.7,0.327,63,64,April4_9_10(April4_9_10).csv
2026-04-09 23:35:45,Good,64.76,32.7,0.327,63,64,April4_9_10(April4_9_10).csv
2026-04-09 23:35:47,Good,64.76,32.6,0.326,63,64,April4_9_10(April4_9_10).csv
2026-04-09 23:35:49,Good,64.76,32.4,0.324,63,64,April4_9_10(April4_9_10).csv
2026-04-09 23:35:51,Good,64.94,32.4,0.324,63,64,April4_9_10(April4_9_10).csv
2026-04-09 23:35:53,Good,64.76,32.3,0.32299999999999995,63,64,April4_9_10(April4_9_10).csv
2026-04-09 23:35:55,Good,64.76,32.3,0.32299999999999995,63,64,April4_9_10(April4_9_10).csv
2026-04-09 23:35:57,Good,64.76,32.3,0.32299999999999995,63,64,April4_9_10(April4_9_10).csv
2026-04-09 23:35:59,Good,64.76,32.3,0.32299999999999995,63,64,April4_9_10(April4_9_10).csv
2026-04-09 23:36:02,Good,64.76,32.3,0.32299999999999995,63,64,April4_9_10(April4_9_10).csv
2026-04-09 23:36:04,Good,64.76,32.3,0.32299999999999995,63,64,April4_9_10(April4_9_10).csv
2026-04-09 23:36:06,Good,64.76,32.3,0.32299999999999995,63,64,April4_9_10(April4_9_10).csv
2026-04-09 23:36:08,Good,64.76,32.3,0.32299999999999995,63,64,April4_9_10(April4_9_10).csv
2026-04-09 23:36:10,Good,64.76,32.2,0.322,63,64,April4_9_10(April4_9_10).csv
2026-04-09 23:36:12,Good,64.76,32.2,0.322,63,64,April4_9_10(April4_9_10).csv
2026-04-09 23:36:14,Good,64.76,32.2,0.322,63,64,April4_9_10(April4_9_10).csv
2026-04-09 23:36:16,Good,64.76,32.1,0.321,63,64,April4_9_10(April4_9_10).csv
2026-04-09 23:36:18,Good,64.76,32.0,0.32,63,64,April4_9_10(April4_9_10).csv
2026-04-09 23:36:20,Good,64.76,32.0,0.32,63,64,April4_9_10(April4_9_10).csv
2026-04-09 23:36:22,Good,64.76,32.0,0.32,63,64,April4_9_10(April4_9_10).csv
2026-04-09 23:36:24,Good,64.76,32.0,0.32,63,64,April4_9_10(April4_9_10).csv
2026-04-09 23:36:26,Good,64.76,32.1,0.321,63,64,April4_9_10(April4_9_10).csv
2026-04-09 23:36:28,Good,64.76,32.2,0.322,63,64,April4_9_10(April4_9_10).csv
2026-04-09 23:36:30,Good,64.76,32.2,0.322,63,64,April4_9_10(April4_9_10).csv
2026-04-09 23:36:32,Good,64.76,32.3,0.32299999999999995,63,64,April4_9_10(April4_9_10).csv
2026-04-09 23:36:34,Good,64.76,32.3,0.32299999999999995,63,64,April4_9_10(April4_9_10).csv
2026-04-09 23:36:36,Good,64.76,32.4,0.324,63,64,April4_9_10(April4_9_10).csv
2026-04-09 23:36:38,Good,64.76,32.4,0.324,63,64,April4_9_10(April4_9_10).csv
2026-04-09 23:36:40,Good,64.76,32.4,0.324,63,64,April4_9_10(April4_9_10).csv
2026-04-09 23:36:42,Good,64.76,32.3,0.32299999999999995,63,64,April4_9_10(April4_9_10).csv
2026-04-09 23:36:44,Good,64.76,32.3,0.32299999999999995,63,64,April4_9_10(April4_9_10).csv
2026-04-09 23:36:46,Good,64.76,32.2,0.322,63,64,April4_9_10(April4_9_10).csv
2026-04-09 23:36:48,Good,64.76,32.1,0.321,63,64,April4_9_10(April4_9_10).csv
2026-04-09 23:36:50,Good,64.76,32.1,0.321,63,64,April4_9_10(April4_9_10).csv
2026-04-09 23:36:52,Good,64.76,32.0,0.32,63,64,April4_9_10(April4_9_10).csv
2026-04-09 23:36:55,Good,64.76,31.9,0.319,63,64,April4_9_10(April4_9_10).csv
2026-04-09 23:36:57,Good,64.76,31.8,0.318,63,64,April4_9_10(April4_9_10).csv
2026-04-09 23:36:59,Good,64.76,31.7,0.317,63,64,April4_9_10(April4_9_10).csv
2026-04-09 23:37:01,Good,64.76,31.6,0.316,63,64,April4_9_10(April4_9_10).csv
2026-04-09 23:37:03,Good,64.76,31.5,0.315,63,64,April4_9_10(April4_9_10).csv
2026-04-09 23:37:05,Good,64.76,31.5,0.315,63,64,April4_9_10(April4_9_10).csv
2026-04-09 23:37:07,Good,64.76,31.5,0.315,63,64,April4_9_10(April4_9_10).csv
2026-04-09 23:37:09,Good,64.76,31.4,0.314,63,64,April4_9_10(April4_9_10).csv
2026-04-09 23:37:11,Good,64.76,31.4,0.314,63,64,April4_9_10(April4_9_10).csv
2026-04-09 23:37:13,Good,64.76,31.4,0.314,63,64,April4_9_10(April4_9_10).csv
2026-04-09 23:37:15,Good,64.76,31.5,0.315,63,64,April4_9_10(April4_9_10).csv
2026-04-09 23:37:17,Good,64.76,31.6,0.316,63,64,April4_9_10(April4_9_10).csv
2026-04-09 23:37:19,Good,64.76,31.6,0.316,63,64,April4_9_10(April4_9_10).csv
2026-04-09 23:37:21,Good,64.76,31.6,0.316,63,64,April4_9_10(April4_9_10).csv
2026-04-09 23:37:23,Good,64.76,31.6,0.316,63,64,April4_9_10(April4_9_10).csv
2026-04-09 23:37:25,Good,64.76,31.6,0.316,63,64,April4_9_10(April4_9_10).csv
2026-04-09 23:37:27,Good,64.76,31.6,0.316,63,64,April4_9_10(April4_9_10).csv
2026-04-09 23:37:29,Good,64.76,31.6,0.316,63,64,April4_9_10(April4_9_10).csv
2026-04-09 23:37:31,Good,64.76,31.5,0.315,63,64,April4_9_10(April4_9_10).csv
2026-04-09 23:37:33,Good,64.76,31.5,0.315,63,64,April4_9_10(April4_9_10).csv
2026-04-09 23:37:35,Good,64.76,31.5,0.315,63,64,April4_9_10(April4_9_10).csv
2026-04-09 23:37:37,Good,64.76,31.4,0.314,63,64,April4_9_10(April4_9_10).csv
2026-04-09 23:37:39,Good,64.76,31.4,0.314,63,64,April4_9_10(April4_9_10).csv
2026-04-09 23:37:41,Good,64.76,31.4,0.314,63,64,April4_9_10(April4_9_10).csv
2026-04-09 23:37:43,Good,64.76,31.3,0.313,63,64,April4_9_10(April4_9_10).csv
2026-04-09 23:37:45,Good,64.76,31.3,0.313,63,64,April4_9_10(April4_9_10).csv
2026-04-09 23:37:48,Good,64.76,31.3,0.313,63,64,April4_9_10(April4_9_10).csv
2026-04-09 23:37:50,Good,64.76,31.3,0.313,63,64,April4_9_10(April4_9_10).csv
2026-04-09 23:37:52,Good,64.76,31.3,0.313,63,64,April4_9_10(April4_9_10).csv
2026-04-09 23:37:54,Good,64.76,31.3,0.313,63,64,April4_9_10(April4_9_10).csv
2026-04-09 23:37:56,Good,64.76,31.3,0.313,63,64,April4_9_10(April4_9_10).csv
2026-04-09 23:37:58,Good,64.76,31.2,0.312,63,64,April4_9_10(April4_9_10).csv
2026-04-09 23:38:00,Good,64.76,31.3,0.313,63,64,April4_9_10(April4_9_10).csv
2026-04-09 23:38:02,Good,64.76,31.3,0.313,63,64,April4_9_10(April4_9_10).csv
2026-04-09 23:38:04,Good,64.76,31.3,0.313,63,64,April4_9_10(April4_9_10).csv
2026-04-09 23:38:06,Good,64.76,31.3,0.313,63,64,April4_9_10(April4_9_10).csv
2026-04-09 23:38:08,Good,64.76,31.3,0.313,63,64,April4_9_10(April4_9_10).csv
2026-04-09 23:38:10,Good,64.76,31.4,0.314,63,64,April4_9_10(April4_9_10).csv
2026-04-09 23:38:12,Good,64.76,31.4,0.314,63,64,April4_9_10(April4_9_10).csv
2026-04-09 23:38:14,Good,64.76,31.4,0.314,63,64,April4_9_10(April4_9_10).csv
2026-04-09 23:38:16,Good,64.76,31.3,0.313,63,64,April4_9_10(April4_9_10).csv
2026-04-09 23:38:18,Good,64.76,31.3,0.313,63,64,April4_9_10(April4_9_10).csv
2026-04-09 23:38:20,Good,64.76,31.3,0.313,63,64,April4_9_10(April4_9_10).csv
2026-04-09 23:38:22,Good,64.76,31.2,0.312,63,64,April4_9_10(April4_9_10).csv
2026-04-09 23:38:24,Good,64.76,31.3,0.313,63,64,April4_9_10(April4_9_10).csv
2026-04-09 23:38:26,Good,64.76,31.3,0.313,63,64,April4_9_10(April4_9_10).csv
2026-04-09 23:38:28,Good,64.76,31.4,0.314,63,64,April4_9_10(April4_9_10).csv
2026-04-09 23:38:30,Good,64.76,31.5,0.315,63,64,April4_9_10(April4_9_10).csv
2026-04-09 23:38:32,Good,64.76,31.5,0.315,63,64,April4_9_10(April4_9_10).csv
2026-04-09 23:38:34,Good,64.76,31.5,0.315,63,64,April4_9_10(April4_9_10).csv
2026-04-09 23:38:36,Good,64.76,31.5,0.315,63,64,April4_9_10(April4_9_10).csv
2026-04-09 23:38:38,Good,64.76,31.5,0.315,63,64,April4_9_10(April4_9_10).csv
2026-04-09 23:38:41,Good,64.76,31.5,0.315,63,64,April4_9_10(April4_9_10).csv
2026-04-09 23:38:43,Good,64.76,31.5,0.315,63,64,April4_9_10(April4_9_10).csv
2026-04-09 23:38:45,Good,64.76,31.5,0.315,63,64,April4_9_10(April4_9_10).csv
2026-04-09 23:38:47,Good,64.76,31.5,0.315,63,64,April4_9_10(April4_9_10).csv
2026-04-09 23:38:49,Good,64.76,31.5,0.315,63,64,April4_9_10(April4_9_10).csv
2026-04-09 23:38:51,Good,64.76,31.6,0.316,63,64,April4_9_10(April4_9_10).csv
2026-04-09 23:38:53,Good,64.76,31.6,0.316,63,64,April4_9_10(April4_9_10).csv
2026-04-09 23:38:55,Good,64.76,31.7,0.317,63,64,April4_9_10(April4_9_10).csv
2026-04-09 23:38:57,Good,64.76,31.6,0.316,63,64,April4_9_10(April4_9_10).csv
2026-04-09 23:38:59,Good,64.76,31.6,0.316,63,64,April4_9_10(April4_9_10).csv
2026-04-09 23:39:01,Good,64.76,31.6,0.316,63,64,April4_9_10(April4_9_10).csv
2026-04-09 23:39:03,Good,64.76,31.6,0.316,63,64,April4_9_10(April4_9_10).csv
2026-04-09 23:39:05,Good,64.76,31.7,0.317,63,64,April4_9_10(April4_9_10).csv
2026-04-09 23:39:07,Good,64.76,31.8,0.318,63,64,April4_9_10(April4_9_10).csv
2026-04-09 23:39:09,Good,64.76,31.9,0.319,63,64,April4_9_10(April4_9_10).csv
2026-04-09 23:39:11,Good,64.76,32.0,0.32,63,64,April4_9_10(April4_9_10).csv
2026-04-09 23:39:13,Good,64.76,32.0,0.32,63,64,April4_9_10(April4_9_10).csv
2026-04-09 23:39:15,Good,64.76,32.1,0.321,63,64,April4_9_10(April4_9_10).csv
2026-04-09 23:39:17,Good,64.76,32.1,0.321,63,64,April4_9_10(April4_9_10).csv
2026-04-09 23:39:19,Good,64.76,32.1,0.321,63,64,April4_9_10(April4_9_10).csv
2026-04-09 23:39:21,Good,64.76,32.0,0.32,63,64,April4_9_10(April4_9_10).csv
2026-04-09 23:39:23,Good,64.76,31.9,0.319,63,64,April4_9_10(April4_9_10).csv
2026-04-09 23:39:25,Good,64.76,31.9,0.319,63,64,April4_9_10(April4_9_10).csv
2026-04-09 23:39:27,Good,64.76,31.9,0.319,63,64,April4_9_10(April4_9_10).csv
2026-04-09 23:39:29,Good,64.76,31.8,0.318,63,64,April4_9_10(April4_9_10).csv
2026-04-09 23:39:31,Good,64.76,31.8,0.318,63,64,April4_9_10(April4_9_10).csv
2026-04-09 23:39:34,Good,64.76,31.8,0.318,63,64,April4_9_10(April4_9_10).csv
2026-04-09 23:39:36,Good,64.76,31.9,0.319,63,64,April4_9_10(April4_9_10).csv
2026-04-09 23:39:38,Good,64.76,31.9,0.319,63,64,April4_9_10(April4_9_10).csv
2026-04-09 23:39:40,Good,64.76,31.9,0.319,63,64,April4_9_10(April4_9_10).csv
2026-04-09 23:39:42,Good,64.76,31.9,0.319,63,64,April4_9_10(April4_9_10).csv
2026-04-09 23:39:44,Good,64.76,31.9,0.319,63,64,April4_9_10(April4_9_10).csv
2026-04-09 23:39:46,Good,64.76,31.9,0.319,63,64,April4_9_10(April4_9_10).csv
2026-04-09 23:39:48,Good,64.76,31.9,0.319,63,64,April4_9_10(April4_9_10).csv
2026-04-09 23:39:50,Good,64.76,31.9,0.319,63,64,April4_9_10(April4_9_10).csv
2026-04-09 23:39:52,Good,64.76,32.0,0.32,63,64,April4_9_10(April4_9_10).csv
2026-04-09 23:39:54,Good,64.76,32.0,0.32,63,64,April4_9_10(April4_9_10).csv
2026-04-09 23:39:56,Good,64.76,32.1,0.321,63,64,April4_9_10(April4_9_10).csv
2026-04-09 23:39:58,Good,64.76,32.2,0.322,63,64,April4_9_10(April4_9_10).csv
2026-04-09 23:40:00,Good,64.76,32.2,0.322,63,64,April4_9_10(April4_9_10).csv
2026-04-09 23:40:02,Good,64.76,32.3,0.32299999999999995,63,64,April4_9_10(April4_9_10).csv
2026-04-09 23:40:04,Good,64.76,32.3,0.32299999999999995,63,64,April4_9_10(April4_9_10).csv
2026-04-09 23:40:06,Good,64.76,32.3,0.32299999999999995,63,64,April4_9_10(April4_9_10).csv
2026-04-09 23:40:08,Good,64.76,32.2,0.322,63,64,April4_9_10(April4_9_10).csv
2026-04-09 23:40:10,Good,64.76,32.2,0.322,63,64,April4_9_10(April4_9_10).csv
2026-04-09 23:40:12,Good,64.76,32.1,0.321,63,64,April4_9_10(April4_9_10).csv
2026-04-09 23:40:14,Good,64.76,32.1,0.321,63,64,April4_9_10(April4_9_10).csv
2026-04-09 23:40:16,Good,64.76,32.0,0.32,63,64,April4_9_10(April4_9_10).csv
2026-04-09 23:40:18,Good,64.76,32.0,0.32,63,64,April4_9_10(April4_9_10).csv
2026-04-09 23:40:20,Good,64.76,31.9,0.319,63,64,April4_9_10(April4_9_10).csv
2026-04-09 23:40:22,Good,64.76,31.8,0.318,63,64,April4_9_10(April4_9_10).csv
2026-04-09 23:40:24,Good,64.76,31.7,0.317,63,64,April4_9_10(April4_9_10).csv
2026-04-09 23:40:27,Good,64.76,31.7,0.317,63,64,April4_9_10(April4_9_10).csv
2026-04-09 23:40:29,Good,64.76,31.6,0.316,63,64,April4_9_10(April4_9_10).csv
2026-04-09 23:40:31,Good,64.76,31.6,0.316,63,64,April4_9_10(April4_9_10).csv
2026-04-09 23:40:33,Good,64.76,31.6,0.316,63,64,April4_9_10(April4_9_10).csv
2026-04-09 23:40:35,Good,64.76,31.6,0.316,63,64,April4_9_10(April4_9_10).csv
2026-04-09 23:40:37,Good,64.76,31.6,0.316,63,64,April4_9_10(April4_9_10).csv
2026-04-09 23:40:39,Good,64.76,31.6,0.316,63,64,April4_9_10(April4_9_10).csv
2026-04-09 23:40:41,Good,64.76,31.5,0.315,63,64,April4_9_10(April4_9_10).csv
2026-04-09 23:40:43,Good,64.76,31.4,0.314,63,64,April4_9_10(April4_9_10).csv
2026-04-09 23:40:45,Good,64.76,31.4,0.314,63,64,April4_9_10(April4_9_10).csv
2026-04-09 23:40:47,Good,64.76,31.3,0.313,63,64,April4_9_10(April4_9_10).csv
2026-04-09 23:40:49,Good,64.76,31.3,0.313,63,64,April4_9_10(April4_9_10).csv
2026-04-09 23:40:51,Good,64.58,31.2,0.312,63,64,April4_9_10(April4_9_10).csv
2026-04-09 23:40:53,Good,64.58,31.2,0.312,63,64,April4_9_10(April4_9_10).csv
2026-04-09 23:40:55,Good,64.76,31.4,0.314,63,64,April4_9_10(April4_9_10).csv
2026-04-09 23:40:57,Good,64.76,31.5,0.315,63,64,April4_9_10(April4_9_10).csv
2026-04-09 23:40:59,Good,64.76,31.6,0.316,63,64,April4_9_10(April4_9_10).csv
2026-04-09 23:41:01,Good,64.76,31.7,0.317,63,64,April4_9_10(April4_9_10).csv
2026-04-09 23:41:03,Good,64.76,31.8,0.318,63,64,April4_9_10(April4_9_10).csv
2026-04-09 23:41:05,Good,64.58,31.8,0.318,63,64,April4_9_10(April4_9_10).csv
2026-04-09 23:41:07,Good,64.76,32.0,0.32,63,64,April4_9_10(April4_9_10).csv
2026-04-09 23:41:09,Good,64.76,32.0,0.32,63,64,April4_9_10(April4_9_10).csv
2026-04-09 23:41:11,Good,64.58,31.9,0.319,63,64,April4_9_10(April4_9_10).csv
2026-04-09 23:41:13,Good,64.58,31.9,0.319,63,64,April4_9_10(April4_9_10).csv
2026-04-09 23:41:15,Good,64.58,31.9,0.319,63,64,April4_9_10(April4_9_10).csv
2026-04-09 23:41:17,Good,64.58,31.8,0.318,63,64,April4_9_10(April4_9_10).csv
2026-04-09 23:41:20,Good,64.58,31.7,0.317,63,64,April4_9_10(April4_9_10).csv
2026-04-09 23:41:22,Good,64.58,31.6,0.316,63,64,April4_9_10(April4_9_10).csv
2026-04-09 23:41:24,Good,64.76,31.6,0.316,63,64,April4_9_10(April4_9_10).csv
2026-04-09 23:41:26,Good,64.58,31.5,0.315,63,64,April4_9_10(April4_9_10).csv
2026-04-09 23:41:28,Good,64.76,31.5,0.315,63,64,April4_9_10(April4_9_10).csv
2026-04-09 23:41:30,Good,64.58,31.4,0.314,63,64,April4_9_10(April4_9_10).csv
2026-04-09 23:41:32,Good,64.58,31.5,0.315,63,64,April4_9_10(April4_9_10).csv
2026-04-09 23:41:34,Good,64.58,31.5,0.315,63,64,April4_9_10(April4_9_10).csv
2026-04-09 23:41:36,Good,64.58,31.5,0.315,63,64,April4_9_10(April4_9_10).csv
2026-04-09 23:41:38,Good,64.76,31.7,0.317,63,64,April4_9_10(April4_9_10).csv
2026-04-09 23:41:40,Good,64.58,31.6,0.316,63,64,April4_9_10(April4_9_10).csv
2026-04-09 23:41:42,Good,64.58,31.7,0.317,63,64,April4_9_10(April4_9_10).csv
2026-04-09 23:41:44,Good,64.76,31.8,0.318,63,64,April4_9_10(April4_9_10).csv
2026-04-09 23:41:46,Good,64.76,31.7,0.317,63,64,April4_9_10(April4_9_10).csv
2026-04-09 23:41:48,Good,64.76,31.6,0.316,63,64,April4_9_10(April4_9_10).csv
2026-04-09 23:41:50,Good,64.76,31.5,0.315,63,64,April4_9_10(April4_9_10).csv
2026-04-09 23:41:52,Good,64.58,31.4,0.314,63,64,April4_9_10(April4_9_10).csv
2026-04-09 23:41:54,Good,64.76,31.4,0.314,63,64,April4_9_10(April4_9_10).csv
2026-04-09 23:41:56,Good,64.58,31.3,0.313,63,64,April4_9_10(April4_9_10).csv
2026-04-09 23:41:58,Good,64.58,31.3,0.313,63,64,April4_9_10(April4_9_10).csv
2026-04-09 23:42:00,Good,64.76,31.4,0.314,63,64,April4_9_10(April4_9_10).csv
2026-04-09 23:42:02,Good,64.58,31.4,0.314,63,64,April4_9_10(April4_9_10).csv
2026-04-09 23:42:04,Good,64.58,31.5,0.315,63,64,April4_9_10(April4_9_10).csv
2026-04-09 23:42:06,Good,64.58,31.5,0.315,63,64,April4_9_10(April4_9_10).csv
2026-04-09 23:42:08,Good,64.58,31.6,0.316,63,64,April4_9_10(April4_9_10).csv
2026-04-09 23:42:10,Good,64.58,31.7,0.317,63,64,April4_9_10(April4_9_10).csv
2026-04-09 23:42:13,Good,64.58,31.9,0.319,63,64,April4_9_10(April4_9_10).csv
2026-04-09 23:42:15,Good,64.58,32.2,0.322,63,64,April4_9_10(April4_9_10).csv
2026-04-09 23:42:17,Good,64.58,32.6,0.326,63,64,April4_9_10(April4_9_10).csv
2026-04-09 23:42:19,Good,64.58,32.8,0.32799999999999996,63,64,April4_9_10(April4_9_10).csv
2026-04-09 23:42:21,Good,64.58,33.0,0.33,63,64,April4_9_10(April4_9_10).csv
2026-04-09 23:42:23,Good,64.58,33.1,0.331,63,64,April4_9_10(April4_9_10).csv
2026-04-09 23:42:25,Good,64.58,33.4,0.33399999999999996,63,64,April4_9_10(April4_9_10).csv
2026-04-09 23:42:27,Good,64.76,33.6,0.336,63,64,April4_9_10(April4_9_10).csv
2026-04-09 23:42:29,Good,64.58,33.7,0.337,63,64,April4_9_10(April4_9_10).csv
2026-04-09 23:42:31,Good,64.76,34.0,0.34,63,64,April4_9_10(April4_9_10).csv
2026-04-09 23:42:33,Good,64.76,34.1,0.341,63,64,April4_9_10(April4_9_10).csv
2026-04-09 23:42:35,Good,64.76,34.2,0.342,63,64,April4_9_10(April4_9_10).csv
2026-04-09 23:42:37,Good,64.76,34.3,0.34299999999999997,63,64,April4_9_10(April4_9_10).csv
2026-04-09 23:42:39,Good,64.76,34.4,0.344,63,64,April4_9_10(April4_9_10).csv
2026-04-09 23:42:41,Good,64.76,34.5,0.345,63,64,April4_9_10(April4_9_10).csv
2026-04-09 23:42:43,Good,64.76,34.5,0.345,63,64,April4_9_10(April4_9_10).csv
2026-04-09 23:42:45,Good,64.76,34.6,0.34600000000000003,63,64,April4_9_10(April4_9_10).csv
2026-04-09 23:42:47,Good,64.76,34.5,0.345,63,64,April4_9_10(April4_9_10).csv
2026-04-09 23:42:49,Good,64.76,34.6,0.34600000000000003,63,64,April4_9_10(April4_9_10).csv
2026-04-09 23:42:51,Good,64.76,34.7,0.34700000000000003,63,64,April4_9_10(April4_9_10).csv
2026-04-09 23:42:53,Good,64.76,34.7,0.34700000000000003,63,64,April4_9_10(April4_9_10).csv
2026-04-09 23:42:55,Good,64.76,34.8,0.348,63,64,April4_9_10(April4_9_10).csv
2026-04-09 23:42:57,Good,64.76,34.8,0.348,63,64,April4_9_10(April4_9_10).csv
2026-04-09 23:42:59,Good,64.76,34.7,0.34700000000000003,63,64,April4_9_10(April4_9_10).csv
2026-04-09 23:43:01,Good,64.76,34.6,0.34600000000000003,63,64,April4_9_10(April4_9_10).csv
2026-04-09 23:43:03,Good,64.76,34.5,0.345,63,64,April4_9_10(April4_9_10).csv
2026-04-09 23:43:06,Good,64.76,34.3,0.34299999999999997,63,64,April4_9_10(April4_9_10).csv
2026-04-09 23:43:08,Good,64.76,34.1,0.341,63,64,April4_9_10(April4_9_10).csv
2026-04-09 23:43:10,Good,64.76,34.0,0.34,63,64,April4_9_10(April4_9_10).csv
2026-04-09 23:43:12,Good,64.76,33.9,0.33899999999999997,63,64,April4_9_10(April4_9_10).csv
2026-04-09 23:43:14,Good,64.76,33.8,0.33799999999999997,63,64,April4_9_10(April4_9_10).csv
2026-04-09 23:43:16,Good,64.76,33.8,0.33799999999999997,63,64,April4_9_10(April4_9_10).csv
2026-04-09 23:43:18,Good,64.76,33.7,0.337,63,64,April4_9_10(April4_9_10).csv
2026-04-09 23:43:20,Good,64.76,33.7,0.337,63,64,April4_9_10(April4_9_10).csv
2026-04-09 23:43:22,Good,64.76,33.6,0.336,63,64,April4_9_10(April4_9_10).csv
2026-04-09 23:43:24,Good,64.76,33.6,0.336,63,64,April4_9_10(April4_9_10).csv
2026-04-09 23:43:26,Good,64.76,33.6,0.336,63,64,April4_9_10(April4_9_10).csv
2026-04-09 23:43:28,Good,64.76,33.6,0.336,63,64,April4_9_10(April4_9_10).csv
2026-04-09 23:43:30,Good,64.76,33.7,0.337,63,64,April4_9_10(April4_9_10).csv
2026-04-09 23:43:32,Good,64.76,33.7,0.337,63,64,April4_9_10(April4_9_10).csv
2026-04-09 23:43:34,Good,64.76,33.6,0.336,63,64,April4_9_10(April4_9_10).csv
2026-04-09 23:43:36,Good,64.76,33.5,0.335,63,64,April4_9_10(April4_9_10).csv
2026-04-09 23:43:38,Good,64.76,33.4,0.33399999999999996,63,64,April4_9_10(April4_9_10).csv
2026-04-09 23:43:40,Good,64.76,33.3,0.33299999999999996,63,64,April4_9_10(April4_9_10).csv
2026-04-09 23:43:42,Good,64.76,33.2,0.332,63,64,April4_9_10(April4_9_10).csv
2026-04-09 23:43:44,Good,64.76,33.1,0.331,63,64,April4_9_10(April4_9_10).csv
2026-04-09 23:43:46,Good,64.76,33.0,0.33,63,64,April4_9_10(April4_9_10).csv
2026-04-09 23:43:48,Good,64.76,32.9,0.32899999999999996,63,64,April4_9_10(April4_9_10).csv
2026-04-09 23:43:50,Good,64.76,32.8,0.32799999999999996,63,64,April4_9_10(April4_9_10).csv
2026-04-09 23:43:53,Good,64.76,32.8,0.32799999999999996,63,64,April4_9_10(April4_9_10).csv
2026-04-09 23:43:55,Good,64.76,32.8,0.32799999999999996,63,64,April4_9_10(April4_9_10).csv
2026-04-09 23:43:57,Good,64.76,32.8,0.32799999999999996,63,64,April4_9_10(April4_9_10).csv
2026-04-09 23:43:59,Good,64.76,32.8,0.32799999999999996,63,64,April4_9_10(April4_9_10).csv
2026-04-09 23:44:01,Good,64.76,32.8,0.32799999999999996,63,64,April4_9_10(April4_9_10).csv
2026-04-09 23:44:03,Good,64.76,32.7,0.327,63,64,April4_9_10(April4_9_10).csv
2026-04-09 23:44:05,Good,64.76,32.7,0.327,63,64,April4_9_10(April4_9_10).csv
2026-04-09 23:44:07,Good,64.76,32.6,0.326,63,64,April4_9_10(April4_9_10).csv
2026-04-09 23:44:09,Good,64.76,32.6,0.326,63,64,April4_9_10(April4_9_10).csv
2026-04-09 23:44:11,Good,64.76,32.5,0.325,63,64,April4_9_10(April4_9_10).csv
2026-04-09 23:44:13,Good,64.76,32.5,0.325,63,64,April4_9_10(April4_9_10).csv
2026-04-09 23:44:15,Good,64.76,32.4,0.324,63,64,April4_9_10(April4_9_10).csv
2026-04-09 23:44:17,Good,64.76,32.4,0.324,63,64,April4_9_10(April4_9_10).csv
2026-04-09 23:44:19,Good,64.76,32.4,0.324,63,64,April4_9_10(April4_9_10).csv
2026-04-09 23:44:21,Good,64.76,32.4,0.324,63,64,April4_9_10(April4_9_10).csv
2026-04-09 23:44:23,Good,64.76,32.4,0.324,63,64,April4_9_10(April4_9_10).csv
2026-04-09 23:44:25,Good,64.76,32.5,0.325,63,64,April4_9_10(April4_9_10).csv
2026-04-09 23:44:27,Good,64.76,32.5,0.325,63,64,April4_9_10(April4_9_10).csv
2026-04-09 23:44:29,Good,64.76,32.5,0.325,63,64,April4_9_10(April4_9_10).csv
2026-04-09 23:44:31,Good,64.76,32.6,0.326,63,64,April4_9_10(April4_9_10).csv
2026-04-09 23:44:33,Good,64.76,32.7,0.327,63,64,April4_9_10(April4_9_10).csv
2026-04-09 23:44:35,Good,64.76,32.8,0.32799999999999996,63,64,April4_9_10(April4_9_10).csv
2026-04-09 23:44:37,Good,64.76,32.9,0.32899999999999996,63,64,April4_9_10(April4_9_10).csv
2026-04-09 23:44:39,Good,64.76,33.0,0.33,63,64,April4_9_10(April4_9_10).csv
2026-04-09 23:44:41,Good,64.76,33.1,0.331,63,64,April4_9_10(April4_9_10).csv
2026-04-09 23:44:43,Good,64.76,33.2,0.332,63,64,April4_9_10(April4_9_10).csv
2026-04-09 23:44:46,Good,64.76,33.3,0.33299999999999996,63,64,April4_9_10(April4_9_10).csv
2026-04-09 23:44:48,Good,64.76,33.3,0.33299999999999996,63,64,April4_9_10(April4_9_10).csv
2026-04-09 23:44:50,Good,64.76,33.4,0.33399999999999996,63,64,April4_9_10(April4_9_10).csv
2026-04-09 23:44:52,Good,64.76,33.3,0.33299999999999996,63,64,April4_9_10(April4_9_10).csv
2026-04-09 23:44:54,Good,64.76,33.2,0.332,63,64,April4_9_10(April4_9_10).csv
2026-04-09 23:44:56,Good,64.76,33.0,0.33,63,64,April4_9_10(April4_9_10).csv
2026-04-09 23:44:58,Good,64.76,32.9,0.32899999999999996,63,64,April4_9_10(April4_9_10).csv
2026-04-09 23:45:00,Good,64.76,32.8,0.32799999999999996,63,64,April4_9_10(April4_9_10).csv
2026-04-09 23:45:02,Good,64.76,32.7,0.327,63,64,April4_9_10(April4_9_10).csv
2026-04-09 23:45:04,Good,64.76,32.8,0.32799999999999996,63,64,April4_9_10(April4_9_10).csv
2026-04-09 23:45:06,Good,64.76,32.9,0.32899999999999996,63,64,April4_9_10(April4_9_10).csv
2026-04-09 23:45:08,Good,64.76,33.0,0.33,63,64,April4_9_10(April4_9_10).csv
2026-04-09 23:45:10,Good,64.76,33.0,0.33,63,64,April4_9_10(April4_9_10).csv
2026-04-09 23:45:12,Good,64.76,33.0,0.33,63,64,April4_9_10(April4_9_10).csv
2026-04-09 23:45:14,Good,64.76,33.0,0.33,63,64,April4_9_10(April4_9_10).csv
2026-04-09 23:45:16,Good,64.76,33.1,0.331,63,64,April4_9_10(April4_9_10).csv
2026-04-09 23:45:18,Good,64.76,33.0,0.33,63,64,April4_9_10(April4_9_10).csv
2026-04-09 23:45:20,Good,64.76,32.8,0.32799999999999996,63,64,April4_9_10(April4_9_10).csv
2026-04-09 23:45:22,Good,64.76,32.7,0.327,63,64,April4_9_10(April4_9_10).csv
2026-04-09 23:45:24,Good,64.76,32.7,0.327,63,64,April4_9_10(April4_9_10).csv
2026-04-09 23:45:26,Good,64.76,32.6,0.326,63,64,April4_9_10(April4_9_10).csv
2026-04-09 23:45:28,Good,64.76,32.6,0.326,63,64,April4_9_10(April4_9_10).csv
2026-04-09 23:45:30,Good,64.76,32.5,0.325,63,64,April4_9_10(April4_9_10).csv
2026-04-09 23:45:32,Good,64.76,32.4,0.324,63,64,April4_9_10(April4_9_10).csv
2026-04-09 23:45:34,Good,64.76,32.3,0.32299999999999995,63,64,April4_9_10(April4_9_10).csv
2026-04-09 23:45:36,Good,64.76,32.3,0.32299999999999995,63,64,April4_9_10(April4_9_10).csv
2026-04-09 23:45:39,Good,64.76,32.3,0.32299999999999995,63,64,April4_9_10(April4_9_10).csv
2026-04-09 23:45:41,Good,64.76,32.3,0.32299999999999995,63,64,April4_9_10(April4_9_10).csv
2026-04-09 23:45:43,Good,64.76,32.2,0.322,63,64,April4_9_10(April4_9_10).csv
2026-04-09 23:45:45,Good,64.76,32.1,0.321,63,64,April4_9_10(April4_9_10).csv
2026-04-09 23:45:47,Good,64.76,32.0,0.32,63,64,April4_9_10(April4_9_10).csv
2026-04-09 23:45:49,Good,64.76,32.0,0.32,63,64,April4_9_10(April4_9_10).csv
2026-04-09 23:45:51,Good,64.76,31.9,0.319,63,64,April4_9_10(April4_9_10).csv
2026-04-09 23:45:53,Good,64.76,31.9,0.319,63,64,April4_9_10(April4_9_10).csv
2026-04-09 23:45:55,Good,64.76,31.8,0.318,63,64,April4_9_10(April4_9_10).csv
2026-04-09 23:45:57,Good,64.76,31.8,0.318,63,64,April4_9_10(April4_9_10).csv
2026-04-09 23:45:59,Good,64.76,31.7,0.317,63,64,April4_9_10(April4_9_10).csv
2026-04-09 23:46:01,Good,64.76,31.7,0.317,63,64,April4_9_10(April4_9_10).csv
2026-04-09 23:46:03,Good,64.76,31.8,0.318,63,64,April4_9_10(April4_9_10).csv
2026-04-09 23:46:05,Good,64.76,31.9,0.319,63,64,April4_9_10(April4_9_10).csv
2026-04-09 23:46:07,Good,64.76,31.9,0.319,63,64,April4_9_10(April4_9_10).csv
2026-04-09 23:46:09,Good,64.76,32.0,0.32,63,64,April4_9_10(April4_9_10).csv
2026-04-09 23:46:11,Good,64.76,32.0,0.32,63,64,April4_9_10(April4_9_10).csv
2026-04-09 23:46:13,Good,64.58,31.9,0.319,63,64,April4_9_10(April4_9_10).csv
2026-04-09 23:46:15,Good,64.76,32.0,0.32,63,64,April4_9_10(April4_9_10).csv
2026-04-09 23:46:17,Good,64.76,31.9,0.319,63,64,April4_9_10(April4_9_10).csv
2026-04-09 23:46:19,Good,64.76,31.8,0.318,63,64,April4_9_10(April4_9_10).csv
2026-04-09 23:46:21,Good,64.76,31.8,0.318,63,64,April4_9_10(April4_9_10).csv
2026-04-09 23:46:23,Good,64.76,31.8,0.318,63,64,April4_9_10(April4_9_10).csv
2026-04-09 23:46:25,Good,64.76,31.8,0.318,63,64,April4_9_10(April4_9_10).csv
2026-04-09 23:46:27,Good,64.76,31.8,0.318,63,64,April4_9_10(April4_9_10).csv
2026-04-09 23:46:29,Good,64.76,31.9,0.319,63,64,April4_9_10(April4_9_10).csv
2026-04-09 23:46:32,Good,64.76,32.0,0.32,63,64,April4_9_10(April4_9_10).csv
2026-04-09 23:46:34,Good,64.76,32.1,0.321,63,64,April4_9_10(April4_9_10).csv
2026-04-09 23:46:36,Good,64.58,32.1,0.321,63,64,April4_9_10(April4_9_10).csv
2026-04-09 23:46:38,Good,64.76,32.3,0.32299999999999995,63,64,April4_9_10(April4_9_10).csv
2026-04-09 23:46:40,Good,64.76,32.3,0.32299999999999995,63,64,April4_9_10(April4_9_10).csv
2026-04-09 23:46:42,Good,64.76,32.3,0.32299999999999995,63,64,April4_9_10(April4_9_10).csv
2026-04-09 23:46:44,Good,64.76,32.3,0.32299999999999995,63,64,April4_9_10(April4_9_10).csv
2026-04-09 23:46:46,Good,64.76,32.3,0.32299999999999995,63,64,April4_9_10(April4_9_10).csv
2026-04-09 23:46:48,Good,64.76,32.3,0.32299999999999995,63,64,April4_9_10(April4_9_10).csv
2026-04-09 23:46:50,Good,64.58,32.3,0.32299999999999995,63,64,April4_9_10(April4_9_10).csv
2026-04-09 23:46:52,Good,64.76,32.4,0.324,63,64,April4_9_10(April4_9_10).csv
2026-04-09 23:46:54,Good,64.76,32.5,0.325,63,64,April4_9_10(April4_9_10).csv
2026-04-09 23:46:56,Good,64.58,32.4,0.324,63,64,April4_9_10(April4_9_10).csv
2026-04-09 23:46:58,Good,64.58,32.5,0.325,63,64,April4_9_10(April4_9_10).csv
2026-04-09 23:47:00,Good,64.76,32.6,0.326,63,64,April4_9_10(April4_9_10).csv
2026-04-09 23:47:02,Good,64.76,32.6,0.326,63,64,April4_9_10(April4_9_10).csv
2026-04-09 23:47:04,Good,64.76,32.7,0.327,63,64,April4_9_10(April4_9_10).csv
2026-04-09 23:47:06,Good,64.76,32.7,0.327,63,64,April4_9_10(April4_9_10).csv
2026-04-09 23:47:08,Good,64.76,32.8,0.32799999999999996,63,64,April4_9_10(April4_9_10).csv
2026-04-09 23:47:10,Good,64.76,32.8,0.32799999999999996,63,64,April4_9_10(April4_9_10).csv
2026-04-09 23:47:12,Good,64.76,32.9,0.32899999999999996,63,64,April4_9_10(April4_9_10).csv
2026-04-09 23:47:14,Good,64.76,32.9,0.32899999999999996,63,64,April4_9_10(April4_9_10).csv
2026-04-09 23:47:16,Good,64.76,32.9,0.32899999999999996,63,64,April4_9_10(April4_9_10).csv
2026-04-09 23:47:18,Good,64.76,32.9,0.32899999999999996,63,64,April4_9_10(April4_9_10).csv
2026-04-09 23:47:20,Good,64.76,32.8,0.32799999999999996,63,64,April4_9_10(April4_9_10).csv
2026-04-09 23:47:22,Good,64.76,32.7,0.327,63,64,April4_9_10(April4_9_10).csv
2026-04-09 23:47:25,Good,64.58,32.6,0.326,63,64,April4_9_10(April4_9_10).csv
2026-04-09 23:47:27,Good,64.58,32.6,0.326,63,64,April4_9_10(April4_9_10).csv
2026-04-09 23:47:29,Good,64.58,32.6,0.326,63,64,April4_9_10(April4_9_10).csv
2026-04-09 23:47:31,Good,64.76,32.6,0.326,63,64,April4_9_10(April4_9_10).csv
2026-04-09 23:47:33,Good,64.76,32.6,0.326,63,64,April4_9_10(April4_9_10).csv
2026-04-09 23:47:35,Good,64.76,32.6,0.326,63,64,April4_9_10(April4_9_10).csv
2026-04-09 23:47:37,Good,64.76,32.6,0.326,63,64,April4_9_10(April4_9_10).csv
2026-04-09 23:47:39,Good,64.58,32.5,0.325,63,64,April4_9_10(April4_9_10).csv
2026-04-09 23:47:41,Good,64.76,32.5,0.325,63,64,April4_9_10(April4_9_10).csv
2026-04-09 23:47:43,Good,64.58,32.4,0.324,63,64,April4_9_10(April4_9_10).csv
2026-04-09 23:47:45,Good,64.58,32.3,0.32299999999999995,63,64,April4_9_10(April4_9_10).csv
2026-04-09 23:47:47,Good,64.58,32.3,0.32299999999999995,63,64,April4_9_10(April4_9_10).csv
2026-04-09 23:47:49,Good,64.76,32.4,0.324,63,64,April4_9_10(April4_9_10).csv
2026-04-09 23:47:51,Good,64.76,32.3,0.32299999999999995,63,64,April4_9_10(April4_9_10).csv
2026-04-09 23:47:53,Good,64.76,32.3,0.32299999999999995,63,64,April4_9_10(April4_9_10).csv
2026-04-09 23:47:55,Good,64.58,32.2,0.322,63,64,April4_9_10(April4_9_10).csv
2026-04-09 23:47:57,Good,64.58,32.1,0.321,63,64,April4_9_10(April4_9_10).csv
2026-04-09 23:47:59,Good,64.58,32.1,0.321,63,64,April4_9_10(April4_9_10).csv
2026-04-09 23:48:01,Good,64.76,32.2,0.322,63,64,April4_9_10(April4_9_10).csv
2026-04-09 23:48:03,Good,64.76,32.1,0.321,63,64,April4_9_10(April4_9_10).csv
2026-04-09 23:48:05,Good,64.58,32.0,0.32,63,64,April4_9_10(April4_9_10).csv
2026-04-09 23:48:07,Good,64.76,32.1,0.321,63,64,April4_9_10(April4_9_10).csv
2026-04-09 23:48:09,Good,64.58,32.0,0.32,63,64,April4_9_10(April4_9_10).csv
2026-04-09 23:48:11,Good,64.76,32.1,0.321,63,64,April4_9_10(April4_9_10).csv
2026-04-09 23:48:13,Good,64.58,31.9,0.319,63,64,April4_9_10(April4_9_10).csv
2026-04-09 23:48:15,Good,64.58,31.9,0.319,63,64,April4_9_10(April4_9_10).csv
2026-04-09 23:48:18,Good,64.58,31.9,0.319,63,64,April4_9_10(April4_9_10).csv
2026-04-09 23:48:20,Good,64.76,32.1,0.321,63,64,April4_9_10(April4_9_10).csv
2026-04-09 23:48:22,Good,64.76,32.1,0.321,63,64,April4_9_10(April4_9_10).csv
2026-04-09 23:48:24,Good,64.58,32.1,0.321,63,64,April4_9_10(April4_9_10).csv
2026-04-09 23:48:26,Good,64.58,32.2,0.322,63,64,April4_9_10(April4_9_10).csv
2026-04-09 23:48:28,Good,64.76,32.3,0.32299999999999995,63,64,April4_9_10(April4_9_10).csv
2026-04-09 23:48:30,Good,64.58,32.2,0.322,63,64,April4_9_10(April4_9_10).csv
2026-04-09 23:48:32,Good,64.76,32.3,0.32299999999999995,63,64,April4_9_10(April4_9_10).csv
2026-04-09 23:48:34,Good,64.58,32.2,0.322,63,64,April4_9_10(April4_9_10).csv
2026-04-09 23:48:36,Good,64.58,32.2,0.322,63,64,April4_9_10(April4_9_10).csv
2026-04-09 23:48:38,Good,64.58,32.1,0.321,63,64,April4_9_10(April4_9_10).csv
2026-04-09 23:48:40,Good,64.76,32.2,0.322,63,64,April4_9_10(April4_9_10).csv
2026-04-09 23:48:42,Good,64.76,32.2,0.322,63,64,April4_9_10(April4_9_10).csv
2026-04-09 23:48:44,Good,64.76,32.3,0.32299999999999995,63,64,April4_9_10(April4_9_10).csv
2026-04-09 23:48:46,Good,64.76,32.3,0.32299999999999995,63,64,April4_9_10(April4_9_10).csv
2026-04-09 23:48:48,Good,64.76,32.4,0.324,63,64,April4_9_10(April4_9_10).csv
2026-04-09 23:48:50,Good,64.76,32.3,0.32299999999999995,63,64,April4_9_10(April4_9_10).csv
2026-04-09 23:48:52,Good,64.76,32.3,0.32299999999999995,63,64,April4_9_10(April4_9_10).csv
2026-04-09 23:48:54,Good,64.58,32.1,0.321,63,64,April4_9_10(April4_9_10).csv
2026-04-09 23:48:56,Good,64.58,32.1,0.321,63,64,April4_9_10(April4_9_10).csv
2026-04-09 23:48:58,Good,64.58,32.1,0.321,63,64,April4_9_10(April4_9_10).csv
2026-04-09 23:49:00,Good,64.76,32.2,0.322,63,64,April4_9_10(April4_9_10).csv
2026-04-09 23:49:02,Good,64.58,32.0,0.32,63,64,April4_9_10(April4_9_10).csv
2026-04-09 23:49:04,Good,64.76,32.1,0.321,63,64,April4_9_10(April4_9_10).csv
2026-04-09 23:49:06,Good,64.76,32.1,0.321,63,64,April4_9_10(April4_9_10).csv
2026-04-09 23:49:08,Good,64.58,32.0,0.32,63,64,April4_9_10(April4_9_10).csv
2026-04-09 23:49:11,Good,64.58,31.9,0.319,63,64,April4_9_10(April4_9_10).csv
2026-04-09 23:49:13,Good,64.58,31.9,0.319,63,64,April4_9_10(April4_9_10).csv
2026-04-09 23:49:15,Good,64.58,31.9,0.319,63,64,April4_9_10(April4_9_10).csv
2026-04-09 23:49:17,Good,64.76,32.0,0.32,63,64,April4_9_10(April4_9_10).csv
2026-04-09 23:49:19,Good,64.76,32.1,0.321,63,64,April4_9_10(April4_9_10).csv
2026-04-09 23:49:21,Good,64.76,32.2,0.322,63,64,April4_9_10(April4_9_10).csv
2026-04-09 23:49:23,Good,64.76,32.2,0.322,63,64,April4_9_10(April4_9_10).csv
2026-04-09 23:49:25,Good,64.76,32.2,0.322,63,64,April4_9_10(April4_9_10).csv
2026-04-09 23:49:27,Good,64.76,32.2,0.322,63,64,April4_9_10(April4_9_10).csv
2026-04-09 23:49:29,Good,64.58,32.0,0.32,63,64,April4_9_10(April4_9_10).csv
2026-04-09 23:49:31,Good,64.58,32.0,0.32,63,64,April4_9_10(April4_9_10).csv
2026-04-09 23:49:33,Good,64.58,31.9,0.319,63,64,April4_9_10(April4_9_10).csv
2026-04-09 23:49:35,Good,64.58,31.9,0.319,63,64,April4_9_10(April4_9_10).csv
2026-04-09 23:49:37,Good,64.76,32.0,0.32,63,64,April4_9_10(April4_9_10).csv
2026-04-09 23:49:39,Good,64.58,31.9,0.319,63,64,April4_9_10(April4_9_10).csv
2026-04-09 23:49:41,Good,64.76,32.0,0.32,63,64,April4_9_10(April4_9_10).csv
2026-04-09 23:49:43,Good,64.58,32.0,0.32,63,64,April4_9_10(April4_9_10).csv
2026-04-09 23:49:45,Good,64.58,31.9,0.319,63,64,April4_9_10(April4_9_10).csv
2026-04-09 23:49:47,Good,64.58,31.9,0.319,63,64,April4_9_10(April4_9_10).csv
2026-04-09 23:49:49,Good,64.58,31.9,0.319,63,64,April4_9_10(April4_9_10).csv
2026-04-09 23:49:51,Good,64.76,32.0,0.32,63,64,April4_9_10(April4_9_10).csv
2026-04-09 23:49:53,Good,64.76,32.0,0.32,63,64,April4_9_10(April4_9_10).csv
2026-04-09 23:49:55,Good,64.76,32.0,0.32,63,64,April4_9_10(April4_9_10).csv
2026-04-09 23:49:57,Good,64.58,31.8,0.318,63,64,April4_9_10(April4_9_10).csv
2026-04-09 23:49:59,Good,64.58,31.8,0.318,63,64,April4_9_10(April4_9_10).csv
2026-04-09 23:50:01,Good,64.58,31.8,0.318,63,64,April4_9_10(April4_9_10).csv
2026-04-09 23:50:04,Good,64.76,31.9,0.319,63,64,April4_9_10(April4_9_10).csv
2026-04-09 23:50:06,Good,64.58,31.8,0.318,63,64,April4_9_10(April4_9_10).csv
2026-04-09 23:50:08,Good,64.76,31.9,0.319,63,64,April4_9_10(April4_9_10).csv
2026-04-09 23:50:10,Good,64.58,31.7,0.317,63,64,April4_9_10(April4_9_10).csv
2026-04-09 23:50:12,Good,64.76,31.8,0.318,63,64,April4_9_10(April4_9_10).csv
2026-04-09 23:50:14,Good,64.76,31.7,0.317,63,64,April4_9_10(April4_9_10).csv
2026-04-09 23:50:16,Good,64.58,31.5,0.315,63,64,April4_9_10(April4_9_10).csv
2026-04-09 23:50:18,Good,64.58,31.5,0.315,63,64,April4_9_10(April4_9_10).csv
2026-04-09 23:50:20,Good,64.58,31.5,0.315,63,64,April4_9_10(April4_9_10).csv
2026-04-09 23:50:22,Good,64.76,31.5,0.315,63,64,April4_9_10(April4_9_10).csv
2026-04-09 23:50:24,Good,64.58,31.4,0.314,63,64,April4_9_10(April4_9_10).csv
2026-04-09 23:50:26,Good,64.58,31.3,0.313,63,64,April4_9_10(April4_9_10).csv
2026-04-09 23:50:28,Good,64.58,31.3,0.313,63,64,April4_9_10(April4_9_10).csv
2026-04-09 23:50:30,Good,64.76,31.3,0.313,63,64,April4_9_10(April4_9_10).csv
2026-04-09 23:50:32,Good,64.58,31.2,0.312,63,64,April4_9_10(April4_9_10).csv
2026-04-09 23:50:34,Good,64.58,31.2,0.312,63,64,April4_9_10(April4_9_10).csv
2026-04-09 23:50:36,Good,64.58,31.1,0.311,63,64,April4_9_10(April4_9_10).csv
2026-04-09 23:50:38,Good,64.76,31.2,0.312,63,64,April4_9_10(April4_9_10).csv
2026-04-09 23:50:40,Good,64.58,31.1,0.311,63,64,April4_9_10(April4_9_10).csv
2026-04-09 23:50:42,Good,64.58,31.1,0.311,63,64,April4_9_10(April4_9_10).csv
2026-04-09 23:50:44,Good,64.76,31.1,0.311,63,64,April4_9_10(April4_9_10).csv
2026-04-09 23:50:46,Good,64.58,31.0,0.31,63,64,April4_9_10(April4_9_10).csv
2026-04-09 23:50:48,Good,64.76,31.1,0.311,63,64,April4_9_10(April4_9_10).csv
2026-04-09 23:50:50,Good,64.58,31.0,0.31,63,64,April4_9_10(April4_9_10).csv
2026-04-09 23:50:52,Good,64.76,31.1,0.311,63,64,April4_9_10(April4_9_10).csv
2026-04-09 23:50:54,Good,64.58,31.0,0.31,63,64,April4_9_10(April4_9_10).csv
2026-04-09 23:50:57,Good,64.76,31.1,0.311,63,64,April4_9_10(April4_9_10).csv
2026-04-09 23:50:59,Good,64.58,31.1,0.311,63,64,April4_9_10(April4_9_10).csv
2026-04-09 23:51:01,Good,64.58,31.1,0.311,63,64,April4_9_10(April4_9_10).csv
2026-04-09 23:51:03,Good,64.58,31.1,0.311,63,64,April4_9_10(April4_9_10).csv
2026-04-09 23:51:05,Good,64.58,31.1,0.311,63,64,April4_9_10(April4_9_10).csv
2026-04-09 23:51:07,Good,64.76,31.2,0.312,63,64,April4_9_10(April4_9_10).csv
2026-04-09 23:51:09,Good,64.76,31.2,0.312,63,64,April4_9_10(April4_9_10).csv
2026-04-09 23:51:11,Good,64.58,31.2,0.312,63,64,April4_9_10(April4_9_10).csv
2026-04-09 23:51:13,Good,64.58,31.2,0.312,63,64,April4_9_10(April4_9_10).csv
2026-04-09 23:51:15,Good,64.58,31.3,0.313,63,64,April4_9_10(April4_9_10).csv
2026-04-09 23:51:17,Good,64.58,31.3,0.313,63,64,April4_9_10(April4_9_10).csv
2026-04-09 23:51:19,Good,64.58,31.3,0.313,63,64,April4_9_10(April4_9_10).csv
2026-04-09 23:51:21,Good,64.58,31.4,0.314,63,64,April4_9_10(April4_9_10).csv
2026-04-09 23:51:23,Good,64.58,31.5,0.315,63,64,April4_9_10(April4_9_10).csv
2026-04-09 23:51:25,Good,64.58,31.5,0.315,63,64,April4_9_10(April4_9_10).csv
2026-04-09 23:51:27,Good,64.58,31.6,0.316,63,64,April4_9_10(April4_9_10).csv
2026-04-09 23:51:29,Good,64.58,31.6,0.316,63,64,April4_9_10(April4_9_10).csv
2026-04-09 23:51:31,Good,64.58,31.6,0.316,63,64,April4_9_10(April4_9_10).csv
2026-04-09 23:51:33,Good,64.58,31.5,0.315,63,64,April4_9_10(April4_9_10).csv
2026-04-09 23:51:35,Good,64.58,31.5,0.315,63,64,April4_9_10(April4_9_10).csv
2026-04-09 23:51:37,Good,64.58,31.5,0.315,63,64,April4_9_10(April4_9_10).csv
2026-04-09 23:51:39,Good,64.58,31.6,0.316,63,64,April4_9_10(April4_9_10).csv
2026-04-09 23:51:41,Good,64.58,31.7,0.317,63,64,April4_9_10(April4_9_10).csv
2026-04-09 23:51:43,Good,64.58,31.9,0.319,63,64,April4_9_10(April4_9_10).csv
2026-04-09 23:51:45,Good,64.58,32.0,0.32,63,64,April4_9_10(April4_9_10).csv
2026-04-09 23:51:47,Good,64.58,32.1,0.321,63,64,April4_9_10(April4_9_10).csv
2026-04-09 23:51:50,Good,64.58,32.1,0.321,63,64,April4_9_10(April4_9_10).csv
2026-04-09 23:51:52,Good,64.58,32.1,0.321,63,64,April4_9_10(April4_9_10).csv
2026-04-09 23:51:54,Good,64.58,32.1,0.321,63,64,April4_9_10(April4_9_10).csv
2026-04-09 23:51:56,Good,64.58,32.1,0.321,63,64,April4_9_10(April4_9_10).csv
2026-04-09 23:51:58,Good,64.58,32.1,0.321,63,64,April4_9_10(April4_9_10).csv
2026-04-09 23:52:00,Good,64.58,32.1,0.321,63,64,April4_9_10(April4_9_10).csv
2026-04-09 23:52:02,Good,64.58,32.0,0.32,63,64,April4_9_10(April4_9_10).csv
2026-04-09 23:52:04,Good,64.58,31.9,0.319,63,64,April4_9_10(April4_9_10).csv
2026-04-09 23:52:06,Good,64.58,31.8,0.318,63,64,April4_9_10(April4_9_10).csv
2026-04-09 23:52:08,Good,64.58,31.8,0.318,63,64,April4_9_10(April4_9_10).csv
2026-04-09 23:52:10,Good,64.58,31.8,0.318,63,64,April4_9_10(April4_9_10).csv
2026-04-09 23:52:12,Good,64.58,31.9,0.319,63,64,April4_9_10(April4_9_10).csv
2026-04-09 23:52:14,Good,64.58,32.0,0.32,63,64,April4_9_10(April4_9_10).csv
2026-04-09 23:52:16,Good,64.58,32.0,0.32,63,64,April4_9_10(April4_9_10).csv
2026-04-09 23:52:18,Good,64.58,32.0,0.32,63,64,April4_9_10(April4_9_10).csv
2026-04-09 23:52:20,Good,64.58,32.0,0.32,63,64,April4_9_10(April4_9_10).csv
2026-04-09 23:52:22,Good,64.58,32.0,0.32,63,64,April4_9_10(April4_9_10).csv
2026-04-09 23:52:24,Good,64.58,32.0,0.32,63,64,April4_9_10(April4_9_10).csv
2026-04-09 23:52:26,Good,64.58,32.0,0.32,63,64,April4_9_10(April4_9_10).csv
2026-04-09 23:52:28,Good,64.58,32.0,0.32,63,64,April4_9_10(April4_9_10).csv
2026-04-09 23:52:30,Good,64.58,32.1,0.321,63,64,April4_9_10(April4_9_10).csv
2026-04-09 23:52:32,Good,64.58,32.2,0.322,63,64,April4_9_10(April4_9_10).csv
2026-04-09 23:52:34,Good,64.58,32.3,0.32299999999999995,63,64,April4_9_10(April4_9_10).csv
2026-04-09 23:52:36,Good,64.58,32.3,0.32299999999999995,63,64,April4_9_10(April4_9_10).csv
2026-04-09 23:52:38,Good,64.58,32.5,0.325,63,64,April4_9_10(April4_9_10).csv
2026-04-09 23:52:40,Good,64.58,32.6,0.326,63,64,April4_9_10(April4_9_10).csv
2026-04-09 23:52:43,Good,64.58,32.7,0.327,63,64,April4_9_10(April4_9_10).csv
2026-04-09 23:52:45,Good,64.58,32.8,0.32799999999999996,63,64,April4_9_10(April4_9_10).csv
2026-04-09 23:52:47,Good,64.58,32.9,0.32899999999999996,63,64,April4_9_10(April4_9_10).csv
2026-04-09 23:52:49,Good,64.58,33.0,0.33,63,64,April4_9_10(April4_9_10).csv
2026-04-09 23:52:51,Good,64.58,33.0,0.33,63,64,April4_9_10(April4_9_10).csv
2026-04-09 23:52:53,Good,64.58,33.1,0.331,63,64,April4_9_10(April4_9_10).csv
2026-04-09 23:52:55,Good,64.58,33.1,0.331,63,64,April4_9_10(April4_9_10).csv
2026-04-09 23:52:57,Good,64.58,33.1,0.331,63,64,April4_9_10(April4_9_10).csv
2026-04-09 23:52:59,Good,64.58,33.2,0.332,63,64,April4_9_10(April4_9_10).csv
2026-04-09 23:53:01,Good,64.58,33.3,0.33299999999999996,63,64,April4_9_10(April4_9_10).csv
2026-04-09 23:53:03,Good,64.58,33.3,0.33299999999999996,63,64,April4_9_10(April4_9_10).csv
2026-04-09 23:53:05,Good,64.76,33.4,0.33399999999999996,63,64,April4_9_10(April4_9_10).csv
2026-04-09 23:53:07,Good,64.76,33.4,0.33399999999999996,63,64,April4_9_10(April4_9_10).csv
2026-04-09 23:53:09,Good,64.76,33.5,0.335,63,64,April4_9_10(April4_9_10).csv
2026-04-09 23:53:11,Good,64.58,33.4,0.33399999999999996,63,64,April4_9_10(April4_9_10).csv
2026-04-09 23:53:13,Good,64.76,33.5,0.335,63,64,April4_9_10(April4_9_10).csv
2026-04-09 23:53:15,Good,64.76,33.5,0.335,63,64,April4_9_10(April4_9_10).csv
2026-04-09 23:53:17,Good,64.58,33.5,0.335,63,64,April4_9_10(April4_9_10).csv
2026-04-09 23:53:19,Good,64.58,33.5,0.335,63,64,April4_9_10(April4_9_10).csv
2026-04-09 23:53:21,Good,64.58,33.5,0.335,63,64,April4_9_10(April4_9_10).csv
2026-04-09 23:53:23,Good,64.76,33.6,0.336,63,64,April4_9_10(April4_9_10).csv
2026-04-09 23:53:25,Good,64.58,33.5,0.335,63,64,April4_9_10(April4_9_10).csv
2026-04-09 23:53:27,Good,64.76,33.7,0.337,63,64,April4_9_10(April4_9_10).csv
2026-04-09 23:53:29,Good,64.76,33.7,0.337,63,64,April4_9_10(April4_9_10).csv
2026-04-09 23:53:31,Good,64.58,33.7,0.337,63,64,April4_9_10(April4_9_10).csv
2026-04-09 23:53:33,Good,64.58,33.7,0.337,63,64,April4_9_10(April4_9_10).csv
2026-04-09 23:53:35,Good,64.76,33.8,0.33799999999999997,63,64,April4_9_10(April4_9_10).csv
2026-04-09 23:53:38,Good,64.58,33.7,0.337,63,64,April4_9_10(April4_9_10).csv
2026-04-09 23:53:40,Good,64.76,33.7,0.337,63,64,April4_9_10(April4_9_10).csv
2026-04-09 23:53:42,Good,64.76,33.7,0.337,63,64,April4_9_10(April4_9_10).csv
2026-04-09 23:53:44,Good,64.76,33.7,0.337,63,64,April4_9_10(April4_9_10).csv
2026-04-09 23:53:46,Good,64.76,33.7,0.337,63,64,April4_9_10(April4_9_10).csv
2026-04-09 23:53:48,Good,64.76,33.7,0.337,63,64,April4_9_10(April4_9_10).csv
2026-04-09 23:53:50,Good,64.76,33.7,0.337,63,64,April4_9_10(April4_9_10).csv
2026-04-09 23:53:52,Good,64.76,33.7,0.337,63,65,April4_9_10(April4_9_10).csv
2026-04-09 23:53:54,Good,64.76,33.6,0.336,63,65,April4_9_10(April4_9_10).csv
2026-04-09 23:53:56,Good,64.76,33.6,0.336,63,65,April4_9_10(April4_9_10).csv
2026-04-09 23:53:58,Good,64.76,33.6,0.336,63,65,April4_9_10(April4_9_10).csv
2026-04-09 23:54:00,Good,64.76,33.6,0.336,63,65,April4_9_10(April4_9_10).csv
2026-04-09 23:54:02,Good,64.76,33.6,0.336,63,65,April4_9_10(April4_9_10).csv
2026-04-09 23:54:04,Good,64.76,33.6,0.336,63,65,April4_9_10(April4_9_10).csv
2026-04-09 23:54:06,Good,64.76,33.6,0.336,63,65,April4_9_10(April4_9_10).csv
2026-04-09 23:54:08,Good,64.76,33.6,0.336,63,65,April4_9_10(April4_9_10).csv
2026-04-09 23:54:10,Good,64.76,33.6,0.336,63,65,April4_9_10(April4_9_10).csv
2026-04-09 23:54:12,Good,64.76,33.5,0.335,63,65,April4_9_10(April4_9_10).csv
2026-04-09 23:54:14,Good,64.76,33.4,0.33399999999999996,63,65,April4_9_10(April4_9_10).csv
2026-04-09 23:54:16,Good,64.76,33.4,0.33399999999999996,63,65,April4_9_10(April4_9_10).csv
2026-04-09 23:54:18,Good,64.76,33.4,0.33399999999999996,63,65,April4_9_10(April4_9_10).csv
2026-04-09 23:54:20,Good,64.76,33.4,0.33399999999999996,63,65,April4_9_10(April4_9_10).csv
2026-04-09 23:54:22,Good,64.76,33.3,0.33299999999999996,63,65,April4_9_10(April4_9_10).csv
2026-04-09 23:54:24,Good,64.76,33.2,0.332,63,65,April4_9_10(April4_9_10).csv
2026-04-09 23:54:26,Good,64.76,33.2,0.332,63,65,April4_9_10(April4_9_10).csv
2026-04-09 23:54:28,Good,64.76,33.1,0.331,63,65,April4_9_10(April4_9_10).csv
2026-04-09 23:54:31,Good,64.76,33.0,0.33,63,65,April4_9_10(April4_9_10).csv
2026-04-09 23:54:33,Good,64.76,32.9,0.32899999999999996,63,65,April4_9_10(April4_9_10).csv
2026-04-09 23:54:35,Good,64.76,32.9,0.32899999999999996,63,65,April4_9_10(April4_9_10).csv
2026-04-09 23:54:37,Good,64.76,32.9,0.32899999999999996,63,65,April4_9_10(April4_9_10).csv
2026-04-09 23:54:39,Good,64.76,32.9,0.32899999999999996,63,65,April4_9_10(April4_9_10).csv
2026-04-09 23:54:41,Good,64.76,32.9,0.32899999999999996,63,65,April4_9_10(April4_9_10).csv
2026-04-09 23:54:43,Good,64.76,33.0,0.33,63,65,April4_9_10(April4_9_10).csv
2026-04-09 23:54:45,Good,64.76,33.0,0.33,63,65,April4_9_10(April4_9_10).csv
2026-04-09 23:54:47,Good,64.76,33.0,0.33,63,65,April4_9_10(April4_9_10).csv
2026-04-09 23:54:49,Good,64.76,33.0,0.33,63,65,April4_9_10(April4_9_10).csv
2026-04-09 23:54:51,Good,64.76,33.0,0.33,63,65,April4_9_10(April4_9_10).csv
2026-04-09 23:54:53,Good,64.76,33.0,0.33,63,65,April4_9_10(April4_9_10).csv
2026-04-09 23:54:55,Good,64.76,33.0,0.33,63,65,April4_9_10(April4_9_10).csv
2026-04-09 23:54:57,Good,64.76,33.0,0.33,63,65,April4_9_10(April4_9_10).csv
2026-04-09 23:54:59,Good,64.76,32.9,0.32899999999999996,63,65,April4_9_10(April4_9_10).csv
2026-04-09 23:55:01,Good,64.76,32.9,0.32899999999999996,63,65,April4_9_10(April4_9_10).csv
2026-04-09 23:55:03,Good,64.76,32.9,0.32899999999999996,63,65,April4_9_10(April4_9_10).csv
2026-04-09 23:55:05,Good,64.76,33.0,0.33,63,65,April4_9_10(April4_9_10).csv
2026-04-09 23:55:07,Good,64.76,32.9,0.32899999999999996,63,65,April4_9_10(April4_9_10).csv
2026-04-09 23:55:09,Good,64.76,32.9,0.32899999999999996,63,65,April4_9_10(April4_9_10).csv
2026-04-09 23:55:11,Good,64.76,32.8,0.32799999999999996,63,65,April4_9_10(April4_9_10).csv
2026-04-09 23:55:13,Good,64.76,32.7,0.327,63,65,April4_9_10(April4_9_10).csv
2026-04-09 23:55:15,Good,64.76,32.7,0.327,63,65,April4_9_10(April4_9_10).csv
2026-04-09 23:55:17,Good,64.76,32.6,0.326,63,65,April4_9_10(April4_9_10).csv
2026-04-09 23:55:19,Good,64.76,32.5,0.325,63,65,April4_9_10(April4_9_10).csv
2026-04-09 23:55:21,Good,64.76,32.5,0.325,63,65,April4_9_10(April4_9_10).csv
2026-04-09 23:55:24,Good,64.76,32.5,0.325,63,65,April4_9_10(April4_9_10).csv
2026-04-09 23:55:26,Good,64.76,32.5,0.325,63,65,April4_9_10(April4_9_10).csv
2026-04-09 23:55:28,Good,64.76,32.5,0.325,63,65,April4_9_10(April4_9_10).csv
2026-04-09 23:55:30,Good,64.76,32.5,0.325,63,65,April4_9_10(April4_9_10).csv
2026-04-09 23:55:32,Good,64.76,32.6,0.326,63,65,April4_9_10(April4_9_10).csv
2026-04-09 23:55:34,Good,64.76,32.6,0.326,63,65,April4_9_10(April4_9_10).csv
2026-04-09 23:55:36,Good,64.76,32.7,0.327,63,65,April4_9_10(April4_9_10).csv
2026-04-09 23:55:38,Good,64.76,32.7,0.327,63,65,April4_9_10(April4_9_10).csv
2026-04-09 23:55:40,Good,64.76,32.7,0.327,63,65,April4_9_10(April4_9_10).csv
2026-04-09 23:55:42,Good,64.76,32.6,0.326,63,65,April4_9_10(April4_9_10).csv
2026-04-09 23:55:44,Good,64.76,32.6,0.326,63,65,April4_9_10(April4_9_10).csv
2026-04-09 23:55:46,Good,64.76,32.5,0.325,63,65,April4_9_10(April4_9_10).csv
2026-04-09 23:55:48,Good,64.76,32.4,0.324,63,65,April4_9_10(April4_9_10).csv
2026-04-09 23:55:50,Good,64.76,32.3,0.32299999999999995,63,65,April4_9_10(April4_9_10).csv
2026-04-09 23:55:52,Good,64.76,32.3,0.32299999999999995,63,65,April4_9_10(April4_9_10).csv
2026-04-09 23:55:54,Good,64.76,32.2,0.322,63,65,April4_9_10(April4_9_10).csv
2026-04-09 23:55:56,Good,64.76,32.2,0.322,63,65,April4_9_10(April4_9_10).csv
2026-04-09 23:55:58,Good,64.76,32.2,0.322,63,65,April4_9_10(April4_9_10).csv
2026-04-09 23:56:00,Good,64.76,32.3,0.32299999999999995,63,65,April4_9_10(April4_9_10).csv
2026-04-09 23:56:02,Good,64.76,32.3,0.32299999999999995,63,65,April4_9_10(April4_9_10).csv
2026-04-09 23:56:04,Good,64.76,32.4,0.324,63,65,April4_9_10(April4_9_10).csv
2026-04-09 23:56:06,Good,64.76,32.4,0.324,63,65,April4_9_10(April4_9_10).csv
2026-04-09 23:56:08,Good,64.76,32.5,0.325,63,65,April4_9_10(April4_9_10).csv
2026-04-09 23:56:11,Good,64.76,32.5,0.325,63,65,April4_9_10(April4_9_10).csv
2026-04-09 23:56:13,Good,64.76,32.5,0.325,63,65,April4_9_10(April4_9_10).csv
2026-04-09 23:56:15,Good,64.76,32.5,0.325,63,65,April4_9_10(April4_9_10).csv
2026-04-09 23:56:17,Good,64.76,32.4,0.324,63,65,April4_9_10(April4_9_10).csv
2026-04-09 23:56:19,Good,64.76,32.3,0.32299999999999995,63,65,April4_9_10(April4_9_10).csv
2026-04-09 23:56:21,Good,64.76,32.3,0.32299999999999995,63,65,April4_9_10(April4_9_10).csv
2026-04-09 23:56:23,Good,64.76,32.3,0.32299999999999995,63,65,April4_9_10(April4_9_10).csv
2026-04-09 23:56:25,Good,64.76,32.2,0.322,63,65,April4_9_10(April4_9_10).csv
2026-04-09 23:56:27,Good,64.76,32.2,0.322,63,65,April4_9_10(April4_9_10).csv
2026-04-09 23:56:29,Good,64.76,32.3,0.32299999999999995,63,65,April4_9_10(April4_9_10).csv
2026-04-09 23:56:31,Good,64.76,32.3,0.32299999999999995,63,65,April4_9_10(April4_9_10).csv
2026-04-09 23:56:33,Good,64.76,32.2,0.322,63,65,April4_9_10(April4_9_10).csv
2026-04-09 23:56:35,Good,64.76,32.2,0.322,63,65,April4_9_10(April4_9_10).csv
2026-04-09 23:56:37,Good,64.76,32.2,0.322,63,65,April4_9_10(April4_9_10).csv
2026-04-09 23:56:39,Good,64.76,32.2,0.322,63,65,April4_9_10(April4_9_10).csv
2026-04-09 23:56:41,Good,64.76,32.1,0.321,63,65,April4_9_10(April4_9_10).csv
2026-04-09 23:56:43,Good,64.76,32.0,0.32,63,65,April4_9_10(April4_9_10).csv
2026-04-09 23:56:45,Good,64.76,31.9,0.319,63,65,April4_9_10(April4_9_10).csv
2026-04-09 23:56:47,Good,64.76,31.9,0.319,63,65,April4_9_10(April4_9_10).csv
2026-04-09 23:56:49,Good,64.76,32.0,0.32,63,65,April4_9_10(April4_9_10).csv
2026-04-09 23:56:51,Good,64.76,32.1,0.321,63,65,April4_9_10(April4_9_10).csv
2026-04-09 23:56:53,Good,64.76,32.2,0.322,63,65,April4_9_10(April4_9_10).csv
2026-04-09 23:56:55,Good,64.76,32.2,0.322,63,65,April4_9_10(April4_9_10).csv
2026-04-09 23:56:57,Good,64.76,32.3,0.32299999999999995,63,65,April4_9_10(April4_9_10).csv
2026-04-09 23:56:59,Good,64.76,32.4,0.324,63,65,April4_9_10(April4_9_10).csv
2026-04-09 23:57:01,Good,64.76,32.4,0.324,63,65,April4_9_10(April4_9_10).csv
2026-04-09 23:57:04,Good,64.76,32.5,0.325,63,65,April4_9_10(April4_9_10).csv
2026-04-09 23:57:06,Good,64.76,32.5,0.325,63,65,April4_9_10(April4_9_10).csv
2026-04-09 23:57:08,Good,64.76,32.5,0.325,63,65,April4_9_10(April4_9_10).csv
2026-04-09 23:57:10,Good,64.76,32.5,0.325,63,65,April4_9_10(April4_9_10).csv
2026-04-09 23:57:12,Good,64.76,32.5,0.325,63,65,April4_9_10(April4_9_10).csv
2026-04-09 23:57:14,Good,64.76,32.4,0.324,63,65,April4_9_10(April4_9_10).csv
2026-04-09 23:57:16,Good,64.94,32.4,0.324,63,65,April4_9_10(April4_9_10).csv
2026-04-09 23:57:18,Good,64.94,32.3,0.32299999999999995,63,65,April4_9_10(April4_9_10).csv
2026-04-09 23:57:20,Good,64.94,32.3,0.32299999999999995,63,65,April4_9_10(April4_9_10).csv
2026-04-09 23:57:22,Good,64.94,32.3,0.32299999999999995,63,65,April4_9_10(April4_9_10).csv
2026-04-09 23:57:24,Good,64.94,32.2,0.322,63,65,April4_9_10(April4_9_10).csv
2026-04-09 23:57:26,Good,64.94,32.2,0.322,63,65,April4_9_10(April4_9_10).csv
2026-04-09 23:57:28,Good,64.94,32.2,0.322,63,65,April4_9_10(April4_9_10).csv
2026-04-09 23:57:30,Good,64.94,32.2,0.322,63,65,April4_9_10(April4_9_10).csv
2026-04-09 23:57:32,Good,64.94,32.2,0.322,63,65,April4_9_10(April4_9_10).csv
2026-04-09 23:57:34,Good,64.94,32.3,0.32299999999999995,63,65,April4_9_10(April4_9_10).csv
2026-04-09 23:57:36,Good,64.94,32.3,0.32299999999999995,63,65,April4_9_10(April4_9_10).csv
2026-04-09 23:57:38,Good,64.94,32.2,0.322,63,65,April4_9_10(April4_9_10).csv
2026-04-09 23:57:40,Good,64.94,32.3,0.32299999999999995,63,65,April4_9_10(April4_9_10).csv
2026-04-09 23:57:42,Good,64.94,32.3,0.32299999999999995,63,65,April4_9_10(April4_9_10).csv
2026-04-09 23:57:44,Good,64.94,32.4,0.324,63,65,April4_9_10(April4_9_10).csv
2026-04-09 23:57:46,Good,64.94,32.4,0.324,63,65,April4_9_10(April4_9_10).csv
2026-04-09 23:57:48,Good,64.94,32.5,0.325,63,65,April4_9_10(April4_9_10).csv
2026-04-09 23:57:50,Good,64.94,32.6,0.326,63,65,April4_9_10(April4_9_10).csv
2026-04-09 23:57:52,Good,64.94,32.6,0.326,63,65,April4_9_10(April4_9_10).csv
2026-04-09 23:57:54,Good,64.94,32.7,0.327,63,65,April4_9_10(April4_9_10).csv
2026-04-09 23:57:57,Good,64.94,32.8,0.32799999999999996,63,65,April4_9_10(April4_9_10).csv
2026-04-09 23:57:59,Good,64.94,32.9,0.32899999999999996,63,65,April4_9_10(April4_9_10).csv
2026-04-09 23:58:01,Good,64.94,32.9,0.32899999999999996,63,65,April4_9_10(April4_9_10).csv
2026-04-09 23:58:03,Good,64.94,32.9,0.32899999999999996,63,65,April4_9_10(April4_9_10).csv
2026-04-09 23:58:05,Good,64.94,33.0,0.33,63,65,April4_9_10(April4_9_10).csv
2026-04-09 23:58:07,Good,64.94,33.0,0.33,63,65,April4_9_10(April4_9_10).csv
2026-04-09 23:58:09,Good,64.94,32.8,0.32799999999999996,63,65,April4_9_10(April4_9_10).csv
2026-04-09 23:58:11,Good,64.94,32.6,0.326,63,65,April4_9_10(April4_9_10).csv
2026-04-09 23:58:13,Good,64.94,32.5,0.325,63,65,April4_9_10(April4_9_10).csv
2026-04-09 23:58:15,Good,64.94,32.3,0.32299999999999995,63,65,April4_9_10(April4_9_10).csv
2026-04-09 23:58:17,Good,64.94,32.1,0.321,63,65,April4_9_10(April4_9_10).csv
2026-04-09 23:58:19,Good,64.94,32.0,0.32,63,65,April4_9_10(April4_9_10).csv
2026-04-09 23:58:21,Good,64.94,31.9,0.319,63,65,April4_9_10(April4_9_10).csv
2026-04-09 23:58:23,Good,64.94,31.7,0.317,63,65,April4_9_10(April4_9_10).csv
2026-04-09 23:58:25,Good,64.94,31.6,0.316,63,65,April4_9_10(April4_9_10).csv
2026-04-09 23:58:27,Good,64.76,31.5,0.315,63,65,April4_9_10(April4_9_10).csv
2026-04-09 23:58:29,Good,64.94,31.5,0.315,63,65,April4_9_10(April4_9_10).csv
2026-04-09 23:58:31,Good,64.94,31.5,0.315,63,65,April4_9_10(April4_9_10).csv
2026-04-09 23:58:33,Good,64.76,31.3,0.313,63,65,April4_9_10(April4_9_10).csv
2026-04-09 23:58:35,Good,64.94,31.3,0.313,63,65,April4_9_10(April4_9_10).csv
2026-04-09 23:58:37,Good,64.76,31.1,0.311,63,65,April4_9_10(April4_9_10).csv
2026-04-09 23:58:39,Good,64.76,31.0,0.31,63,65,April4_9_10(April4_9_10).csv
2026-04-09 23:58:41,Good,64.76,30.9,0.309,63,65,April4_9_10(April4_9_10).csv
2026-04-09 23:58:43,Good,64.94,31.0,0.31,63,65,April4_9_10(April4_9_10).csv
2026-04-09 23:58:45,Good,64.76,30.8,0.308,63,65,April4_9_10(April4_9_10).csv
2026-04-09 23:58:47,Good,64.76,30.8,0.308,63,65,April4_9_10(April4_9_10).csv
2026-04-09 23:58:50,Good,64.76,30.8,0.308,63,65,April4_9_10(April4_9_10).csv
2026-04-09 23:58:52,Good,64.76,30.8,0.308,63,65,April4_9_10(April4_9_10).csv
2026-04-09 23:58:54,Good,64.76,30.8,0.308,63,65,April4_9_10(April4_9_10).csv
2026-04-09 23:58:56,Good,64.94,30.9,0.309,63,65,April4_9_10(April4_9_10).csv
2026-04-09 23:58:58,Good,64.94,30.8,0.308,63,65,April4_9_10(April4_9_10).csv
2026-04-09 23:59:00,Good,64.76,30.7,0.307,63,64,April4_9_10(April4_9_10).csv
2026-04-09 23:59:02,Good,64.76,30.7,0.307,63,65,April4_9_10(April4_9_10).csv
2026-04-09 23:59:04,Good,64.94,30.9,0.309,63,65,April4_9_10(April4_9_10).csv
2026-04-09 23:59:06,Good,64.76,30.7,0.307,63,64,April4_9_10(April4_9_10).csv
2026-04-09 23:59:08,Good,64.76,30.6,0.306,63,65,April4_9_10(April4_9_10).csv
2026-04-09 23:59:10,Good,64.76,30.6,0.306,63,64,April4_9_10(April4_9_10).csv
2026-04-09 23:59:12,Good,64.76,30.6,0.306,63,64,April4_9_10(April4_9_10).csv
2026-04-09 23:59:14,Good,64.76,30.7,0.307,63,64,April4_9_10(April4_9_10).csv
2026-04-09 23:59:16,Good,64.94,30.8,0.308,63,64,April4_9_10(April4_9_10).csv
2026-04-09 23:59:18,Good,64.76,30.9,0.309,63,64,April4_9_10(April4_9_10).csv
2026-04-09 23:59:20,Good,64.76,30.9,0.309,63,64,April4_9_10(April4_9_10).csv
2026-04-09 23:59:22,Good,64.76,30.9,0.309,63,64,April4_9_10(April4_9_10).csv
2026-04-09 23:59:24,Good,64.76,30.7,0.307,63,64,April4_9_10(April4_9_10).csv
2026-04-09 23:59:26,Good,64.76,30.6,0.306,63,65,April4_9_10(April4_9_10).csv
2026-04-09 23:59:28,Good,64.76,30.5,0.305,63,64,April4_9_10(April4_9_10).csv
2026-04-09 23:59:30,Good,64.76,30.4,0.304,63,64,April4_9_10(April4_9_10).csv
2026-04-09 23:59:32,Good,64.76,30.5,0.305,63,64,April4_9_10(April4_9_10).csv
2026-04-09 23:59:34,Good,64.76,30.5,0.305,63,64,April4_9_10(April4_9_10).csv
2026-04-09 23:59:36,Good,64.76,30.6,0.306,63,64,April4_9_10(April4_9_10).csv
2026-04-09 23:59:38,Good,64.76,30.7,0.307,63,64,April4_9_10(April4_9_10).csv
2026-04-09 23:59:40,Good,64.76,30.8,0.308,63,64,April4_9_10(April4_9_10).csv
2026-04-09 23:59:43,Good,64.76,31.0,0.31,63,64,April4_9_10(April4_9_10).csv
2026-04-09 23:59:45,Good,64.76,31.1,0.311,63,64,April4_9_10(April4_9_10).csv
2026-04-09 23:59:47,Good,64.76,31.2,0.312,63,64,April4_9_10(April4_9_10).csv
2026-04-09 23:59:49,Good,64.76,31.3,0.313,63,64,April4_9_10(April4_9_10).csv
2026-04-09 23:59:51,Good,64.76,31.4,0.314,63,64,April4_9_10(April4_9_10).csv
2026-04-09 23:59:53,Good,64.76,31.4,0.314,63,64,April4_9_10(April4_9_10).csv
2026-04-09 23:59:55,Good,64.76,31.5,0.315,63,64,April4_9_10(April4_9_10).csv
2026-04-09 23:59:57,Good,64.76,31.6,0.316,63,64,April4_9_10(April4_9_10).csv
2026-04-09 23:59:59,Good,64.76,31.7,0.317,63,64,April4_9_10(April4_9_10).csv
2026-04-10 00:00:01,Good,64.76,31.8,0.318,63,64,April4_9_10(April4_9_10).csv
2026-04-10 00:00:03,Good,64.76,31.8,0.318,63,64,April4_9_10(April4_9_10).csv
2026-04-10 00:00:05,Good,64.76,31.9,0.319,63,64,April4_9_10(April4_9_10).csv
2026-04-10 00:00:07,Good,64.76,31.9,0.319,63,64,April4_9_10(April4_9_10).csv
2026-04-10 00:00:09,Good,64.76,31.8,0.318,63,64,April4_9_10(April4_9_10).csv
2026-04-10 00:00:11,Good,64.76,31.8,0.318,63,64,April4_9_10(April4_9_10).csv
2026-04-10 00:00:13,Good,64.76,31.8,0.318,63,64,April4_9_10(April4_9_10).csv
2026-04-10 00:00:15,Good,64.76,31.8,0.318,63,64,April4_9_10(April4_9_10).csv
2026-04-10 00:00:17,Good,64.76,31.8,0.318,63,64,April4_9_10(April4_9_10).csv
2026-04-10 00:00:19,Good,64.76,31.8,0.318,63,64,April4_9_10(April4_9_10).csv
2026-04-10 00:00:21,Good,64.76,31.7,0.317,63,64,April4_9_10(April4_9_10).csv
2026-04-10 00:00:23,Good,64.76,31.6,0.316,63,64,April4_9_10(April4_9_10).csv
2026-04-10 00:00:25,Good,64.76,31.5,0.315,63,64,April4_9_10(April4_9_10).csv
2026-04-10 00:00:27,Good,64.76,31.5,0.315,63,64,April4_9_10(April4_9_10).csv
2026-04-10 00:00:29,Good,64.76,31.4,0.314,63,64,April4_9_10(April4_9_10).csv
2026-04-10 00:00:31,Good,64.76,31.2,0.312,63,64,April4_9_10(April4_9_10).csv
2026-04-10 00:00:33,Good,64.76,31.1,0.311,63,64,April4_9_10(April4_9_10).csv
2026-04-10 00:00:35,Good,64.76,31.1,0.311,63,64,April4_9_10(April4_9_10).csv
2026-04-10 00:00:38,Good,64.76,31.0,0.31,63,64,April4_9_10(April4_9_10).csv
2026-04-10 00:00:40,Good,64.76,31.0,0.31,63,64,April4_9_10(April4_9_10).csv
2026-04-10 00:00:42,Good,64.76,31.0,0.31,63,64,April4_9_10(April4_9_10).csv
2026-04-10 00:00:44,Good,64.76,31.0,0.31,63,64,April4_9_10(April4_9_10).csv
2026-04-10 00:00:46,Good,64.76,31.0,0.31,63,64,April4_9_10(April4_9_10).csv
2026-04-10 00:00:48,Good,64.76,31.1,0.311,63,64,April4_9_10(April4_9_10).csv
2026-04-10 00:00:50,Good,64.76,31.1,0.311,63,64,April4_9_10(April4_9_10).csv
2026-04-10 00:00:52,Good,64.76,31.2,0.312,63,64,April4_9_10(April4_9_10).csv
2026-04-10 00:00:54,Good,64.76,31.3,0.313,63,64,April4_9_10(April4_9_10).csv
2026-04-10 00:00:56,Good,64.76,31.3,0.313,63,64,April4_9_10(April4_9_10).csv
2026-04-10 00:00:58,Good,64.76,31.3,0.313,63,64,April4_9_10(April4_9_10).csv
2026-04-10 00:01:00,Good,64.76,31.3,0.313,63,64,April4_9_10(April4_9_10).csv
2026-04-10 00:01:02,Good,64.76,31.2,0.312,63,64,April4_9_10(April4_9_10).csv
2026-04-10 00:01:04,Good,64.76,31.1,0.311,63,64,April4_9_10(April4_9_10).csv
2026-04-10 00:01:06,Good,64.76,31.0,0.31,63,64,April4_9_10(April4_9_10).csv
2026-04-10 00:01:08,Good,64.76,30.9,0.309,63,64,April4_9_10(April4_9_10).csv
2026-04-10 00:01:10,Good,64.76,30.9,0.309,63,64,April4_9_10(April4_9_10).csv
2026-04-10 00:01:12,Good,64.76,30.9,0.309,63,64,April4_9_10(April4_9_10).csv
2026-04-10 00:01:14,Good,64.76,31.0,0.31,63,64,April4_9_10(April4_9_10).csv
2026-04-10 00:01:16,Good,64.76,30.9,0.309,63,64,April4_9_10(April4_9_10).csv
2026-04-10 00:01:18,Good,64.76,30.9,0.309,63,64,April4_9_10(April4_9_10).csv
2026-04-10 00:01:20,Good,64.76,30.8,0.308,63,64,April4_9_10(April4_9_10).csv
2026-04-10 00:01:22,Good,64.76,30.8,0.308,63,64,April4_9_10(April4_9_10).csv
2026-04-10 00:01:24,Good,64.76,30.8,0.308,63,64,April4_9_10(April4_9_10).csv
2026-04-10 00:01:26,Good,64.76,30.9,0.309,63,64,April4_9_10(April4_9_10).csv
2026-04-10 00:01:28,Good,64.76,30.8,0.308,63,64,April4_9_10(April4_9_10).csv
2026-04-10 00:01:30,Good,64.76,30.8,0.308,63,64,April4_9_10(April4_9_10).csv
2026-04-10 00:01:33,Good,64.76,30.8,0.308,63,64,April4_9_10(April4_9_10).csv
2026-04-10 00:01:35,Good,64.76,30.7,0.307,63,64,April4_9_10(April4_9_10).csv
2026-04-10 00:01:37,Good,64.76,30.7,0.307,63,64,April4_9_10(April4_9_10).csv
2026-04-10 00:01:39,Good,64.76,30.7,0.307,63,64,April4_9_10(April4_9_10).csv
2026-04-10 00:01:41,Good,64.76,30.7,0.307,63,64,April4_9_10(April4_9_10).csv
2026-04-10 00:01:43,Good,64.76,30.7,0.307,63,64,April4_9_10(April4_9_10).csv
2026-04-10 00:01:45,Good,64.76,30.6,0.306,63,64,April4_9_10(April4_9_10).csv
2026-04-10 00:01:47,Good,64.76,30.6,0.306,63,64,April4_9_10(April4_9_10).csv
2026-04-10 00:01:49,Good,64.76,30.5,0.305,63,64,April4_9_10(April4_9_10).csv
2026-04-10 00:01:51,Good,64.76,30.4,0.304,63,64,April4_9_10(April4_9_10).csv
2026-04-10 00:01:53,Good,64.76,30.4,0.304,63,64,April4_9_10(April4_9_10).csv
2026-04-10 00:01:55,Good,64.76,30.4,0.304,63,64,April4_9_10(April4_9_10).csv
2026-04-10 00:01:57,Good,64.76,30.3,0.303,63,64,April4_9_10(April4_9_10).csv
2026-04-10 00:01:59,Good,64.76,30.3,0.303,63,64,April4_9_10(April4_9_10).csv
2026-04-10 00:02:01,Good,64.76,30.3,0.303,63,64,April4_9_10(April4_9_10).csv
2026-04-10 00:02:03,Good,64.76,30.3,0.303,63,64,April4_9_10(April4_9_10).csv
2026-04-10 00:02:05,Good,64.76,30.3,0.303,63,64,April4_9_10(April4_9_10).csv
2026-04-10 00:02:07,Good,64.76,30.3,0.303,63,64,April4_9_10(April4_9_10).csv
2026-04-10 00:02:09,Good,64.76,30.2,0.302,63,64,April4_9_10(April4_9_10).csv
2026-04-10 00:02:11,Good,64.76,30.2,0.302,63,64,April4_9_10(April4_9_10).csv
2026-04-10 00:02:13,Good,64.76,30.1,0.301,63,64,April4_9_10(April4_9_10).csv
2026-04-10 00:02:15,Good,64.76,30.1,0.301,63,64,April4_9_10(April4_9_10).csv
2026-04-10 00:02:17,Good,64.76,30.1,0.301,63,64,April4_9_10(April4_9_10).csv
2026-04-10 00:02:19,Good,64.76,30.1,0.301,63,64,April4_9_10(April4_9_10).csv
2026-04-10 00:02:21,Good,64.76,30.1,0.301,63,64,April4_9_10(April4_9_10).csv
2026-04-10 00:02:23,Good,64.76,30.1,0.301,63,64,April4_9_10(April4_9_10).csv
2026-04-10 00:02:26,Good,64.76,30.2,0.302,63,64,April4_9_10(April4_9_10).csv
2026-04-10 00:02:28,Good,64.76,30.3,0.303,63,64,April4_9_10(April4_9_10).csv
2026-04-10 00:02:30,Good,64.76,30.4,0.304,63,64,April4_9_10(April4_9_10).csv
2026-04-10 00:02:32,Good,64.76,30.5,0.305,63,64,April4_9_10(April4_9_10).csv
2026-04-10 00:02:34,Good,64.76,30.6,0.306,63,64,April4_9_10(April4_9_10).csv
2026-04-10 00:02:36,Good,64.76,30.6,0.306,63,64,April4_9_10(April4_9_10).csv
2026-04-10 00:02:38,Good,64.76,30.6,0.306,63,64,April4_9_10(April4_9_10).csv
2026-04-10 00:02:40,Good,64.76,30.6,0.306,63,64,April4_9_10(April4_9_10).csv
2026-04-10 00:02:42,Good,64.76,30.6,0.306,63,64,April4_9_10(April4_9_10).csv
2026-04-10 00:02:44,Good,64.76,30.5,0.305,63,64,April4_9_10(April4_9_10).csv
2026-04-10 00:02:46,Good,64.76,30.5,0.305,63,64,April4_9_10(April4_9_10).csv
2026-04-10 00:02:48,Good,64.76,30.4,0.304,63,64,April4_9_10(April4_9_10).csv
2026-04-10 00:02:50,Good,64.76,30.4,0.304,63,64,April4_9_10(April4_9_10).csv
2026-04-10 00:02:52,Good,64.76,30.4,0.304,63,64,April4_9_10(April4_9_10).csv
2026-04-10 00:02:54,Good,64.76,30.5,0.305,63,64,April4_9_10(April4_9_10).csv
2026-04-10 00:02:56,Good,64.76,30.4,0.304,63,64,April4_9_10(April4_9_10).csv
2026-04-10 00:02:58,Good,64.76,30.4,0.304,63,64,April4_9_10(April4_9_10).csv
2026-04-10 00:03:00,Good,64.76,30.4,0.304,63,64,April4_9_10(April4_9_10).csv
2026-04-10 00:03:02,Good,64.76,30.4,0.304,63,64,April4_9_10(April4_9_10).csv
2026-04-10 00:03:04,Good,64.76,30.4,0.304,63,64,April4_9_10(April4_9_10).csv
2026-04-10 00:03:06,Good,64.76,30.3,0.303,63,64,April4_9_10(April4_9_10).csv
2026-04-10 00:03:08,Good,64.76,30.3,0.303,63,64,April4_9_10(April4_9_10).csv
2026-04-10 00:03:10,Good,64.76,30.3,0.303,63,64,April4_9_10(April4_9_10).csv
2026-04-10 00:03:12,Good,64.76,30.3,0.303,63,64,April4_9_10(April4_9_10).csv
2026-04-10 00:03:14,Good,64.76,30.3,0.303,63,64,April4_9_10(April4_9_10).csv
2026-04-10 00:03:16,Good,64.76,30.3,0.303,63,64,April4_9_10(April4_9_10).csv
2026-04-10 00:03:18,Good,64.76,30.3,0.303,63,64,April4_9_10(April4_9_10).csv
2026-04-10 00:03:21,Good,64.76,30.2,0.302,63,64,April4_9_10(April4_9_10).csv
2026-04-10 00:03:23,Good,64.76,30.2,0.302,63,64,April4_9_10(April4_9_10).csv
2026-04-10 00:03:25,Good,64.76,30.1,0.301,63,64,April4_9_10(April4_9_10).csv
2026-04-10 00:03:27,Good,64.76,30.2,0.302,63,64,April4_9_10(April4_9_10).csv
2026-04-10 00:03:29,Good,64.76,30.2,0.302,63,64,April4_9_10(April4_9_10).csv
2026-04-10 00:03:31,Good,64.76,30.2,0.302,63,64,April4_9_10(April4_9_10).csv
2026-04-10 00:03:33,Good,64.76,30.2,0.302,63,64,April4_9_10(April4_9_10).csv
2026-04-10 00:03:35,Good,64.76,30.3,0.303,63,64,April4_9_10(April4_9_10).csv
2026-04-10 00:03:37,Good,64.76,30.3,0.303,63,64,April4_9_10(April4_9_10).csv
2026-04-10 00:03:39,Good,64.76,30.4,0.304,63,64,April4_9_10(April4_9_10).csv
2026-04-10 00:03:41,Good,64.76,30.4,0.304,63,64,April4_9_10(April4_9_10).csv
2026-04-10 00:03:43,Good,64.76,30.5,0.305,63,64,April4_9_10(April4_9_10).csv
2026-04-10 00:03:45,Good,64.76,30.5,0.305,63,64,April4_9_10(April4_9_10).csv
2026-04-10 00:03:47,Good,64.58,30.4,0.304,63,64,April4_9_10(April4_9_10).csv
2026-04-10 00:03:49,Good,64.58,30.4,0.304,63,64,April4_9_10(April4_9_10).csv
2026-04-10 00:03:51,Good,64.76,30.5,0.305,63,64,April4_9_10(April4_9_10).csv
2026-04-10 00:03:53,Good,64.76,30.4,0.304,63,64,April4_9_10(April4_9_10).csv
2026-04-10 00:03:55,Good,64.76,30.4,0.304,63,64,April4_9_10(April4_9_10).csv
2026-04-10 00:03:57,Good,64.76,30.4,0.304,63,64,April4_9_10(April4_9_10).csv
2026-04-10 00:03:59,Good,64.76,30.3,0.303,63,64,April4_9_10(April4_9_10).csv
2026-04-10 00:04:01,Good,64.76,30.4,0.304,63,64,April4_9_10(April4_9_10).csv
2026-04-10 00:04:03,Good,64.76,30.5,0.305,63,64,April4_9_10(April4_9_10).csv
2026-04-10 00:04:05,Good,64.58,30.5,0.305,63,64,April4_9_10(April4_9_10).csv
2026-04-10 00:04:07,Good,64.76,30.6,0.306,63,64,April4_9_10(April4_9_10).csv
2026-04-10 00:04:09,Good,64.58,30.6,0.306,63,64,April4_9_10(April4_9_10).csv
2026-04-10 00:04:11,Good,64.58,30.6,0.306,63,64,April4_9_10(April4_9_10).csv
2026-04-10 00:04:13,Good,64.76,30.7,0.307,63,64,April4_9_10(April4_9_10).csv
2026-04-10 00:04:16,Good,64.58,30.7,0.307,63,64,April4_9_10(April4_9_10).csv
2026-04-10 00:04:18,Good,64.58,30.7,0.307,63,64,April4_9_10(April4_9_10).csv
2026-04-10 00:04:20,Good,64.58,30.7,0.307,63,64,April4_9_10(April4_9_10).csv
2026-04-10 00:04:22,Good,64.58,30.7,0.307,63,64,April4_9_10(April4_9_10).csv
2026-04-10 00:04:24,Good,64.58,30.7,0.307,63,64,April4_9_10(April4_9_10).csv
2026-04-10 00:04:26,Good,64.58,30.7,0.307,63,64,April4_9_10(April4_9_10).csv
2026-04-10 00:04:28,Good,64.58,30.8,0.308,63,64,April4_9_10(April4_9_10).csv
2026-04-10 00:04:30,Good,64.58,30.8,0.308,63,64,April4_9_10(April4_9_10).csv
2026-04-10 00:04:32,Good,64.58,30.8,0.308,63,64,April4_9_10(April4_9_10).csv
2026-04-10 00:04:34,Good,64.58,30.7,0.307,63,64,April4_9_10(April4_9_10).csv
2026-04-10 00:04:36,Good,64.58,30.8,0.308,63,64,April4_9_10(April4_9_10).csv
2026-04-10 00:04:38,Good,64.58,30.8,0.308,63,64,April4_9_10(April4_9_10).csv
2026-04-10 00:04:40,Good,64.58,30.9,0.309,63,64,April4_9_10(April4_9_10).csv
2026-04-10 00:04:42,Good,64.58,30.9,0.309,63,64,April4_9_10(April4_9_10).csv
2026-04-10 00:04:44,Good,64.58,30.9,0.309,63,64,April4_9_10(April4_9_10).csv
2026-04-10 00:04:46,Good,64.58,31.0,0.31,63,64,April4_9_10(April4_9_10).csv
2026-04-10 00:04:48,Good,64.58,31.0,0.31,63,64,April4_9_10(April4_9_10).csv
2026-04-10 00:04:50,Good,64.58,31.0,0.31,63,64,April4_9_10(April4_9_10).csv
2026-04-10 00:04:52,Good,64.58,31.0,0.31,63,64,April4_9_10(April4_9_10).csv
2026-04-10 00:04:54,Good,64.58,30.9,0.309,63,64,April4_9_10(April4_9_10).csv
2026-04-10 00:04:56,Good,64.58,30.8,0.308,63,64,April4_9_10(April4_9_10).csv
2026-04-10 00:04:58,Good,64.76,30.8,0.308,63,64,April4_9_10(April4_9_10).csv
2026-04-10 00:05:00,Good,64.58,30.7,0.307,63,64,April4_9_10(April4_9_10).csv
2026-04-10 00:05:02,Good,64.76,30.7,0.307,63,64,April4_9_10(April4_9_10).csv
2026-04-10 00:05:04,Good,64.58,30.7,0.307,63,64,April4_9_10(April4_9_10).csv
2026-04-10 00:05:06,Good,64.58,30.7,0.307,63,64,April4_9_10(April4_9_10).csv
2026-04-10 00:05:09,Good,64.58,30.7,0.307,63,64,April4_9_10(April4_9_10).csv
2026-04-10 00:05:11,Good,64.76,30.8,0.308,63,64,April4_9_10(April4_9_10).csv
2026-04-10 00:05:13,Good,64.58,30.7,0.307,63,64,April4_9_10(April4_9_10).csv
2026-04-10 00:05:15,Good,64.58,30.7,0.307,63,64,April4_9_10(April4_9_10).csv
2026-04-10 00:05:17,Good,64.58,30.7,0.307,63,64,April4_9_10(April4_9_10).csv
2026-04-10 00:05:19,Good,64.58,30.7,0.307,63,64,April4_9_10(April4_9_10).csv
2026-04-10 00:05:21,Good,64.58,30.7,0.307,63,64,April4_9_10(April4_9_10).csv
2026-04-10 00:05:23,Good,64.58,30.7,0.307,63,64,April4_9_10(April4_9_10).csv
2026-04-10 00:05:25,Good,64.76,30.7,0.307,63,64,April4_9_10(April4_9_10).csv
2026-04-10 00:05:27,Good,64.58,30.6,0.306,63,64,April4_9_10(April4_9_10).csv
2026-04-10 00:05:29,Good,64.58,30.6,0.306,63,64,April4_9_10(April4_9_10).csv
2026-04-10 00:05:31,Good,64.58,30.5,0.305,63,64,April4_9_10(April4_9_10).csv
2026-04-10 00:05:33,Good,64.58,30.6,0.306,63,64,April4_9_10(April4_9_10).csv
2026-04-10 00:05:35,Good,64.58,30.6,0.306,63,64,April4_9_10(April4_9_10).csv
2026-04-10 00:05:37,Good,64.58,30.7,0.307,63,64,April4_9_10(April4_9_10).csv
2026-04-10 00:05:39,Good,64.58,30.8,0.308,63,64,April4_9_10(April4_9_10).csv
2026-04-10 00:05:41,Good,64.58,30.9,0.309,63,64,April4_9_10(April4_9_10).csv
2026-04-10 00:05:43,Good,64.58,30.9,0.309,63,64,April4_9_10(April4_9_10).csv
2026-04-10 00:05:45,Good,64.58,30.9,0.309,63,64,April4_9_10(April4_9_10).csv
2026-04-10 00:05:47,Good,64.58,31.0,0.31,63,64,April4_9_10(April4_9_10).csv
2026-04-10 00:05:49,Good,64.76,31.3,0.313,63,64,April4_9_10(April4_9_10).csv
2026-04-10 00:05:51,Good,64.58,31.4,0.314,63,64,April4_9_10(April4_9_10).csv
2026-04-10 00:05:53,Good,64.58,31.5,0.315,63,64,April4_9_10(April4_9_10).csv
2026-04-10 00:05:55,Good,64.58,31.5,0.315,63,64,April4_9_10(April4_9_10).csv
2026-04-10 00:05:57,Good,64.58,31.5,0.315,63,64,April4_9_10(April4_9_10).csv
2026-04-10 00:05:59,Good,64.58,31.6,0.316,63,64,April4_9_10(April4_9_10).csv
2026-04-10 00:06:01,Good,64.76,31.7,0.317,63,64,April4_9_10(April4_9_10).csv
2026-04-10 00:06:04,Good,64.58,31.6,0.316,63,64,April4_9_10(April4_9_10).csv
2026-04-10 00:06:06,Good,64.58,31.6,0.316,63,64,April4_9_10(April4_9_10).csv
2026-04-10 00:06:08,Good,64.58,31.6,0.316,63,64,April4_9_10(April4_9_10).csv
2026-04-10 00:06:10,Good,64.58,31.6,0.316,63,64,April4_9_10(April4_9_10).csv
2026-04-10 00:06:12,Good,64.58,31.6,0.316,63,64,April4_9_10(April4_9_10).csv
2026-04-10 00:06:14,Good,64.58,31.7,0.317,63,64,April4_9_10(April4_9_10).csv
2026-04-10 00:06:16,Good,64.58,31.7,0.317,63,64,April4_9_10(April4_9_10).csv
2026-04-10 00:06:18,Good,64.58,31.8,0.318,63,64,April4_9_10(April4_9_10).csv
2026-04-10 00:06:20,Good,64.58,31.8,0.318,63,64,April4_9_10(April4_9_10).csv
2026-04-10 00:06:22,Good,64.58,31.9,0.319,63,64,April4_9_10(April4_9_10).csv
2026-04-10 00:06:24,Good,64.76,32.1,0.321,63,64,April4_9_10(April4_9_10).csv
2026-04-10 00:06:26,Good,64.58,32.1,0.321,63,64,April4_9_10(April4_9_10).csv
2026-04-10 00:06:28,Good,64.58,32.2,0.322,63,64,April4_9_10(April4_9_10).csv
2026-04-10 00:06:30,Good,64.58,32.2,0.322,63,64,April4_9_10(April4_9_10).csv
2026-04-10 00:06:32,Good,64.58,32.2,0.322,63,64,April4_9_10(April4_9_10).csv
2026-04-10 00:06:34,Good,64.58,32.3,0.32299999999999995,63,64,April4_9_10(April4_9_10).csv
2026-04-10 00:06:36,Good,64.58,32.3,0.32299999999999995,63,64,April4_9_10(April4_9_10).csv
2026-04-10 00:06:38,Good,64.58,32.4,0.324,63,64,April4_9_10(April4_9_10).csv
2026-04-10 00:06:40,Good,64.58,32.6,0.326,63,64,April4_9_10(April4_9_10).csv
2026-04-10 00:06:42,Good,64.58,32.7,0.327,63,64,April4_9_10(April4_9_10).csv
2026-04-10 00:06:44,Good,64.58,32.9,0.32899999999999996,63,64,April4_9_10(April4_9_10).csv
2026-04-10 00:06:46,Good,64.76,33.0,0.33,63,64,April4_9_10(April4_9_10).csv
2026-04-10 00:06:48,Good,64.58,33.0,0.33,63,64,April4_9_10(April4_9_10).csv
2026-04-10 00:06:50,Good,64.58,33.1,0.331,63,64,April4_9_10(April4_9_10).csv
2026-04-10 00:06:52,Good,64.76,33.2,0.332,63,64,April4_9_10(April4_9_10).csv
2026-04-10 00:06:54,Good,64.58,33.1,0.331,63,64,April4_9_10(April4_9_10).csv
2026-04-10 00:06:56,Good,64.58,33.2,0.332,63,64,April4_9_10(April4_9_10).csv
2026-04-10 00:06:59,Good,64.58,33.2,0.332,63,64,April4_9_10(April4_9_10).csv
2026-04-10 00:07:01,Good,64.58,33.2,0.332,63,64,April4_9_10(April4_9_10).csv
2026-04-10 00:07:03,Good,64.58,33.2,0.332,63,64,April4_9_10(April4_9_10).csv
2026-04-10 00:07:05,Good,64.58,33.2,0.332,63,64,April4_9_10(April4_9_10).csv
2026-04-10 00:07:07,Good,64.58,33.3,0.33299999999999996,63,64,April4_9_10(April4_9_10).csv
2026-04-10 00:07:09,Good,64.76,33.5,0.335,63,64,April4_9_10(April4_9_10).csv
2026-04-10 00:07:11,Good,64.76,33.6,0.336,63,64,April4_9_10(April4_9_10).csv
2026-04-10 00:07:13,Good,64.76,33.7,0.337,63,64,April4_9_10(April4_9_10).csv
2026-04-10 00:07:15,Good,64.58,33.6,0.336,63,64,April4_9_10(April4_9_10).csv
2026-04-10 00:07:17,Good,64.58,33.6,0.336,63,64,April4_9_10(April4_9_10).csv
2026-04-10 00:07:19,Good,64.76,33.7,0.337,63,64,April4_9_10(April4_9_10).csv
2026-04-10 00:07:21,Good,64.58,33.5,0.335,63,64,April4_9_10(April4_9_10).csv
2026-04-10 00:07:23,Good,64.58,33.5,0.335,63,64,April4_9_10(April4_9_10).csv
2026-04-10 00:07:25,Good,64.76,33.6,0.336,63,64,April4_9_10(April4_9_10).csv
2026-04-10 00:07:27,Good,64.58,33.6,0.336,63,64,April4_9_10(April4_9_10).csv
2026-04-10 00:07:29,Good,64.76,33.8,0.33799999999999997,63,64,April4_9_10(April4_9_10).csv
2026-04-10 00:07:31,Good,64.58,33.8,0.33799999999999997,63,64,April4_9_10(April4_9_10).csv
2026-04-10 00:07:33,Good,64.58,33.8,0.33799999999999997,63,64,April4_9_10(April4_9_10).csv
2026-04-10 00:07:35,Good,64.76,34.0,0.34,63,64,April4_9_10(April4_9_10).csv
2026-04-10 00:07:37,Good,64.76,34.0,0.34,63,64,April4_9_10(April4_9_10).csv
2026-04-10 00:07:39,Good,64.58,34.0,0.34,63,64,April4_9_10(April4_9_10).csv
2026-04-10 00:07:41,Good,64.76,34.1,0.341,63,64,April4_9_10(April4_9_10).csv
2026-04-10 00:07:43,Good,64.76,34.1,0.341,63,64,April4_9_10(April4_9_10).csv
2026-04-10 00:07:45,Good,64.76,34.2,0.342,63,64,April4_9_10(April4_9_10).csv
2026-04-10 00:07:47,Good,64.76,34.1,0.341,63,64,April4_9_10(April4_9_10).csv
2026-04-10 00:07:49,Good,64.76,34.1,0.341,63,64,April4_9_10(April4_9_10).csv
2026-04-10 00:07:51,Good,64.76,34.0,0.34,63,64,April4_9_10(April4_9_10).csv
2026-04-10 00:07:54,Good,64.76,34.0,0.34,63,64,April4_9_10(April4_9_10).csv
2026-04-10 00:07:56,Good,64.76,33.9,0.33899999999999997,63,64,April4_9_10(April4_9_10).csv
2026-04-10 00:07:58,Good,64.76,33.9,0.33899999999999997,63,64,April4_9_10(April4_9_10).csv
2026-04-10 00:08:00,Good,64.76,33.9,0.33899999999999997,63,64,April4_9_10(April4_9_10).csv
2026-04-10 00:08:02,Good,64.76,33.9,0.33899999999999997,63,64,April4_9_10(April4_9_10).csv
2026-04-10 00:08:04,Good,64.76,33.8,0.33799999999999997,63,64,April4_9_10(April4_9_10).csv
2026-04-10 00:08:06,Good,64.76,33.8,0.33799999999999997,63,64,April4_9_10(April4_9_10).csv
2026-04-10 00:08:08,Good,64.76,33.8,0.33799999999999997,63,64,April4_9_10(April4_9_10).csv
2026-04-10 00:08:10,Good,64.76,33.9,0.33899999999999997,63,64,April4_9_10(April4_9_10).csv
2026-04-10 00:08:12,Good,64.76,33.8,0.33799999999999997,63,64,April4_9_10(April4_9_10).csv
2026-04-10 00:08:14,Good,64.76,33.8,0.33799999999999997,63,64,April4_9_10(April4_9_10).csv
2026-04-10 00:08:16,Good,64.76,33.8,0.33799999999999997,63,64,April4_9_10(April4_9_10).csv
2026-04-10 00:08:18,Good,64.76,33.8,0.33799999999999997,63,64,April4_9_10(April4_9_10).csv
2026-04-10 00:08:20,Good,64.76,33.8,0.33799999999999997,63,64,April4_9_10(April4_9_10).csv
2026-04-10 00:08:22,Good,64.76,33.8,0.33799999999999997,63,64,April4_9_10(April4_9_10).csv
2026-04-10 00:08:24,Good,64.76,33.8,0.33799999999999997,63,64,April4_9_10(April4_9_10).csv
2026-04-10 00:08:26,Good,64.76,33.9,0.33899999999999997,63,64,April4_9_10(April4_9_10).csv
2026-04-10 00:08:28,Good,64.76,33.9,0.33899999999999997,63,64,April4_9_10(April4_9_10).csv
2026-04-10 00:08:30,Good,64.76,33.9,0.33899999999999997,63,64,April4_9_10(April4_9_10).csv
2026-04-10 00:08:32,Good,64.76,33.9,0.33899999999999997,63,64,April4_9_10(April4_9_10).csv
2026-04-10 00:08:34,Good,64.76,33.8,0.33799999999999997,63,64,April4_9_10(April4_9_10).csv
2026-04-10 00:08:36,Good,64.76,33.8,0.33799999999999997,63,64,April4_9_10(April4_9_10).csv
2026-04-10 00:08:38,Good,64.76,33.7,0.337,63,64,April4_9_10(April4_9_10).csv
2026-04-10 00:08:40,Good,64.76,33.6,0.336,63,64,April4_9_10(April4_9_10).csv
2026-04-10 00:08:43,Good,64.76,33.5,0.335,63,64,April4_9_10(April4_9_10).csv
2026-04-10 00:08:45,Good,64.76,33.4,0.33399999999999996,63,64,April4_9_10(April4_9_10).csv
2026-04-10 00:08:47,Good,64.76,33.4,0.33399999999999996,63,64,April4_9_10(April4_9_10).csv
2026-04-10 00:08:49,Good,64.76,33.4,0.33399999999999996,63,64,April4_9_10(April4_9_10).csv
2026-04-10 00:08:51,Good,64.76,33.3,0.33299999999999996,63,64,April4_9_10(April4_9_10).csv
2026-04-10 00:08:53,Good,64.58,33.1,0.331,63,64,April4_9_10(April4_9_10).csv
2026-04-10 00:08:55,Good,64.76,33.0,0.33,63,64,April4_9_10(April4_9_10).csv
2026-04-10 00:08:57,Good,64.76,32.9,0.32899999999999996,63,64,April4_9_10(April4_9_10).csv
2026-04-10 00:08:59,Good,64.76,32.9,0.32899999999999996,63,64,April4_9_10(April4_9_10).csv
2026-04-10 00:09:01,Good,64.76,32.8,0.32799999999999996,63,64,April4_9_10(April4_9_10).csv
2026-04-10 00:09:03,Good,64.58,32.7,0.327,63,64,April4_9_10(April4_9_10).csv
2026-04-10 00:09:05,Good,64.76,32.8,0.32799999999999996,63,64,April4_9_10(April4_9_10).csv
2026-04-10 00:09:07,Good,64.58,32.7,0.327,63,64,April4_9_10(April4_9_10).csv
2026-04-10 00:09:09,Good,64.76,32.8,0.32799999999999996,63,64,April4_9_10(April4_9_10).csv
2026-04-10 00:09:11,Good,64.76,32.7,0.327,63,64,April4_9_10(April4_9_10).csv
2026-04-10 00:09:13,Good,64.76,32.6,0.326,63,64,April4_9_10(April4_9_10).csv
2026-04-10 00:09:15,Good,64.76,32.6,0.326,63,64,April4_9_10(April4_9_10).csv
2026-04-10 00:09:17,Good,64.76,32.5,0.325,63,64,April4_9_10(April4_9_10).csv
2026-04-10 00:09:19,Good,64.58,32.4,0.324,63,64,April4_9_10(April4_9_10).csv
2026-04-10 00:09:21,Good,64.76,32.4,0.324,63,64,April4_9_10(April4_9_10).csv
2026-04-10 00:09:23,Good,64.58,32.4,0.324,63,64,April4_9_10(April4_9_10).csv
2026-04-10 00:09:25,Good,64.58,32.4,0.324,63,64,April4_9_10(April4_9_10).csv
2026-04-10 00:09:27,Good,64.76,32.4,0.324,63,64,April4_9_10(April4_9_10).csv
2026-04-10 00:09:29,Good,64.76,32.4,0.324,63,64,April4_9_10(April4_9_10).csv
2026-04-10 00:09:31,Good,64.76,32.4,0.324,63,64,April4_9_10(April4_9_10).csv
2026-04-10 00:09:33,Good,64.76,32.4,0.324,63,64,April4_9_10(April4_9_10).csv
2026-04-10 00:09:35,Good,64.76,32.4,0.324,63,64,April4_9_10(April4_9_10).csv
2026-04-10 00:09:38,Good,64.76,32.4,0.324,63,64,April4_9_10(April4_9_10).csv
2026-04-10 00:09:40,Good,64.58,32.3,0.32299999999999995,63,64,April4_9_10(April4_9_10).csv
2026-04-10 00:09:42,Good,64.76,32.5,0.325,63,64,April4_9_10(April4_9_10).csv
2026-04-10 00:09:44,Good,64.76,32.5,0.325,63,64,April4_9_10(April4_9_10).csv
2026-04-10 00:09:46,Good,64.76,32.6,0.326,63,64,April4_9_10(April4_9_10).csv
2026-04-10 00:09:48,Good,64.58,32.5,0.325,63,64,April4_9_10(April4_9_10).csv
2026-04-10 00:09:50,Good,64.58,32.5,0.325,63,64,April4_9_10(April4_9_10).csv
2026-04-10 00:09:52,Good,64.58,32.5,0.325,63,64,April4_9_10(April4_9_10).csv
2026-04-10 00:09:54,Good,64.58,32.5,0.325,63,64,April4_9_10(April4_9_10).csv
2026-04-10 00:09:56,Good,64.58,32.5,0.325,63,64,April4_9_10(April4_9_10).csv
2026-04-10 00:09:58,Good,64.58,32.6,0.326,63,64,April4_9_10(April4_9_10).csv
2026-04-10 00:10:00,Good,64.58,32.6,0.326,63,64,April4_9_10(April4_9_10).csv
2026-04-10 00:10:02,Good,64.76,32.7,0.327,63,64,April4_9_10(April4_9_10).csv
2026-04-10 00:10:04,Good,64.58,32.7,0.327,63,64,April4_9_10(April4_9_10).csv
2026-04-10 00:10:06,Good,64.58,32.7,0.327,63,64,April4_9_10(April4_9_10).csv
2026-04-10 00:10:08,Good,64.76,32.8,0.32799999999999996,63,64,April4_9_10(April4_9_10).csv
2026-04-10 00:10:10,Good,64.76,32.9,0.32899999999999996,63,64,April4_9_10(April4_9_10).csv
2026-04-10 00:10:12,Good,64.76,33.0,0.33,63,64,April4_9_10(April4_9_10).csv
2026-04-10 00:10:14,Good,64.76,33.1,0.331,63,64,April4_9_10(April4_9_10).csv
2026-04-10 00:10:16,Good,64.76,33.2,0.332,63,64,April4_9_10(April4_9_10).csv
2026-04-10 00:10:18,Good,64.58,33.1,0.331,63,64,April4_9_10(April4_9_10).csv
2026-04-10 00:10:20,Good,64.76,33.3,0.33299999999999996,63,64,April4_9_10(April4_9_10).csv
2026-04-10 00:10:22,Good,64.76,33.3,0.33299999999999996,63,64,April4_9_10(April4_9_10).csv
2026-04-10 00:10:24,Good,64.58,33.3,0.33299999999999996,63,64,April4_9_10(April4_9_10).csv
2026-04-10 00:10:26,Good,64.58,33.3,0.33299999999999996,63,64,April4_9_10(April4_9_10).csv
2026-04-10 00:10:28,Good,64.76,33.5,0.335,63,64,April4_9_10(April4_9_10).csv
2026-04-10 00:10:31,Good,64.58,33.4,0.33399999999999996,63,64,April4_9_10(April4_9_10).csv
2026-04-10 00:10:33,Good,64.76,33.6,0.336,63,64,April4_9_10(April4_9_10).csv
2026-04-10 00:10:35,Good,64.76,33.6,0.336,63,64,April4_9_10(April4_9_10).csv
2026-04-10 00:10:37,Good,64.76,33.5,0.335,63,64,April4_9_10(April4_9_10).csv
2026-04-10 00:10:39,Good,64.58,33.3,0.33299999999999996,63,64,April4_9_10(April4_9_10).csv
2026-04-10 00:10:41,Good,64.58,33.2,0.332,63,64,April4_9_10(April4_9_10).csv
2026-04-10 00:10:43,Good,64.76,33.3,0.33299999999999996,63,64,April4_9_10(April4_9_10).csv
2026-04-10 00:10:45,Good,64.58,33.2,0.332,63,64,April4_9_10(April4_9_10).csv
2026-04-10 00:10:47,Good,64.76,33.4,0.33399999999999996,63,64,April4_9_10(April4_9_10).csv
2026-04-10 00:10:49,Good,64.58,33.3,0.33299999999999996,63,64,April4_9_10(April4_9_10).csv
2026-04-10 00:10:51,Good,64.76,33.5,0.335,63,64,April4_9_10(April4_9_10).csv
2026-04-10 00:10:53,Good,64.58,33.4,0.33399999999999996,63,64,April4_9_10(April4_9_10).csv
2026-04-10 00:10:55,Good,64.76,33.6,0.336,63,64,April4_9_10(April4_9_10).csv
2026-04-10 00:10:57,Good,64.76,33.7,0.337,63,64,April4_9_10(April4_9_10).csv
2026-04-10 00:10:59,Good,64.76,33.7,0.337,63,64,April4_9_10(April4_9_10).csv
2026-04-10 00:11:01,Good,64.76,33.7,0.337,63,64,April4_9_10(April4_9_10).csv
2026-04-10 00:11:03,Good,64.76,33.7,0.337,63,64,April4_9_10(April4_9_10).csv
2026-04-10 00:11:05,Good,64.76,33.7,0.337,63,64,April4_9_10(April4_9_10).csv
2026-04-10 00:11:07,Good,64.58,33.6,0.336,63,64,April4_9_10(April4_9_10).csv
2026-04-10 00:11:09,Good,64.76,33.7,0.337,63,64,April4_9_10(April4_9_10).csv
2026-04-10 00:11:11,Good,64.58,33.7,0.337,63,64,April4_9_10(April4_9_10).csv
2026-04-10 00:11:13,Good,64.76,33.8,0.33799999999999997,63,64,April4_9_10(April4_9_10).csv
2026-04-10 00:11:15,Good,64.76,33.8,0.33799999999999997,63,64,April4_9_10(April4_9_10).csv
2026-04-10 00:11:17,Good,64.58,33.8,0.33799999999999997,63,64,April4_9_10(April4_9_10).csv
2026-04-10 00:11:19,Good,64.76,33.9,0.33899999999999997,63,64,April4_9_10(April4_9_10).csv
2026-04-10 00:11:21,Good,64.76,33.8,0.33799999999999997,63,64,April4_9_10(April4_9_10).csv
2026-04-10 00:11:24,Good,64.76,33.8,0.33799999999999997,63,64,April4_9_10(April4_9_10).csv
2026-04-10 00:11:26,Good,64.76,33.8,0.33799999999999997,63,64,April4_9_10(April4_9_10).csv
2026-04-10 00:11:28,Good,64.76,33.8,0.33799999999999997,63,64,April4_9_10(April4_9_10).csv
2026-04-10 00:11:30,Good,64.58,33.7,0.337,63,64,April4_9_10(April4_9_10).csv
2026-04-10 00:11:32,Good,64.76,33.7,0.337,63,64,April4_9_10(April4_9_10).csv
2026-04-10 00:11:34,Good,64.76,33.7,0.337,63,64,April4_9_10(April4_9_10).csv
2026-04-10 00:11:36,Good,64.76,33.7,0.337,63,64,April4_9_10(April4_9_10).csv
2026-04-10 00:11:38,Good,64.76,33.6,0.336,63,64,April4_9_10(April4_9_10).csv
2026-04-10 00:11:40,Good,64.76,33.6,0.336,63,64,April4_9_10(April4_9_10).csv
2026-04-10 00:11:42,Good,64.58,33.5,0.335,63,64,April4_9_10(April4_9_10).csv
2026-04-10 00:11:44,Good,64.58,33.4,0.33399999999999996,63,64,April4_9_10(April4_9_10).csv
2026-04-10 00:11:46,Good,64.76,33.4,0.33399999999999996,63,64,April4_9_10(April4_9_10).csv
2026-04-10 00:11:48,Good,64.76,33.4,0.33399999999999996,63,64,April4_9_10(April4_9_10).csv
2026-04-10 00:11:50,Good,64.76,33.4,0.33399999999999996,63,64,April4_9_10(April4_9_10).csv
2026-04-10 00:11:52,Good,64.76,33.4,0.33399999999999996,63,64,April4_9_10(April4_9_10).csv
2026-04-10 00:11:54,Good,64.76,33.4,0.33399999999999996,63,64,April4_9_10(April4_9_10).csv
2026-04-10 00:11:56,Good,64.76,33.5,0.335,63,64,April4_9_10(April4_9_10).csv
2026-04-10 00:11:58,Good,64.76,33.5,0.335,63,64,April4_9_10(April4_9_10).csv
2026-04-10 00:12:00,Good,64.76,33.5,0.335,63,64,April4_9_10(April4_9_10).csv
2026-04-10 00:12:02,Good,64.76,33.4,0.33399999999999996,63,64,April4_9_10(April4_9_10).csv
2026-04-10 00:12:04,Good,64.76,33.4,0.33399999999999996,63,64,April4_9_10(April4_9_10).csv
2026-04-10 00:12:06,Good,64.76,33.4,0.33399999999999996,63,64,April4_9_10(April4_9_10).csv
2026-04-10 00:12:08,Good,64.76,33.4,0.33399999999999996,63,64,April4_9_10(April4_9_10).csv
2026-04-10 00:12:10,Good,64.76,33.4,0.33399999999999996,63,64,April4_9_10(April4_9_10).csv
2026-04-10 00:12:12,Good,64.58,33.2,0.332,63,64,April4_9_10(April4_9_10).csv
2026-04-10 00:12:14,Good,64.76,33.2,0.332,63,64,April4_9_10(April4_9_10).csv
2026-04-10 00:12:17,Good,64.76,33.1,0.331,63,64,April4_9_10(April4_9_10).csv
2026-04-10 00:12:19,Good,64.58,32.9,0.32899999999999996,63,64,April4_9_10(April4_9_10).csv
2026-04-10 00:12:21,Good,64.76,32.9,0.32899999999999996,63,64,April4_9_10(April4_9_10).csv
2026-04-10 00:12:23,Good,64.76,32.8,0.32799999999999996,63,64,April4_9_10(April4_9_10).csv
2026-04-10 00:12:25,Good,64.76,32.7,0.327,63,64,April4_9_10(April4_9_10).csv
2026-04-10 00:12:27,Good,64.76,32.7,0.327,63,64,April4_9_10(April4_9_10).csv
2026-04-10 00:12:29,Good,64.58,32.6,0.326,63,64,April4_9_10(April4_9_10).csv
2026-04-10 00:12:31,Good,64.76,32.7,0.327,63,64,April4_9_10(April4_9_10).csv
2026-04-10 00:12:33,Good,64.76,32.7,0.327,63,64,April4_9_10(April4_9_10).csv
2026-04-10 00:12:35,Good,64.76,32.8,0.32799999999999996,63,64,April4_9_10(April4_9_10).csv
2026-04-10 00:12:37,Good,64.76,32.9,0.32899999999999996,63,64,April4_9_10(April4_9_10).csv
2026-04-10 00:12:39,Good,64.76,32.9,0.32899999999999996,63,64,April4_9_10(April4_9_10).csv
2026-04-10 00:12:41,Good,64.76,33.0,0.33,63,64,April4_9_10(April4_9_10).csv
2026-04-10 00:12:43,Good,64.58,33.0,0.33,63,64,April4_9_10(April4_9_10).csv
2026-04-10 00:12:45,Good,64.76,33.1,0.331,63,64,April4_9_10(April4_9_10).csv
2026-04-10 00:12:47,Good,64.76,33.1,0.331,63,64,April4_9_10(April4_9_10).csv
2026-04-10 00:12:49,Good,64.76,33.1,0.331,63,64,April4_9_10(April4_9_10).csv
2026-04-10 00:12:51,Good,64.58,33.1,0.331,63,64,April4_9_10(April4_9_10).csv
2026-04-10 00:12:53,Good,64.76,33.3,0.33299999999999996,63,64,April4_9_10(April4_9_10).csv
2026-04-10 00:12:55,Good,64.58,33.2,0.332,63,64,April4_9_10(April4_9_10).csv
2026-04-10 00:12:57,Good,64.76,33.4,0.33399999999999996,63,64,April4_9_10(April4_9_10).csv
2026-04-10 00:12:59,Good,64.58,33.4,0.33399999999999996,63,64,April4_9_10(April4_9_10).csv
2026-04-10 00:13:01,Good,64.76,33.6,0.336,63,64,April4_9_10(April4_9_10).csv
2026-04-10 00:13:03,Good,64.76,33.7,0.337,63,64,April4_9_10(April4_9_10).csv
2026-04-10 00:13:05,Good,64.76,33.7,0.337,63,64,April4_9_10(April4_9_10).csv
2026-04-10 00:13:07,Good,64.76,33.8,0.33799999999999997,63,64,April4_9_10(April4_9_10).csv
2026-04-10 00:13:09,Good,64.76,33.7,0.337,63,64,April4_9_10(April4_9_10).csv
2026-04-10 00:13:12,Good,64.76,33.8,0.33799999999999997,63,64,April4_9_10(April4_9_10).csv
2026-04-10 00:13:14,Good,64.58,33.7,0.337,63,64,April4_9_10(April4_9_10).csv
2026-04-10 00:13:16,Good,64.58,33.7,0.337,63,64,April4_9_10(April4_9_10).csv
2026-04-10 00:13:18,Good,64.76,33.7,0.337,63,64,April4_9_10(April4_9_10).csv
2026-04-10 00:13:20,Good,64.76,33.5,0.335,63,64,April4_9_10(April4_9_10).csv
2026-04-10 00:13:22,Good,64.76,33.3,0.33299999999999996,63,64,April4_9_10(April4_9_10).csv
2026-04-10 00:13:24,Good,64.58,33.1,0.331,63,64,April4_9_10(April4_9_10).csv
2026-04-10 00:13:26,Good,64.76,33.1,0.331,63,64,April4_9_10(April4_9_10).csv
2026-04-10 00:13:28,Good,64.76,33.1,0.331,63,64,April4_9_10(April4_9_10).csv
2026-04-10 00:13:30,Good,64.76,33.1,0.331,63,64,April4_9_10(April4_9_10).csv
2026-04-10 00:13:32,Good,64.76,33.1,0.331,63,64,April4_9_10(April4_9_10).csv
2026-04-10 00:13:34,Good,64.76,33.2,0.332,63,64,April4_9_10(April4_9_10).csv
2026-04-10 00:13:36,Good,64.76,33.2,0.332,63,64,April4_9_10(April4_9_10).csv
2026-04-10 00:13:38,Good,64.76,33.2,0.332,63,64,April4_9_10(April4_9_10).csv
2026-04-10 00:13:40,Good,64.76,33.3,0.33299999999999996,63,64,April4_9_10(April4_9_10).csv
2026-04-10 00:13:42,Good,64.76,33.3,0.33299999999999996,63,64,April4_9_10(April4_9_10).csv
2026-04-10 00:13:44,Good,64.58,33.3,0.33299999999999996,63,64,April4_9_10(April4_9_10).csv
2026-04-10 00:13:46,Good,64.76,33.4,0.33399999999999996,63,64,April4_9_10(April4_9_10).csv
2026-04-10 00:13:48,Good,64.76,33.5,0.335,63,64,April4_9_10(April4_9_10).csv
2026-04-10 00:13:50,Good,64.76,33.5,0.335,63,64,April4_9_10(April4_9_10).csv
2026-04-10 00:13:52,Good,64.76,33.6,0.336,63,64,April4_9_10(April4_9_10).csv
2026-04-10 00:13:54,Good,64.76,33.7,0.337,63,64,April4_9_10(April4_9_10).csv
2026-04-10 00:13:56,Good,64.76,33.7,0.337,63,64,April4_9_10(April4_9_10).csv
2026-04-10 00:13:58,Good,64.76,33.8,0.33799999999999997,63,64,April4_9_10(April4_9_10).csv
2026-04-10 00:14:00,Good,64.76,33.8,0.33799999999999997,63,64,April4_9_10(April4_9_10).csv
2026-04-10 00:14:02,Good,64.76,33.8,0.33799999999999997,63,64,April4_9_10(April4_9_10).csv
2026-04-10 00:14:05,Good,64.76,33.8,0.33799999999999997,63,64,April4_9_10(April4_9_10).csv
2026-04-10 00:14:07,Good,64.76,33.8,0.33799999999999997,63,64,April4_9_10(April4_9_10).csv
2026-04-10 00:14:09,Good,64.76,33.8,0.33799999999999997,63,64,April4_9_10(April4_9_10).csv
2026-04-10 00:14:11,Good,64.76,33.8,0.33799999999999997,63,64,April4_9_10(April4_9_10).csv
2026-04-10 00:14:13,Good,64.76,33.8,0.33799999999999997,63,64,April4_9_10(April4_9_10).csv
2026-04-10 00:14:15,Good,64.76,33.8,0.33799999999999997,63,64,April4_9_10(April4_9_10).csv
2026-04-10 00:14:17,Good,64.76,33.9,0.33899999999999997,63,64,April4_9_10(April4_9_10).csv
2026-04-10 00:14:19,Good,64.76,34.0,0.34,63,64,April4_9_10(April4_9_10).csv
2026-04-10 00:14:21,Good,64.76,34.0,0.34,63,64,April4_9_10(April4_9_10).csv
2026-04-10 00:14:23,Good,64.76,34.1,0.341,63,64,April4_9_10(April4_9_10).csv
2026-04-10 00:14:25,Good,64.76,34.1,0.341,63,64,April4_9_10(April4_9_10).csv
2026-04-10 00:14:27,Good,64.76,34.1,0.341,63,64,April4_9_10(April4_9_10).csv
2026-04-10 00:14:29,Good,64.76,34.1,0.341,63,64,April4_9_10(April4_9_10).csv
2026-04-10 00:14:31,Good,64.76,34.1,0.341,63,64,April4_9_10(April4_9_10).csv
2026-04-10 00:14:33,Good,64.76,34.2,0.342,63,64,April4_9_10(April4_9_10).csv
2026-04-10 00:14:35,Good,64.76,34.1,0.341,63,64,April4_9_10(April4_9_10).csv
2026-04-10 00:14:37,Good,64.76,34.1,0.341,63,64,April4_9_10(April4_9_10).csv
2026-04-10 00:14:39,Good,64.76,34.1,0.341,63,64,April4_9_10(April4_9_10).csv
2026-04-10 00:14:41,Good,64.76,34.0,0.34,63,64,April4_9_10(April4_9_10).csv
2026-04-10 00:14:43,Good,64.76,34.0,0.34,63,64,April4_9_10(April4_9_10).csv
2026-04-10 00:14:45,Good,64.76,34.0,0.34,63,64,April4_9_10(April4_9_10).csv
2026-04-10 00:14:47,Good,64.76,34.0,0.34,63,64,April4_9_10(April4_9_10).csv
2026-04-10 00:14:49,Good,64.76,34.0,0.34,63,64,April4_9_10(April4_9_10).csv
2026-04-10 00:14:51,Good,64.76,34.1,0.341,63,64,April4_9_10(April4_9_10).csv
2026-04-10 00:14:53,Good,64.76,34.1,0.341,63,64,April4_9_10(April4_9_10).csv
2026-04-10 00:14:55,Good,64.76,34.1,0.341,63,64,April4_9_10(April4_9_10).csv
2026-04-10 00:14:58,Good,64.76,34.1,0.341,63,64,April4_9_10(April4_9_10).csv
2026-04-10 00:15:00,Good,64.76,34.1,0.341,63,64,April4_9_10(April4_9_10).csv
2026-04-10 00:15:02,Good,64.76,34.1,0.341,63,64,April4_9_10(April4_9_10).csv
2026-04-10 00:15:04,Good,64.76,34.2,0.342,63,64,April4_9_10(April4_9_10).csv
2026-04-10 00:15:06,Good,64.76,34.2,0.342,63,64,April4_9_10(April4_9_10).csv
2026-04-10 00:15:08,Good,64.76,34.2,0.342,63,64,April4_9_10(April4_9_10).csv
2026-04-10 00:15:10,Good,64.76,34.2,0.342,63,64,April4_9_10(April4_9_10).csv
2026-04-10 00:15:12,Good,64.76,34.1,0.341,63,64,April4_9_10(April4_9_10).csv
2026-04-10 00:15:14,Good,64.76,34.0,0.34,63,64,April4_9_10(April4_9_10).csv
2026-04-10 00:15:16,Good,64.76,33.9,0.33899999999999997,63,64,April4_9_10(April4_9_10).csv
2026-04-10 00:15:18,Good,64.76,33.9,0.33899999999999997,63,64,April4_9_10(April4_9_10).csv
2026-04-10 00:15:20,Good,64.76,33.8,0.33799999999999997,63,64,April4_9_10(April4_9_10).csv
2026-04-10 00:15:22,Good,64.76,33.8,0.33799999999999997,63,64,April4_9_10(April4_9_10).csv
2026-04-10 00:15:24,Good,64.76,33.8,0.33799999999999997,63,64,April4_9_10(April4_9_10).csv
2026-04-10 00:15:26,Good,64.76,33.8,0.33799999999999997,63,64,April4_9_10(April4_9_10).csv
2026-04-10 00:15:28,Good,64.76,33.8,0.33799999999999997,63,64,April4_9_10(April4_9_10).csv
2026-04-10 00:15:30,Good,64.76,33.7,0.337,63,64,April4_9_10(April4_9_10).csv
2026-04-10 00:15:32,Good,64.76,33.7,0.337,63,64,April4_9_10(April4_9_10).csv
2026-04-10 00:15:34,Good,64.76,33.7,0.337,63,64,April4_9_10(April4_9_10).csv
2026-04-10 00:15:36,Good,64.76,33.7,0.337,63,64,April4_9_10(April4_9_10).csv
2026-04-10 00:15:38,Good,64.76,33.7,0.337,63,64,April4_9_10(April4_9_10).csv
2026-04-10 00:15:40,Good,64.76,33.6,0.336,63,64,April4_9_10(April4_9_10).csv
2026-04-10 00:15:42,Good,64.76,33.6,0.336,63,64,April4_9_10(April4_9_10).csv
2026-04-10 00:15:44,Good,64.76,33.5,0.335,63,64,April4_9_10(April4_9_10).csv
2026-04-10 00:15:46,Good,64.76,33.5,0.335,63,64,April4_9_10(April4_9_10).csv
2026-04-10 00:15:48,Good,64.76,33.5,0.335,63,64,April4_9_10(April4_9_10).csv
2026-04-10 00:15:51,Good,64.76,33.5,0.335,63,64,April4_9_10(April4_9_10).csv
2026-04-10 00:15:53,Good,64.76,33.4,0.33399999999999996,63,64,April4_9_10(April4_9_10).csv
2026-04-10 00:15:55,Good,64.76,33.4,0.33399999999999996,63,64,April4_9_10(April4_9_10).csv
2026-04-10 00:15:57,Good,64.76,33.4,0.33399999999999996,63,64,April4_9_10(April4_9_10).csv
2026-04-10 00:15:59,Good,64.76,33.4,0.33399999999999996,63,64,April4_9_10(April4_9_10).csv
2026-04-10 00:16:01,Good,64.76,33.4,0.33399999999999996,63,64,April4_9_10(April4_9_10).csv
2026-04-10 00:16:03,Good,64.76,33.5,0.335,63,64,April4_9_10(April4_9_10).csv
2026-04-10 00:16:05,Good,64.76,33.6,0.336,63,64,April4_9_10(April4_9_10).csv
2026-04-10 00:16:07,Good,64.76,33.6,0.336,63,64,April4_9_10(April4_9_10).csv
2026-04-10 00:16:09,Good,64.76,33.5,0.335,63,64,April4_9_10(April4_9_10).csv
2026-04-10 00:16:11,Good,64.76,33.5,0.335,63,64,April4_9_10(April4_9_10).csv
2026-04-10 00:16:13,Good,64.76,33.5,0.335,63,64,April4_9_10(April4_9_10).csv
2026-04-10 00:16:15,Good,64.76,33.5,0.335,63,64,April4_9_10(April4_9_10).csv
2026-04-10 00:16:17,Good,64.76,33.4,0.33399999999999996,63,64,April4_9_10(April4_9_10).csv
2026-04-10 00:16:19,Good,64.76,33.4,0.33399999999999996,63,64,April4_9_10(April4_9_10).csv
2026-04-10 00:16:21,Good,64.76,33.4,0.33399999999999996,63,64,April4_9_10(April4_9_10).csv
2026-04-10 00:16:23,Good,64.76,33.4,0.33399999999999996,63,64,April4_9_10(April4_9_10).csv
2026-04-10 00:16:25,Good,64.76,33.4,0.33399999999999996,63,64,April4_9_10(April4_9_10).csv
2026-04-10 00:16:27,Good,64.76,33.4,0.33399999999999996,63,64,April4_9_10(April4_9_10).csv
2026-04-10 00:16:29,Good,64.76,33.4,0.33399999999999996,63,64,April4_9_10(April4_9_10).csv
2026-04-10 00:16:31,Good,64.76,33.3,0.33299999999999996,63,64,April4_9_10(April4_9_10).csv
2026-04-10 00:16:33,Good,64.58,33.1,0.331,63,64,April4_9_10(April4_9_10).csv
2026-04-10 00:16:35,Good,64.58,33.1,0.331,63,64,April4_9_10(April4_9_10).csv
2026-04-10 00:16:37,Good,64.76,33.2,0.332,63,64,April4_9_10(April4_9_10).csv
2026-04-10 00:16:39,Good,64.76,33.2,0.332,63,64,April4_9_10(April4_9_10).csv
2026-04-10 00:16:41,Good,64.76,33.2,0.332,63,64,April4_9_10(April4_9_10).csv
2026-04-10 00:16:44,Good,64.58,33.1,0.331,63,64,April4_9_10(April4_9_10).csv
2026-04-10 00:16:46,Good,64.58,33.1,0.331,63,64,April4_9_10(April4_9_10).csv
2026-04-10 00:16:48,Good,64.58,33.1,0.331,63,64,April4_9_10(April4_9_10).csv
2026-04-10 00:16:50,Good,64.58,33.1,0.331,63,64,April4_9_10(April4_9_10).csv
2026-04-10 00:16:52,Good,64.76,33.2,0.332,63,64,April4_9_10(April4_9_10).csv
2026-04-10 00:16:54,Good,64.76,33.3,0.33299999999999996,63,64,April4_9_10(April4_9_10).csv
2026-04-10 00:16:56,Good,64.58,33.2,0.332,63,64,April4_9_10(April4_9_10).csv
2026-04-10 00:16:58,Good,64.76,33.4,0.33399999999999996,63,64,April4_9_10(April4_9_10).csv
2026-04-10 00:17:00,Good,64.58,33.3,0.33299999999999996,63,64,April4_9_10(April4_9_10).csv
2026-04-10 00:17:02,Good,64.76,33.5,0.335,63,64,April4_9_10(April4_9_10).csv
2026-04-10 00:17:04,Good,64.58,33.4,0.33399999999999996,63,64,April4_9_10(April4_9_10).csv
2026-04-10 00:17:06,Good,64.76,33.6,0.336,63,64,April4_9_10(April4_9_10).csv
2026-04-10 00:17:08,Good,64.58,33.6,0.336,63,64,April4_9_10(April4_9_10).csv
2026-04-10 00:17:10,Good,64.76,33.8,0.33799999999999997,63,64,April4_9_10(April4_9_10).csv
2026-04-10 00:17:12,Good,64.76,33.9,0.33899999999999997,63,64,April4_9_10(April4_9_10).csv
2026-04-10 00:17:14,Good,64.58,33.9,0.33899999999999997,63,64,April4_9_10(April4_9_10).csv
2026-04-10 00:17:16,Good,64.76,34.0,0.34,63,64,April4_9_10(April4_9_10).csv
2026-04-10 00:17:18,Good,64.76,33.9,0.33899999999999997,63,64,April4_9_10(April4_9_10).csv
2026-04-10 00:17:20,Good,64.58,33.8,0.33799999999999997,63,64,April4_9_10(April4_9_10).csv
2026-04-10 00:17:22,Good,64.76,33.7,0.337,63,64,April4_9_10(April4_9_10).csv
2026-04-10 00:17:24,Good,64.76,33.6,0.336,63,64,April4_9_10(April4_9_10).csv
2026-04-10 00:17:26,Good,64.76,33.6,0.336,63,64,April4_9_10(April4_9_10).csv
2026-04-10 00:17:28,Good,64.76,33.5,0.335,63,64,April4_9_10(April4_9_10).csv
2026-04-10 00:17:30,Good,64.76,33.4,0.33399999999999996,63,64,April4_9_10(April4_9_10).csv
2026-04-10 00:17:32,Good,64.76,33.4,0.33399999999999996,63,64,April4_9_10(April4_9_10).csv
2026-04-10 00:17:34,Good,64.76,33.5,0.335,63,64,April4_9_10(April4_9_10).csv
2026-04-10 00:17:37,Good,64.58,33.4,0.33399999999999996,63,64,April4_9_10(April4_9_10).csv
2026-04-10 00:17:39,Good,64.76,33.5,0.335,63,64,April4_9_10(April4_9_10).csv
2026-04-10 00:17:41,Good,64.76,33.5,0.335,63,64,April4_9_10(April4_9_10).csv
2026-04-10 00:17:43,Good,64.76,33.4,0.33399999999999996,63,64,April4_9_10(April4_9_10).csv
2026-04-10 00:17:45,Good,64.76,33.4,0.33399999999999996,63,64,April4_9_10(April4_9_10).csv
2026-04-10 00:17:47,Good,64.76,33.3,0.33299999999999996,63,64,April4_9_10(April4_9_10).csv
2026-04-10 00:17:49,Good,64.76,33.3,0.33299999999999996,63,64,April4_9_10(April4_9_10).csv
2026-04-10 00:17:51,Good,64.76,33.3,0.33299999999999996,63,64,April4_9_10(April4_9_10).csv
2026-04-10 00:17:53,Good,64.76,33.3,0.33299999999999996,63,64,April4_9_10(April4_9_10).csv
2026-04-10 00:17:55,Good,64.76,33.3,0.33299999999999996,63,64,April4_9_10(April4_9_10).csv
2026-04-10 00:17:57,Good,64.76,33.3,0.33299999999999996,63,64,April4_9_10(April4_9_10).csv
2026-04-10 00:17:59,Good,64.76,33.2,0.332,63,64,April4_9_10(April4_9_10).csv
2026-04-10 00:18:01,Good,64.76,33.2,0.332,63,64,April4_9_10(April4_9_10).csv
2026-04-10 00:18:03,Good,64.76,33.1,0.331,63,64,April4_9_10(April4_9_10).csv
2026-04-10 00:18:05,Good,64.76,33.0,0.33,63,64,April4_9_10(April4_9_10).csv
2026-04-10 00:18:07,Good,64.76,33.0,0.33,63,64,April4_9_10(April4_9_10).csv
2026-04-10 00:18:09,Good,64.76,32.9,0.32899999999999996,63,64,April4_9_10(April4_9_10).csv
2026-04-10 00:18:11,Good,64.76,32.9,0.32899999999999996,63,64,April4_9_10(April4_9_10).csv
2026-04-10 00:18:13,Good,64.76,32.9,0.32899999999999996,63,64,April4_9_10(April4_9_10).csv
2026-04-10 00:18:15,Good,64.58,32.9,0.32899999999999996,63,64,April4_9_10(April4_9_10).csv
2026-04-10 00:18:17,Good,64.76,32.9,0.32899999999999996,63,64,April4_9_10(April4_9_10).csv
2026-04-10 00:18:19,Good,64.76,33.0,0.33,63,64,April4_9_10(April4_9_10).csv
2026-04-10 00:18:21,Good,64.76,33.0,0.33,63,64,April4_9_10(April4_9_10).csv
2026-04-10 00:18:23,Good,64.76,33.1,0.331,63,64,April4_9_10(April4_9_10).csv
2026-04-10 00:18:25,Good,64.76,33.1,0.331,63,64,April4_9_10(April4_9_10).csv
2026-04-10 00:18:27,Good,64.76,33.2,0.332,63,64,April4_9_10(April4_9_10).csv
2026-04-10 00:18:29,Good,64.76,33.3,0.33299999999999996,63,64,April4_9_10(April4_9_10).csv
2026-04-10 00:18:32,Good,64.58,33.2,0.332,63,64,April4_9_10(April4_9_10).csv
2026-04-10 00:18:34,Good,64.76,33.4,0.33399999999999996,63,64,April4_9_10(April4_9_10).csv
2026-04-10 00:18:36,Good,64.76,33.4,0.33399999999999996,63,64,April4_9_10(April4_9_10).csv
2026-04-10 00:18:38,Good,64.76,33.4,0.33399999999999996,63,64,April4_9_10(April4_9_10).csv
2026-04-10 00:18:40,Good,64.76,33.4,0.33399999999999996,63,64,April4_9_10(April4_9_10).csv
2026-04-10 00:18:42,Good,64.58,33.3,0.33299999999999996,63,64,April4_9_10(April4_9_10).csv
2026-04-10 00:18:44,Good,64.58,33.4,0.33399999999999996,63,64,April4_9_10(April4_9_10).csv
2026-04-10 00:18:46,Good,64.76,33.5,0.335,63,64,April4_9_10(April4_9_10).csv
2026-04-10 00:18:48,Good,64.76,33.6,0.336,63,64,April4_9_10(April4_9_10).csv
2026-04-10 00:18:50,Good,64.76,33.6,0.336,63,64,April4_9_10(April4_9_10).csv
2026-04-10 00:18:52,Good,64.76,33.7,0.337,63,64,April4_9_10(April4_9_10).csv
2026-04-10 00:18:54,Good,64.58,33.6,0.336,63,64,April4_9_10(April4_9_10).csv
2026-04-10 00:18:56,Good,64.76,33.7,0.337,63,64,April4_9_10(April4_9_10).csv
2026-04-10 00:18:58,Good,64.76,33.7,0.337,63,64,April4_9_10(April4_9_10).csv
2026-04-10 00:19:00,Good,64.76,33.7,0.337,63,64,April4_9_10(April4_9_10).csv
2026-04-10 00:19:02,Good,64.76,33.8,0.33799999999999997,63,64,April4_9_10(April4_9_10).csv
2026-04-10 00:19:04,Good,64.76,33.8,0.33799999999999997,63,64,April4_9_10(April4_9_10).csv
2026-04-10 00:19:06,Good,64.76,33.9,0.33899999999999997,63,64,April4_9_10(April4_9_10).csv
2026-04-10 00:19:08,Good,64.58,33.8,0.33799999999999997,63,64,April4_9_10(April4_9_10).csv
2026-04-10 00:19:10,Good,64.58,33.7,0.337,63,64,April4_9_10(April4_9_10).csv
2026-04-10 00:19:12,Good,64.76,33.7,0.337,63,64,April4_9_10(April4_9_10).csv
2026-04-10 00:19:14,Good,64.76,33.6,0.336,63,64,April4_9_10(April4_9_10).csv
2026-04-10 00:19:16,Good,64.76,33.6,0.336,63,64,April4_9_10(April4_9_10).csv
2026-04-10 00:19:18,Good,64.58,33.3,0.33299999999999996,63,64,April4_9_10(April4_9_10).csv
2026-04-10 00:19:20,Good,64.58,33.2,0.332,63,64,April4_9_10(April4_9_10).csv
2026-04-10 00:19:22,Good,64.76,33.1,0.331,63,64,April4_9_10(April4_9_10).csv
2026-04-10 00:19:25,Good,64.58,33.0,0.33,63,64,April4_9_10(April4_9_10).csv
2026-04-10 00:19:27,Good,64.58,33.0,0.33,63,64,April4_9_10(April4_9_10).csv
2026-04-10 00:19:29,Good,64.58,33.0,0.33,63,64,April4_9_10(April4_9_10).csv
2026-04-10 00:19:31,Good,64.76,33.1,0.331,63,64,April4_9_10(April4_9_10).csv
2026-04-10 00:19:33,Good,64.76,33.1,0.331,63,64,April4_9_10(April4_9_10).csv
2026-04-10 00:19:35,Good,64.76,33.1,0.331,63,64,April4_9_10(April4_9_10).csv
2026-04-10 00:19:37,Good,64.58,32.9,0.32899999999999996,63,64,April4_9_10(April4_9_10).csv
2026-04-10 00:19:39,Good,64.58,32.9,0.32899999999999996,63,64,April4_9_10(April4_9_10).csv
2026-04-10 00:19:41,Good,64.58,32.9,0.32899999999999996,63,64,April4_9_10(April4_9_10).csv
2026-04-10 00:19:43,Good,64.58,32.9,0.32899999999999996,63,64,April4_9_10(April4_9_10).csv
2026-04-10 00:19:45,Good,64.76,33.0,0.33,63,64,April4_9_10(April4_9_10).csv
2026-04-10 00:19:47,Good,64.76,33.1,0.331,63,64,April4_9_10(April4_9_10).csv
2026-04-10 00:19:49,Good,64.76,33.1,0.331,63,64,April4_9_10(April4_9_10).csv
2026-04-10 00:19:51,Good,64.76,33.1,0.331,63,64,April4_9_10(April4_9_10).csv
2026-04-10 00:19:53,Good,64.76,33.1,0.331,63,64,April4_9_10(April4_9_10).csv
2026-04-10 00:19:55,Good,64.58,33.0,0.33,63,64,April4_9_10(April4_9_10).csv
2026-04-10 00:19:57,Good,64.76,33.0,0.33,63,64,April4_9_10(April4_9_10).csv
2026-04-10 00:19:59,Good,64.76,33.0,0.33,63,64,April4_9_10(April4_9_10).csv
2026-04-10 00:20:01,Good,64.58,32.9,0.32899999999999996,63,64,April4_9_10(April4_9_10).csv
2026-04-10 00:20:03,Good,64.76,33.0,0.33,63,64,April4_9_10(April4_9_10).csv
2026-04-10 00:20:05,Good,64.58,32.9,0.32899999999999996,63,64,April4_9_10(April4_9_10).csv
2026-04-10 00:20:07,Good,64.58,32.9,0.32899999999999996,63,64,April4_9_10(April4_9_10).csv
2026-04-10 00:20:09,Good,64.58,33.0,0.33,63,64,April4_9_10(April4_9_10).csv
2026-04-10 00:20:11,Good,64.58,33.0,0.33,63,64,April4_9_10(April4_9_10).csv
2026-04-10 00:20:13,Good,64.58,33.0,0.33,63,64,April4_9_10(April4_9_10).csv
2026-04-10 00:20:15,Good,64.76,33.1,0.331,63,64,April4_9_10(April4_9_10).csv
2026-04-10 00:20:18,Good,64.58,33.0,0.33,63,64,April4_9_10(April4_9_10).csv
2026-04-10 00:20:20,Good,64.58,33.1,0.331,63,64,April4_9_10(April4_9_10).csv
2026-04-10 00:20:22,Good,64.76,33.2,0.332,63,64,April4_9_10(April4_9_10).csv
2026-04-10 00:20:24,Good,64.58,33.2,0.332,63,64,April4_9_10(April4_9_10).csv
2026-04-10 00:20:26,Good,64.58,33.2,0.332,63,64,April4_9_10(April4_9_10).csv
2026-04-10 00:20:28,Good,64.76,33.3,0.33299999999999996,63,64,April4_9_10(April4_9_10).csv
2026-04-10 00:20:30,Good,64.76,33.3,0.33299999999999996,63,64,April4_9_10(April4_9_10).csv
2026-04-10 00:20:32,Good,64.76,33.2,0.332,63,64,April4_9_10(April4_9_10).csv
2026-04-10 00:20:34,Good,64.76,33.2,0.332,63,64,April4_9_10(April4_9_10).csv
2026-04-10 00:20:36,Good,64.76,33.1,0.331,63,64,April4_9_10(April4_9_10).csv
2026-04-10 00:20:38,Good,64.76,33.1,0.331,63,64,April4_9_10(April4_9_10).csv
2026-04-10 00:20:40,Good,64.76,33.1,0.331,63,64,April4_9_10(April4_9_10).csv
2026-04-10 00:20:42,Good,64.76,33.1,0.331,63,64,April4_9_10(April4_9_10).csv
2026-04-10 00:20:44,Good,64.76,33.1,0.331,63,64,April4_9_10(April4_9_10).csv
2026-04-10 00:20:46,Good,64.76,33.1,0.331,63,64,April4_9_10(April4_9_10).csv
2026-04-10 00:20:48,Good,64.58,33.0,0.33,63,64,April4_9_10(April4_9_10).csv
2026-04-10 00:20:50,Good,64.58,33.1,0.331,63,64,April4_9_10(April4_9_10).csv
2026-04-10 00:20:52,Good,64.76,33.2,0.332,63,64,April4_9_10(April4_9_10).csv
2026-04-10 00:20:54,Good,64.76,33.2,0.332,63,64,April4_9_10(April4_9_10).csv
2026-04-10 00:20:56,Good,64.76,33.1,0.331,63,64,April4_9_10(April4_9_10).csv
2026-04-10 00:20:58,Good,64.76,33.1,0.331,63,65,April4_9_10(April4_9_10).csv
2026-04-10 00:21:00,Good,64.76,33.2,0.332,63,65,April4_9_10(April4_9_10).csv
2026-04-10 00:21:02,Good,64.76,33.3,0.33299999999999996,63,64,April4_9_10(April4_9_10).csv
2026-04-10 00:21:04,Good,64.76,33.3,0.33299999999999996,63,65,April4_9_10(April4_9_10).csv
2026-04-10 00:21:06,Good,64.76,33.4,0.33399999999999996,63,65,April4_9_10(April4_9_10).csv
2026-04-10 00:21:08,Good,64.76,33.4,0.33399999999999996,63,65,April4_9_10(April4_9_10).csv
2026-04-10 00:21:11,Good,64.76,33.4,0.33399999999999996,63,65,April4_9_10(April4_9_10).csv
2026-04-10 00:21:13,Good,64.76,33.4,0.33399999999999996,63,65,April4_9_10(April4_9_10).csv
2026-04-10 00:21:15,Good,64.76,33.3,0.33299999999999996,63,65,April4_9_10(April4_9_10).csv
2026-04-10 00:21:17,Good,64.76,33.3,0.33299999999999996,63,65,April4_9_10(April4_9_10).csv
2026-04-10 00:21:19,Good,64.76,33.3,0.33299999999999996,63,65,April4_9_10(April4_9_10).csv
2026-04-10 00:21:21,Good,64.76,33.3,0.33299999999999996,63,65,April4_9_10(April4_9_10).csv
2026-04-10 00:21:23,Good,64.76,33.4,0.33399999999999996,63,65,April4_9_10(April4_9_10).csv
2026-04-10 00:21:25,Good,64.76,33.4,0.33399999999999996,63,65,April4_9_10(April4_9_10).csv
2026-04-10 00:21:27,Good,64.76,33.3,0.33299999999999996,63,65,April4_9_10(April4_9_10).csv
2026-04-10 00:21:29,Good,64.76,33.2,0.332,63,65,April4_9_10(April4_9_10).csv
2026-04-10 00:21:31,Good,64.76,33.2,0.332,63,65,April4_9_10(April4_9_10).csv
2026-04-10 00:21:33,Good,64.76,33.2,0.332,63,65,April4_9_10(April4_9_10).csv
2026-04-10 00:21:35,Good,64.76,33.1,0.331,63,65,April4_9_10(April4_9_10).csv
2026-04-10 00:21:37,Good,64.76,33.1,0.331,63,65,April4_9_10(April4_9_10).csv
2026-04-10 00:21:39,Good,64.76,33.1,0.331,63,65,April4_9_10(April4_9_10).csv
2026-04-10 00:21:41,Good,64.76,33.1,0.331,63,65,April4_9_10(April4_9_10).csv
2026-04-10 00:21:43,Good,64.76,33.1,0.331,63,65,April4_9_10(April4_9_10).csv
2026-04-10 00:21:45,Good,64.76,33.1,0.331,63,65,April4_9_10(April4_9_10).csv
2026-04-10 00:21:47,Good,64.76,33.1,0.331,63,65,April4_9_10(April4_9_10).csv
2026-04-10 00:21:49,Good,64.76,33.2,0.332,63,65,April4_9_10(April4_9_10).csv
2026-04-10 00:21:51,Good,64.76,33.2,0.332,63,65,April4_9_10(April4_9_10).csv
2026-04-10 00:21:53,Good,64.76,33.1,0.331,63,65,April4_9_10(April4_9_10).csv
2026-04-10 00:21:55,Good,64.76,33.1,0.331,63,65,April4_9_10(April4_9_10).csv
2026-04-10 00:21:57,Good,64.76,33.0,0.33,63,65,April4_9_10(April4_9_10).csv
2026-04-10 00:21:59,Good,64.76,32.9,0.32899999999999996,63,65,April4_9_10(April4_9_10).csv
2026-04-10 00:22:01,Good,64.76,32.9,0.32899999999999996,63,65,April4_9_10(April4_9_10).csv
2026-04-10 00:22:04,Good,64.76,32.9,0.32899999999999996,63,65,April4_9_10(April4_9_10).csv
2026-04-10 00:22:06,Good,64.76,32.8,0.32799999999999996,63,65,April4_9_10(April4_9_10).csv
2026-04-10 00:22:08,Good,64.76,32.8,0.32799999999999996,63,65,April4_9_10(April4_9_10).csv
2026-04-10 00:22:10,Good,64.76,32.7,0.327,63,65,April4_9_10(April4_9_10).csv
2026-04-10 00:22:12,Good,64.76,32.7,0.327,63,65,April4_9_10(April4_9_10).csv
2026-04-10 00:22:14,Good,64.76,32.7,0.327,63,65,April4_9_10(April4_9_10).csv
2026-04-10 00:22:16,Good,64.76,32.7,0.327,63,65,April4_9_10(April4_9_10).csv
2026-04-10 00:22:18,Good,64.76,32.6,0.326,63,65,April4_9_10(April4_9_10).csv
2026-04-10 00:22:20,Good,64.76,32.6,0.326,63,65,April4_9_10(April4_9_10).csv
2026-04-10 00:22:22,Good,64.76,32.6,0.326,63,65,April4_9_10(April4_9_10).csv
2026-04-10 00:22:24,Good,64.76,32.6,0.326,63,65,April4_9_10(April4_9_10).csv
2026-04-10 00:22:26,Good,64.76,32.6,0.326,63,65,April4_9_10(April4_9_10).csv
2026-04-10 00:22:28,Good,64.76,32.6,0.326,63,65,April4_9_10(April4_9_10).csv
2026-04-10 00:22:30,Good,64.76,32.6,0.326,63,65,April4_9_10(April4_9_10).csv
2026-04-10 00:22:32,Good,64.76,32.5,0.325,63,65,April4_9_10(April4_9_10).csv
2026-04-10 00:22:34,Good,64.76,32.4,0.324,63,65,April4_9_10(April4_9_10).csv
2026-04-10 00:22:36,Good,64.76,32.4,0.324,63,65,April4_9_10(April4_9_10).csv
2026-04-10 00:22:38,Good,64.76,32.4,0.324,63,65,April4_9_10(April4_9_10).csv
2026-04-10 00:22:40,Good,64.94,32.4,0.324,63,65,April4_9_10(April4_9_10).csv
2026-04-10 00:22:42,Good,64.76,32.3,0.32299999999999995,63,65,April4_9_10(April4_9_10).csv
2026-04-10 00:22:44,Good,64.76,32.3,0.32299999999999995,63,65,April4_9_10(April4_9_10).csv
2026-04-10 00:22:46,Good,64.76,32.3,0.32299999999999995,63,65,April4_9_10(April4_9_10).csv
2026-04-10 00:22:48,Good,64.76,32.3,0.32299999999999995,63,65,April4_9_10(April4_9_10).csv
2026-04-10 00:22:50,Good,64.76,32.3,0.32299999999999995,63,65,April4_9_10(April4_9_10).csv
2026-04-10 00:22:52,Good,64.76,32.3,0.32299999999999995,63,65,April4_9_10(April4_9_10).csv
2026-04-10 00:22:54,Good,64.76,32.3,0.32299999999999995,63,65,April4_9_10(April4_9_10).csv
2026-04-10 00:22:57,Good,64.76,32.3,0.32299999999999995,63,65,April4_9_10(April4_9_10).csv
2026-04-10 00:22:59,Good,64.76,32.3,0.32299999999999995,63,65,April4_9_10(April4_9_10).csv
2026-04-10 00:23:01,Good,64.76,32.3,0.32299999999999995,63,65,April4_9_10(April4_9_10).csv
2026-04-10 00:23:03,Good,64.76,32.3,0.32299999999999995,63,65,April4_9_10(April4_9_10).csv
2026-04-10 00:23:05,Good,64.76,32.2,0.322,63,65,April4_9_10(April4_9_10).csv
2026-04-10 00:23:07,Good,64.76,32.2,0.322,63,65,April4_9_10(April4_9_10).csv
2026-04-10 00:23:09,Good,64.76,32.1,0.321,63,65,April4_9_10(April4_9_10).csv
2026-04-10 00:23:11,Good,64.76,32.0,0.32,63,65,April4_9_10(April4_9_10).csv
2026-04-10 00:23:13,Good,64.76,32.0,0.32,63,65,April4_9_10(April4_9_10).csv
2026-04-10 00:23:15,Good,64.76,32.0,0.32,63,65,April4_9_10(April4_9_10).csv
2026-04-10 00:23:17,Good,64.76,31.9,0.319,63,65,April4_9_10(April4_9_10).csv
2026-04-10 00:23:19,Good,64.76,31.9,0.319,63,65,April4_9_10(April4_9_10).csv
2026-04-10 00:23:21,Good,64.76,31.9,0.319,63,65,April4_9_10(April4_9_10).csv
2026-04-10 00:23:23,Good,64.76,31.9,0.319,63,65,April4_9_10(April4_9_10).csv
2026-04-10 00:23:25,Good,64.76,31.9,0.319,63,65,April4_9_10(April4_9_10).csv
2026-04-10 00:23:27,Good,64.76,31.9,0.319,63,65,April4_9_10(April4_9_10).csv
2026-04-10 00:23:29,Good,64.76,31.9,0.319,63,65,April4_9_10(April4_9_10).csv
2026-04-10 00:23:31,Good,64.76,31.9,0.319,63,65,April4_9_10(April4_9_10).csv
2026-04-10 00:23:33,Good,64.76,31.9,0.319,63,65,April4_9_10(April4_9_10).csv
2026-04-10 00:23:35,Good,64.76,32.0,0.32,63,65,April4_9_10(April4_9_10).csv
2026-04-10 00:23:37,Good,64.76,32.0,0.32,63,65,April4_9_10(April4_9_10).csv
2026-04-10 00:23:39,Good,64.76,32.1,0.321,63,65,April4_9_10(April4_9_10).csv
2026-04-10 00:23:41,Good,64.76,32.1,0.321,63,65,April4_9_10(April4_9_10).csv
2026-04-10 00:23:43,Good,64.76,32.0,0.32,63,65,April4_9_10(April4_9_10).csv
2026-04-10 00:23:45,Good,64.76,32.0,0.32,63,65,April4_9_10(April4_9_10).csv
2026-04-10 00:23:47,Good,64.76,32.0,0.32,63,65,April4_9_10(April4_9_10).csv
2026-04-10 00:23:49,Good,64.76,31.9,0.319,63,65,April4_9_10(April4_9_10).csv
2026-04-10 00:23:52,Good,64.76,31.9,0.319,63,65,April4_9_10(April4_9_10).csv
2026-04-10 00:23:54,Good,64.76,31.9,0.319,63,65,April4_9_10(April4_9_10).csv
2026-04-10 00:23:56,Good,64.76,31.9,0.319,63,65,April4_9_10(April4_9_10).csv
2026-04-10 00:23:58,Good,64.76,32.0,0.32,63,65,April4_9_10(April4_9_10).csv
2026-04-10 00:24:00,Good,64.76,32.0,0.32,63,65,April4_9_10(April4_9_10).csv
2026-04-10 00:24:02,Good,64.76,32.0,0.32,63,65,April4_9_10(April4_9_10).csv
2026-04-10 00:24:04,Good,64.76,32.1,0.321,63,65,April4_9_10(April4_9_10).csv
2026-04-10 00:24:06,Good,64.76,32.1,0.321,63,65,April4_9_10(April4_9_10).csv
2026-04-10 00:24:08,Good,64.76,32.1,0.321,63,65,April4_9_10(April4_9_10).csv
2026-04-10 00:24:10,Good,64.76,32.0,0.32,63,65,April4_9_10(April4_9_10).csv
2026-04-10 00:24:12,Good,64.94,32.0,0.32,63,65,April4_9_10(April4_9_10).csv
2026-04-10 00:24:14,Good,64.76,31.9,0.319,63,65,April4_9_10(April4_9_10).csv
2026-04-10 00:24:16,Good,64.76,31.8,0.318,63,65,April4_9_10(April4_9_10).csv
2026-04-10 00:24:18,Good,64.76,31.8,0.318,63,65,April4_9_10(April4_9_10).csv
2026-04-10 00:24:20,Good,64.94,31.9,0.319,63,65,April4_9_10(April4_9_10).csv
2026-04-10 00:24:22,Good,64.76,31.9,0.319,63,65,April4_9_10(April4_9_10).csv
2026-04-10 00:24:24,Good,64.76,31.8,0.318,63,65,April4_9_10(April4_9_10).csv
2026-04-10 00:24:26,Good,64.76,31.8,0.318,63,65,April4_9_10(April4_9_10).csv
2026-04-10 00:24:28,Good,64.76,31.8,0.318,63,65,April4_9_10(April4_9_10).csv
2026-04-10 00:24:30,Good,64.76,31.8,0.318,63,65,April4_9_10(April4_9_10).csv
2026-04-10 00:24:32,Good,64.76,31.8,0.318,63,65,April4_9_10(April4_9_10).csv
2026-04-10 00:24:34,Good,64.76,31.8,0.318,63,65,April4_9_10(April4_9_10).csv
2026-04-10 00:24:36,Good,64.76,31.8,0.318,63,65,April4_9_10(April4_9_10).csv
2026-04-10 00:24:39,Good,64.94,31.8,0.318,63,65,April4_9_10(April4_9_10).csv
2026-04-10 00:24:41,Good,64.76,31.9,0.319,63,65,April4_9_10(April4_9_10).csv
2026-04-10 00:24:43,Good,64.94,32.0,0.32,63,65,April4_9_10(April4_9_10).csv
2026-04-10 00:24:45,Good,64.76,31.9,0.319,63,65,April4_9_10(April4_9_10).csv
2026-04-10 00:24:47,Good,64.76,31.8,0.318,63,65,April4_9_10(April4_9_10).csv
2026-04-10 00:24:49,Good,64.76,31.8,0.318,63,65,April4_9_10(April4_9_10).csv
2026-04-10 00:24:51,Good,64.76,31.9,0.319,63,65,April4_9_10(April4_9_10).csv
2026-04-10 00:24:53,Good,64.94,31.9,0.319,63,65,April4_9_10(April4_9_10).csv
2026-04-10 00:24:55,Good,64.76,31.8,0.318,63,65,April4_9_10(April4_9_10).csv
2026-04-10 00:24:57,Good,64.94,31.8,0.318,63,65,April4_9_10(April4_9_10).csv
2026-04-10 00:24:59,Good,64.76,31.7,0.317,63,65,April4_9_10(April4_9_10).csv
2026-04-10 00:25:01,Good,64.94,31.7,0.317,63,65,April4_9_10(April4_9_10).csv
2026-04-10 00:25:03,Good,64.76,31.7,0.317,63,65,April4_9_10(April4_9_10).csv
2026-04-10 00:25:05,Good,64.76,31.7,0.317,63,65,April4_9_10(April4_9_10).csv
2026-04-10 00:25:07,Good,64.76,31.8,0.318,63,65,April4_9_10(April4_9_10).csv
2026-04-10 00:25:09,Good,64.76,31.8,0.318,63,65,April4_9_10(April4_9_10).csv
2026-04-10 00:25:11,Good,64.76,31.9,0.319,63,65,April4_9_10(April4_9_10).csv
2026-04-10 00:25:13,Good,64.76,32.0,0.32,63,65,April4_9_10(April4_9_10).csv
2026-04-10 00:25:15,Good,64.76,32.1,0.321,63,65,April4_9_10(April4_9_10).csv
2026-04-10 00:25:17,Good,64.76,32.1,0.321,63,65,April4_9_10(April4_9_10).csv
2026-04-10 00:25:19,Good,64.76,32.2,0.322,63,65,April4_9_10(April4_9_10).csv
2026-04-10 00:25:21,Good,64.76,32.3,0.32299999999999995,63,65,April4_9_10(April4_9_10).csv
2026-04-10 00:25:23,Good,64.76,32.3,0.32299999999999995,63,65,April4_9_10(April4_9_10).csv
2026-04-10 00:25:25,Good,64.94,32.3,0.32299999999999995,63,65,April4_9_10(April4_9_10).csv
2026-04-10 00:25:27,Good,64.76,32.1,0.321,63,65,April4_9_10(April4_9_10).csv
2026-04-10 00:25:29,Good,64.76,32.0,0.32,63,65,April4_9_10(April4_9_10).csv
2026-04-10 00:25:32,Good,64.76,31.9,0.319,63,65,April4_9_10(April4_9_10).csv
2026-04-10 00:25:34,Good,64.76,31.7,0.317,63,65,April4_9_10(April4_9_10).csv
2026-04-10 00:25:36,Good,64.76,31.6,0.316,63,65,April4_9_10(April4_9_10).csv
2026-04-10 00:25:38,Good,64.76,31.5,0.315,63,65,April4_9_10(April4_9_10).csv
2026-04-10 00:25:40,Good,64.76,31.4,0.314,63,65,April4_9_10(April4_9_10).csv
2026-04-10 00:25:42,Good,64.76,31.3,0.313,63,65,April4_9_10(April4_9_10).csv
2026-04-10 00:25:44,Good,64.76,31.1,0.311,63,65,April4_9_10(April4_9_10).csv
2026-04-10 00:25:46,Good,64.76,31.0,0.31,63,65,April4_9_10(April4_9_10).csv
2026-04-10 00:25:48,Good,64.76,30.9,0.309,63,65,April4_9_10(April4_9_10).csv
2026-04-10 00:25:50,Good,64.76,30.8,0.308,63,65,April4_9_10(April4_9_10).csv
2026-04-10 00:25:52,Good,64.76,30.8,0.308,63,65,April4_9_10(April4_9_10).csv
2026-04-10 00:25:54,Good,64.76,30.7,0.307,63,65,April4_9_10(April4_9_10).csv
2026-04-10 00:25:56,Good,64.76,30.7,0.307,63,65,April4_9_10(April4_9_10).csv
2026-04-10 00:25:58,Good,64.76,30.6,0.306,63,65,April4_9_10(April4_9_10).csv
2026-04-10 00:26:00,Good,64.76,30.5,0.305,63,65,April4_9_10(April4_9_10).csv
2026-04-10 00:26:02,Good,64.76,30.5,0.305,63,65,April4_9_10(April4_9_10).csv
2026-04-10 00:26:04,Good,64.76,30.4,0.304,63,65,April4_9_10(April4_9_10).csv
2026-04-10 00:26:06,Good,64.76,30.4,0.304,63,65,April4_9_10(April4_9_10).csv
2026-04-10 00:26:08,Good,64.76,30.4,0.304,63,65,April4_9_10(April4_9_10).csv
2026-04-10 00:26:10,Good,64.76,30.4,0.304,63,65,April4_9_10(April4_9_10).csv
2026-04-10 00:26:12,Good,64.76,30.3,0.303,63,65,April4_9_10(April4_9_10).csv
2026-04-10 00:26:14,Good,64.76,30.2,0.302,63,65,April4_9_10(April4_9_10).csv
2026-04-10 00:26:16,Good,64.76,30.2,0.302,63,65,April4_9_10(April4_9_10).csv
2026-04-10 00:26:18,Good,64.76,30.1,0.301,63,65,April4_9_10(April4_9_10).csv
2026-04-10 00:26:20,Good,64.76,30.2,0.302,63,64,April4_9_10(April4_9_10).csv
2026-04-10 00:26:22,Good,64.76,30.3,0.303,63,65,April4_9_10(April4_9_10).csv
2026-04-10 00:26:25,Good,64.76,30.4,0.304,63,64,April4_9_10(April4_9_10).csv
2026-04-10 00:26:27,Good,64.76,30.3,0.303,63,65,April4_9_10(April4_9_10).csv
2026-04-10 00:26:29,Good,64.76,30.3,0.303,63,65,April4_9_10(April4_9_10).csv
2026-04-10 00:26:31,Good,64.76,30.2,0.302,63,64,April4_9_10(April4_9_10).csv
2026-04-10 00:26:33,Good,64.76,30.1,0.301,63,64,April4_9_10(April4_9_10).csv
2026-04-10 00:26:35,Good,64.76,30.2,0.302,63,64,April4_9_10(April4_9_10).csv
2026-04-10 00:26:37,Good,64.76,30.2,0.302,63,64,April4_9_10(April4_9_10).csv
2026-04-10 00:26:39,Good,64.76,30.2,0.302,63,65,April4_9_10(April4_9_10).csv
2026-04-10 00:26:41,Good,64.76,30.2,0.302,63,64,April4_9_10(April4_9_10).csv
2026-04-10 00:26:43,Good,64.76,30.1,0.301,63,64,April4_9_10(April4_9_10).csv
2026-04-10 00:26:45,Good,64.76,30.1,0.301,63,64,April4_9_10(April4_9_10).csv
2026-04-10 00:26:47,Good,64.76,30.1,0.301,63,64,April4_9_10(April4_9_10).csv
2026-04-10 00:26:49,Good,64.76,30.0,0.3,63,64,April4_9_10(April4_9_10).csv
2026-04-10 00:26:51,Good,64.76,30.0,0.3,63,64,April4_9_10(April4_9_10).csv
2026-04-10 00:26:53,Good,64.76,30.0,0.3,63,64,April4_9_10(April4_9_10).csv
2026-04-10 00:26:55,Good,64.76,30.0,0.3,63,64,April4_9_10(April4_9_10).csv
2026-04-10 00:26:57,Good,64.76,30.1,0.301,63,64,April4_9_10(April4_9_10).csv
2026-04-10 00:26:59,Good,64.76,30.2,0.302,63,64,April4_9_10(April4_9_10).csv
2026-04-10 00:27:01,Good,64.76,30.2,0.302,63,64,April4_9_10(April4_9_10).csv
2026-04-10 00:27:03,Good,64.76,30.2,0.302,63,64,April4_9_10(April4_9_10).csv
2026-04-10 00:27:05,Good,64.76,30.3,0.303,63,64,April4_9_10(April4_9_10).csv
2026-04-10 00:27:07,Good,64.76,30.4,0.304,63,64,April4_9_10(April4_9_10).csv
2026-04-10 00:27:09,Good,64.76,30.5,0.305,63,64,April4_9_10(April4_9_10).csv
2026-04-10 00:27:11,Good,64.76,30.6,0.306,63,64,April4_9_10(April4_9_10).csv
2026-04-10 00:27:13,Good,64.76,30.7,0.307,63,64,April4_9_10(April4_9_10).csv
2026-04-10 00:27:15,Good,64.76,30.7,0.307,63,64,April4_9_10(April4_9_10).csv
2026-04-10 00:27:18,Good,64.76,30.9,0.309,63,64,April4_9_10(April4_9_10).csv
2026-04-10 00:27:20,Good,64.76,31.0,0.31,63,64,April4_9_10(April4_9_10).csv
2026-04-10 00:27:22,Good,64.76,31.1,0.311,63,64,April4_9_10(April4_9_10).csv
2026-04-10 00:27:24,Good,64.76,31.3,0.313,63,64,April4_9_10(April4_9_10).csv
2026-04-10 00:27:26,Good,64.76,31.4,0.314,63,64,April4_9_10(April4_9_10).csv
2026-04-10 00:27:28,Good,64.76,31.5,0.315,63,64,April4_9_10(April4_9_10).csv
2026-04-10 00:27:30,Good,64.76,31.5,0.315,63,64,April4_9_10(April4_9_10).csv
2026-04-10 00:27:32,Good,64.76,31.5,0.315,63,64,April4_9_10(April4_9_10).csv
2026-04-10 00:27:34,Good,64.76,31.5,0.315,63,64,April4_9_10(April4_9_10).csv
2026-04-10 00:27:36,Good,64.76,31.4,0.314,63,64,April4_9_10(April4_9_10).csv
2026-04-10 00:27:38,Good,64.76,31.2,0.312,63,64,April4_9_10(April4_9_10).csv
2026-04-10 00:27:40,Good,64.76,31.1,0.311,63,64,April4_9_10(April4_9_10).csv
2026-04-10 00:27:42,Good,64.76,31.0,0.31,63,64,April4_9_10(April4_9_10).csv
2026-04-10 00:27:44,Good,64.76,30.9,0.309,63,64,April4_9_10(April4_9_10).csv
2026-04-10 00:27:46,Good,64.76,30.8,0.308,63,64,April4_9_10(April4_9_10).csv
2026-04-10 00:27:48,Good,64.76,30.7,0.307,63,64,April4_9_10(April4_9_10).csv
2026-04-10 00:27:50,Good,64.76,30.7,0.307,63,64,April4_9_10(April4_9_10).csv
2026-04-10 00:27:52,Good,64.76,30.6,0.306,63,64,April4_9_10(April4_9_10).csv
2026-04-10 00:27:54,Good,64.76,30.6,0.306,63,64,April4_9_10(April4_9_10).csv
2026-04-10 00:27:56,Good,64.76,30.6,0.306,63,64,April4_9_10(April4_9_10).csv
2026-04-10 00:27:58,Good,64.76,30.6,0.306,63,64,April4_9_10(April4_9_10).csv
2026-04-10 00:28:00,Good,64.76,30.6,0.306,63,64,April4_9_10(April4_9_10).csv
2026-04-10 00:28:02,Good,64.76,30.5,0.305,63,64,April4_9_10(April4_9_10).csv
2026-04-10 00:28:04,Good,64.76,30.5,0.305,63,64,April4_9_10(April4_9_10).csv
2026-04-10 00:28:06,Good,64.76,30.4,0.304,63,64,April4_9_10(April4_9_10).csv
2026-04-10 00:28:08,Good,64.76,30.3,0.303,63,64,April4_9_10(April4_9_10).csv
2026-04-10 00:28:11,Good,64.76,30.2,0.302,63,64,April4_9_10(April4_9_10).csv
2026-04-10 00:28:13,Good,64.76,30.1,0.301,63,64,April4_9_10(April4_9_10).csv
2026-04-10 00:28:15,Good,64.76,30.1,0.301,63,64,April4_9_10(April4_9_10).csv
2026-04-10 00:28:17,Good,64.76,30.0,0.3,63,64,April4_9_10(April4_9_10).csv
2026-04-10 00:28:19,Good,64.76,30.0,0.3,63,64,April4_9_10(April4_9_10).csv
2026-04-10 00:28:21,Good,64.76,30.0,0.3,63,64,April4_9_10(April4_9_10).csv
2026-04-10 00:28:23,Good,64.76,30.0,0.3,63,64,April4_9_10(April4_9_10).csv
2026-04-10 00:28:25,Good,64.76,30.0,0.3,63,64,April4_9_10(April4_9_10).csv
2026-04-10 00:28:27,Good,64.76,30.0,0.3,63,64,April4_9_10(April4_9_10).csv
2026-04-10 00:28:29,Good,64.76,29.9,0.299,63,64,April4_9_10(April4_9_10).csv
2026-04-10 00:28:31,Good,64.76,29.9,0.299,63,64,April4_9_10(April4_9_10).csv
2026-04-10 00:28:33,Good,64.76,29.9,0.299,63,64,April4_9_10(April4_9_10).csv
2026-04-10 00:28:35,Good,64.58,29.9,0.299,63,64,April4_9_10(April4_9_10).csv
2026-04-10 00:28:37,Good,64.76,29.9,0.299,63,64,April4_9_10(April4_9_10).csv
2026-04-10 00:28:39,Good,64.76,29.9,0.299,63,64,April4_9_10(April4_9_10).csv
2026-04-10 00:28:41,Good,64.76,29.9,0.299,63,64,April4_9_10(April4_9_10).csv
2026-04-10 00:28:43,Good,64.76,29.9,0.299,63,64,April4_9_10(April4_9_10).csv
2026-04-10 00:28:45,Good,64.58,29.8,0.298,63,64,April4_9_10(April4_9_10).csv
2026-04-10 00:28:47,Good,64.76,29.9,0.299,63,64,April4_9_10(April4_9_10).csv
2026-04-10 00:28:49,Good,64.76,30.0,0.3,63,64,April4_9_10(April4_9_10).csv
2026-04-10 00:28:51,Good,64.58,29.9,0.299,63,64,April4_9_10(April4_9_10).csv
2026-04-10 00:28:53,Good,64.58,30.0,0.3,63,64,April4_9_10(April4_9_10).csv
2026-04-10 00:28:55,Good,64.58,30.0,0.3,63,64,April4_9_10(April4_9_10).csv
2026-04-10 00:28:57,Good,64.58,30.0,0.3,63,64,April4_9_10(April4_9_10).csv
2026-04-10 00:28:59,Good,64.58,30.0,0.3,63,64,April4_9_10(April4_9_10).csv
2026-04-10 00:29:01,Good,64.58,29.9,0.299,63,64,April4_9_10(April4_9_10).csv
2026-04-10 00:29:04,Good,64.58,29.9,0.299,63,64,April4_9_10(April4_9_10).csv
2026-04-10 00:29:06,Good,64.58,29.9,0.299,63,64,April4_9_10(April4_9_10).csv
2026-04-10 00:29:08,Good,64.58,29.8,0.298,63,64,April4_9_10(April4_9_10).csv
2026-04-10 00:29:10,Good,64.58,29.8,0.298,63,64,April4_9_10(April4_9_10).csv
2026-04-10 00:29:12,Good,64.58,29.8,0.298,63,64,April4_9_10(April4_9_10).csv
2026-04-10 00:29:14,Good,64.58,29.8,0.298,63,64,April4_9_10(April4_9_10).csv
2026-04-10 00:29:16,Good,64.58,29.8,0.298,63,64,April4_9_10(April4_9_10).csv
2026-04-10 00:29:18,Good,64.58,29.8,0.298,63,64,April4_9_10(April4_9_10).csv
2026-04-10 00:29:20,Good,64.58,29.8,0.298,63,64,April4_9_10(April4_9_10).csv
2026-04-10 00:29:22,Good,64.58,29.8,0.298,63,64,April4_9_10(April4_9_10).csv
2026-04-10 00:29:24,Good,64.58,29.7,0.297,63,64,April4_9_10(April4_9_10).csv
2026-04-10 00:29:26,Good,64.58,29.7,0.297,63,64,April4_9_10(April4_9_10).csv
2026-04-10 00:29:28,Good,64.58,29.7,0.297,63,64,April4_9_10(April4_9_10).csv
2026-04-10 00:29:30,Good,64.58,29.6,0.29600000000000004,63,64,April4_9_10(April4_9_10).csv
2026-04-10 00:29:32,Good,64.58,29.6,0.29600000000000004,63,64,April4_9_10(April4_9_10).csv
2026-04-10 00:29:34,Good,64.58,29.7,0.297,63,64,April4_9_10(April4_9_10).csv
2026-04-10 00:29:36,Good,64.58,29.7,0.297,63,64,April4_9_10(April4_9_10).csv
2026-04-10 00:29:38,Good,64.58,29.7,0.297,63,64,April4_9_10(April4_9_10).csv
2026-04-10 00:29:40,Good,64.58,29.7,0.297,63,64,April4_9_10(April4_9_10).csv
2026-04-10 00:29:42,Good,64.58,29.8,0.298,63,64,April4_9_10(April4_9_10).csv
2026-04-10 00:29:44,Good,64.58,29.8,0.298,63,64,April4_9_10(April4_9_10).csv
2026-04-10 00:29:46,Good,64.58,29.8,0.298,63,64,April4_9_10(April4_9_10).csv
2026-04-10 00:29:48,Good,64.58,29.7,0.297,63,64,April4_9_10(April4_9_10).csv
2026-04-10 00:29:50,Good,64.58,29.7,0.297,63,64,April4_9_10(April4_9_10).csv
2026-04-10 00:29:52,Good,64.58,29.7,0.297,63,64,April4_9_10(April4_9_10).csv
2026-04-10 00:29:54,Good,64.58,29.7,0.297,63,64,April4_9_10(April4_9_10).csv
2026-04-10 00:29:57,Good,64.58,29.7,0.297,63,64,April4_9_10(April4_9_10).csv
2026-04-10 00:29:59,Good,64.58,29.7,0.297,63,64,April4_9_10(April4_9_10).csv
2026-04-10 00:30:01,Good,64.58,29.7,0.297,63,64,April4_9_10(April4_9_10).csv
2026-04-10 00:30:03,Good,64.58,29.7,0.297,63,64,April4_9_10(April4_9_10).csv
2026-04-10 00:30:05,Good,64.58,29.7,0.297,63,64,April4_9_10(April4_9_10).csv
2026-04-10 00:30:07,Good,64.58,29.8,0.298,63,64,April4_9_10(April4_9_10).csv
2026-04-10 00:30:09,Good,64.58,29.8,0.298,63,64,April4_9_10(April4_9_10).csv
2026-04-10 00:30:11,Good,64.58,29.8,0.298,63,64,April4_9_10(April4_9_10).csv
2026-04-10 00:30:13,Good,64.58,29.8,0.298,63,64,April4_9_10(April4_9_10).csv
2026-04-10 00:30:15,Good,64.58,29.8,0.298,63,64,April4_9_10(April4_9_10).csv
2026-04-10 00:30:17,Good,64.58,29.8,0.298,63,64,April4_9_10(April4_9_10).csv
2026-04-10 00:30:19,Good,64.58,29.8,0.298,63,64,April4_9_10(April4_9_10).csv
2026-04-10 00:30:21,Good,64.58,29.7,0.297,63,64,April4_9_10(April4_9_10).csv
2026-04-10 12:59:55,Good,70.52,37.7,0.377,69,71,April4_9_10(April4_9_10).csv
2026-04-10 12:59:57,Cold,70.34,38.8,0.38799999999999996,69,71,April4_9_10(April4_9_10).csv
2026-04-10 12:59:59,Cold,70.34,38.9,0.389,69,71,April4_9_10(April4_9_10).csv
2026-04-10 13:00:01,Cold,70.52,38.9,0.389,69,71,April4_9_10(April4_9_10).csv
2026-04-10 13:00:03,Cold,70.34,38.8,0.38799999999999996,69,71,April4_9_10(April4_9_10).csv
2026-04-10 13:00:05,Cold,70.52,38.8,0.38799999999999996,69,71,April4_9_10(April4_9_10).csv
2026-04-10 13:00:07,Cold,70.52,38.7,0.387,69,71,April4_9_10(April4_9_10).csv
2026-04-10 13:00:09,Cold,70.52,38.7,0.387,69,71,April4_9_10(April4_9_10).csv
2026-04-10 13:00:11,Cold,70.52,38.6,0.386,69,71,April4_9_10(April4_9_10).csv
2026-04-10 13:00:13,Cold,70.52,38.5,0.385,69,71,April4_9_10(April4_9_10).csv
2026-04-10 13:00:15,Cold,70.52,38.4,0.384,69,71,April4_9_10(April4_9_10).csv
2026-04-10 13:00:18,Cold,70.52,38.4,0.384,69,71,April4_9_10(April4_9_10).csv
2026-04-10 13:00:20,Cold,70.52,38.3,0.38299999999999995,69,71,April4_9_10(April4_9_10).csv
2026-04-10 13:00:22,Cold,70.52,38.2,0.382,69,71,April4_9_10(April4_9_10).csv
2026-04-10 13:00:24,Cold,70.52,38.2,0.382,70,71,April4_9_10(April4_9_10).csv
2026-04-10 13:00:26,Cold,70.52,38.2,0.382,70,71,April4_9_10(April4_9_10).csv
2026-04-10 13:00:28,Cold,70.52,38.1,0.381,70,71,April4_9_10(April4_9_10).csv
2026-04-10 13:00:30,Cold,70.52,38.1,0.381,70,71,April4_9_10(April4_9_10).csv
2026-04-10 13:00:32,Cold,70.52,38.0,0.38,69,71,April4_9_10(April4_9_10).csv
2026-04-10 13:00:34,Cold,70.52,38.0,0.38,70,71,April4_9_10(April4_9_10).csv
2026-04-10 13:00:36,Cold,70.52,38.0,0.38,70,71,April4_9_10(April4_9_10).csv
2026-04-10 13:00:38,Cold,70.52,38.0,0.38,70,71,April4_9_10(April4_9_10).csv
2026-04-10 13:00:40,Cold,70.52,37.9,0.379,70,71,April4_9_10(April4_9_10).csv
2026-04-10 13:00:42,Cold,70.52,37.9,0.379,70,71,April4_9_10(April4_9_10).csv
2026-04-10 13:00:44,Cold,70.52,37.9,0.379,70,71,April4_9_10(April4_9_10).csv
2026-04-10 13:00:46,Cold,70.52,37.9,0.379,70,71,April4_9_10(April4_9_10).csv
2026-04-10 13:00:48,Cold,70.52,37.8,0.37799999999999995,70,71,April4_9_10(April4_9_10).csv
2026-04-10 13:00:50,Cold,70.52,37.8,0.37799999999999995,70,71,April4_9_10(April4_9_10).csv
2026-04-10 13:00:52,Cold,70.52,37.7,0.377,70,71,April4_9_10(April4_9_10).csv
2026-04-10 13:00:54,Cold,70.52,37.7,0.377,70,71,April4_9_10(April4_9_10).csv
2026-04-10 13:00:56,Cold,70.52,37.7,0.377,70,71,April4_9_10(April4_9_10).csv
2026-04-10 13:00:58,Cold,70.52,37.7,0.377,70,71,April4_9_10(April4_9_10).csv
2026-04-10 13:01:00,Cold,70.52,37.6,0.376,70,71,April4_9_10(April4_9_10).csv
2026-04-10 13:01:02,Cold,70.52,37.6,0.376,70,71,April4_9_10(April4_9_10).csv
2026-04-10 13:01:04,Cold,70.52,37.6,0.376,70,71,April4_9_10(April4_9_10).csv
2026-04-10 13:01:06,Cold,70.52,37.6,0.376,70,71,April4_9_10(April4_9_10).csv
2026-04-10 13:01:08,Cold,70.52,37.6,0.376,70,71,April4_9_10(April4_9_10).csv
2026-04-10 13:01:10,Cold,70.52,37.6,0.376,70,71,April4_9_10(April4_9_10).csv
2026-04-10 13:01:12,Cold,70.52,37.6,0.376,70,71,April4_9_10(April4_9_10).csv
2026-04-10 13:01:15,Cold,70.52,37.6,0.376,70,71,April4_9_10(April4_9_10).csv
2026-04-10 13:01:17,Cold,70.52,37.6,0.376,70,71,April4_9_10(April4_9_10).csv
2026-04-10 13:01:19,Cold,70.52,37.6,0.376,70,71,April4_9_10(April4_9_10).csv
2026-04-10 13:01:21,Cold,70.52,37.6,0.376,70,71,April4_9_10(April4_9_10).csv
2026-04-10 13:01:23,Cold,70.52,37.6,0.376,70,71,April4_9_10(April4_9_10).csv
2026-04-10 13:01:25,Cold,70.52,37.6,0.376,70,70,April4_9_10(April4_9_10).csv
2026-04-10 13:01:27,Cold,70.52,37.6,0.376,70,70,April4_9_10(April4_9_10).csv
2026-04-10 13:01:29,Cold,70.52,37.6,0.376,70,71,April4_9_10(April4_9_10).csv
2026-04-10 13:01:31,Cold,70.52,37.6,0.376,70,70,April4_9_10(April4_9_10).csv
2026-04-10 13:01:33,Cold,70.52,37.6,0.376,70,70,April4_9_10(April4_9_10).csv
2026-04-10 13:01:35,Cold,70.34,37.5,0.375,70,70,April4_9_10(April4_9_10).csv
2026-04-10 13:01:37,Cold,70.52,37.6,0.376,70,70,April4_9_10(April4_9_10).csv
2026-04-10 13:01:39,Cold,70.34,37.5,0.375,69,70,April4_9_10(April4_9_10).csv
2026-04-10 13:01:41,Cold,70.52,37.6,0.376,69,70,April4_9_10(April4_9_10).csv
2026-04-10 13:01:43,Cold,70.52,37.6,0.376,70,70,April4_9_10(April4_9_10).csv
2026-04-10 13:01:45,Cold,70.34,37.5,0.375,70,70,April4_9_10(April4_9_10).csv
2026-04-10 13:01:47,Cold,70.52,37.6,0.376,69,70,April4_9_10(April4_9_10).csv
2026-04-10 13:01:49,Cold,70.34,37.6,0.376,69,70,April4_9_10(April4_9_10).csv
2026-04-10 13:01:51,Cold,70.34,37.6,0.376,69,70,April4_9_10(April4_9_10).csv
2026-04-10 13:01:53,Cold,70.34,37.6,0.376,70,70,April4_9_10(April4_9_10).csv
2026-04-10 13:01:55,Cold,70.34,37.6,0.376,69,70,April4_9_10(April4_9_10).csv
2026-04-10 13:01:57,Cold,70.34,37.6,0.376,70,70,April4_9_10(April4_9_10).csv
2026-04-10 13:01:59,Cold,70.34,37.6,0.376,70,70,April4_9_10(April4_9_10).csv
2026-04-10 13:02:01,Cold,70.34,37.6,0.376,69,70,April4_9_10(April4_9_10).csv
2026-04-10 13:02:03,Cold,70.34,37.7,0.377,70,70,April4_9_10(April4_9_10).csv
2026-04-10 13:02:05,Cold,70.34,37.7,0.377,69,70,April4_9_10(April4_9_10).csv
2026-04-10 13:02:07,Cold,70.34,37.7,0.377,69,70,April4_9_10(April4_9_10).csv
2026-04-10 13:02:09,Cold,70.34,37.7,0.377,69,70,April4_9_10(April4_9_10).csv
2026-04-10 13:02:12,Cold,70.34,37.7,0.377,70,70,April4_9_10(April4_9_10).csv
2026-04-10 13:02:14,Cold,70.34,37.8,0.37799999999999995,70,70,April4_9_10(April4_9_10).csv
2026-04-10 13:02:16,Cold,70.34,37.8,0.37799999999999995,69,70,April4_9_10(April4_9_10).csv
2026-04-10 13:02:18,Cold,70.34,37.8,0.37799999999999995,69,70,April4_9_10(April4_9_10).csv
2026-04-10 13:02:20,Cold,70.34,37.9,0.379,70,70,April4_9_10(April4_9_10).csv
2026-04-10 13:02:22,Cold,70.34,37.9,0.379,69,70,April4_9_10(April4_9_10).csv
2026-04-10 13:02:24,Cold,70.34,37.9,0.379,69,70,April4_9_10(April4_9_10).csv
2026-04-10 13:02:26,Cold,70.34,37.9,0.379,69,70,April4_9_10(April4_9_10).csv
2026-04-10 13:02:28,Cold,70.34,37.9,0.379,69,70,April4_9_10(April4_9_10).csv
2026-04-10 13:02:30,Cold,70.34,37.9,0.379,69,70,April4_9_10(April4_9_10).csv
2026-04-10 13:02:32,Cold,70.34,37.9,0.379,69,70,April4_9_10(April4_9_10).csv
2026-04-10 13:02:34,Cold,70.34,37.9,0.379,69,70,April4_9_10(April4_9_10).csv
2026-04-10 13:02:36,Cold,70.34,37.9,0.379,70,70,April4_9_10(April4_9_10).csv
2026-04-10 13:02:38,Cold,70.34,37.9,0.379,70,70,April4_9_10(April4_9_10).csv
